ISO-10303-21;
HEADER;
/* Generated by software containing ST-Developer
 * from STEP Tools, Inc. (www.steptools.com) 
 */

FILE_DESCRIPTION(
/* description */ (''),
/* implementation_level */ '2;1');

FILE_NAME(
/* name */ 'Case_Lower.step',
/* time_stamp */ '2026-09-11T16:21:18+08:00',
/* author */ (''),
/* organization */ (''),
/* preprocessor_version */ 'ST-DEVELOPER v20.2',
/* originating_system */ 'Autodesk Translation Framework v15.15.0.0',
/* authorisation */ '');

FILE_SCHEMA (('AUTOMOTIVE_DESIGN { 1 0 10303 214 3 1 1 }'));
ENDSEC;

DATA;
#10=MECHANICAL_DESIGN_GEOMETRIC_PRESENTATION_REPRESENTATION('',(#13),#2840);
#11=SHAPE_REPRESENTATION_RELATIONSHIP('SRR','None',#2847,#12);
#12=ADVANCED_BREP_SHAPE_REPRESENTATION('',(#14),#2839);
#13=STYLED_ITEM('',(#2856),#14);
#14=MANIFOLD_SOLID_BREP('Body1',#1642);
#15=FACE_BOUND('',#261,.T.);
#16=FACE_BOUND('',#262,.T.);
#17=FACE_BOUND('',#263,.T.);
#18=FACE_BOUND('',#264,.T.);
#19=FACE_BOUND('',#280,.T.);
#20=FACE_BOUND('',#281,.T.);
#21=FACE_BOUND('',#282,.T.);
#22=FACE_BOUND('',#283,.T.);
#23=FACE_BOUND('',#284,.T.);
#24=FACE_BOUND('',#285,.T.);
#25=FACE_BOUND('',#286,.T.);
#26=FACE_BOUND('',#300,.T.);
#27=FACE_BOUND('',#317,.T.);
#28=FACE_BOUND('',#318,.T.);
#29=FACE_BOUND('',#319,.T.);
#30=FACE_BOUND('',#320,.T.);
#31=FACE_BOUND('',#321,.T.);
#32=FACE_BOUND('',#322,.T.);
#33=FACE_BOUND('',#323,.T.);
#34=FACE_BOUND('',#324,.T.);
#35=FACE_BOUND('',#325,.T.);
#36=FACE_BOUND('',#326,.T.);
#37=FACE_BOUND('',#327,.T.);
#38=FACE_BOUND('',#328,.T.);
#39=FACE_BOUND('',#334,.T.);
#40=B_SPLINE_CURVE_WITH_KNOTS('',3,(#2452,#2453,#2454,#2455),
 .UNSPECIFIED.,.F.,.F.,(4,4),(0.,0.0681770476777019),.UNSPECIFIED.);
#41=B_SPLINE_CURVE_WITH_KNOTS('',3,(#2458,#2459,#2460,#2461),
 .UNSPECIFIED.,.F.,.F.,(4,4),(0.,0.0681770476777241),.UNSPECIFIED.);
#42=B_SPLINE_CURVE_WITH_KNOTS('',3,(#2472,#2473,#2474,#2475),
 .UNSPECIFIED.,.F.,.F.,(4,4),(0.,0.0681770476777875),.UNSPECIFIED.);
#43=B_SPLINE_CURVE_WITH_KNOTS('',3,(#2481,#2482,#2483,#2484),
 .UNSPECIFIED.,.F.,.F.,(4,4),(0.,0.0681770476777879),.UNSPECIFIED.);
#44=B_SPLINE_CURVE_WITH_KNOTS('',3,(#2490,#2491,#2492,#2493),
 .UNSPECIFIED.,.F.,.F.,(4,4),(0.,0.0681770476777601),.UNSPECIFIED.);
#45=B_SPLINE_CURVE_WITH_KNOTS('',3,(#2499,#2500,#2501,#2502),
 .UNSPECIFIED.,.F.,.F.,(4,4),(0.,0.0681770476777602),.UNSPECIFIED.);
#46=B_SPLINE_CURVE_WITH_KNOTS('',3,(#2508,#2509,#2510,#2511),
 .UNSPECIFIED.,.F.,.F.,(4,4),(0.,0.0681770476777003),.UNSPECIFIED.);
#47=B_SPLINE_CURVE_WITH_KNOTS('',3,(#2518,#2519,#2520,#2521),
 .UNSPECIFIED.,.F.,.F.,(4,4),(0.,0.0681770476777643),.UNSPECIFIED.);
#48=B_SPLINE_CURVE_WITH_KNOTS('',3,(#2527,#2528,#2529,#2530),
 .UNSPECIFIED.,.F.,.F.,(4,4),(0.,0.0681770476777144),.UNSPECIFIED.);
#49=B_SPLINE_CURVE_WITH_KNOTS('',3,(#2536,#2537,#2538,#2539),
 .UNSPECIFIED.,.F.,.F.,(4,4),(0.,0.0681770476777493),.UNSPECIFIED.);
#50=B_SPLINE_CURVE_WITH_KNOTS('',3,(#2545,#2546,#2547,#2548),
 .UNSPECIFIED.,.F.,.F.,(4,4),(0.,0.0681770476777713),.UNSPECIFIED.);
#51=B_SPLINE_CURVE_WITH_KNOTS('',3,(#2554,#2555,#2556,#2557),
 .UNSPECIFIED.,.F.,.F.,(4,4),(0.,0.0681770476777826),.UNSPECIFIED.);
#52=CONICAL_SURFACE('',#1711,4.20000000000002,0.785398163397443);
#53=CONICAL_SURFACE('',#1716,4.20000000000002,0.785398163397434);
#54=CONICAL_SURFACE('',#1720,4.20000000000002,0.785398163397437);
#55=CONICAL_SURFACE('',#1724,4.20000000000002,0.785398163397438);
#56=CONICAL_SURFACE('',#1728,4.19999999999999,0.785398163397449);
#57=CONICAL_SURFACE('',#1732,4.2,0.785398163397448);
#58=CONICAL_SURFACE('',#1749,3.80000000000002,0.785398163397442);
#59=CONICAL_SURFACE('',#1753,3.79999999999999,0.785398163397449);
#60=CONICAL_SURFACE('',#1757,3.80000000000002,0.785398163397437);
#61=CONICAL_SURFACE('',#1761,3.80000000000002,0.78539816339745);
#62=PLANE('',#1659);
#63=PLANE('',#1663);
#64=PLANE('',#1667);
#65=PLANE('',#1671);
#66=PLANE('',#1675);
#67=PLANE('',#1679);
#68=PLANE('',#1683);
#69=PLANE('',#1687);
#70=PLANE('',#1688);
#71=PLANE('',#1689);
#72=PLANE('',#1691);
#73=PLANE('',#1693);
#74=PLANE('',#1695);
#75=PLANE('',#1697);
#76=PLANE('',#1699);
#77=PLANE('',#1714);
#78=PLANE('',#1715);
#79=PLANE('',#1719);
#80=PLANE('',#1723);
#81=PLANE('',#1727);
#82=PLANE('',#1731);
#83=PLANE('',#1735);
#84=PLANE('',#1738);
#85=PLANE('',#1741);
#86=PLANE('',#1744);
#87=PLANE('',#1747);
#88=PLANE('',#1748);
#89=PLANE('',#1752);
#90=PLANE('',#1756);
#91=PLANE('',#1760);
#92=PLANE('',#1764);
#93=PLANE('',#1765);
#94=PLANE('',#1768);
#95=PLANE('',#1771);
#96=PLANE('',#1772);
#97=PLANE('',#1781);
#98=PLANE('',#1782);
#99=PLANE('',#1784);
#100=PLANE('',#1786);
#101=PLANE('',#1792);
#102=PLANE('',#1796);
#103=PLANE('',#1797);
#104=PLANE('',#1798);
#105=PLANE('',#1799);
#106=PLANE('',#1812);
#107=PLANE('',#1819);
#108=PLANE('',#1820);
#109=PLANE('',#1824);
#110=PLANE('',#1828);
#111=PLANE('',#1831);
#112=PLANE('',#1834);
#113=PLANE('',#1835);
#114=FACE_OUTER_BOUND('',#212,.T.);
#115=FACE_OUTER_BOUND('',#213,.T.);
#116=FACE_OUTER_BOUND('',#214,.T.);
#117=FACE_OUTER_BOUND('',#215,.T.);
#118=FACE_OUTER_BOUND('',#216,.T.);
#119=FACE_OUTER_BOUND('',#217,.T.);
#120=FACE_OUTER_BOUND('',#218,.T.);
#121=FACE_OUTER_BOUND('',#219,.T.);
#122=FACE_OUTER_BOUND('',#220,.T.);
#123=FACE_OUTER_BOUND('',#221,.T.);
#124=FACE_OUTER_BOUND('',#222,.T.);
#125=FACE_OUTER_BOUND('',#223,.T.);
#126=FACE_OUTER_BOUND('',#224,.T.);
#127=FACE_OUTER_BOUND('',#225,.T.);
#128=FACE_OUTER_BOUND('',#226,.T.);
#129=FACE_OUTER_BOUND('',#227,.T.);
#130=FACE_OUTER_BOUND('',#228,.T.);
#131=FACE_OUTER_BOUND('',#229,.T.);
#132=FACE_OUTER_BOUND('',#230,.T.);
#133=FACE_OUTER_BOUND('',#231,.T.);
#134=FACE_OUTER_BOUND('',#232,.T.);
#135=FACE_OUTER_BOUND('',#233,.T.);
#136=FACE_OUTER_BOUND('',#234,.T.);
#137=FACE_OUTER_BOUND('',#235,.T.);
#138=FACE_OUTER_BOUND('',#236,.T.);
#139=FACE_OUTER_BOUND('',#237,.T.);
#140=FACE_OUTER_BOUND('',#238,.T.);
#141=FACE_OUTER_BOUND('',#239,.T.);
#142=FACE_OUTER_BOUND('',#240,.T.);
#143=FACE_OUTER_BOUND('',#241,.T.);
#144=FACE_OUTER_BOUND('',#242,.T.);
#145=FACE_OUTER_BOUND('',#243,.T.);
#146=FACE_OUTER_BOUND('',#244,.T.);
#147=FACE_OUTER_BOUND('',#245,.T.);
#148=FACE_OUTER_BOUND('',#246,.T.);
#149=FACE_OUTER_BOUND('',#247,.T.);
#150=FACE_OUTER_BOUND('',#248,.T.);
#151=FACE_OUTER_BOUND('',#249,.T.);
#152=FACE_OUTER_BOUND('',#250,.T.);
#153=FACE_OUTER_BOUND('',#251,.T.);
#154=FACE_OUTER_BOUND('',#252,.T.);
#155=FACE_OUTER_BOUND('',#253,.T.);
#156=FACE_OUTER_BOUND('',#254,.T.);
#157=FACE_OUTER_BOUND('',#255,.T.);
#158=FACE_OUTER_BOUND('',#256,.T.);
#159=FACE_OUTER_BOUND('',#257,.T.);
#160=FACE_OUTER_BOUND('',#258,.T.);
#161=FACE_OUTER_BOUND('',#259,.T.);
#162=FACE_OUTER_BOUND('',#260,.T.);
#163=FACE_OUTER_BOUND('',#265,.T.);
#164=FACE_OUTER_BOUND('',#266,.T.);
#165=FACE_OUTER_BOUND('',#267,.T.);
#166=FACE_OUTER_BOUND('',#268,.T.);
#167=FACE_OUTER_BOUND('',#269,.T.);
#168=FACE_OUTER_BOUND('',#270,.T.);
#169=FACE_OUTER_BOUND('',#271,.T.);
#170=FACE_OUTER_BOUND('',#272,.T.);
#171=FACE_OUTER_BOUND('',#273,.T.);
#172=FACE_OUTER_BOUND('',#274,.T.);
#173=FACE_OUTER_BOUND('',#275,.T.);
#174=FACE_OUTER_BOUND('',#276,.T.);
#175=FACE_OUTER_BOUND('',#277,.T.);
#176=FACE_OUTER_BOUND('',#278,.T.);
#177=FACE_OUTER_BOUND('',#279,.T.);
#178=FACE_OUTER_BOUND('',#287,.T.);
#179=FACE_OUTER_BOUND('',#288,.T.);
#180=FACE_OUTER_BOUND('',#289,.T.);
#181=FACE_OUTER_BOUND('',#290,.T.);
#182=FACE_OUTER_BOUND('',#291,.T.);
#183=FACE_OUTER_BOUND('',#292,.T.);
#184=FACE_OUTER_BOUND('',#293,.T.);
#185=FACE_OUTER_BOUND('',#294,.T.);
#186=FACE_OUTER_BOUND('',#295,.T.);
#187=FACE_OUTER_BOUND('',#296,.T.);
#188=FACE_OUTER_BOUND('',#297,.T.);
#189=FACE_OUTER_BOUND('',#298,.T.);
#190=FACE_OUTER_BOUND('',#299,.T.);
#191=FACE_OUTER_BOUND('',#301,.T.);
#192=FACE_OUTER_BOUND('',#302,.T.);
#193=FACE_OUTER_BOUND('',#303,.T.);
#194=FACE_OUTER_BOUND('',#304,.T.);
#195=FACE_OUTER_BOUND('',#305,.T.);
#196=FACE_OUTER_BOUND('',#306,.T.);
#197=FACE_OUTER_BOUND('',#307,.T.);
#198=FACE_OUTER_BOUND('',#308,.T.);
#199=FACE_OUTER_BOUND('',#309,.T.);
#200=FACE_OUTER_BOUND('',#310,.T.);
#201=FACE_OUTER_BOUND('',#311,.T.);
#202=FACE_OUTER_BOUND('',#312,.T.);
#203=FACE_OUTER_BOUND('',#313,.T.);
#204=FACE_OUTER_BOUND('',#314,.T.);
#205=FACE_OUTER_BOUND('',#315,.T.);
#206=FACE_OUTER_BOUND('',#316,.T.);
#207=FACE_OUTER_BOUND('',#329,.T.);
#208=FACE_OUTER_BOUND('',#330,.T.);
#209=FACE_OUTER_BOUND('',#331,.T.);
#210=FACE_OUTER_BOUND('',#332,.T.);
#211=FACE_OUTER_BOUND('',#333,.T.);
#212=EDGE_LOOP('',(#1054,#1055,#1056,#1057));
#213=EDGE_LOOP('',(#1058));
#214=EDGE_LOOP('',(#1059,#1060,#1061,#1062));
#215=EDGE_LOOP('',(#1063));
#216=EDGE_LOOP('',(#1064,#1065,#1066,#1067));
#217=EDGE_LOOP('',(#1068));
#218=EDGE_LOOP('',(#1069,#1070,#1071,#1072));
#219=EDGE_LOOP('',(#1073));
#220=EDGE_LOOP('',(#1074,#1075,#1076,#1077));
#221=EDGE_LOOP('',(#1078,#1079,#1080,#1081));
#222=EDGE_LOOP('',(#1082,#1083,#1084,#1085));
#223=EDGE_LOOP('',(#1086,#1087,#1088,#1089));
#224=EDGE_LOOP('',(#1090,#1091,#1092,#1093));
#225=EDGE_LOOP('',(#1094,#1095,#1096,#1097));
#226=EDGE_LOOP('',(#1098,#1099,#1100,#1101));
#227=EDGE_LOOP('',(#1102,#1103,#1104,#1105));
#228=EDGE_LOOP('',(#1106,#1107,#1108,#1109,#1110,#1111,#1112,#1113));
#229=EDGE_LOOP('',(#1114));
#230=EDGE_LOOP('',(#1115));
#231=EDGE_LOOP('',(#1116));
#232=EDGE_LOOP('',(#1117));
#233=EDGE_LOOP('',(#1118));
#234=EDGE_LOOP('',(#1119));
#235=EDGE_LOOP('',(#1120,#1121,#1122,#1123));
#236=EDGE_LOOP('',(#1124,#1125,#1126,#1127));
#237=EDGE_LOOP('',(#1128,#1129,#1130,#1131));
#238=EDGE_LOOP('',(#1132,#1133,#1134,#1135));
#239=EDGE_LOOP('',(#1136,#1137,#1138,#1139));
#240=EDGE_LOOP('',(#1140,#1141,#1142,#1143));
#241=EDGE_LOOP('',(#1144,#1145,#1146,#1147));
#242=EDGE_LOOP('',(#1148,#1149,#1150,#1151));
#243=EDGE_LOOP('',(#1152,#1153,#1154,#1155));
#244=EDGE_LOOP('',(#1156,#1157,#1158,#1159));
#245=EDGE_LOOP('',(#1160,#1161,#1162,#1163));
#246=EDGE_LOOP('',(#1164,#1165,#1166,#1167));
#247=EDGE_LOOP('',(#1168,#1169,#1170,#1171));
#248=EDGE_LOOP('',(#1172,#1173,#1174,#1175));
#249=EDGE_LOOP('',(#1176,#1177,#1178,#1179));
#250=EDGE_LOOP('',(#1180,#1181,#1182,#1183));
#251=EDGE_LOOP('',(#1184,#1185,#1186,#1187));
#252=EDGE_LOOP('',(#1188,#1189,#1190,#1191));
#253=EDGE_LOOP('',(#1192,#1193,#1194,#1195));
#254=EDGE_LOOP('',(#1196,#1197,#1198,#1199));
#255=EDGE_LOOP('',(#1200,#1201,#1202,#1203));
#256=EDGE_LOOP('',(#1204,#1205,#1206,#1207));
#257=EDGE_LOOP('',(#1208,#1209,#1210,#1211));
#258=EDGE_LOOP('',(#1212,#1213,#1214,#1215));
#259=EDGE_LOOP('',(#1216,#1217,#1218,#1219));
#260=EDGE_LOOP('',(#1220,#1221,#1222,#1223,#1224,#1225,#1226,#1227,#1228,
#1229,#1230,#1231,#1232));
#261=EDGE_LOOP('',(#1233));
#262=EDGE_LOOP('',(#1234));
#263=EDGE_LOOP('',(#1235));
#264=EDGE_LOOP('',(#1236));
#265=EDGE_LOOP('',(#1237,#1238,#1239,#1240));
#266=EDGE_LOOP('',(#1241,#1242,#1243,#1244));
#267=EDGE_LOOP('',(#1245,#1246,#1247,#1248));
#268=EDGE_LOOP('',(#1249,#1250,#1251,#1252));
#269=EDGE_LOOP('',(#1253,#1254,#1255,#1256));
#270=EDGE_LOOP('',(#1257,#1258,#1259,#1260));
#271=EDGE_LOOP('',(#1261,#1262,#1263,#1264));
#272=EDGE_LOOP('',(#1265,#1266,#1267,#1268));
#273=EDGE_LOOP('',(#1269,#1270,#1271,#1272));
#274=EDGE_LOOP('',(#1273,#1274,#1275,#1276));
#275=EDGE_LOOP('',(#1277,#1278,#1279,#1280));
#276=EDGE_LOOP('',(#1281,#1282,#1283,#1284));
#277=EDGE_LOOP('',(#1285,#1286,#1287,#1288));
#278=EDGE_LOOP('',(#1289,#1290,#1291,#1292));
#279=EDGE_LOOP('',(#1293,#1294,#1295,#1296,#1297,#1298,#1299,#1300,#1301));
#280=EDGE_LOOP('',(#1302));
#281=EDGE_LOOP('',(#1303));
#282=EDGE_LOOP('',(#1304));
#283=EDGE_LOOP('',(#1305));
#284=EDGE_LOOP('',(#1306));
#285=EDGE_LOOP('',(#1307));
#286=EDGE_LOOP('',(#1308,#1309,#1310,#1311,#1312,#1313,#1314,#1315,#1316,
#1317,#1318,#1319,#1320));
#287=EDGE_LOOP('',(#1321,#1322,#1323,#1324));
#288=EDGE_LOOP('',(#1325,#1326,#1327,#1328));
#289=EDGE_LOOP('',(#1329,#1330,#1331,#1332));
#290=EDGE_LOOP('',(#1333,#1334,#1335,#1336));
#291=EDGE_LOOP('',(#1337,#1338,#1339,#1340));
#292=EDGE_LOOP('',(#1341,#1342,#1343,#1344));
#293=EDGE_LOOP('',(#1345,#1346,#1347,#1348));
#294=EDGE_LOOP('',(#1349,#1350,#1351,#1352));
#295=EDGE_LOOP('',(#1353,#1354,#1355,#1356));
#296=EDGE_LOOP('',(#1357,#1358,#1359,#1360));
#297=EDGE_LOOP('',(#1361,#1362,#1363,#1364));
#298=EDGE_LOOP('',(#1365,#1366,#1367,#1368));
#299=EDGE_LOOP('',(#1369,#1370,#1371,#1372,#1373,#1374));
#300=EDGE_LOOP('',(#1375));
#301=EDGE_LOOP('',(#1376,#1377,#1378,#1379,#1380,#1381,#1382,#1383));
#302=EDGE_LOOP('',(#1384,#1385,#1386,#1387));
#303=EDGE_LOOP('',(#1388,#1389,#1390,#1391));
#304=EDGE_LOOP('',(#1392,#1393,#1394,#1395));
#305=EDGE_LOOP('',(#1396,#1397,#1398,#1399));
#306=EDGE_LOOP('',(#1400,#1401,#1402,#1403));
#307=EDGE_LOOP('',(#1404,#1405,#1406,#1407));
#308=EDGE_LOOP('',(#1408,#1409,#1410,#1411));
#309=EDGE_LOOP('',(#1412,#1413,#1414,#1415));
#310=EDGE_LOOP('',(#1416,#1417,#1418,#1419));
#311=EDGE_LOOP('',(#1420,#1421,#1422,#1423));
#312=EDGE_LOOP('',(#1424,#1425,#1426,#1427));
#313=EDGE_LOOP('',(#1428,#1429,#1430,#1431));
#314=EDGE_LOOP('',(#1432,#1433,#1434,#1435));
#315=EDGE_LOOP('',(#1436,#1437,#1438,#1439));
#316=EDGE_LOOP('',(#1440,#1441,#1442,#1443,#1444,#1445,#1446,#1447,#1448,
#1449,#1450,#1451,#1452,#1453,#1454));
#317=EDGE_LOOP('',(#1455));
#318=EDGE_LOOP('',(#1456));
#319=EDGE_LOOP('',(#1457));
#320=EDGE_LOOP('',(#1458));
#321=EDGE_LOOP('',(#1459));
#322=EDGE_LOOP('',(#1460));
#323=EDGE_LOOP('',(#1461));
#324=EDGE_LOOP('',(#1462));
#325=EDGE_LOOP('',(#1463));
#326=EDGE_LOOP('',(#1464));
#327=EDGE_LOOP('',(#1465));
#328=EDGE_LOOP('',(#1466,#1467,#1468,#1469,#1470,#1471,#1472,#1473));
#329=EDGE_LOOP('',(#1474,#1475,#1476,#1477));
#330=EDGE_LOOP('',(#1478,#1479,#1480,#1481));
#331=EDGE_LOOP('',(#1482,#1483,#1484,#1485));
#332=EDGE_LOOP('',(#1486,#1487,#1488,#1489));
#333=EDGE_LOOP('',(#1490,#1491,#1492,#1493,#1494,#1495,#1496,#1497,#1498));
#334=EDGE_LOOP('',(#1499,#1500,#1501,#1502,#1503,#1504,#1505,#1506,#1507));
#335=LINE('',#2336,#468);
#336=LINE('',#2343,#469);
#337=LINE('',#2350,#470);
#338=LINE('',#2357,#471);
#339=LINE('',#2365,#472);
#340=LINE('',#2368,#473);
#341=LINE('',#2371,#474);
#342=LINE('',#2373,#475);
#343=LINE('',#2374,#476);
#344=LINE('',#2380,#477);
#345=LINE('',#2383,#478);
#346=LINE('',#2385,#479);
#347=LINE('',#2386,#480);
#348=LINE('',#2392,#481);
#349=LINE('',#2395,#482);
#350=LINE('',#2397,#483);
#351=LINE('',#2398,#484);
#352=LINE('',#2404,#485);
#353=LINE('',#2406,#486);
#354=LINE('',#2407,#487);
#355=LINE('',#2430,#488);
#356=LINE('',#2434,#489);
#357=LINE('',#2438,#490);
#358=LINE('',#2442,#491);
#359=LINE('',#2446,#492);
#360=LINE('',#2464,#493);
#361=LINE('',#2466,#494);
#362=LINE('',#2467,#495);
#363=LINE('',#2470,#496);
#364=LINE('',#2476,#497);
#365=LINE('',#2488,#498);
#366=LINE('',#2494,#499);
#367=LINE('',#2506,#500);
#368=LINE('',#2512,#501);
#369=LINE('',#2524,#502);
#370=LINE('',#2526,#503);
#371=LINE('',#2542,#504);
#372=LINE('',#2544,#505);
#373=LINE('',#2559,#506);
#374=LINE('',#2560,#507);
#375=LINE('',#2563,#508);
#376=LINE('',#2566,#509);
#377=LINE('',#2569,#510);
#378=LINE('',#2570,#511);
#379=LINE('',#2573,#512);
#380=LINE('',#2577,#513);
#381=LINE('',#2578,#514);
#382=LINE('',#2581,#515);
#383=LINE('',#2585,#516);
#384=LINE('',#2586,#517);
#385=LINE('',#2589,#518);
#386=LINE('',#2595,#519);
#387=LINE('',#2597,#520);
#388=LINE('',#2599,#521);
#389=LINE('',#2600,#522);
#390=LINE('',#2604,#523);
#391=LINE('',#2610,#524);
#392=LINE('',#2611,#525);
#393=LINE('',#2612,#526);
#394=LINE('',#2616,#527);
#395=LINE('',#2622,#528);
#396=LINE('',#2623,#529);
#397=LINE('',#2624,#530);
#398=LINE('',#2628,#531);
#399=LINE('',#2634,#532);
#400=LINE('',#2635,#533);
#401=LINE('',#2636,#534);
#402=LINE('',#2640,#535);
#403=LINE('',#2644,#536);
#404=LINE('',#2645,#537);
#405=LINE('',#2648,#538);
#406=LINE('',#2650,#539);
#407=LINE('',#2651,#540);
#408=LINE('',#2654,#541);
#409=LINE('',#2658,#542);
#410=LINE('',#2659,#543);
#411=LINE('',#2662,#544);
#412=LINE('',#2666,#545);
#413=LINE('',#2667,#546);
#414=LINE('',#2682,#547);
#415=LINE('',#2684,#548);
#416=LINE('',#2688,#549);
#417=LINE('',#2691,#550);
#418=LINE('',#2693,#551);
#419=LINE('',#2695,#552);
#420=LINE('',#2697,#553);
#421=LINE('',#2699,#554);
#422=LINE('',#2701,#555);
#423=LINE('',#2706,#556);
#424=LINE('',#2712,#557);
#425=LINE('',#2715,#558);
#426=LINE('',#2718,#559);
#427=LINE('',#2720,#560);
#428=LINE('',#2721,#561);
#429=LINE('',#2726,#562);
#430=LINE('',#2730,#563);
#431=LINE('',#2732,#564);
#432=LINE('',#2733,#565);
#433=LINE('',#2736,#566);
#434=LINE('',#2738,#567);
#435=LINE('',#2739,#568);
#436=LINE('',#2741,#569);
#437=LINE('',#2744,#570);
#438=LINE('',#2746,#571);
#439=LINE('',#2748,#572);
#440=LINE('',#2750,#573);
#441=LINE('',#2751,#574);
#442=LINE('',#2755,#575);
#443=LINE('',#2759,#576);
#444=LINE('',#2763,#577);
#445=LINE('',#2767,#578);
#446=LINE('',#2771,#579);
#447=LINE('',#2775,#580);
#448=LINE('',#2779,#581);
#449=LINE('',#2781,#582);
#450=LINE('',#2783,#583);
#451=LINE('',#2784,#584);
#452=LINE('',#2792,#585);
#453=LINE('',#2796,#586);
#454=LINE('',#2798,#587);
#455=LINE('',#2799,#588);
#456=LINE('',#2802,#589);
#457=LINE('',#2804,#590);
#458=LINE('',#2805,#591);
#459=LINE('',#2810,#592);
#460=LINE('',#2814,#593);
#461=LINE('',#2816,#594);
#462=LINE('',#2817,#595);
#463=LINE('',#2825,#596);
#464=LINE('',#2828,#597);
#465=LINE('',#2829,#598);
#466=LINE('',#2832,#599);
#467=LINE('',#2835,#600);
#468=VECTOR('',#1842,8.2);
#469=VECTOR('',#1851,8.2);
#470=VECTOR('',#1860,8.2);
#471=VECTOR('',#1869,8.2);
#472=VECTOR('',#1878,10.);
#473=VECTOR('',#1881,10.);
#474=VECTOR('',#1884,10.);
#475=VECTOR('',#1885,10.);
#476=VECTOR('',#1886,10.);
#477=VECTOR('',#1891,10.);
#478=VECTOR('',#1894,10.);
#479=VECTOR('',#1897,10.);
#480=VECTOR('',#1898,10.);
#481=VECTOR('',#1903,10.);
#482=VECTOR('',#1906,10.);
#483=VECTOR('',#1909,10.);
#484=VECTOR('',#1910,10.);
#485=VECTOR('',#1917,10.);
#486=VECTOR('',#1920,10.);
#487=VECTOR('',#1921,10.);
#488=VECTOR('',#1952,1.02499999999999);
#489=VECTOR('',#1957,1.025);
#490=VECTOR('',#1962,1.02499999999999);
#491=VECTOR('',#1967,1.025);
#492=VECTOR('',#1972,1.025);
#493=VECTOR('',#1981,10.);
#494=VECTOR('',#1982,10.);
#495=VECTOR('',#1983,10.);
#496=VECTOR('',#1986,10.);
#497=VECTOR('',#1987,10.);
#498=VECTOR('',#1996,10.);
#499=VECTOR('',#1997,10.);
#500=VECTOR('',#2006,10.);
#501=VECTOR('',#2007,10.);
#502=VECTOR('',#2016,10.);
#503=VECTOR('',#2017,10.);
#504=VECTOR('',#2026,10.);
#505=VECTOR('',#2027,10.);
#506=VECTOR('',#2036,10.);
#507=VECTOR('',#2037,10.);
#508=VECTOR('',#2040,10.);
#509=VECTOR('',#2043,10.);
#510=VECTOR('',#2046,10.);
#511=VECTOR('',#2047,10.);
#512=VECTOR('',#2050,10.);
#513=VECTOR('',#2055,10.);
#514=VECTOR('',#2056,10.);
#515=VECTOR('',#2059,10.);
#516=VECTOR('',#2064,10.);
#517=VECTOR('',#2065,10.);
#518=VECTOR('',#2068,10.);
#519=VECTOR('',#2075,10.);
#520=VECTOR('',#2076,10.);
#521=VECTOR('',#2077,10.);
#522=VECTOR('',#2078,10.);
#523=VECTOR('',#2081,10.);
#524=VECTOR('',#2088,10.);
#525=VECTOR('',#2089,10.);
#526=VECTOR('',#2090,10.);
#527=VECTOR('',#2093,10.);
#528=VECTOR('',#2100,10.);
#529=VECTOR('',#2101,10.);
#530=VECTOR('',#2102,10.);
#531=VECTOR('',#2105,10.);
#532=VECTOR('',#2112,10.);
#533=VECTOR('',#2113,10.);
#534=VECTOR('',#2114,10.);
#535=VECTOR('',#2117,10.);
#536=VECTOR('',#2124,10.);
#537=VECTOR('',#2125,10.);
#538=VECTOR('',#2128,10.);
#539=VECTOR('',#2129,10.);
#540=VECTOR('',#2130,10.);
#541=VECTOR('',#2133,10.);
#542=VECTOR('',#2138,10.);
#543=VECTOR('',#2139,10.);
#544=VECTOR('',#2142,10.);
#545=VECTOR('',#2147,10.);
#546=VECTOR('',#2148,10.);
#547=VECTOR('',#2163,10.);
#548=VECTOR('',#2164,10.);
#549=VECTOR('',#2167,10.);
#550=VECTOR('',#2170,10.);
#551=VECTOR('',#2173,10.);
#552=VECTOR('',#2176,10.);
#553=VECTOR('',#2179,10.);
#554=VECTOR('',#2182,10.);
#555=VECTOR('',#2185,10.);
#556=VECTOR('',#2192,0.800000000000001);
#557=VECTOR('',#2197,10.);
#558=VECTOR('',#2200,10.);
#559=VECTOR('',#2203,10.);
#560=VECTOR('',#2204,10.);
#561=VECTOR('',#2205,10.);
#562=VECTOR('',#2210,10.);
#563=VECTOR('',#2215,10.);
#564=VECTOR('',#2216,10.);
#565=VECTOR('',#2217,10.);
#566=VECTOR('',#2220,10.);
#567=VECTOR('',#2221,10.);
#568=VECTOR('',#2222,10.);
#569=VECTOR('',#2225,10.);
#570=VECTOR('',#2228,10.);
#571=VECTOR('',#2229,10.);
#572=VECTOR('',#2230,10.);
#573=VECTOR('',#2231,10.);
#574=VECTOR('',#2232,10.);
#575=VECTOR('',#2237,1.35);
#576=VECTOR('',#2242,1.35);
#577=VECTOR('',#2247,1.35);
#578=VECTOR('',#2252,1.35);
#579=VECTOR('',#2257,1.35);
#580=VECTOR('',#2262,1.35);
#581=VECTOR('',#2265,10.);
#582=VECTOR('',#2266,10.);
#583=VECTOR('',#2267,10.);
#584=VECTOR('',#2268,10.);
#585=VECTOR('',#2279,10.);
#586=VECTOR('',#2284,10.);
#587=VECTOR('',#2285,10.);
#588=VECTOR('',#2286,10.);
#589=VECTOR('',#2289,10.);
#590=VECTOR('',#2290,10.);
#591=VECTOR('',#2291,10.);
#592=VECTOR('',#2296,10.);
#593=VECTOR('',#2301,10.);
#594=VECTOR('',#2302,10.);
#595=VECTOR('',#2303,10.);
#596=VECTOR('',#2316,10.);
#597=VECTOR('',#2319,10.);
#598=VECTOR('',#2320,10.);
#599=VECTOR('',#2323,10.);
#600=VECTOR('',#2328,10.);
#601=CIRCLE('',#1657,8.2);
#602=CIRCLE('',#1658,8.2);
#603=CIRCLE('',#1661,8.2);
#604=CIRCLE('',#1662,8.2);
#605=CIRCLE('',#1665,8.2);
#606=CIRCLE('',#1666,8.2);
#607=CIRCLE('',#1669,8.2);
#608=CIRCLE('',#1670,8.2);
#609=CIRCLE('',#1673,2.);
#610=CIRCLE('',#1674,2.);
#611=CIRCLE('',#1677,2.);
#612=CIRCLE('',#1678,2.);
#613=CIRCLE('',#1681,2.);
#614=CIRCLE('',#1682,2.);
#615=CIRCLE('',#1685,2.);
#616=CIRCLE('',#1686,2.);
#617=CIRCLE('',#1690,0.800000000000001);
#618=CIRCLE('',#1692,1.025);
#619=CIRCLE('',#1694,1.02499999999999);
#620=CIRCLE('',#1696,1.02499999999999);
#621=CIRCLE('',#1698,1.025);
#622=CIRCLE('',#1700,1.025);
#623=CIRCLE('',#1702,1.02499999999999);
#624=CIRCLE('',#1704,1.025);
#625=CIRCLE('',#1706,1.02499999999999);
#626=CIRCLE('',#1708,1.025);
#627=CIRCLE('',#1710,1.025);
#628=CIRCLE('',#1712,4.40000000000002);
#629=CIRCLE('',#1713,4.00000000000002);
#630=CIRCLE('',#1717,4.40000000000001);
#631=CIRCLE('',#1718,4.00000000000002);
#632=CIRCLE('',#1721,4.40000000000001);
#633=CIRCLE('',#1722,4.00000000000002);
#634=CIRCLE('',#1725,4.00000000000002);
#635=CIRCLE('',#1726,4.40000000000001);
#636=CIRCLE('',#1729,3.99999999999999);
#637=CIRCLE('',#1730,4.39999999999999);
#638=CIRCLE('',#1733,4.);
#639=CIRCLE('',#1734,4.4);
#640=CIRCLE('',#1737,4.00000000000002);
#641=CIRCLE('',#1740,3.99999999999999);
#642=CIRCLE('',#1743,4.);
#643=CIRCLE('',#1746,4.00000000000002);
#644=CIRCLE('',#1750,3.60000000000002);
#645=CIRCLE('',#1751,4.00000000000002);
#646=CIRCLE('',#1754,3.59999999999999);
#647=CIRCLE('',#1755,3.99999999999999);
#648=CIRCLE('',#1758,3.60000000000003);
#649=CIRCLE('',#1759,4.00000000000002);
#650=CIRCLE('',#1762,3.60000000000002);
#651=CIRCLE('',#1763,4.00000000000002);
#652=CIRCLE('',#1767,3.99999999999999);
#653=CIRCLE('',#1770,4.00000000000002);
#654=CIRCLE('',#1773,1.35);
#655=CIRCLE('',#1774,1.35);
#656=CIRCLE('',#1775,1.35);
#657=CIRCLE('',#1776,1.35);
#658=CIRCLE('',#1777,1.35);
#659=CIRCLE('',#1778,1.35);
#660=CIRCLE('',#1779,4.00000000000002);
#661=CIRCLE('',#1780,4.00000000000002);
#662=CIRCLE('',#1788,0.800000000000001);
#663=CIRCLE('',#1790,1.99999999999999);
#664=CIRCLE('',#1791,1.99999999999999);
#665=CIRCLE('',#1794,1.99999999999999);
#666=CIRCLE('',#1795,1.99999999999999);
#667=CIRCLE('',#1801,1.35);
#668=CIRCLE('',#1803,1.35);
#669=CIRCLE('',#1805,1.35);
#670=CIRCLE('',#1807,1.35);
#671=CIRCLE('',#1809,1.35);
#672=CIRCLE('',#1811,1.35);
#673=CIRCLE('',#1814,2.40000000000102);
#674=CIRCLE('',#1815,2.40000000000102);
#675=CIRCLE('',#1817,2.40000000000113);
#676=CIRCLE('',#1818,2.40000000000113);
#677=CIRCLE('',#1822,2.40000000000134);
#678=CIRCLE('',#1823,2.40000000000134);
#679=CIRCLE('',#1826,2.40000000000109);
#680=CIRCLE('',#1827,2.40000000000109);
#681=CIRCLE('',#1830,4.00000000000002);
#682=CIRCLE('',#1833,4.00000000000002);
#683=VERTEX_POINT('',#2333);
#684=VERTEX_POINT('',#2335);
#685=VERTEX_POINT('',#2340);
#686=VERTEX_POINT('',#2342);
#687=VERTEX_POINT('',#2347);
#688=VERTEX_POINT('',#2349);
#689=VERTEX_POINT('',#2354);
#690=VERTEX_POINT('',#2356);
#691=VERTEX_POINT('',#2361);
#692=VERTEX_POINT('',#2362);
#693=VERTEX_POINT('',#2364);
#694=VERTEX_POINT('',#2366);
#695=VERTEX_POINT('',#2370);
#696=VERTEX_POINT('',#2372);
#697=VERTEX_POINT('',#2376);
#698=VERTEX_POINT('',#2377);
#699=VERTEX_POINT('',#2379);
#700=VERTEX_POINT('',#2381);
#701=VERTEX_POINT('',#2388);
#702=VERTEX_POINT('',#2389);
#703=VERTEX_POINT('',#2391);
#704=VERTEX_POINT('',#2393);
#705=VERTEX_POINT('',#2400);
#706=VERTEX_POINT('',#2402);
#707=VERTEX_POINT('',#2410);
#708=VERTEX_POINT('',#2413);
#709=VERTEX_POINT('',#2416);
#710=VERTEX_POINT('',#2419);
#711=VERTEX_POINT('',#2422);
#712=VERTEX_POINT('',#2425);
#713=VERTEX_POINT('',#2428);
#714=VERTEX_POINT('',#2432);
#715=VERTEX_POINT('',#2436);
#716=VERTEX_POINT('',#2440);
#717=VERTEX_POINT('',#2444);
#718=VERTEX_POINT('',#2448);
#719=VERTEX_POINT('',#2449);
#720=VERTEX_POINT('',#2451);
#721=VERTEX_POINT('',#2456);
#722=VERTEX_POINT('',#2463);
#723=VERTEX_POINT('',#2465);
#724=VERTEX_POINT('',#2469);
#725=VERTEX_POINT('',#2471);
#726=VERTEX_POINT('',#2478);
#727=VERTEX_POINT('',#2480);
#728=VERTEX_POINT('',#2487);
#729=VERTEX_POINT('',#2489);
#730=VERTEX_POINT('',#2496);
#731=VERTEX_POINT('',#2498);
#732=VERTEX_POINT('',#2505);
#733=VERTEX_POINT('',#2507);
#734=VERTEX_POINT('',#2514);
#735=VERTEX_POINT('',#2516);
#736=VERTEX_POINT('',#2523);
#737=VERTEX_POINT('',#2525);
#738=VERTEX_POINT('',#2532);
#739=VERTEX_POINT('',#2534);
#740=VERTEX_POINT('',#2541);
#741=VERTEX_POINT('',#2543);
#742=VERTEX_POINT('',#2550);
#743=VERTEX_POINT('',#2552);
#744=VERTEX_POINT('',#2562);
#745=VERTEX_POINT('',#2564);
#746=VERTEX_POINT('',#2568);
#747=VERTEX_POINT('',#2572);
#748=VERTEX_POINT('',#2576);
#749=VERTEX_POINT('',#2580);
#750=VERTEX_POINT('',#2584);
#751=VERTEX_POINT('',#2588);
#752=VERTEX_POINT('',#2593);
#753=VERTEX_POINT('',#2594);
#754=VERTEX_POINT('',#2596);
#755=VERTEX_POINT('',#2598);
#756=VERTEX_POINT('',#2602);
#757=VERTEX_POINT('',#2603);
#758=VERTEX_POINT('',#2608);
#759=VERTEX_POINT('',#2609);
#760=VERTEX_POINT('',#2614);
#761=VERTEX_POINT('',#2615);
#762=VERTEX_POINT('',#2620);
#763=VERTEX_POINT('',#2621);
#764=VERTEX_POINT('',#2626);
#765=VERTEX_POINT('',#2627);
#766=VERTEX_POINT('',#2632);
#767=VERTEX_POINT('',#2633);
#768=VERTEX_POINT('',#2638);
#769=VERTEX_POINT('',#2639);
#770=VERTEX_POINT('',#2647);
#771=VERTEX_POINT('',#2649);
#772=VERTEX_POINT('',#2653);
#773=VERTEX_POINT('',#2657);
#774=VERTEX_POINT('',#2661);
#775=VERTEX_POINT('',#2665);
#776=VERTEX_POINT('',#2669);
#777=VERTEX_POINT('',#2671);
#778=VERTEX_POINT('',#2673);
#779=VERTEX_POINT('',#2675);
#780=VERTEX_POINT('',#2677);
#781=VERTEX_POINT('',#2679);
#782=VERTEX_POINT('',#2681);
#783=VERTEX_POINT('',#2683);
#784=VERTEX_POINT('',#2685);
#785=VERTEX_POINT('',#2687);
#786=VERTEX_POINT('',#2689);
#787=VERTEX_POINT('',#2704);
#788=VERTEX_POINT('',#2708);
#789=VERTEX_POINT('',#2709);
#790=VERTEX_POINT('',#2711);
#791=VERTEX_POINT('',#2713);
#792=VERTEX_POINT('',#2717);
#793=VERTEX_POINT('',#2719);
#794=VERTEX_POINT('',#2723);
#795=VERTEX_POINT('',#2725);
#796=VERTEX_POINT('',#2729);
#797=VERTEX_POINT('',#2731);
#798=VERTEX_POINT('',#2735);
#799=VERTEX_POINT('',#2737);
#800=VERTEX_POINT('',#2743);
#801=VERTEX_POINT('',#2745);
#802=VERTEX_POINT('',#2747);
#803=VERTEX_POINT('',#2749);
#804=VERTEX_POINT('',#2753);
#805=VERTEX_POINT('',#2757);
#806=VERTEX_POINT('',#2761);
#807=VERTEX_POINT('',#2765);
#808=VERTEX_POINT('',#2769);
#809=VERTEX_POINT('',#2773);
#810=VERTEX_POINT('',#2777);
#811=VERTEX_POINT('',#2778);
#812=VERTEX_POINT('',#2780);
#813=VERTEX_POINT('',#2782);
#814=VERTEX_POINT('',#2789);
#815=VERTEX_POINT('',#2791);
#816=VERTEX_POINT('',#2795);
#817=VERTEX_POINT('',#2797);
#818=VERTEX_POINT('',#2801);
#819=VERTEX_POINT('',#2803);
#820=VERTEX_POINT('',#2807);
#821=VERTEX_POINT('',#2809);
#822=VERTEX_POINT('',#2813);
#823=VERTEX_POINT('',#2815);
#824=VERTEX_POINT('',#2823);
#825=VERTEX_POINT('',#2827);
#826=VERTEX_POINT('',#2831);
#827=EDGE_CURVE('',#683,#683,#601,.T.);
#828=EDGE_CURVE('',#683,#684,#335,.T.);
#829=EDGE_CURVE('',#684,#684,#602,.T.);
#830=EDGE_CURVE('',#685,#685,#603,.T.);
#831=EDGE_CURVE('',#685,#686,#336,.T.);
#832=EDGE_CURVE('',#686,#686,#604,.T.);
#833=EDGE_CURVE('',#687,#687,#605,.T.);
#834=EDGE_CURVE('',#687,#688,#337,.T.);
#835=EDGE_CURVE('',#688,#688,#606,.T.);
#836=EDGE_CURVE('',#689,#689,#607,.T.);
#837=EDGE_CURVE('',#689,#690,#338,.T.);
#838=EDGE_CURVE('',#690,#690,#608,.T.);
#839=EDGE_CURVE('',#691,#692,#609,.T.);
#840=EDGE_CURVE('',#691,#693,#339,.T.);
#841=EDGE_CURVE('',#693,#694,#610,.T.);
#842=EDGE_CURVE('',#694,#692,#340,.T.);
#843=EDGE_CURVE('',#695,#694,#341,.T.);
#844=EDGE_CURVE('',#696,#695,#342,.T.);
#845=EDGE_CURVE('',#696,#692,#343,.T.);
#846=EDGE_CURVE('',#697,#698,#611,.T.);
#847=EDGE_CURVE('',#697,#699,#344,.T.);
#848=EDGE_CURVE('',#699,#700,#612,.T.);
#849=EDGE_CURVE('',#700,#698,#345,.T.);
#850=EDGE_CURVE('',#691,#698,#346,.T.);
#851=EDGE_CURVE('',#693,#700,#347,.T.);
#852=EDGE_CURVE('',#701,#702,#613,.T.);
#853=EDGE_CURVE('',#701,#703,#348,.T.);
#854=EDGE_CURVE('',#703,#704,#614,.T.);
#855=EDGE_CURVE('',#704,#702,#349,.T.);
#856=EDGE_CURVE('',#697,#702,#350,.T.);
#857=EDGE_CURVE('',#699,#704,#351,.T.);
#858=EDGE_CURVE('',#696,#705,#615,.T.);
#859=EDGE_CURVE('',#695,#706,#616,.T.);
#860=EDGE_CURVE('',#706,#705,#352,.T.);
#861=EDGE_CURVE('',#701,#705,#353,.T.);
#862=EDGE_CURVE('',#703,#706,#354,.T.);
#863=EDGE_CURVE('',#707,#707,#617,.F.);
#864=EDGE_CURVE('',#708,#708,#618,.F.);
#865=EDGE_CURVE('',#709,#709,#619,.F.);
#866=EDGE_CURVE('',#710,#710,#620,.F.);
#867=EDGE_CURVE('',#711,#711,#621,.F.);
#868=EDGE_CURVE('',#712,#712,#622,.F.);
#869=EDGE_CURVE('',#713,#713,#623,.T.);
#870=EDGE_CURVE('',#713,#709,#355,.T.);
#871=EDGE_CURVE('',#714,#714,#624,.T.);
#872=EDGE_CURVE('',#714,#712,#356,.T.);
#873=EDGE_CURVE('',#715,#715,#625,.T.);
#874=EDGE_CURVE('',#715,#710,#357,.T.);
#875=EDGE_CURVE('',#716,#716,#626,.T.);
#876=EDGE_CURVE('',#716,#708,#358,.T.);
#877=EDGE_CURVE('',#717,#717,#627,.T.);
#878=EDGE_CURVE('',#717,#711,#359,.T.);
#879=EDGE_CURVE('',#718,#719,#628,.T.);
#880=EDGE_CURVE('',#719,#720,#40,.T.);
#881=EDGE_CURVE('',#720,#721,#629,.T.);
#882=EDGE_CURVE('',#718,#721,#41,.T.);
#883=EDGE_CURVE('',#719,#722,#360,.T.);
#884=EDGE_CURVE('',#722,#723,#361,.T.);
#885=EDGE_CURVE('',#723,#720,#362,.T.);
#886=EDGE_CURVE('',#722,#724,#363,.T.);
#887=EDGE_CURVE('',#724,#725,#42,.T.);
#888=EDGE_CURVE('',#725,#723,#364,.T.);
#889=EDGE_CURVE('',#724,#726,#630,.T.);
#890=EDGE_CURVE('',#726,#727,#43,.T.);
#891=EDGE_CURVE('',#727,#725,#631,.T.);
#892=EDGE_CURVE('',#726,#728,#365,.T.);
#893=EDGE_CURVE('',#728,#729,#44,.T.);
#894=EDGE_CURVE('',#729,#727,#366,.T.);
#895=EDGE_CURVE('',#728,#730,#632,.T.);
#896=EDGE_CURVE('',#730,#731,#45,.T.);
#897=EDGE_CURVE('',#731,#729,#633,.T.);
#898=EDGE_CURVE('',#730,#732,#367,.T.);
#899=EDGE_CURVE('',#732,#733,#46,.T.);
#900=EDGE_CURVE('',#733,#731,#368,.T.);
#901=EDGE_CURVE('',#734,#733,#634,.T.);
#902=EDGE_CURVE('',#732,#735,#635,.T.);
#903=EDGE_CURVE('',#735,#734,#47,.T.);
#904=EDGE_CURVE('',#736,#734,#369,.T.);
#905=EDGE_CURVE('',#735,#737,#370,.T.);
#906=EDGE_CURVE('',#737,#736,#48,.T.);
#907=EDGE_CURVE('',#738,#736,#636,.T.);
#908=EDGE_CURVE('',#737,#739,#637,.T.);
#909=EDGE_CURVE('',#739,#738,#49,.T.);
#910=EDGE_CURVE('',#740,#738,#371,.T.);
#911=EDGE_CURVE('',#739,#741,#372,.T.);
#912=EDGE_CURVE('',#741,#740,#50,.T.);
#913=EDGE_CURVE('',#742,#740,#638,.T.);
#914=EDGE_CURVE('',#741,#743,#639,.T.);
#915=EDGE_CURVE('',#743,#742,#51,.T.);
#916=EDGE_CURVE('',#721,#742,#373,.T.);
#917=EDGE_CURVE('',#743,#718,#374,.T.);
#918=EDGE_CURVE('',#744,#734,#375,.T.);
#919=EDGE_CURVE('',#745,#744,#640,.T.);
#920=EDGE_CURVE('',#745,#733,#376,.T.);
#921=EDGE_CURVE('',#746,#736,#377,.T.);
#922=EDGE_CURVE('',#744,#746,#378,.T.);
#923=EDGE_CURVE('',#747,#738,#379,.T.);
#924=EDGE_CURVE('',#746,#747,#641,.T.);
#925=EDGE_CURVE('',#748,#740,#380,.T.);
#926=EDGE_CURVE('',#747,#748,#381,.T.);
#927=EDGE_CURVE('',#749,#742,#382,.T.);
#928=EDGE_CURVE('',#748,#749,#642,.T.);
#929=EDGE_CURVE('',#750,#721,#383,.T.);
#930=EDGE_CURVE('',#749,#750,#384,.T.);
#931=EDGE_CURVE('',#751,#720,#385,.T.);
#932=EDGE_CURVE('',#750,#751,#643,.T.);
#933=EDGE_CURVE('',#752,#753,#386,.T.);
#934=EDGE_CURVE('',#753,#754,#387,.T.);
#935=EDGE_CURVE('',#754,#755,#388,.T.);
#936=EDGE_CURVE('',#755,#752,#389,.T.);
#937=EDGE_CURVE('',#756,#757,#390,.T.);
#938=EDGE_CURVE('',#757,#754,#644,.T.);
#939=EDGE_CURVE('',#753,#756,#645,.T.);
#940=EDGE_CURVE('',#758,#759,#391,.T.);
#941=EDGE_CURVE('',#759,#757,#392,.T.);
#942=EDGE_CURVE('',#756,#758,#393,.T.);
#943=EDGE_CURVE('',#760,#761,#394,.T.);
#944=EDGE_CURVE('',#761,#759,#646,.T.);
#945=EDGE_CURVE('',#758,#760,#647,.T.);
#946=EDGE_CURVE('',#762,#763,#395,.T.);
#947=EDGE_CURVE('',#763,#761,#396,.T.);
#948=EDGE_CURVE('',#760,#762,#397,.T.);
#949=EDGE_CURVE('',#764,#765,#398,.T.);
#950=EDGE_CURVE('',#765,#763,#648,.T.);
#951=EDGE_CURVE('',#762,#764,#649,.T.);
#952=EDGE_CURVE('',#766,#767,#399,.T.);
#953=EDGE_CURVE('',#767,#765,#400,.T.);
#954=EDGE_CURVE('',#764,#766,#401,.T.);
#955=EDGE_CURVE('',#768,#769,#402,.T.);
#956=EDGE_CURVE('',#769,#767,#650,.T.);
#957=EDGE_CURVE('',#766,#768,#651,.T.);
#958=EDGE_CURVE('',#755,#769,#403,.T.);
#959=EDGE_CURVE('',#768,#752,#404,.T.);
#960=EDGE_CURVE('',#770,#760,#405,.T.);
#961=EDGE_CURVE('',#770,#771,#406,.T.);
#962=EDGE_CURVE('',#771,#762,#407,.T.);
#963=EDGE_CURVE('',#772,#758,#408,.T.);
#964=EDGE_CURVE('',#772,#770,#652,.T.);
#965=EDGE_CURVE('',#773,#756,#409,.T.);
#966=EDGE_CURVE('',#773,#772,#410,.T.);
#967=EDGE_CURVE('',#774,#753,#411,.T.);
#968=EDGE_CURVE('',#774,#773,#653,.T.);
#969=EDGE_CURVE('',#775,#752,#412,.T.);
#970=EDGE_CURVE('',#775,#774,#413,.T.);
#971=EDGE_CURVE('',#776,#776,#654,.T.);
#972=EDGE_CURVE('',#777,#777,#655,.T.);
#973=EDGE_CURVE('',#778,#778,#656,.T.);
#974=EDGE_CURVE('',#779,#779,#657,.T.);
#975=EDGE_CURVE('',#780,#780,#658,.T.);
#976=EDGE_CURVE('',#781,#781,#659,.T.);
#977=EDGE_CURVE('',#751,#782,#414,.T.);
#978=EDGE_CURVE('',#782,#783,#415,.T.);
#979=EDGE_CURVE('',#783,#784,#660,.T.);
#980=EDGE_CURVE('',#784,#785,#416,.T.);
#981=EDGE_CURVE('',#785,#786,#661,.T.);
#982=EDGE_CURVE('',#786,#745,#417,.T.);
#983=EDGE_CURVE('',#782,#723,#418,.T.);
#984=EDGE_CURVE('',#783,#725,#419,.T.);
#985=EDGE_CURVE('',#784,#727,#420,.T.);
#986=EDGE_CURVE('',#785,#729,#421,.T.);
#987=EDGE_CURVE('',#786,#731,#422,.T.);
#988=EDGE_CURVE('',#787,#787,#662,.T.);
#989=EDGE_CURVE('',#787,#707,#423,.T.);
#990=EDGE_CURVE('',#788,#789,#663,.T.);
#991=EDGE_CURVE('',#788,#790,#424,.T.);
#992=EDGE_CURVE('',#790,#791,#664,.T.);
#993=EDGE_CURVE('',#789,#791,#425,.T.);
#994=EDGE_CURVE('',#792,#788,#426,.T.);
#995=EDGE_CURVE('',#792,#793,#427,.T.);
#996=EDGE_CURVE('',#793,#790,#428,.T.);
#997=EDGE_CURVE('',#794,#792,#665,.T.);
#998=EDGE_CURVE('',#794,#795,#429,.T.);
#999=EDGE_CURVE('',#795,#793,#666,.T.);
#1000=EDGE_CURVE('',#796,#794,#430,.T.);
#1001=EDGE_CURVE('',#797,#796,#431,.T.);
#1002=EDGE_CURVE('',#797,#795,#432,.T.);
#1003=EDGE_CURVE('',#789,#798,#433,.T.);
#1004=EDGE_CURVE('',#791,#799,#434,.T.);
#1005=EDGE_CURVE('',#798,#799,#435,.T.);
#1006=EDGE_CURVE('',#799,#797,#436,.T.);
#1007=EDGE_CURVE('',#800,#796,#437,.T.);
#1008=EDGE_CURVE('',#801,#800,#438,.T.);
#1009=EDGE_CURVE('',#802,#801,#439,.T.);
#1010=EDGE_CURVE('',#802,#803,#440,.T.);
#1011=EDGE_CURVE('',#798,#803,#441,.T.);
#1012=EDGE_CURVE('',#804,#804,#667,.T.);
#1013=EDGE_CURVE('',#804,#776,#442,.T.);
#1014=EDGE_CURVE('',#805,#805,#668,.T.);
#1015=EDGE_CURVE('',#805,#777,#443,.T.);
#1016=EDGE_CURVE('',#806,#806,#669,.T.);
#1017=EDGE_CURVE('',#806,#778,#444,.T.);
#1018=EDGE_CURVE('',#807,#807,#670,.T.);
#1019=EDGE_CURVE('',#807,#779,#445,.T.);
#1020=EDGE_CURVE('',#808,#808,#671,.T.);
#1021=EDGE_CURVE('',#808,#780,#446,.T.);
#1022=EDGE_CURVE('',#809,#809,#672,.T.);
#1023=EDGE_CURVE('',#809,#781,#447,.T.);
#1024=EDGE_CURVE('',#810,#811,#448,.T.);
#1025=EDGE_CURVE('',#812,#810,#449,.T.);
#1026=EDGE_CURVE('',#813,#812,#450,.T.);
#1027=EDGE_CURVE('',#813,#811,#451,.T.);
#1028=EDGE_CURVE('',#803,#810,#673,.T.);
#1029=EDGE_CURVE('',#812,#802,#674,.T.);
#1030=EDGE_CURVE('',#814,#800,#675,.T.);
#1031=EDGE_CURVE('',#815,#814,#452,.T.);
#1032=EDGE_CURVE('',#801,#815,#676,.T.);
#1033=EDGE_CURVE('',#816,#814,#453,.T.);
#1034=EDGE_CURVE('',#817,#816,#454,.T.);
#1035=EDGE_CURVE('',#815,#817,#455,.T.);
#1036=EDGE_CURVE('',#818,#816,#456,.T.);
#1037=EDGE_CURVE('',#819,#818,#457,.T.);
#1038=EDGE_CURVE('',#817,#819,#458,.T.);
#1039=EDGE_CURVE('',#820,#818,#677,.T.);
#1040=EDGE_CURVE('',#821,#820,#459,.T.);
#1041=EDGE_CURVE('',#819,#821,#678,.T.);
#1042=EDGE_CURVE('',#822,#820,#460,.T.);
#1043=EDGE_CURVE('',#823,#822,#461,.T.);
#1044=EDGE_CURVE('',#821,#823,#462,.T.);
#1045=EDGE_CURVE('',#811,#822,#679,.T.);
#1046=EDGE_CURVE('',#823,#813,#680,.T.);
#1047=EDGE_CURVE('',#771,#824,#681,.T.);
#1048=EDGE_CURVE('',#824,#764,#463,.T.);
#1049=EDGE_CURVE('',#825,#768,#464,.T.);
#1050=EDGE_CURVE('',#825,#775,#465,.T.);
#1051=EDGE_CURVE('',#826,#766,#466,.T.);
#1052=EDGE_CURVE('',#826,#825,#682,.T.);
#1053=EDGE_CURVE('',#824,#826,#467,.T.);
#1054=ORIENTED_EDGE('',*,*,#827,.F.);
#1055=ORIENTED_EDGE('',*,*,#828,.T.);
#1056=ORIENTED_EDGE('',*,*,#829,.T.);
#1057=ORIENTED_EDGE('',*,*,#828,.F.);
#1058=ORIENTED_EDGE('',*,*,#829,.F.);
#1059=ORIENTED_EDGE('',*,*,#830,.F.);
#1060=ORIENTED_EDGE('',*,*,#831,.T.);
#1061=ORIENTED_EDGE('',*,*,#832,.T.);
#1062=ORIENTED_EDGE('',*,*,#831,.F.);
#1063=ORIENTED_EDGE('',*,*,#832,.F.);
#1064=ORIENTED_EDGE('',*,*,#833,.F.);
#1065=ORIENTED_EDGE('',*,*,#834,.T.);
#1066=ORIENTED_EDGE('',*,*,#835,.T.);
#1067=ORIENTED_EDGE('',*,*,#834,.F.);
#1068=ORIENTED_EDGE('',*,*,#835,.F.);
#1069=ORIENTED_EDGE('',*,*,#836,.F.);
#1070=ORIENTED_EDGE('',*,*,#837,.T.);
#1071=ORIENTED_EDGE('',*,*,#838,.T.);
#1072=ORIENTED_EDGE('',*,*,#837,.F.);
#1073=ORIENTED_EDGE('',*,*,#838,.F.);
#1074=ORIENTED_EDGE('',*,*,#839,.F.);
#1075=ORIENTED_EDGE('',*,*,#840,.T.);
#1076=ORIENTED_EDGE('',*,*,#841,.T.);
#1077=ORIENTED_EDGE('',*,*,#842,.T.);
#1078=ORIENTED_EDGE('',*,*,#842,.F.);
#1079=ORIENTED_EDGE('',*,*,#843,.F.);
#1080=ORIENTED_EDGE('',*,*,#844,.F.);
#1081=ORIENTED_EDGE('',*,*,#845,.T.);
#1082=ORIENTED_EDGE('',*,*,#846,.F.);
#1083=ORIENTED_EDGE('',*,*,#847,.T.);
#1084=ORIENTED_EDGE('',*,*,#848,.T.);
#1085=ORIENTED_EDGE('',*,*,#849,.T.);
#1086=ORIENTED_EDGE('',*,*,#840,.F.);
#1087=ORIENTED_EDGE('',*,*,#850,.T.);
#1088=ORIENTED_EDGE('',*,*,#849,.F.);
#1089=ORIENTED_EDGE('',*,*,#851,.F.);
#1090=ORIENTED_EDGE('',*,*,#852,.F.);
#1091=ORIENTED_EDGE('',*,*,#853,.T.);
#1092=ORIENTED_EDGE('',*,*,#854,.T.);
#1093=ORIENTED_EDGE('',*,*,#855,.T.);
#1094=ORIENTED_EDGE('',*,*,#847,.F.);
#1095=ORIENTED_EDGE('',*,*,#856,.T.);
#1096=ORIENTED_EDGE('',*,*,#855,.F.);
#1097=ORIENTED_EDGE('',*,*,#857,.F.);
#1098=ORIENTED_EDGE('',*,*,#858,.F.);
#1099=ORIENTED_EDGE('',*,*,#844,.T.);
#1100=ORIENTED_EDGE('',*,*,#859,.T.);
#1101=ORIENTED_EDGE('',*,*,#860,.T.);
#1102=ORIENTED_EDGE('',*,*,#853,.F.);
#1103=ORIENTED_EDGE('',*,*,#861,.T.);
#1104=ORIENTED_EDGE('',*,*,#860,.F.);
#1105=ORIENTED_EDGE('',*,*,#862,.F.);
#1106=ORIENTED_EDGE('',*,*,#839,.T.);
#1107=ORIENTED_EDGE('',*,*,#845,.F.);
#1108=ORIENTED_EDGE('',*,*,#858,.T.);
#1109=ORIENTED_EDGE('',*,*,#861,.F.);
#1110=ORIENTED_EDGE('',*,*,#852,.T.);
#1111=ORIENTED_EDGE('',*,*,#856,.F.);
#1112=ORIENTED_EDGE('',*,*,#846,.T.);
#1113=ORIENTED_EDGE('',*,*,#850,.F.);
#1114=ORIENTED_EDGE('',*,*,#863,.T.);
#1115=ORIENTED_EDGE('',*,*,#864,.T.);
#1116=ORIENTED_EDGE('',*,*,#865,.T.);
#1117=ORIENTED_EDGE('',*,*,#866,.T.);
#1118=ORIENTED_EDGE('',*,*,#867,.T.);
#1119=ORIENTED_EDGE('',*,*,#868,.T.);
#1120=ORIENTED_EDGE('',*,*,#869,.F.);
#1121=ORIENTED_EDGE('',*,*,#870,.T.);
#1122=ORIENTED_EDGE('',*,*,#865,.F.);
#1123=ORIENTED_EDGE('',*,*,#870,.F.);
#1124=ORIENTED_EDGE('',*,*,#871,.F.);
#1125=ORIENTED_EDGE('',*,*,#872,.T.);
#1126=ORIENTED_EDGE('',*,*,#868,.F.);
#1127=ORIENTED_EDGE('',*,*,#872,.F.);
#1128=ORIENTED_EDGE('',*,*,#873,.F.);
#1129=ORIENTED_EDGE('',*,*,#874,.T.);
#1130=ORIENTED_EDGE('',*,*,#866,.F.);
#1131=ORIENTED_EDGE('',*,*,#874,.F.);
#1132=ORIENTED_EDGE('',*,*,#875,.F.);
#1133=ORIENTED_EDGE('',*,*,#876,.T.);
#1134=ORIENTED_EDGE('',*,*,#864,.F.);
#1135=ORIENTED_EDGE('',*,*,#876,.F.);
#1136=ORIENTED_EDGE('',*,*,#877,.F.);
#1137=ORIENTED_EDGE('',*,*,#878,.T.);
#1138=ORIENTED_EDGE('',*,*,#867,.F.);
#1139=ORIENTED_EDGE('',*,*,#878,.F.);
#1140=ORIENTED_EDGE('',*,*,#879,.T.);
#1141=ORIENTED_EDGE('',*,*,#880,.T.);
#1142=ORIENTED_EDGE('',*,*,#881,.T.);
#1143=ORIENTED_EDGE('',*,*,#882,.F.);
#1144=ORIENTED_EDGE('',*,*,#883,.T.);
#1145=ORIENTED_EDGE('',*,*,#884,.T.);
#1146=ORIENTED_EDGE('',*,*,#885,.T.);
#1147=ORIENTED_EDGE('',*,*,#880,.F.);
#1148=ORIENTED_EDGE('',*,*,#886,.T.);
#1149=ORIENTED_EDGE('',*,*,#887,.T.);
#1150=ORIENTED_EDGE('',*,*,#888,.T.);
#1151=ORIENTED_EDGE('',*,*,#884,.F.);
#1152=ORIENTED_EDGE('',*,*,#889,.T.);
#1153=ORIENTED_EDGE('',*,*,#890,.T.);
#1154=ORIENTED_EDGE('',*,*,#891,.T.);
#1155=ORIENTED_EDGE('',*,*,#887,.F.);
#1156=ORIENTED_EDGE('',*,*,#892,.T.);
#1157=ORIENTED_EDGE('',*,*,#893,.T.);
#1158=ORIENTED_EDGE('',*,*,#894,.T.);
#1159=ORIENTED_EDGE('',*,*,#890,.F.);
#1160=ORIENTED_EDGE('',*,*,#895,.T.);
#1161=ORIENTED_EDGE('',*,*,#896,.T.);
#1162=ORIENTED_EDGE('',*,*,#897,.T.);
#1163=ORIENTED_EDGE('',*,*,#893,.F.);
#1164=ORIENTED_EDGE('',*,*,#898,.T.);
#1165=ORIENTED_EDGE('',*,*,#899,.T.);
#1166=ORIENTED_EDGE('',*,*,#900,.T.);
#1167=ORIENTED_EDGE('',*,*,#896,.F.);
#1168=ORIENTED_EDGE('',*,*,#901,.T.);
#1169=ORIENTED_EDGE('',*,*,#899,.F.);
#1170=ORIENTED_EDGE('',*,*,#902,.T.);
#1171=ORIENTED_EDGE('',*,*,#903,.T.);
#1172=ORIENTED_EDGE('',*,*,#904,.T.);
#1173=ORIENTED_EDGE('',*,*,#903,.F.);
#1174=ORIENTED_EDGE('',*,*,#905,.T.);
#1175=ORIENTED_EDGE('',*,*,#906,.T.);
#1176=ORIENTED_EDGE('',*,*,#907,.T.);
#1177=ORIENTED_EDGE('',*,*,#906,.F.);
#1178=ORIENTED_EDGE('',*,*,#908,.T.);
#1179=ORIENTED_EDGE('',*,*,#909,.T.);
#1180=ORIENTED_EDGE('',*,*,#910,.T.);
#1181=ORIENTED_EDGE('',*,*,#909,.F.);
#1182=ORIENTED_EDGE('',*,*,#911,.T.);
#1183=ORIENTED_EDGE('',*,*,#912,.T.);
#1184=ORIENTED_EDGE('',*,*,#913,.T.);
#1185=ORIENTED_EDGE('',*,*,#912,.F.);
#1186=ORIENTED_EDGE('',*,*,#914,.T.);
#1187=ORIENTED_EDGE('',*,*,#915,.T.);
#1188=ORIENTED_EDGE('',*,*,#916,.T.);
#1189=ORIENTED_EDGE('',*,*,#915,.F.);
#1190=ORIENTED_EDGE('',*,*,#917,.T.);
#1191=ORIENTED_EDGE('',*,*,#882,.T.);
#1192=ORIENTED_EDGE('',*,*,#901,.F.);
#1193=ORIENTED_EDGE('',*,*,#918,.F.);
#1194=ORIENTED_EDGE('',*,*,#919,.F.);
#1195=ORIENTED_EDGE('',*,*,#920,.T.);
#1196=ORIENTED_EDGE('',*,*,#904,.F.);
#1197=ORIENTED_EDGE('',*,*,#921,.F.);
#1198=ORIENTED_EDGE('',*,*,#922,.F.);
#1199=ORIENTED_EDGE('',*,*,#918,.T.);
#1200=ORIENTED_EDGE('',*,*,#907,.F.);
#1201=ORIENTED_EDGE('',*,*,#923,.F.);
#1202=ORIENTED_EDGE('',*,*,#924,.F.);
#1203=ORIENTED_EDGE('',*,*,#921,.T.);
#1204=ORIENTED_EDGE('',*,*,#910,.F.);
#1205=ORIENTED_EDGE('',*,*,#925,.F.);
#1206=ORIENTED_EDGE('',*,*,#926,.F.);
#1207=ORIENTED_EDGE('',*,*,#923,.T.);
#1208=ORIENTED_EDGE('',*,*,#913,.F.);
#1209=ORIENTED_EDGE('',*,*,#927,.F.);
#1210=ORIENTED_EDGE('',*,*,#928,.F.);
#1211=ORIENTED_EDGE('',*,*,#925,.T.);
#1212=ORIENTED_EDGE('',*,*,#916,.F.);
#1213=ORIENTED_EDGE('',*,*,#929,.F.);
#1214=ORIENTED_EDGE('',*,*,#930,.F.);
#1215=ORIENTED_EDGE('',*,*,#927,.T.);
#1216=ORIENTED_EDGE('',*,*,#881,.F.);
#1217=ORIENTED_EDGE('',*,*,#931,.F.);
#1218=ORIENTED_EDGE('',*,*,#932,.F.);
#1219=ORIENTED_EDGE('',*,*,#929,.T.);
#1220=ORIENTED_EDGE('',*,*,#879,.F.);
#1221=ORIENTED_EDGE('',*,*,#917,.F.);
#1222=ORIENTED_EDGE('',*,*,#914,.F.);
#1223=ORIENTED_EDGE('',*,*,#911,.F.);
#1224=ORIENTED_EDGE('',*,*,#908,.F.);
#1225=ORIENTED_EDGE('',*,*,#905,.F.);
#1226=ORIENTED_EDGE('',*,*,#902,.F.);
#1227=ORIENTED_EDGE('',*,*,#898,.F.);
#1228=ORIENTED_EDGE('',*,*,#895,.F.);
#1229=ORIENTED_EDGE('',*,*,#892,.F.);
#1230=ORIENTED_EDGE('',*,*,#889,.F.);
#1231=ORIENTED_EDGE('',*,*,#886,.F.);
#1232=ORIENTED_EDGE('',*,*,#883,.F.);
#1233=ORIENTED_EDGE('',*,*,#827,.T.);
#1234=ORIENTED_EDGE('',*,*,#830,.T.);
#1235=ORIENTED_EDGE('',*,*,#833,.T.);
#1236=ORIENTED_EDGE('',*,*,#836,.T.);
#1237=ORIENTED_EDGE('',*,*,#933,.T.);
#1238=ORIENTED_EDGE('',*,*,#934,.T.);
#1239=ORIENTED_EDGE('',*,*,#935,.T.);
#1240=ORIENTED_EDGE('',*,*,#936,.T.);
#1241=ORIENTED_EDGE('',*,*,#937,.T.);
#1242=ORIENTED_EDGE('',*,*,#938,.T.);
#1243=ORIENTED_EDGE('',*,*,#934,.F.);
#1244=ORIENTED_EDGE('',*,*,#939,.T.);
#1245=ORIENTED_EDGE('',*,*,#940,.T.);
#1246=ORIENTED_EDGE('',*,*,#941,.T.);
#1247=ORIENTED_EDGE('',*,*,#937,.F.);
#1248=ORIENTED_EDGE('',*,*,#942,.T.);
#1249=ORIENTED_EDGE('',*,*,#943,.T.);
#1250=ORIENTED_EDGE('',*,*,#944,.T.);
#1251=ORIENTED_EDGE('',*,*,#940,.F.);
#1252=ORIENTED_EDGE('',*,*,#945,.T.);
#1253=ORIENTED_EDGE('',*,*,#946,.T.);
#1254=ORIENTED_EDGE('',*,*,#947,.T.);
#1255=ORIENTED_EDGE('',*,*,#943,.F.);
#1256=ORIENTED_EDGE('',*,*,#948,.T.);
#1257=ORIENTED_EDGE('',*,*,#949,.T.);
#1258=ORIENTED_EDGE('',*,*,#950,.T.);
#1259=ORIENTED_EDGE('',*,*,#946,.F.);
#1260=ORIENTED_EDGE('',*,*,#951,.T.);
#1261=ORIENTED_EDGE('',*,*,#952,.T.);
#1262=ORIENTED_EDGE('',*,*,#953,.T.);
#1263=ORIENTED_EDGE('',*,*,#949,.F.);
#1264=ORIENTED_EDGE('',*,*,#954,.T.);
#1265=ORIENTED_EDGE('',*,*,#955,.T.);
#1266=ORIENTED_EDGE('',*,*,#956,.T.);
#1267=ORIENTED_EDGE('',*,*,#952,.F.);
#1268=ORIENTED_EDGE('',*,*,#957,.T.);
#1269=ORIENTED_EDGE('',*,*,#958,.T.);
#1270=ORIENTED_EDGE('',*,*,#955,.F.);
#1271=ORIENTED_EDGE('',*,*,#959,.T.);
#1272=ORIENTED_EDGE('',*,*,#936,.F.);
#1273=ORIENTED_EDGE('',*,*,#948,.F.);
#1274=ORIENTED_EDGE('',*,*,#960,.F.);
#1275=ORIENTED_EDGE('',*,*,#961,.T.);
#1276=ORIENTED_EDGE('',*,*,#962,.T.);
#1277=ORIENTED_EDGE('',*,*,#945,.F.);
#1278=ORIENTED_EDGE('',*,*,#963,.F.);
#1279=ORIENTED_EDGE('',*,*,#964,.T.);
#1280=ORIENTED_EDGE('',*,*,#960,.T.);
#1281=ORIENTED_EDGE('',*,*,#942,.F.);
#1282=ORIENTED_EDGE('',*,*,#965,.F.);
#1283=ORIENTED_EDGE('',*,*,#966,.T.);
#1284=ORIENTED_EDGE('',*,*,#963,.T.);
#1285=ORIENTED_EDGE('',*,*,#939,.F.);
#1286=ORIENTED_EDGE('',*,*,#967,.F.);
#1287=ORIENTED_EDGE('',*,*,#968,.T.);
#1288=ORIENTED_EDGE('',*,*,#965,.T.);
#1289=ORIENTED_EDGE('',*,*,#933,.F.);
#1290=ORIENTED_EDGE('',*,*,#969,.F.);
#1291=ORIENTED_EDGE('',*,*,#970,.T.);
#1292=ORIENTED_EDGE('',*,*,#967,.T.);
#1293=ORIENTED_EDGE('',*,*,#935,.F.);
#1294=ORIENTED_EDGE('',*,*,#938,.F.);
#1295=ORIENTED_EDGE('',*,*,#941,.F.);
#1296=ORIENTED_EDGE('',*,*,#944,.F.);
#1297=ORIENTED_EDGE('',*,*,#947,.F.);
#1298=ORIENTED_EDGE('',*,*,#950,.F.);
#1299=ORIENTED_EDGE('',*,*,#953,.F.);
#1300=ORIENTED_EDGE('',*,*,#956,.F.);
#1301=ORIENTED_EDGE('',*,*,#958,.F.);
#1302=ORIENTED_EDGE('',*,*,#971,.T.);
#1303=ORIENTED_EDGE('',*,*,#972,.T.);
#1304=ORIENTED_EDGE('',*,*,#973,.T.);
#1305=ORIENTED_EDGE('',*,*,#974,.T.);
#1306=ORIENTED_EDGE('',*,*,#975,.T.);
#1307=ORIENTED_EDGE('',*,*,#976,.T.);
#1308=ORIENTED_EDGE('',*,*,#919,.T.);
#1309=ORIENTED_EDGE('',*,*,#922,.T.);
#1310=ORIENTED_EDGE('',*,*,#924,.T.);
#1311=ORIENTED_EDGE('',*,*,#926,.T.);
#1312=ORIENTED_EDGE('',*,*,#928,.T.);
#1313=ORIENTED_EDGE('',*,*,#930,.T.);
#1314=ORIENTED_EDGE('',*,*,#932,.T.);
#1315=ORIENTED_EDGE('',*,*,#977,.T.);
#1316=ORIENTED_EDGE('',*,*,#978,.T.);
#1317=ORIENTED_EDGE('',*,*,#979,.T.);
#1318=ORIENTED_EDGE('',*,*,#980,.T.);
#1319=ORIENTED_EDGE('',*,*,#981,.T.);
#1320=ORIENTED_EDGE('',*,*,#982,.T.);
#1321=ORIENTED_EDGE('',*,*,#885,.F.);
#1322=ORIENTED_EDGE('',*,*,#983,.F.);
#1323=ORIENTED_EDGE('',*,*,#977,.F.);
#1324=ORIENTED_EDGE('',*,*,#931,.T.);
#1325=ORIENTED_EDGE('',*,*,#888,.F.);
#1326=ORIENTED_EDGE('',*,*,#984,.F.);
#1327=ORIENTED_EDGE('',*,*,#978,.F.);
#1328=ORIENTED_EDGE('',*,*,#983,.T.);
#1329=ORIENTED_EDGE('',*,*,#891,.F.);
#1330=ORIENTED_EDGE('',*,*,#985,.F.);
#1331=ORIENTED_EDGE('',*,*,#979,.F.);
#1332=ORIENTED_EDGE('',*,*,#984,.T.);
#1333=ORIENTED_EDGE('',*,*,#894,.F.);
#1334=ORIENTED_EDGE('',*,*,#986,.F.);
#1335=ORIENTED_EDGE('',*,*,#980,.F.);
#1336=ORIENTED_EDGE('',*,*,#985,.T.);
#1337=ORIENTED_EDGE('',*,*,#897,.F.);
#1338=ORIENTED_EDGE('',*,*,#987,.F.);
#1339=ORIENTED_EDGE('',*,*,#981,.F.);
#1340=ORIENTED_EDGE('',*,*,#986,.T.);
#1341=ORIENTED_EDGE('',*,*,#900,.F.);
#1342=ORIENTED_EDGE('',*,*,#920,.F.);
#1343=ORIENTED_EDGE('',*,*,#982,.F.);
#1344=ORIENTED_EDGE('',*,*,#987,.T.);
#1345=ORIENTED_EDGE('',*,*,#988,.F.);
#1346=ORIENTED_EDGE('',*,*,#989,.T.);
#1347=ORIENTED_EDGE('',*,*,#863,.F.);
#1348=ORIENTED_EDGE('',*,*,#989,.F.);
#1349=ORIENTED_EDGE('',*,*,#990,.F.);
#1350=ORIENTED_EDGE('',*,*,#991,.T.);
#1351=ORIENTED_EDGE('',*,*,#992,.T.);
#1352=ORIENTED_EDGE('',*,*,#993,.F.);
#1353=ORIENTED_EDGE('',*,*,#994,.F.);
#1354=ORIENTED_EDGE('',*,*,#995,.T.);
#1355=ORIENTED_EDGE('',*,*,#996,.T.);
#1356=ORIENTED_EDGE('',*,*,#991,.F.);
#1357=ORIENTED_EDGE('',*,*,#997,.F.);
#1358=ORIENTED_EDGE('',*,*,#998,.T.);
#1359=ORIENTED_EDGE('',*,*,#999,.T.);
#1360=ORIENTED_EDGE('',*,*,#995,.F.);
#1361=ORIENTED_EDGE('',*,*,#1000,.F.);
#1362=ORIENTED_EDGE('',*,*,#1001,.F.);
#1363=ORIENTED_EDGE('',*,*,#1002,.T.);
#1364=ORIENTED_EDGE('',*,*,#998,.F.);
#1365=ORIENTED_EDGE('',*,*,#1003,.F.);
#1366=ORIENTED_EDGE('',*,*,#993,.T.);
#1367=ORIENTED_EDGE('',*,*,#1004,.T.);
#1368=ORIENTED_EDGE('',*,*,#1005,.F.);
#1369=ORIENTED_EDGE('',*,*,#1004,.F.);
#1370=ORIENTED_EDGE('',*,*,#992,.F.);
#1371=ORIENTED_EDGE('',*,*,#996,.F.);
#1372=ORIENTED_EDGE('',*,*,#999,.F.);
#1373=ORIENTED_EDGE('',*,*,#1002,.F.);
#1374=ORIENTED_EDGE('',*,*,#1006,.F.);
#1375=ORIENTED_EDGE('',*,*,#988,.T.);
#1376=ORIENTED_EDGE('',*,*,#1005,.T.);
#1377=ORIENTED_EDGE('',*,*,#1006,.T.);
#1378=ORIENTED_EDGE('',*,*,#1001,.T.);
#1379=ORIENTED_EDGE('',*,*,#1007,.F.);
#1380=ORIENTED_EDGE('',*,*,#1008,.F.);
#1381=ORIENTED_EDGE('',*,*,#1009,.F.);
#1382=ORIENTED_EDGE('',*,*,#1010,.T.);
#1383=ORIENTED_EDGE('',*,*,#1011,.F.);
#1384=ORIENTED_EDGE('',*,*,#1012,.F.);
#1385=ORIENTED_EDGE('',*,*,#1013,.T.);
#1386=ORIENTED_EDGE('',*,*,#971,.F.);
#1387=ORIENTED_EDGE('',*,*,#1013,.F.);
#1388=ORIENTED_EDGE('',*,*,#1014,.F.);
#1389=ORIENTED_EDGE('',*,*,#1015,.T.);
#1390=ORIENTED_EDGE('',*,*,#972,.F.);
#1391=ORIENTED_EDGE('',*,*,#1015,.F.);
#1392=ORIENTED_EDGE('',*,*,#1016,.F.);
#1393=ORIENTED_EDGE('',*,*,#1017,.T.);
#1394=ORIENTED_EDGE('',*,*,#973,.F.);
#1395=ORIENTED_EDGE('',*,*,#1017,.F.);
#1396=ORIENTED_EDGE('',*,*,#1018,.F.);
#1397=ORIENTED_EDGE('',*,*,#1019,.T.);
#1398=ORIENTED_EDGE('',*,*,#974,.F.);
#1399=ORIENTED_EDGE('',*,*,#1019,.F.);
#1400=ORIENTED_EDGE('',*,*,#1020,.F.);
#1401=ORIENTED_EDGE('',*,*,#1021,.T.);
#1402=ORIENTED_EDGE('',*,*,#975,.F.);
#1403=ORIENTED_EDGE('',*,*,#1021,.F.);
#1404=ORIENTED_EDGE('',*,*,#1022,.F.);
#1405=ORIENTED_EDGE('',*,*,#1023,.T.);
#1406=ORIENTED_EDGE('',*,*,#976,.F.);
#1407=ORIENTED_EDGE('',*,*,#1023,.F.);
#1408=ORIENTED_EDGE('',*,*,#1024,.F.);
#1409=ORIENTED_EDGE('',*,*,#1025,.F.);
#1410=ORIENTED_EDGE('',*,*,#1026,.F.);
#1411=ORIENTED_EDGE('',*,*,#1027,.T.);
#1412=ORIENTED_EDGE('',*,*,#1028,.F.);
#1413=ORIENTED_EDGE('',*,*,#1010,.F.);
#1414=ORIENTED_EDGE('',*,*,#1029,.F.);
#1415=ORIENTED_EDGE('',*,*,#1025,.T.);
#1416=ORIENTED_EDGE('',*,*,#1030,.F.);
#1417=ORIENTED_EDGE('',*,*,#1031,.F.);
#1418=ORIENTED_EDGE('',*,*,#1032,.F.);
#1419=ORIENTED_EDGE('',*,*,#1008,.T.);
#1420=ORIENTED_EDGE('',*,*,#1033,.F.);
#1421=ORIENTED_EDGE('',*,*,#1034,.F.);
#1422=ORIENTED_EDGE('',*,*,#1035,.F.);
#1423=ORIENTED_EDGE('',*,*,#1031,.T.);
#1424=ORIENTED_EDGE('',*,*,#1036,.F.);
#1425=ORIENTED_EDGE('',*,*,#1037,.F.);
#1426=ORIENTED_EDGE('',*,*,#1038,.F.);
#1427=ORIENTED_EDGE('',*,*,#1034,.T.);
#1428=ORIENTED_EDGE('',*,*,#1039,.F.);
#1429=ORIENTED_EDGE('',*,*,#1040,.F.);
#1430=ORIENTED_EDGE('',*,*,#1041,.F.);
#1431=ORIENTED_EDGE('',*,*,#1037,.T.);
#1432=ORIENTED_EDGE('',*,*,#1042,.F.);
#1433=ORIENTED_EDGE('',*,*,#1043,.F.);
#1434=ORIENTED_EDGE('',*,*,#1044,.F.);
#1435=ORIENTED_EDGE('',*,*,#1040,.T.);
#1436=ORIENTED_EDGE('',*,*,#1045,.F.);
#1437=ORIENTED_EDGE('',*,*,#1027,.F.);
#1438=ORIENTED_EDGE('',*,*,#1046,.F.);
#1439=ORIENTED_EDGE('',*,*,#1043,.T.);
#1440=ORIENTED_EDGE('',*,*,#1003,.T.);
#1441=ORIENTED_EDGE('',*,*,#1011,.T.);
#1442=ORIENTED_EDGE('',*,*,#1028,.T.);
#1443=ORIENTED_EDGE('',*,*,#1024,.T.);
#1444=ORIENTED_EDGE('',*,*,#1045,.T.);
#1445=ORIENTED_EDGE('',*,*,#1042,.T.);
#1446=ORIENTED_EDGE('',*,*,#1039,.T.);
#1447=ORIENTED_EDGE('',*,*,#1036,.T.);
#1448=ORIENTED_EDGE('',*,*,#1033,.T.);
#1449=ORIENTED_EDGE('',*,*,#1030,.T.);
#1450=ORIENTED_EDGE('',*,*,#1007,.T.);
#1451=ORIENTED_EDGE('',*,*,#1000,.T.);
#1452=ORIENTED_EDGE('',*,*,#997,.T.);
#1453=ORIENTED_EDGE('',*,*,#994,.T.);
#1454=ORIENTED_EDGE('',*,*,#990,.T.);
#1455=ORIENTED_EDGE('',*,*,#869,.T.);
#1456=ORIENTED_EDGE('',*,*,#871,.T.);
#1457=ORIENTED_EDGE('',*,*,#873,.T.);
#1458=ORIENTED_EDGE('',*,*,#875,.T.);
#1459=ORIENTED_EDGE('',*,*,#877,.T.);
#1460=ORIENTED_EDGE('',*,*,#1022,.T.);
#1461=ORIENTED_EDGE('',*,*,#1020,.T.);
#1462=ORIENTED_EDGE('',*,*,#1018,.T.);
#1463=ORIENTED_EDGE('',*,*,#1016,.T.);
#1464=ORIENTED_EDGE('',*,*,#1014,.T.);
#1465=ORIENTED_EDGE('',*,*,#1012,.T.);
#1466=ORIENTED_EDGE('',*,*,#843,.T.);
#1467=ORIENTED_EDGE('',*,*,#841,.F.);
#1468=ORIENTED_EDGE('',*,*,#851,.T.);
#1469=ORIENTED_EDGE('',*,*,#848,.F.);
#1470=ORIENTED_EDGE('',*,*,#857,.T.);
#1471=ORIENTED_EDGE('',*,*,#854,.F.);
#1472=ORIENTED_EDGE('',*,*,#862,.T.);
#1473=ORIENTED_EDGE('',*,*,#859,.F.);
#1474=ORIENTED_EDGE('',*,*,#951,.F.);
#1475=ORIENTED_EDGE('',*,*,#962,.F.);
#1476=ORIENTED_EDGE('',*,*,#1047,.T.);
#1477=ORIENTED_EDGE('',*,*,#1048,.T.);
#1478=ORIENTED_EDGE('',*,*,#959,.F.);
#1479=ORIENTED_EDGE('',*,*,#1049,.F.);
#1480=ORIENTED_EDGE('',*,*,#1050,.T.);
#1481=ORIENTED_EDGE('',*,*,#969,.T.);
#1482=ORIENTED_EDGE('',*,*,#957,.F.);
#1483=ORIENTED_EDGE('',*,*,#1051,.F.);
#1484=ORIENTED_EDGE('',*,*,#1052,.T.);
#1485=ORIENTED_EDGE('',*,*,#1049,.T.);
#1486=ORIENTED_EDGE('',*,*,#954,.F.);
#1487=ORIENTED_EDGE('',*,*,#1048,.F.);
#1488=ORIENTED_EDGE('',*,*,#1053,.T.);
#1489=ORIENTED_EDGE('',*,*,#1051,.T.);
#1490=ORIENTED_EDGE('',*,*,#1053,.F.);
#1491=ORIENTED_EDGE('',*,*,#1047,.F.);
#1492=ORIENTED_EDGE('',*,*,#961,.F.);
#1493=ORIENTED_EDGE('',*,*,#964,.F.);
#1494=ORIENTED_EDGE('',*,*,#966,.F.);
#1495=ORIENTED_EDGE('',*,*,#968,.F.);
#1496=ORIENTED_EDGE('',*,*,#970,.F.);
#1497=ORIENTED_EDGE('',*,*,#1050,.F.);
#1498=ORIENTED_EDGE('',*,*,#1052,.F.);
#1499=ORIENTED_EDGE('',*,*,#1026,.T.);
#1500=ORIENTED_EDGE('',*,*,#1029,.T.);
#1501=ORIENTED_EDGE('',*,*,#1009,.T.);
#1502=ORIENTED_EDGE('',*,*,#1032,.T.);
#1503=ORIENTED_EDGE('',*,*,#1035,.T.);
#1504=ORIENTED_EDGE('',*,*,#1038,.T.);
#1505=ORIENTED_EDGE('',*,*,#1041,.T.);
#1506=ORIENTED_EDGE('',*,*,#1044,.T.);
#1507=ORIENTED_EDGE('',*,*,#1046,.T.);
#1508=CYLINDRICAL_SURFACE('',#1656,8.2);
#1509=CYLINDRICAL_SURFACE('',#1660,8.2);
#1510=CYLINDRICAL_SURFACE('',#1664,8.2);
#1511=CYLINDRICAL_SURFACE('',#1668,8.2);
#1512=CYLINDRICAL_SURFACE('',#1672,2.);
#1513=CYLINDRICAL_SURFACE('',#1676,2.);
#1514=CYLINDRICAL_SURFACE('',#1680,2.);
#1515=CYLINDRICAL_SURFACE('',#1684,2.);
#1516=CYLINDRICAL_SURFACE('',#1701,1.02499999999999);
#1517=CYLINDRICAL_SURFACE('',#1703,1.025);
#1518=CYLINDRICAL_SURFACE('',#1705,1.02499999999999);
#1519=CYLINDRICAL_SURFACE('',#1707,1.025);
#1520=CYLINDRICAL_SURFACE('',#1709,1.025);
#1521=CYLINDRICAL_SURFACE('',#1736,4.00000000000002);
#1522=CYLINDRICAL_SURFACE('',#1739,3.99999999999999);
#1523=CYLINDRICAL_SURFACE('',#1742,4.);
#1524=CYLINDRICAL_SURFACE('',#1745,4.00000000000002);
#1525=CYLINDRICAL_SURFACE('',#1766,3.99999999999999);
#1526=CYLINDRICAL_SURFACE('',#1769,4.00000000000002);
#1527=CYLINDRICAL_SURFACE('',#1783,4.00000000000002);
#1528=CYLINDRICAL_SURFACE('',#1785,4.00000000000002);
#1529=CYLINDRICAL_SURFACE('',#1787,0.800000000000001);
#1530=CYLINDRICAL_SURFACE('',#1789,1.99999999999999);
#1531=CYLINDRICAL_SURFACE('',#1793,1.99999999999999);
#1532=CYLINDRICAL_SURFACE('',#1800,1.35);
#1533=CYLINDRICAL_SURFACE('',#1802,1.35);
#1534=CYLINDRICAL_SURFACE('',#1804,1.35);
#1535=CYLINDRICAL_SURFACE('',#1806,1.35);
#1536=CYLINDRICAL_SURFACE('',#1808,1.35);
#1537=CYLINDRICAL_SURFACE('',#1810,1.35);
#1538=CYLINDRICAL_SURFACE('',#1813,2.40000000000102);
#1539=CYLINDRICAL_SURFACE('',#1816,2.40000000000113);
#1540=CYLINDRICAL_SURFACE('',#1821,2.40000000000134);
#1541=CYLINDRICAL_SURFACE('',#1825,2.40000000000109);
#1542=CYLINDRICAL_SURFACE('',#1829,4.00000000000002);
#1543=CYLINDRICAL_SURFACE('',#1832,4.00000000000002);
#1544=ADVANCED_FACE('',(#114),#1508,.F.);
#1545=ADVANCED_FACE('',(#115),#62,.T.);
#1546=ADVANCED_FACE('',(#116),#1509,.F.);
#1547=ADVANCED_FACE('',(#117),#63,.T.);
#1548=ADVANCED_FACE('',(#118),#1510,.F.);
#1549=ADVANCED_FACE('',(#119),#64,.T.);
#1550=ADVANCED_FACE('',(#120),#1511,.F.);
#1551=ADVANCED_FACE('',(#121),#65,.T.);
#1552=ADVANCED_FACE('',(#122),#1512,.F.);
#1553=ADVANCED_FACE('',(#123),#66,.F.);
#1554=ADVANCED_FACE('',(#124),#1513,.F.);
#1555=ADVANCED_FACE('',(#125),#67,.F.);
#1556=ADVANCED_FACE('',(#126),#1514,.F.);
#1557=ADVANCED_FACE('',(#127),#68,.F.);
#1558=ADVANCED_FACE('',(#128),#1515,.F.);
#1559=ADVANCED_FACE('',(#129),#69,.F.);
#1560=ADVANCED_FACE('',(#130),#70,.T.);
#1561=ADVANCED_FACE('',(#131),#71,.F.);
#1562=ADVANCED_FACE('',(#132),#72,.F.);
#1563=ADVANCED_FACE('',(#133),#73,.F.);
#1564=ADVANCED_FACE('',(#134),#74,.F.);
#1565=ADVANCED_FACE('',(#135),#75,.F.);
#1566=ADVANCED_FACE('',(#136),#76,.F.);
#1567=ADVANCED_FACE('',(#137),#1516,.F.);
#1568=ADVANCED_FACE('',(#138),#1517,.F.);
#1569=ADVANCED_FACE('',(#139),#1518,.F.);
#1570=ADVANCED_FACE('',(#140),#1519,.F.);
#1571=ADVANCED_FACE('',(#141),#1520,.F.);
#1572=ADVANCED_FACE('',(#142),#52,.F.);
#1573=ADVANCED_FACE('',(#143),#77,.T.);
#1574=ADVANCED_FACE('',(#144),#78,.T.);
#1575=ADVANCED_FACE('',(#145),#53,.F.);
#1576=ADVANCED_FACE('',(#146),#79,.T.);
#1577=ADVANCED_FACE('',(#147),#54,.F.);
#1578=ADVANCED_FACE('',(#148),#80,.T.);
#1579=ADVANCED_FACE('',(#149),#55,.F.);
#1580=ADVANCED_FACE('',(#150),#81,.T.);
#1581=ADVANCED_FACE('',(#151),#56,.F.);
#1582=ADVANCED_FACE('',(#152),#82,.T.);
#1583=ADVANCED_FACE('',(#153),#57,.F.);
#1584=ADVANCED_FACE('',(#154),#83,.T.);
#1585=ADVANCED_FACE('',(#155),#1521,.F.);
#1586=ADVANCED_FACE('',(#156),#84,.T.);
#1587=ADVANCED_FACE('',(#157),#1522,.F.);
#1588=ADVANCED_FACE('',(#158),#85,.T.);
#1589=ADVANCED_FACE('',(#159),#1523,.F.);
#1590=ADVANCED_FACE('',(#160),#86,.T.);
#1591=ADVANCED_FACE('',(#161),#1524,.F.);
#1592=ADVANCED_FACE('',(#162,#15,#16,#17,#18),#87,.T.);
#1593=ADVANCED_FACE('',(#163),#88,.T.);
#1594=ADVANCED_FACE('',(#164),#58,.T.);
#1595=ADVANCED_FACE('',(#165),#89,.T.);
#1596=ADVANCED_FACE('',(#166),#59,.T.);
#1597=ADVANCED_FACE('',(#167),#90,.T.);
#1598=ADVANCED_FACE('',(#168),#60,.T.);
#1599=ADVANCED_FACE('',(#169),#91,.T.);
#1600=ADVANCED_FACE('',(#170),#61,.T.);
#1601=ADVANCED_FACE('',(#171),#92,.T.);
#1602=ADVANCED_FACE('',(#172),#93,.T.);
#1603=ADVANCED_FACE('',(#173),#1525,.T.);
#1604=ADVANCED_FACE('',(#174),#94,.T.);
#1605=ADVANCED_FACE('',(#175),#1526,.T.);
#1606=ADVANCED_FACE('',(#176),#95,.T.);
#1607=ADVANCED_FACE('',(#177,#19,#20,#21,#22,#23,#24,#25),#96,.T.);
#1608=ADVANCED_FACE('',(#178),#97,.T.);
#1609=ADVANCED_FACE('',(#179),#98,.T.);
#1610=ADVANCED_FACE('',(#180),#1527,.F.);
#1611=ADVANCED_FACE('',(#181),#99,.T.);
#1612=ADVANCED_FACE('',(#182),#1528,.F.);
#1613=ADVANCED_FACE('',(#183),#100,.T.);
#1614=ADVANCED_FACE('',(#184),#1529,.F.);
#1615=ADVANCED_FACE('',(#185),#1530,.F.);
#1616=ADVANCED_FACE('',(#186),#101,.F.);
#1617=ADVANCED_FACE('',(#187),#1531,.F.);
#1618=ADVANCED_FACE('',(#188),#102,.F.);
#1619=ADVANCED_FACE('',(#189),#103,.F.);
#1620=ADVANCED_FACE('',(#190,#26),#104,.T.);
#1621=ADVANCED_FACE('',(#191),#105,.T.);
#1622=ADVANCED_FACE('',(#192),#1532,.F.);
#1623=ADVANCED_FACE('',(#193),#1533,.F.);
#1624=ADVANCED_FACE('',(#194),#1534,.F.);
#1625=ADVANCED_FACE('',(#195),#1535,.F.);
#1626=ADVANCED_FACE('',(#196),#1536,.F.);
#1627=ADVANCED_FACE('',(#197),#1537,.F.);
#1628=ADVANCED_FACE('',(#198),#106,.T.);
#1629=ADVANCED_FACE('',(#199),#1538,.T.);
#1630=ADVANCED_FACE('',(#200),#1539,.T.);
#1631=ADVANCED_FACE('',(#201),#107,.T.);
#1632=ADVANCED_FACE('',(#202),#108,.T.);
#1633=ADVANCED_FACE('',(#203),#1540,.T.);
#1634=ADVANCED_FACE('',(#204),#109,.T.);
#1635=ADVANCED_FACE('',(#205),#1541,.T.);
#1636=ADVANCED_FACE('',(#206,#27,#28,#29,#30,#31,#32,#33,#34,#35,#36,#37,
#38),#110,.F.);
#1637=ADVANCED_FACE('',(#207),#1542,.T.);
#1638=ADVANCED_FACE('',(#208),#111,.T.);
#1639=ADVANCED_FACE('',(#209),#1543,.T.);
#1640=ADVANCED_FACE('',(#210),#112,.T.);
#1641=ADVANCED_FACE('',(#211,#39),#113,.F.);
#1642=CLOSED_SHELL('',(#1544,#1545,#1546,#1547,#1548,#1549,#1550,#1551,
#1552,#1553,#1554,#1555,#1556,#1557,#1558,#1559,#1560,#1561,#1562,#1563,
#1564,#1565,#1566,#1567,#1568,#1569,#1570,#1571,#1572,#1573,#1574,#1575,
#1576,#1577,#1578,#1579,#1580,#1581,#1582,#1583,#1584,#1585,#1586,#1587,
#1588,#1589,#1590,#1591,#1592,#1593,#1594,#1595,#1596,#1597,#1598,#1599,
#1600,#1601,#1602,#1603,#1604,#1605,#1606,#1607,#1608,#1609,#1610,#1611,
#1612,#1613,#1614,#1615,#1616,#1617,#1618,#1619,#1620,#1621,#1622,#1623,
#1624,#1625,#1626,#1627,#1628,#1629,#1630,#1631,#1632,#1633,#1634,#1635,
#1636,#1637,#1638,#1639,#1640,#1641));
#1643=DERIVED_UNIT_ELEMENT(#1645,1.);
#1644=DERIVED_UNIT_ELEMENT(#2842,-3.);
#1645=(
MASS_UNIT()
NAMED_UNIT(*)
SI_UNIT(.KILO.,.GRAM.)
);
#1646=DERIVED_UNIT((#1643,#1644));
#1647=MEASURE_REPRESENTATION_ITEM('density measure',
POSITIVE_RATIO_MEASURE(7850.),#1646);
#1648=PROPERTY_DEFINITION_REPRESENTATION(#1653,#1650);
#1649=PROPERTY_DEFINITION_REPRESENTATION(#1654,#1651);
#1650=REPRESENTATION('material name',(#1652),#2839);
#1651=REPRESENTATION('density',(#1647),#2839);
#1652=DESCRIPTIVE_REPRESENTATION_ITEM('Steel','Steel');
#1653=PROPERTY_DEFINITION('material property','material name',#2849);
#1654=PROPERTY_DEFINITION('material property','density of part',#2849);
#1655=AXIS2_PLACEMENT_3D('',#2331,#1836,#1837);
#1656=AXIS2_PLACEMENT_3D('',#2332,#1838,#1839);
#1657=AXIS2_PLACEMENT_3D('',#2334,#1840,#1841);
#1658=AXIS2_PLACEMENT_3D('',#2337,#1843,#1844);
#1659=AXIS2_PLACEMENT_3D('',#2338,#1845,#1846);
#1660=AXIS2_PLACEMENT_3D('',#2339,#1847,#1848);
#1661=AXIS2_PLACEMENT_3D('',#2341,#1849,#1850);
#1662=AXIS2_PLACEMENT_3D('',#2344,#1852,#1853);
#1663=AXIS2_PLACEMENT_3D('',#2345,#1854,#1855);
#1664=AXIS2_PLACEMENT_3D('',#2346,#1856,#1857);
#1665=AXIS2_PLACEMENT_3D('',#2348,#1858,#1859);
#1666=AXIS2_PLACEMENT_3D('',#2351,#1861,#1862);
#1667=AXIS2_PLACEMENT_3D('',#2352,#1863,#1864);
#1668=AXIS2_PLACEMENT_3D('',#2353,#1865,#1866);
#1669=AXIS2_PLACEMENT_3D('',#2355,#1867,#1868);
#1670=AXIS2_PLACEMENT_3D('',#2358,#1870,#1871);
#1671=AXIS2_PLACEMENT_3D('',#2359,#1872,#1873);
#1672=AXIS2_PLACEMENT_3D('',#2360,#1874,#1875);
#1673=AXIS2_PLACEMENT_3D('',#2363,#1876,#1877);
#1674=AXIS2_PLACEMENT_3D('',#2367,#1879,#1880);
#1675=AXIS2_PLACEMENT_3D('',#2369,#1882,#1883);
#1676=AXIS2_PLACEMENT_3D('',#2375,#1887,#1888);
#1677=AXIS2_PLACEMENT_3D('',#2378,#1889,#1890);
#1678=AXIS2_PLACEMENT_3D('',#2382,#1892,#1893);
#1679=AXIS2_PLACEMENT_3D('',#2384,#1895,#1896);
#1680=AXIS2_PLACEMENT_3D('',#2387,#1899,#1900);
#1681=AXIS2_PLACEMENT_3D('',#2390,#1901,#1902);
#1682=AXIS2_PLACEMENT_3D('',#2394,#1904,#1905);
#1683=AXIS2_PLACEMENT_3D('',#2396,#1907,#1908);
#1684=AXIS2_PLACEMENT_3D('',#2399,#1911,#1912);
#1685=AXIS2_PLACEMENT_3D('',#2401,#1913,#1914);
#1686=AXIS2_PLACEMENT_3D('',#2403,#1915,#1916);
#1687=AXIS2_PLACEMENT_3D('',#2405,#1918,#1919);
#1688=AXIS2_PLACEMENT_3D('',#2408,#1922,#1923);
#1689=AXIS2_PLACEMENT_3D('',#2409,#1924,#1925);
#1690=AXIS2_PLACEMENT_3D('',#2411,#1926,#1927);
#1691=AXIS2_PLACEMENT_3D('',#2412,#1928,#1929);
#1692=AXIS2_PLACEMENT_3D('',#2414,#1930,#1931);
#1693=AXIS2_PLACEMENT_3D('',#2415,#1932,#1933);
#1694=AXIS2_PLACEMENT_3D('',#2417,#1934,#1935);
#1695=AXIS2_PLACEMENT_3D('',#2418,#1936,#1937);
#1696=AXIS2_PLACEMENT_3D('',#2420,#1938,#1939);
#1697=AXIS2_PLACEMENT_3D('',#2421,#1940,#1941);
#1698=AXIS2_PLACEMENT_3D('',#2423,#1942,#1943);
#1699=AXIS2_PLACEMENT_3D('',#2424,#1944,#1945);
#1700=AXIS2_PLACEMENT_3D('',#2426,#1946,#1947);
#1701=AXIS2_PLACEMENT_3D('',#2427,#1948,#1949);
#1702=AXIS2_PLACEMENT_3D('',#2429,#1950,#1951);
#1703=AXIS2_PLACEMENT_3D('',#2431,#1953,#1954);
#1704=AXIS2_PLACEMENT_3D('',#2433,#1955,#1956);
#1705=AXIS2_PLACEMENT_3D('',#2435,#1958,#1959);
#1706=AXIS2_PLACEMENT_3D('',#2437,#1960,#1961);
#1707=AXIS2_PLACEMENT_3D('',#2439,#1963,#1964);
#1708=AXIS2_PLACEMENT_3D('',#2441,#1965,#1966);
#1709=AXIS2_PLACEMENT_3D('',#2443,#1968,#1969);
#1710=AXIS2_PLACEMENT_3D('',#2445,#1970,#1971);
#1711=AXIS2_PLACEMENT_3D('',#2447,#1973,#1974);
#1712=AXIS2_PLACEMENT_3D('',#2450,#1975,#1976);
#1713=AXIS2_PLACEMENT_3D('',#2457,#1977,#1978);
#1714=AXIS2_PLACEMENT_3D('',#2462,#1979,#1980);
#1715=AXIS2_PLACEMENT_3D('',#2468,#1984,#1985);
#1716=AXIS2_PLACEMENT_3D('',#2477,#1988,#1989);
#1717=AXIS2_PLACEMENT_3D('',#2479,#1990,#1991);
#1718=AXIS2_PLACEMENT_3D('',#2485,#1992,#1993);
#1719=AXIS2_PLACEMENT_3D('',#2486,#1994,#1995);
#1720=AXIS2_PLACEMENT_3D('',#2495,#1998,#1999);
#1721=AXIS2_PLACEMENT_3D('',#2497,#2000,#2001);
#1722=AXIS2_PLACEMENT_3D('',#2503,#2002,#2003);
#1723=AXIS2_PLACEMENT_3D('',#2504,#2004,#2005);
#1724=AXIS2_PLACEMENT_3D('',#2513,#2008,#2009);
#1725=AXIS2_PLACEMENT_3D('',#2515,#2010,#2011);
#1726=AXIS2_PLACEMENT_3D('',#2517,#2012,#2013);
#1727=AXIS2_PLACEMENT_3D('',#2522,#2014,#2015);
#1728=AXIS2_PLACEMENT_3D('',#2531,#2018,#2019);
#1729=AXIS2_PLACEMENT_3D('',#2533,#2020,#2021);
#1730=AXIS2_PLACEMENT_3D('',#2535,#2022,#2023);
#1731=AXIS2_PLACEMENT_3D('',#2540,#2024,#2025);
#1732=AXIS2_PLACEMENT_3D('',#2549,#2028,#2029);
#1733=AXIS2_PLACEMENT_3D('',#2551,#2030,#2031);
#1734=AXIS2_PLACEMENT_3D('',#2553,#2032,#2033);
#1735=AXIS2_PLACEMENT_3D('',#2558,#2034,#2035);
#1736=AXIS2_PLACEMENT_3D('',#2561,#2038,#2039);
#1737=AXIS2_PLACEMENT_3D('',#2565,#2041,#2042);
#1738=AXIS2_PLACEMENT_3D('',#2567,#2044,#2045);
#1739=AXIS2_PLACEMENT_3D('',#2571,#2048,#2049);
#1740=AXIS2_PLACEMENT_3D('',#2574,#2051,#2052);
#1741=AXIS2_PLACEMENT_3D('',#2575,#2053,#2054);
#1742=AXIS2_PLACEMENT_3D('',#2579,#2057,#2058);
#1743=AXIS2_PLACEMENT_3D('',#2582,#2060,#2061);
#1744=AXIS2_PLACEMENT_3D('',#2583,#2062,#2063);
#1745=AXIS2_PLACEMENT_3D('',#2587,#2066,#2067);
#1746=AXIS2_PLACEMENT_3D('',#2590,#2069,#2070);
#1747=AXIS2_PLACEMENT_3D('',#2591,#2071,#2072);
#1748=AXIS2_PLACEMENT_3D('',#2592,#2073,#2074);
#1749=AXIS2_PLACEMENT_3D('',#2601,#2079,#2080);
#1750=AXIS2_PLACEMENT_3D('',#2605,#2082,#2083);
#1751=AXIS2_PLACEMENT_3D('',#2606,#2084,#2085);
#1752=AXIS2_PLACEMENT_3D('',#2607,#2086,#2087);
#1753=AXIS2_PLACEMENT_3D('',#2613,#2091,#2092);
#1754=AXIS2_PLACEMENT_3D('',#2617,#2094,#2095);
#1755=AXIS2_PLACEMENT_3D('',#2618,#2096,#2097);
#1756=AXIS2_PLACEMENT_3D('',#2619,#2098,#2099);
#1757=AXIS2_PLACEMENT_3D('',#2625,#2103,#2104);
#1758=AXIS2_PLACEMENT_3D('',#2629,#2106,#2107);
#1759=AXIS2_PLACEMENT_3D('',#2630,#2108,#2109);
#1760=AXIS2_PLACEMENT_3D('',#2631,#2110,#2111);
#1761=AXIS2_PLACEMENT_3D('',#2637,#2115,#2116);
#1762=AXIS2_PLACEMENT_3D('',#2641,#2118,#2119);
#1763=AXIS2_PLACEMENT_3D('',#2642,#2120,#2121);
#1764=AXIS2_PLACEMENT_3D('',#2643,#2122,#2123);
#1765=AXIS2_PLACEMENT_3D('',#2646,#2126,#2127);
#1766=AXIS2_PLACEMENT_3D('',#2652,#2131,#2132);
#1767=AXIS2_PLACEMENT_3D('',#2655,#2134,#2135);
#1768=AXIS2_PLACEMENT_3D('',#2656,#2136,#2137);
#1769=AXIS2_PLACEMENT_3D('',#2660,#2140,#2141);
#1770=AXIS2_PLACEMENT_3D('',#2663,#2143,#2144);
#1771=AXIS2_PLACEMENT_3D('',#2664,#2145,#2146);
#1772=AXIS2_PLACEMENT_3D('',#2668,#2149,#2150);
#1773=AXIS2_PLACEMENT_3D('',#2670,#2151,#2152);
#1774=AXIS2_PLACEMENT_3D('',#2672,#2153,#2154);
#1775=AXIS2_PLACEMENT_3D('',#2674,#2155,#2156);
#1776=AXIS2_PLACEMENT_3D('',#2676,#2157,#2158);
#1777=AXIS2_PLACEMENT_3D('',#2678,#2159,#2160);
#1778=AXIS2_PLACEMENT_3D('',#2680,#2161,#2162);
#1779=AXIS2_PLACEMENT_3D('',#2686,#2165,#2166);
#1780=AXIS2_PLACEMENT_3D('',#2690,#2168,#2169);
#1781=AXIS2_PLACEMENT_3D('',#2692,#2171,#2172);
#1782=AXIS2_PLACEMENT_3D('',#2694,#2174,#2175);
#1783=AXIS2_PLACEMENT_3D('',#2696,#2177,#2178);
#1784=AXIS2_PLACEMENT_3D('',#2698,#2180,#2181);
#1785=AXIS2_PLACEMENT_3D('',#2700,#2183,#2184);
#1786=AXIS2_PLACEMENT_3D('',#2702,#2186,#2187);
#1787=AXIS2_PLACEMENT_3D('',#2703,#2188,#2189);
#1788=AXIS2_PLACEMENT_3D('',#2705,#2190,#2191);
#1789=AXIS2_PLACEMENT_3D('',#2707,#2193,#2194);
#1790=AXIS2_PLACEMENT_3D('',#2710,#2195,#2196);
#1791=AXIS2_PLACEMENT_3D('',#2714,#2198,#2199);
#1792=AXIS2_PLACEMENT_3D('',#2716,#2201,#2202);
#1793=AXIS2_PLACEMENT_3D('',#2722,#2206,#2207);
#1794=AXIS2_PLACEMENT_3D('',#2724,#2208,#2209);
#1795=AXIS2_PLACEMENT_3D('',#2727,#2211,#2212);
#1796=AXIS2_PLACEMENT_3D('',#2728,#2213,#2214);
#1797=AXIS2_PLACEMENT_3D('',#2734,#2218,#2219);
#1798=AXIS2_PLACEMENT_3D('',#2740,#2223,#2224);
#1799=AXIS2_PLACEMENT_3D('',#2742,#2226,#2227);
#1800=AXIS2_PLACEMENT_3D('',#2752,#2233,#2234);
#1801=AXIS2_PLACEMENT_3D('',#2754,#2235,#2236);
#1802=AXIS2_PLACEMENT_3D('',#2756,#2238,#2239);
#1803=AXIS2_PLACEMENT_3D('',#2758,#2240,#2241);
#1804=AXIS2_PLACEMENT_3D('',#2760,#2243,#2244);
#1805=AXIS2_PLACEMENT_3D('',#2762,#2245,#2246);
#1806=AXIS2_PLACEMENT_3D('',#2764,#2248,#2249);
#1807=AXIS2_PLACEMENT_3D('',#2766,#2250,#2251);
#1808=AXIS2_PLACEMENT_3D('',#2768,#2253,#2254);
#1809=AXIS2_PLACEMENT_3D('',#2770,#2255,#2256);
#1810=AXIS2_PLACEMENT_3D('',#2772,#2258,#2259);
#1811=AXIS2_PLACEMENT_3D('',#2774,#2260,#2261);
#1812=AXIS2_PLACEMENT_3D('',#2776,#2263,#2264);
#1813=AXIS2_PLACEMENT_3D('',#2785,#2269,#2270);
#1814=AXIS2_PLACEMENT_3D('',#2786,#2271,#2272);
#1815=AXIS2_PLACEMENT_3D('',#2787,#2273,#2274);
#1816=AXIS2_PLACEMENT_3D('',#2788,#2275,#2276);
#1817=AXIS2_PLACEMENT_3D('',#2790,#2277,#2278);
#1818=AXIS2_PLACEMENT_3D('',#2793,#2280,#2281);
#1819=AXIS2_PLACEMENT_3D('',#2794,#2282,#2283);
#1820=AXIS2_PLACEMENT_3D('',#2800,#2287,#2288);
#1821=AXIS2_PLACEMENT_3D('',#2806,#2292,#2293);
#1822=AXIS2_PLACEMENT_3D('',#2808,#2294,#2295);
#1823=AXIS2_PLACEMENT_3D('',#2811,#2297,#2298);
#1824=AXIS2_PLACEMENT_3D('',#2812,#2299,#2300);
#1825=AXIS2_PLACEMENT_3D('',#2818,#2304,#2305);
#1826=AXIS2_PLACEMENT_3D('',#2819,#2306,#2307);
#1827=AXIS2_PLACEMENT_3D('',#2820,#2308,#2309);
#1828=AXIS2_PLACEMENT_3D('',#2821,#2310,#2311);
#1829=AXIS2_PLACEMENT_3D('',#2822,#2312,#2313);
#1830=AXIS2_PLACEMENT_3D('',#2824,#2314,#2315);
#1831=AXIS2_PLACEMENT_3D('',#2826,#2317,#2318);
#1832=AXIS2_PLACEMENT_3D('',#2830,#2321,#2322);
#1833=AXIS2_PLACEMENT_3D('',#2833,#2324,#2325);
#1834=AXIS2_PLACEMENT_3D('',#2834,#2326,#2327);
#1835=AXIS2_PLACEMENT_3D('',#2836,#2329,#2330);
#1836=DIRECTION('axis',(0.,0.,1.));
#1837=DIRECTION('refdir',(1.,0.,0.));
#1838=DIRECTION('center_axis',(0.,0.,1.));
#1839=DIRECTION('ref_axis',(1.,0.,0.));
#1840=DIRECTION('center_axis',(0.,0.,1.));
#1841=DIRECTION('ref_axis',(1.,0.,0.));
#1842=DIRECTION('',(0.,0.,1.));
#1843=DIRECTION('center_axis',(0.,0.,1.));
#1844=DIRECTION('ref_axis',(1.,0.,0.));
#1845=DIRECTION('center_axis',(0.,0.,-1.));
#1846=DIRECTION('ref_axis',(1.,0.,0.));
#1847=DIRECTION('center_axis',(0.,0.,1.));
#1848=DIRECTION('ref_axis',(1.,0.,0.));
#1849=DIRECTION('center_axis',(0.,0.,1.));
#1850=DIRECTION('ref_axis',(1.,0.,0.));
#1851=DIRECTION('',(0.,0.,1.));
#1852=DIRECTION('center_axis',(0.,0.,1.));
#1853=DIRECTION('ref_axis',(1.,0.,0.));
#1854=DIRECTION('center_axis',(0.,0.,-1.));
#1855=DIRECTION('ref_axis',(1.,0.,0.));
#1856=DIRECTION('center_axis',(0.,0.,1.));
#1857=DIRECTION('ref_axis',(1.,0.,0.));
#1858=DIRECTION('center_axis',(0.,0.,1.));
#1859=DIRECTION('ref_axis',(1.,0.,0.));
#1860=DIRECTION('',(0.,0.,1.));
#1861=DIRECTION('center_axis',(0.,0.,1.));
#1862=DIRECTION('ref_axis',(1.,0.,0.));
#1863=DIRECTION('center_axis',(0.,0.,-1.));
#1864=DIRECTION('ref_axis',(1.,0.,0.));
#1865=DIRECTION('center_axis',(0.,0.,1.));
#1866=DIRECTION('ref_axis',(1.,0.,0.));
#1867=DIRECTION('center_axis',(0.,0.,1.));
#1868=DIRECTION('ref_axis',(1.,0.,0.));
#1869=DIRECTION('',(0.,0.,1.));
#1870=DIRECTION('center_axis',(0.,0.,1.));
#1871=DIRECTION('ref_axis',(1.,0.,0.));
#1872=DIRECTION('center_axis',(0.,0.,-1.));
#1873=DIRECTION('ref_axis',(1.,0.,0.));
#1874=DIRECTION('center_axis',(0.,0.,-1.));
#1875=DIRECTION('ref_axis',(0.70710678118655,0.707106781186545,0.));
#1876=DIRECTION('center_axis',(0.,0.,1.));
#1877=DIRECTION('ref_axis',(0.70710678118655,0.707106781186545,0.));
#1878=DIRECTION('',(0.,0.,1.));
#1879=DIRECTION('center_axis',(0.,0.,1.));
#1880=DIRECTION('ref_axis',(0.70710678118655,0.707106781186545,0.));
#1881=DIRECTION('',(0.,0.,-1.));
#1882=DIRECTION('center_axis',(-1.85037170770859E-16,1.,0.));
#1883=DIRECTION('ref_axis',(1.,1.85037170770859E-16,0.));
#1884=DIRECTION('',(1.,1.85037170770859E-16,0.));
#1885=DIRECTION('',(0.,0.,1.));
#1886=DIRECTION('',(1.,1.85037170770859E-16,0.));
#1887=DIRECTION('center_axis',(0.,0.,-1.));
#1888=DIRECTION('ref_axis',(0.707106781186549,-0.707106781186546,0.));
#1889=DIRECTION('center_axis',(0.,0.,1.));
#1890=DIRECTION('ref_axis',(0.707106781186549,-0.707106781186546,0.));
#1891=DIRECTION('',(0.,0.,1.));
#1892=DIRECTION('center_axis',(0.,0.,1.));
#1893=DIRECTION('ref_axis',(0.707106781186549,-0.707106781186546,0.));
#1894=DIRECTION('',(0.,0.,-1.));
#1895=DIRECTION('center_axis',(1.,0.,0.));
#1896=DIRECTION('ref_axis',(0.,-1.,0.));
#1897=DIRECTION('',(0.,-1.,0.));
#1898=DIRECTION('',(0.,-1.,0.));
#1899=DIRECTION('center_axis',(0.,0.,-1.));
#1900=DIRECTION('ref_axis',(-0.707106781186546,-0.707106781186549,0.));
#1901=DIRECTION('center_axis',(0.,0.,1.));
#1902=DIRECTION('ref_axis',(-0.707106781186546,-0.707106781186549,0.));
#1903=DIRECTION('',(0.,0.,1.));
#1904=DIRECTION('center_axis',(0.,0.,1.));
#1905=DIRECTION('ref_axis',(-0.707106781186546,-0.707106781186549,0.));
#1906=DIRECTION('',(0.,0.,-1.));
#1907=DIRECTION('center_axis',(0.,-1.,0.));
#1908=DIRECTION('ref_axis',(-1.,0.,0.));
#1909=DIRECTION('',(-1.,0.,0.));
#1910=DIRECTION('',(-1.,0.,0.));
#1911=DIRECTION('center_axis',(0.,0.,-1.));
#1912=DIRECTION('ref_axis',(-0.707106781186547,0.707106781186548,0.));
#1913=DIRECTION('center_axis',(0.,0.,1.));
#1914=DIRECTION('ref_axis',(-0.707106781186547,0.707106781186548,0.));
#1915=DIRECTION('center_axis',(0.,0.,1.));
#1916=DIRECTION('ref_axis',(-0.707106781186547,0.707106781186548,0.));
#1917=DIRECTION('',(0.,0.,-1.));
#1918=DIRECTION('center_axis',(-1.,0.,0.));
#1919=DIRECTION('ref_axis',(0.,1.,0.));
#1920=DIRECTION('',(0.,1.,0.));
#1921=DIRECTION('',(0.,1.,0.));
#1922=DIRECTION('center_axis',(0.,0.,1.));
#1923=DIRECTION('ref_axis',(1.,0.,0.));
#1924=DIRECTION('center_axis',(0.,0.,-1.));
#1925=DIRECTION('ref_axis',(-1.,0.,0.));
#1926=DIRECTION('center_axis',(0.,0.,-1.));
#1927=DIRECTION('ref_axis',(-1.,0.,0.));
#1928=DIRECTION('center_axis',(0.,0.,-1.));
#1929=DIRECTION('ref_axis',(-1.,0.,0.));
#1930=DIRECTION('center_axis',(0.,0.,-1.));
#1931=DIRECTION('ref_axis',(-1.,0.,0.));
#1932=DIRECTION('center_axis',(0.,0.,-1.));
#1933=DIRECTION('ref_axis',(-1.,0.,0.));
#1934=DIRECTION('center_axis',(0.,0.,-1.));
#1935=DIRECTION('ref_axis',(-1.,0.,0.));
#1936=DIRECTION('center_axis',(0.,0.,-1.));
#1937=DIRECTION('ref_axis',(-1.,0.,0.));
#1938=DIRECTION('center_axis',(0.,0.,-1.));
#1939=DIRECTION('ref_axis',(-1.,0.,0.));
#1940=DIRECTION('center_axis',(0.,0.,-1.));
#1941=DIRECTION('ref_axis',(-1.,0.,0.));
#1942=DIRECTION('center_axis',(0.,0.,-1.));
#1943=DIRECTION('ref_axis',(-1.,0.,0.));
#1944=DIRECTION('center_axis',(0.,0.,-1.));
#1945=DIRECTION('ref_axis',(-1.,0.,0.));
#1946=DIRECTION('center_axis',(0.,0.,-1.));
#1947=DIRECTION('ref_axis',(-1.,0.,0.));
#1948=DIRECTION('center_axis',(0.,0.,-1.));
#1949=DIRECTION('ref_axis',(-1.,0.,0.));
#1950=DIRECTION('center_axis',(0.,0.,-1.));
#1951=DIRECTION('ref_axis',(-1.,0.,0.));
#1952=DIRECTION('',(0.,0.,-1.));
#1953=DIRECTION('center_axis',(0.,0.,-1.));
#1954=DIRECTION('ref_axis',(-1.,0.,0.));
#1955=DIRECTION('center_axis',(0.,0.,-1.));
#1956=DIRECTION('ref_axis',(-1.,0.,0.));
#1957=DIRECTION('',(0.,0.,-1.));
#1958=DIRECTION('center_axis',(0.,0.,-1.));
#1959=DIRECTION('ref_axis',(-1.,0.,0.));
#1960=DIRECTION('center_axis',(0.,0.,-1.));
#1961=DIRECTION('ref_axis',(-1.,0.,0.));
#1962=DIRECTION('',(0.,0.,-1.));
#1963=DIRECTION('center_axis',(0.,0.,-1.));
#1964=DIRECTION('ref_axis',(-1.,0.,0.));
#1965=DIRECTION('center_axis',(0.,0.,-1.));
#1966=DIRECTION('ref_axis',(-1.,0.,0.));
#1967=DIRECTION('',(0.,0.,-1.));
#1968=DIRECTION('center_axis',(0.,0.,-1.));
#1969=DIRECTION('ref_axis',(-1.,0.,0.));
#1970=DIRECTION('center_axis',(0.,0.,-1.));
#1971=DIRECTION('ref_axis',(-1.,0.,0.));
#1972=DIRECTION('',(0.,0.,-1.));
#1973=DIRECTION('center_axis',(0.,0.,-1.));
#1974=DIRECTION('ref_axis',(-1.,0.,0.));
#1975=DIRECTION('center_axis',(0.,0.,-1.));
#1976=DIRECTION('ref_axis',(-1.,0.,0.));
#1977=DIRECTION('center_axis',(0.,0.,1.));
#1978=DIRECTION('ref_axis',(-1.,0.,0.));
#1979=DIRECTION('center_axis',(0.691910368015405,-0.145808239248644,-0.707106781186545));
#1980=DIRECTION('ref_axis',(-0.714745356785127,0.,-0.69938478318741));
#1981=DIRECTION('',(0.206203989451173,0.978509026393942,0.));
#1982=DIRECTION('',(0.705194382527762,-0.0734967053857263,0.705194382527777));
#1983=DIRECTION('',(-0.206203989451173,-0.978509026393942,0.));
#1984=DIRECTION('center_axis',(0.707106781186555,4.08116490475687E-16,-0.70710678118654));
#1985=DIRECTION('ref_axis',(-0.70710678118654,0.,-0.707106781186555));
#1986=DIRECTION('',(-5.7716387585882E-16,1.,0.));
#1987=DIRECTION('',(5.7716387585882E-16,-1.,0.));
#1988=DIRECTION('center_axis',(0.,0.,-1.));
#1989=DIRECTION('ref_axis',(-1.,0.,0.));
#1990=DIRECTION('center_axis',(0.,0.,-1.));
#1991=DIRECTION('ref_axis',(-1.,0.,0.));
#1992=DIRECTION('center_axis',(0.,0.,1.));
#1993=DIRECTION('ref_axis',(-1.,0.,0.));
#1994=DIRECTION('center_axis',(0.,0.707106781186555,-0.70710678118654));
#1995=DIRECTION('ref_axis',(-1.,0.,0.));
#1996=DIRECTION('',(-1.,0.,0.));
#1997=DIRECTION('',(1.,0.,0.));
#1998=DIRECTION('center_axis',(0.,0.,-1.));
#1999=DIRECTION('ref_axis',(1.,0.,0.));
#2000=DIRECTION('center_axis',(0.,0.,-1.));
#2001=DIRECTION('ref_axis',(1.,0.,0.));
#2002=DIRECTION('center_axis',(0.,0.,1.));
#2003=DIRECTION('ref_axis',(1.,0.,0.));
#2004=DIRECTION('center_axis',(0.,0.707106781186555,-0.70710678118654));
#2005=DIRECTION('ref_axis',(-1.,0.,0.));
#2006=DIRECTION('',(-1.,0.,0.));
#2007=DIRECTION('',(1.,0.,0.));
#2008=DIRECTION('center_axis',(0.,0.,-1.));
#2009=DIRECTION('ref_axis',(1.,0.,0.));
#2010=DIRECTION('center_axis',(0.,0.,1.));
#2011=DIRECTION('ref_axis',(1.,0.,0.));
#2012=DIRECTION('center_axis',(0.,0.,-1.));
#2013=DIRECTION('ref_axis',(1.,0.,0.));
#2014=DIRECTION('center_axis',(-0.707106781186548,-1.01060841252666E-16,
-0.707106781186547));
#2015=DIRECTION('ref_axis',(-0.707106781186547,0.,0.707106781186548));
#2016=DIRECTION('',(-1.42921612324354E-16,1.,0.));
#2017=DIRECTION('',(1.42921612324354E-16,-1.,0.));
#2018=DIRECTION('center_axis',(0.,0.,-1.));
#2019=DIRECTION('ref_axis',(1.,0.,0.));
#2020=DIRECTION('center_axis',(0.,0.,1.));
#2021=DIRECTION('ref_axis',(1.,0.,0.));
#2022=DIRECTION('center_axis',(0.,0.,-1.));
#2023=DIRECTION('ref_axis',(1.,0.,0.));
#2024=DIRECTION('center_axis',(3.39085508605151E-16,-0.707106781186548,
-0.707106781186548));
#2025=DIRECTION('ref_axis',(-1.,0.,-4.79539325073584E-16));
#2026=DIRECTION('',(-1.,-4.79539325073584E-16,0.));
#2027=DIRECTION('',(1.,4.79539325073584E-16,0.));
#2028=DIRECTION('center_axis',(0.,0.,-1.));
#2029=DIRECTION('ref_axis',(1.,0.,0.));
#2030=DIRECTION('center_axis',(0.,0.,1.));
#2031=DIRECTION('ref_axis',(1.,0.,0.));
#2032=DIRECTION('center_axis',(0.,0.,-1.));
#2033=DIRECTION('ref_axis',(1.,0.,0.));
#2034=DIRECTION('center_axis',(3.39085508605152E-16,-0.707106781186548,
-0.707106781186547));
#2035=DIRECTION('ref_axis',(-1.,0.,-4.79539325073585E-16));
#2036=DIRECTION('',(-1.,-4.79539325073584E-16,0.));
#2037=DIRECTION('',(1.,4.79539325073584E-16,0.));
#2038=DIRECTION('center_axis',(0.,0.,-1.));
#2039=DIRECTION('ref_axis',(1.,0.,0.));
#2040=DIRECTION('',(0.,0.,-1.));
#2041=DIRECTION('center_axis',(0.,0.,-1.));
#2042=DIRECTION('ref_axis',(1.,0.,0.));
#2043=DIRECTION('',(0.,0.,-1.));
#2044=DIRECTION('center_axis',(-1.,-1.42921612324354E-16,0.));
#2045=DIRECTION('ref_axis',(-1.42921612324354E-16,1.,0.));
#2046=DIRECTION('',(0.,0.,-1.));
#2047=DIRECTION('',(1.42921612324354E-16,-1.,0.));
#2048=DIRECTION('center_axis',(0.,0.,-1.));
#2049=DIRECTION('ref_axis',(1.,0.,0.));
#2050=DIRECTION('',(0.,0.,-1.));
#2051=DIRECTION('center_axis',(0.,0.,-1.));
#2052=DIRECTION('ref_axis',(1.,0.,0.));
#2053=DIRECTION('center_axis',(4.79539325073584E-16,-1.,0.));
#2054=DIRECTION('ref_axis',(-1.,-4.79539325073584E-16,0.));
#2055=DIRECTION('',(0.,0.,-1.));
#2056=DIRECTION('',(1.,4.79539325073584E-16,0.));
#2057=DIRECTION('center_axis',(0.,0.,-1.));
#2058=DIRECTION('ref_axis',(1.,0.,0.));
#2059=DIRECTION('',(0.,0.,-1.));
#2060=DIRECTION('center_axis',(0.,0.,-1.));
#2061=DIRECTION('ref_axis',(1.,0.,0.));
#2062=DIRECTION('center_axis',(4.79539325073584E-16,-1.,0.));
#2063=DIRECTION('ref_axis',(-1.,-4.79539325073584E-16,0.));
#2064=DIRECTION('',(0.,0.,-1.));
#2065=DIRECTION('',(1.,4.79539325073584E-16,0.));
#2066=DIRECTION('center_axis',(0.,0.,-1.));
#2067=DIRECTION('ref_axis',(1.,0.,0.));
#2068=DIRECTION('',(0.,0.,-1.));
#2069=DIRECTION('center_axis',(0.,0.,-1.));
#2070=DIRECTION('ref_axis',(1.,0.,0.));
#2071=DIRECTION('center_axis',(0.,0.,-1.));
#2072=DIRECTION('ref_axis',(1.,0.,0.));
#2073=DIRECTION('center_axis',(0.691910368015405,-0.145808239248644,-0.707106781186545));
#2074=DIRECTION('ref_axis',(-0.714745356785127,0.,-0.69938478318741));
#2075=DIRECTION('',(-0.206203989451173,-0.978509026393942,0.));
#2076=DIRECTION('',(-0.691910368015402,0.145808239248627,-0.707106781186552));
#2077=DIRECTION('',(0.206203989451173,0.978509026393942,0.));
#2078=DIRECTION('',(0.70519438252776,-0.0734967053857574,0.705194382527776));
#2079=DIRECTION('center_axis',(0.,0.,1.));
#2080=DIRECTION('ref_axis',(0.978509026393941,-0.206203989451177,0.));
#2081=DIRECTION('',(0.,0.70710678118654,-0.707106781186555));
#2082=DIRECTION('center_axis',(0.,0.,1.));
#2083=DIRECTION('ref_axis',(0.978509026393941,-0.206203989451177,0.));
#2084=DIRECTION('center_axis',(0.,0.,-1.));
#2085=DIRECTION('ref_axis',(0.978509026393941,-0.206203989451177,0.));
#2086=DIRECTION('center_axis',(1.98774263665088E-16,-0.707106781186546,
-0.707106781186549));
#2087=DIRECTION('ref_axis',(-1.,0.,-2.81109259525892E-16));
#2088=DIRECTION('',(0.,0.707106781186549,-0.707106781186546));
#2089=DIRECTION('',(1.,2.81109259525894E-16,0.));
#2090=DIRECTION('',(-1.,-2.81109259525894E-16,0.));
#2091=DIRECTION('center_axis',(0.,0.,1.));
#2092=DIRECTION('ref_axis',(9.71445146547014E-16,-1.,0.));
#2093=DIRECTION('',(0.707106781186552,0.,-0.707106781186543));
#2094=DIRECTION('center_axis',(0.,0.,1.));
#2095=DIRECTION('ref_axis',(9.71445146547014E-16,-1.,0.));
#2096=DIRECTION('center_axis',(0.,0.,-1.));
#2097=DIRECTION('ref_axis',(9.71445146547014E-16,-1.,0.));
#2098=DIRECTION('center_axis',(-0.707106781186547,-2.13350664866738E-16,
-0.707106781186548));
#2099=DIRECTION('ref_axis',(-0.707106781186548,0.,0.707106781186547));
#2100=DIRECTION('',(0.707106781186548,0.,-0.707106781186547));
#2101=DIRECTION('',(3.01723403795859E-16,-1.,0.));
#2102=DIRECTION('',(-3.01723403795859E-16,1.,0.));
#2103=DIRECTION('center_axis',(0.,0.,1.));
#2104=DIRECTION('ref_axis',(-1.,4.44089209850061E-15,0.));
#2105=DIRECTION('',(3.24236118737996E-15,-0.70710678118654,-0.707106781186555));
#2106=DIRECTION('center_axis',(0.,0.,1.));
#2107=DIRECTION('ref_axis',(-1.,4.44089209850061E-15,0.));
#2108=DIRECTION('center_axis',(0.,0.,-1.));
#2109=DIRECTION('ref_axis',(-1.,4.44089209850061E-15,0.));
#2110=DIRECTION('center_axis',(0.,0.707106781186555,-0.70710678118654));
#2111=DIRECTION('ref_axis',(-1.,0.,0.));
#2112=DIRECTION('',(0.,-0.70710678118654,-0.707106781186555));
#2113=DIRECTION('',(-1.,0.,0.));
#2114=DIRECTION('',(1.,0.,0.));
#2115=DIRECTION('center_axis',(0.,0.,1.));
#2116=DIRECTION('ref_axis',(1.33226762955018E-14,1.,0.));
#2117=DIRECTION('',(-0.707106781186571,0.,-0.707106781186524));
#2118=DIRECTION('center_axis',(0.,0.,1.));
#2119=DIRECTION('ref_axis',(1.33226762955018E-14,1.,0.));
#2120=DIRECTION('center_axis',(0.,0.,-1.));
#2121=DIRECTION('ref_axis',(1.33226762955018E-14,1.,0.));
#2122=DIRECTION('center_axis',(0.707106781186555,0.,-0.70710678118654));
#2123=DIRECTION('ref_axis',(-0.70710678118654,0.,-0.707106781186555));
#2124=DIRECTION('',(0.,1.,0.));
#2125=DIRECTION('',(0.,-1.,0.));
#2126=DIRECTION('center_axis',(-1.,-3.01723403795859E-16,0.));
#2127=DIRECTION('ref_axis',(-3.01723403795859E-16,1.,0.));
#2128=DIRECTION('',(0.,0.,-1.));
#2129=DIRECTION('',(-3.01723403795859E-16,1.,0.));
#2130=DIRECTION('',(0.,0.,-1.));
#2131=DIRECTION('center_axis',(0.,0.,-1.));
#2132=DIRECTION('ref_axis',(9.71445146547014E-16,-1.,0.));
#2133=DIRECTION('',(0.,0.,-1.));
#2134=DIRECTION('center_axis',(0.,0.,-1.));
#2135=DIRECTION('ref_axis',(9.71445146547014E-16,-1.,0.));
#2136=DIRECTION('center_axis',(2.81109259525894E-16,-1.,0.));
#2137=DIRECTION('ref_axis',(-1.,-2.81109259525894E-16,0.));
#2138=DIRECTION('',(0.,0.,-1.));
#2139=DIRECTION('',(-1.,-2.81109259525894E-16,0.));
#2140=DIRECTION('center_axis',(0.,0.,-1.));
#2141=DIRECTION('ref_axis',(0.978509026393941,-0.206203989451177,0.));
#2142=DIRECTION('',(0.,0.,-1.));
#2143=DIRECTION('center_axis',(0.,0.,-1.));
#2144=DIRECTION('ref_axis',(0.978509026393941,-0.206203989451177,0.));
#2145=DIRECTION('center_axis',(0.978509026393942,-0.206203989451173,0.));
#2146=DIRECTION('ref_axis',(-0.206203989451173,-0.978509026393942,0.));
#2147=DIRECTION('',(0.,0.,-1.));
#2148=DIRECTION('',(-0.206203989451173,-0.978509026393942,0.));
#2149=DIRECTION('center_axis',(0.,0.,-1.));
#2150=DIRECTION('ref_axis',(1.,0.,0.));
#2151=DIRECTION('center_axis',(0.,0.,1.));
#2152=DIRECTION('ref_axis',(-1.,0.,0.));
#2153=DIRECTION('center_axis',(0.,0.,1.));
#2154=DIRECTION('ref_axis',(-1.,0.,0.));
#2155=DIRECTION('center_axis',(0.,0.,1.));
#2156=DIRECTION('ref_axis',(-1.,0.,0.));
#2157=DIRECTION('center_axis',(0.,0.,1.));
#2158=DIRECTION('ref_axis',(-1.,0.,0.));
#2159=DIRECTION('center_axis',(0.,0.,1.));
#2160=DIRECTION('ref_axis',(-1.,0.,0.));
#2161=DIRECTION('center_axis',(0.,0.,1.));
#2162=DIRECTION('ref_axis',(-1.,0.,0.));
#2163=DIRECTION('',(0.206203989451173,0.978509026393942,0.));
#2164=DIRECTION('',(-5.7716387585882E-16,1.,0.));
#2165=DIRECTION('center_axis',(0.,0.,-1.));
#2166=DIRECTION('ref_axis',(1.,0.,0.));
#2167=DIRECTION('',(-1.,0.,0.));
#2168=DIRECTION('center_axis',(0.,0.,-1.));
#2169=DIRECTION('ref_axis',(1.,0.,0.));
#2170=DIRECTION('',(-1.,0.,0.));
#2171=DIRECTION('center_axis',(0.978509026393942,-0.206203989451173,0.));
#2172=DIRECTION('ref_axis',(-0.206203989451173,-0.978509026393942,0.));
#2173=DIRECTION('',(0.,0.,-1.));
#2174=DIRECTION('center_axis',(1.,5.7716387585882E-16,0.));
#2175=DIRECTION('ref_axis',(5.7716387585882E-16,-1.,0.));
#2176=DIRECTION('',(0.,0.,-1.));
#2177=DIRECTION('center_axis',(0.,0.,-1.));
#2178=DIRECTION('ref_axis',(1.,0.,0.));
#2179=DIRECTION('',(0.,0.,-1.));
#2180=DIRECTION('center_axis',(0.,1.,0.));
#2181=DIRECTION('ref_axis',(1.,0.,0.));
#2182=DIRECTION('',(0.,0.,-1.));
#2183=DIRECTION('center_axis',(0.,0.,-1.));
#2184=DIRECTION('ref_axis',(1.,0.,0.));
#2185=DIRECTION('',(0.,0.,-1.));
#2186=DIRECTION('center_axis',(0.,1.,0.));
#2187=DIRECTION('ref_axis',(1.,0.,0.));
#2188=DIRECTION('center_axis',(0.,0.,-1.));
#2189=DIRECTION('ref_axis',(-1.,0.,0.));
#2190=DIRECTION('center_axis',(0.,0.,-1.));
#2191=DIRECTION('ref_axis',(-1.,0.,0.));
#2192=DIRECTION('',(0.,0.,-1.));
#2193=DIRECTION('center_axis',(0.,0.,-1.));
#2194=DIRECTION('ref_axis',(-1.,0.,0.));
#2195=DIRECTION('center_axis',(0.,0.,-1.));
#2196=DIRECTION('ref_axis',(-1.,0.,0.));
#2197=DIRECTION('',(0.,0.,-1.));
#2198=DIRECTION('center_axis',(0.,0.,-1.));
#2199=DIRECTION('ref_axis',(-1.,0.,0.));
#2200=DIRECTION('',(0.,0.,-1.));
#2201=DIRECTION('center_axis',(0.,-1.,0.));
#2202=DIRECTION('ref_axis',(-1.,0.,0.));
#2203=DIRECTION('',(-1.,0.,0.));
#2204=DIRECTION('',(0.,0.,-1.));
#2205=DIRECTION('',(-1.,0.,0.));
#2206=DIRECTION('center_axis',(0.,0.,-1.));
#2207=DIRECTION('ref_axis',(0.707106781186548,-0.707106781186547,0.));
#2208=DIRECTION('center_axis',(0.,0.,-1.));
#2209=DIRECTION('ref_axis',(-1.,0.,0.));
#2210=DIRECTION('',(0.,0.,-1.));
#2211=DIRECTION('center_axis',(0.,0.,-1.));
#2212=DIRECTION('ref_axis',(-1.,0.,0.));
#2213=DIRECTION('center_axis',(1.,0.,0.));
#2214=DIRECTION('ref_axis',(0.,-1.,0.));
#2215=DIRECTION('',(0.,-1.,0.));
#2216=DIRECTION('',(0.,0.,1.));
#2217=DIRECTION('',(0.,-1.,0.));
#2218=DIRECTION('center_axis',(-1.,4.88010120714354E-16,0.));
#2219=DIRECTION('ref_axis',(4.88010120714354E-16,1.,0.));
#2220=DIRECTION('',(4.88010120714354E-16,1.,0.));
#2221=DIRECTION('',(4.88010120714354E-16,1.,0.));
#2222=DIRECTION('',(0.,0.,-1.));
#2223=DIRECTION('center_axis',(0.,0.,1.));
#2224=DIRECTION('ref_axis',(-1.,0.,0.));
#2225=DIRECTION('',(1.,-3.71600688657927E-16,0.));
#2226=DIRECTION('center_axis',(3.71600688657927E-16,1.,0.));
#2227=DIRECTION('ref_axis',(-1.,3.71600688657927E-16,0.));
#2228=DIRECTION('',(-1.,3.71600688657927E-16,0.));
#2229=DIRECTION('',(0.,0.,1.));
#2230=DIRECTION('',(1.,-3.71600688657927E-16,0.));
#2231=DIRECTION('',(0.,0.,1.));
#2232=DIRECTION('',(-1.,3.71600688657927E-16,0.));
#2233=DIRECTION('center_axis',(0.,0.,-1.));
#2234=DIRECTION('ref_axis',(-1.,0.,0.));
#2235=DIRECTION('center_axis',(0.,0.,-1.));
#2236=DIRECTION('ref_axis',(-1.,0.,0.));
#2237=DIRECTION('',(0.,0.,-1.));
#2238=DIRECTION('center_axis',(0.,0.,-1.));
#2239=DIRECTION('ref_axis',(-1.,0.,0.));
#2240=DIRECTION('center_axis',(0.,0.,-1.));
#2241=DIRECTION('ref_axis',(-1.,0.,0.));
#2242=DIRECTION('',(0.,0.,-1.));
#2243=DIRECTION('center_axis',(0.,0.,-1.));
#2244=DIRECTION('ref_axis',(-1.,0.,0.));
#2245=DIRECTION('center_axis',(0.,0.,-1.));
#2246=DIRECTION('ref_axis',(-1.,0.,0.));
#2247=DIRECTION('',(0.,0.,-1.));
#2248=DIRECTION('center_axis',(0.,0.,-1.));
#2249=DIRECTION('ref_axis',(-1.,0.,0.));
#2250=DIRECTION('center_axis',(0.,0.,-1.));
#2251=DIRECTION('ref_axis',(-1.,0.,0.));
#2252=DIRECTION('',(0.,0.,-1.));
#2253=DIRECTION('center_axis',(0.,0.,-1.));
#2254=DIRECTION('ref_axis',(-1.,0.,0.));
#2255=DIRECTION('center_axis',(0.,0.,-1.));
#2256=DIRECTION('ref_axis',(-1.,0.,0.));
#2257=DIRECTION('',(0.,0.,-1.));
#2258=DIRECTION('center_axis',(0.,0.,-1.));
#2259=DIRECTION('ref_axis',(-1.,0.,0.));
#2260=DIRECTION('center_axis',(0.,0.,-1.));
#2261=DIRECTION('ref_axis',(-1.,0.,0.));
#2262=DIRECTION('',(0.,0.,-1.));
#2263=DIRECTION('center_axis',(-1.,1.43715615146487E-15,0.));
#2264=DIRECTION('ref_axis',(-1.43715615146487E-15,-1.,0.));
#2265=DIRECTION('',(-1.43715615146487E-15,-1.,0.));
#2266=DIRECTION('',(0.,0.,1.));
#2267=DIRECTION('',(1.43715615146487E-15,1.,0.));
#2268=DIRECTION('',(0.,0.,1.));
#2269=DIRECTION('center_axis',(0.,0.,1.));
#2270=DIRECTION('ref_axis',(-0.999999999999528,9.71122278888064E-7,0.));
#2271=DIRECTION('center_axis',(0.,0.,1.));
#2272=DIRECTION('ref_axis',(-0.999999999999528,9.71122278888064E-7,0.));
#2273=DIRECTION('center_axis',(0.,0.,-1.));
#2274=DIRECTION('ref_axis',(-0.999999999999528,9.71122278888064E-7,0.));
#2275=DIRECTION('center_axis',(0.,0.,1.));
#2276=DIRECTION('ref_axis',(9.69688625691862E-7,0.99999999999953,0.));
#2277=DIRECTION('center_axis',(0.,0.,1.));
#2278=DIRECTION('ref_axis',(9.69688625691862E-7,0.99999999999953,0.));
#2279=DIRECTION('',(0.,0.,1.));
#2280=DIRECTION('center_axis',(0.,0.,-1.));
#2281=DIRECTION('ref_axis',(9.69688625691862E-7,0.99999999999953,0.));
#2282=DIRECTION('center_axis',(1.,5.46086594246951E-15,0.));
#2283=DIRECTION('ref_axis',(-5.46086594246951E-15,1.,0.));
#2284=DIRECTION('',(-5.46086594246951E-15,1.,0.));
#2285=DIRECTION('',(0.,0.,1.));
#2286=DIRECTION('',(5.46086594246951E-15,-1.,0.));
#2287=DIRECTION('center_axis',(0.97850902639395,-0.206203989451137,0.));
#2288=DIRECTION('ref_axis',(0.206203989451137,0.97850902639395,0.));
#2289=DIRECTION('',(0.206203989451137,0.97850902639395,0.));
#2290=DIRECTION('',(0.,0.,1.));
#2291=DIRECTION('',(-0.206203989451137,-0.97850902639395,0.));
#2292=DIRECTION('center_axis',(0.,0.,1.));
#2293=DIRECTION('ref_axis',(0.978508869980287,-0.206204731686502,0.));
#2294=DIRECTION('center_axis',(0.,0.,1.));
#2295=DIRECTION('ref_axis',(0.978508869980287,-0.206204731686502,0.));
#2296=DIRECTION('',(0.,0.,1.));
#2297=DIRECTION('center_axis',(0.,0.,-1.));
#2298=DIRECTION('ref_axis',(0.978508869980287,-0.206204731686502,0.));
#2299=DIRECTION('center_axis',(-1.98430065768511E-15,-1.,0.));
#2300=DIRECTION('ref_axis',(1.,-1.98430065768511E-15,0.));
#2301=DIRECTION('',(1.,-1.98430065768511E-15,0.));
#2302=DIRECTION('',(0.,0.,1.));
#2303=DIRECTION('',(-1.,1.98430065768511E-15,0.));
#2304=DIRECTION('center_axis',(0.,0.,1.));
#2305=DIRECTION('ref_axis',(9.57582355492007E-7,-0.999999999999541,0.));
#2306=DIRECTION('center_axis',(0.,0.,1.));
#2307=DIRECTION('ref_axis',(9.57582355492007E-7,-0.999999999999541,0.));
#2308=DIRECTION('center_axis',(0.,0.,-1.));
#2309=DIRECTION('ref_axis',(9.57582355492007E-7,-0.999999999999541,0.));
#2310=DIRECTION('center_axis',(0.,0.,-1.));
#2311=DIRECTION('ref_axis',(-1.,0.,0.));
#2312=DIRECTION('center_axis',(0.,0.,-1.));
#2313=DIRECTION('ref_axis',(-1.,4.44089209850061E-15,0.));
#2314=DIRECTION('center_axis',(0.,0.,-1.));
#2315=DIRECTION('ref_axis',(-1.,4.44089209850061E-15,0.));
#2316=DIRECTION('',(0.,0.,-1.));
#2317=DIRECTION('center_axis',(1.,0.,0.));
#2318=DIRECTION('ref_axis',(0.,-1.,0.));
#2319=DIRECTION('',(0.,0.,-1.));
#2320=DIRECTION('',(0.,-1.,0.));
#2321=DIRECTION('center_axis',(0.,0.,-1.));
#2322=DIRECTION('ref_axis',(1.33226762955018E-14,1.,0.));
#2323=DIRECTION('',(0.,0.,-1.));
#2324=DIRECTION('center_axis',(0.,0.,-1.));
#2325=DIRECTION('ref_axis',(1.33226762955018E-14,1.,0.));
#2326=DIRECTION('center_axis',(0.,1.,0.));
#2327=DIRECTION('ref_axis',(1.,0.,0.));
#2328=DIRECTION('',(1.,0.,0.));
#2329=DIRECTION('center_axis',(0.,0.,-1.));
#2330=DIRECTION('ref_axis',(1.,0.,0.));
#2331=CARTESIAN_POINT('',(0.,0.,0.));
#2332=CARTESIAN_POINT('Origin',(124.221569723523,6.40000000000004,-25.));
#2333=CARTESIAN_POINT('',(116.021569723523,6.40000000000004,-25.));
#2334=CARTESIAN_POINT('Origin',(124.221569723523,6.40000000000004,-25.));
#2335=CARTESIAN_POINT('',(116.021569723523,6.40000000000004,-24.));
#2336=CARTESIAN_POINT('',(116.021569723523,6.40000000000004,-25.));
#2337=CARTESIAN_POINT('Origin',(124.221569723523,6.40000000000004,-24.));
#2338=CARTESIAN_POINT('Origin',(124.221569723523,6.40000000000004,-24.));
#2339=CARTESIAN_POINT('Origin',(131.008520869194,86.46875,-25.));
#2340=CARTESIAN_POINT('',(122.808520869194,86.46875,-25.));
#2341=CARTESIAN_POINT('Origin',(131.008520869194,86.46875,-25.));
#2342=CARTESIAN_POINT('',(122.808520869194,86.46875,-24.));
#2343=CARTESIAN_POINT('',(122.808520869194,86.46875,-25.));
#2344=CARTESIAN_POINT('Origin',(131.008520869194,86.46875,-24.));
#2345=CARTESIAN_POINT('Origin',(131.008520869194,86.46875,-24.));
#2346=CARTESIAN_POINT('Origin',(12.4,6.40000000000002,-25.));
#2347=CARTESIAN_POINT('',(4.20000000000003,6.40000000000002,-25.));
#2348=CARTESIAN_POINT('Origin',(12.4,6.40000000000002,-25.));
#2349=CARTESIAN_POINT('',(4.20000000000003,6.40000000000002,-24.));
#2350=CARTESIAN_POINT('',(4.20000000000003,6.40000000000001,-25.));
#2351=CARTESIAN_POINT('Origin',(12.4,6.40000000000002,-24.));
#2352=CARTESIAN_POINT('Origin',(12.4,6.40000000000002,-24.));
#2353=CARTESIAN_POINT('Origin',(12.4,86.46875,-25.));
#2354=CARTESIAN_POINT('',(4.2,86.46875,-25.));
#2355=CARTESIAN_POINT('Origin',(12.4,86.46875,-25.));
#2356=CARTESIAN_POINT('',(4.2,86.46875,-24.));
#2357=CARTESIAN_POINT('',(4.2,86.46875,-25.));
#2358=CARTESIAN_POINT('Origin',(12.4,86.46875,-24.));
#2359=CARTESIAN_POINT('Origin',(12.4,86.46875,-24.));
#2360=CARTESIAN_POINT('Origin',(75.6866830664139,15.5053588550391,-17.));
#2361=CARTESIAN_POINT('',(77.6866830664139,15.5053588550391,-20.));
#2362=CARTESIAN_POINT('',(75.6866830664139,17.5053588550391,-20.));
#2363=CARTESIAN_POINT('Origin',(75.6866830664139,15.5053588550391,-20.));
#2364=CARTESIAN_POINT('',(77.6866830664139,15.5053588550391,-17.));
#2365=CARTESIAN_POINT('',(77.6866830664139,15.5053588550391,-17.));
#2366=CARTESIAN_POINT('',(75.6866830664139,17.5053588550392,-17.));
#2367=CARTESIAN_POINT('Origin',(75.6866830664139,15.5053588550391,-17.));
#2368=CARTESIAN_POINT('',(75.6866830664139,17.5053588550391,-17.));
#2369=CARTESIAN_POINT('Origin',(53.6866830664139,17.5053588550391,-17.));
#2370=CARTESIAN_POINT('',(55.6866830664139,17.5053588550391,-17.));
#2371=CARTESIAN_POINT('',(62.6954717505054,17.5053588550391,-17.));
#2372=CARTESIAN_POINT('',(55.6866830664139,17.5053588550391,-20.));
#2373=CARTESIAN_POINT('',(55.6866830664139,17.5053588550391,-17.));
#2374=CARTESIAN_POINT('',(59.6866830664139,17.5053588550391,-20.));
#2375=CARTESIAN_POINT('Origin',(75.6866830664139,7.50535885503914,-17.));
#2376=CARTESIAN_POINT('',(75.6866830664139,5.50535885503914,-20.));
#2377=CARTESIAN_POINT('',(77.6866830664139,7.50535885503914,-20.));
#2378=CARTESIAN_POINT('Origin',(75.6866830664139,7.50535885503914,-20.));
#2379=CARTESIAN_POINT('',(75.6866830664139,5.50535885503915,-17.));
#2380=CARTESIAN_POINT('',(75.6866830664139,5.50535885503914,-17.));
#2381=CARTESIAN_POINT('',(77.6866830664139,7.50535885503914,-17.));
#2382=CARTESIAN_POINT('Origin',(75.6866830664139,7.50535885503914,-17.));
#2383=CARTESIAN_POINT('',(77.6866830664139,7.50535885503914,-17.));
#2384=CARTESIAN_POINT('Origin',(77.6866830664139,17.5053588550391,-17.));
#2385=CARTESIAN_POINT('',(77.6866830664139,14.5053588550391,-20.));
#2386=CARTESIAN_POINT('',(77.6866830664139,31.9698669275196,-17.));
#2387=CARTESIAN_POINT('Origin',(55.6866830664139,7.50535885503914,-17.));
#2388=CARTESIAN_POINT('',(53.6866830664139,7.50535885503914,-20.));
#2389=CARTESIAN_POINT('',(55.6866830664139,5.50535885503914,-20.));
#2390=CARTESIAN_POINT('Origin',(55.6866830664139,7.50535885503914,-20.));
#2391=CARTESIAN_POINT('',(53.6866830664139,7.50535885503914,-17.));
#2392=CARTESIAN_POINT('',(53.6866830664139,7.50535885503914,-17.));
#2393=CARTESIAN_POINT('',(55.6866830664139,5.50535885503915,-17.));
#2394=CARTESIAN_POINT('Origin',(55.6866830664139,7.50535885503914,-17.));
#2395=CARTESIAN_POINT('',(55.6866830664139,5.50535885503914,-17.));
#2396=CARTESIAN_POINT('Origin',(77.6866830664139,5.50535885503914,-17.));
#2397=CARTESIAN_POINT('',(71.6866830664139,5.50535885503914,-20.));
#2398=CARTESIAN_POINT('',(74.6954717505054,5.50535885503915,-17.));
#2399=CARTESIAN_POINT('Origin',(55.6866830664139,15.5053588550391,-17.));
#2400=CARTESIAN_POINT('',(53.6866830664139,15.5053588550391,-20.));
#2401=CARTESIAN_POINT('Origin',(55.6866830664139,15.5053588550391,-20.));
#2402=CARTESIAN_POINT('',(53.6866830664139,15.5053588550391,-17.));
#2403=CARTESIAN_POINT('Origin',(55.6866830664139,15.5053588550391,-17.));
#2404=CARTESIAN_POINT('',(53.6866830664139,15.5053588550391,-17.));
#2405=CARTESIAN_POINT('Origin',(53.6866830664139,5.50535885503914,-17.));
#2406=CARTESIAN_POINT('',(53.6866830664139,8.50535885503914,-20.));
#2407=CARTESIAN_POINT('',(53.6866830664139,25.9698669275196,-17.));
#2408=CARTESIAN_POINT('Origin',(65.6866830664139,11.5053588550391,-20.));
#2409=CARTESIAN_POINT('Origin',(124.617054129368,96.76875,-22.5));
#2410=CARTESIAN_POINT('',(125.417054129368,96.76875,-22.5));
#2411=CARTESIAN_POINT('Origin',(124.617054129368,96.76875,-22.5));
#2412=CARTESIAN_POINT('Origin',(71.7042604345969,46.4343749999999,-22.5));
#2413=CARTESIAN_POINT('',(8.6250000000001,91.2687500000001,-22.5));
#2414=CARTESIAN_POINT('Origin',(7.6000000000001,91.2687500000001,-22.5));
#2415=CARTESIAN_POINT('Origin',(71.7042604345969,46.4343749999999,-22.5));
#2416=CARTESIAN_POINT('',(136.833520869194,46.4343750000007,-22.5));
#2417=CARTESIAN_POINT('Origin',(135.808520869194,46.4343750000007,-22.5));
#2418=CARTESIAN_POINT('Origin',(71.7042604345969,46.4343749999999,-22.5));
#2419=CARTESIAN_POINT('',(129.140474376275,1.59999999999974,-22.5));
#2420=CARTESIAN_POINT('Origin',(128.115474376275,1.59999999999974,-22.5));
#2421=CARTESIAN_POINT('Origin',(71.7042604345969,46.4343749999999,-22.5));
#2422=CARTESIAN_POINT('',(72.7292604345969,91.26875,-22.5));
#2423=CARTESIAN_POINT('Origin',(71.7042604345969,91.26875,-22.5));
#2424=CARTESIAN_POINT('Origin',(71.7042604345969,46.4343749999999,-22.5));
#2425=CARTESIAN_POINT('',(8.62499999999997,1.59999999999998,-22.5));
#2426=CARTESIAN_POINT('Origin',(7.59999999999997,1.59999999999998,-22.5));
#2427=CARTESIAN_POINT('Origin',(135.808520869194,46.4343750000007,-17.));
#2428=CARTESIAN_POINT('',(136.833520869194,46.4343750000007,-17.));
#2429=CARTESIAN_POINT('Origin',(135.808520869194,46.4343750000007,-17.));
#2430=CARTESIAN_POINT('',(136.833520869194,46.4343750000007,-17.));
#2431=CARTESIAN_POINT('Origin',(7.59999999999997,1.59999999999998,-17.));
#2432=CARTESIAN_POINT('',(8.62499999999997,1.59999999999998,-17.));
#2433=CARTESIAN_POINT('Origin',(7.59999999999997,1.59999999999998,-17.));
#2434=CARTESIAN_POINT('',(8.62499999999997,1.59999999999998,-17.));
#2435=CARTESIAN_POINT('Origin',(128.115474376275,1.59999999999974,-17.));
#2436=CARTESIAN_POINT('',(129.140474376275,1.59999999999974,-17.));
#2437=CARTESIAN_POINT('Origin',(128.115474376275,1.59999999999974,-17.));
#2438=CARTESIAN_POINT('',(129.140474376275,1.59999999999974,-17.));
#2439=CARTESIAN_POINT('Origin',(7.6000000000001,91.2687500000001,-17.));
#2440=CARTESIAN_POINT('',(8.6250000000001,91.2687500000001,-17.));
#2441=CARTESIAN_POINT('Origin',(7.6000000000001,91.2687500000001,-17.));
#2442=CARTESIAN_POINT('',(8.6250000000001,91.2687500000001,-17.));
#2443=CARTESIAN_POINT('Origin',(71.7042604345969,91.26875,-17.));
#2444=CARTESIAN_POINT('',(72.7292604345969,91.26875,-17.));
#2445=CARTESIAN_POINT('Origin',(71.7042604345969,91.26875,-17.));
#2446=CARTESIAN_POINT('',(72.7292604345969,91.26875,-17.));
#2447=CARTESIAN_POINT('Origin',(134.280823409797,-5.99999999999995,-24.8));
#2448=CARTESIAN_POINT('',(129.899042949756,-5.59999999999995,-25.));
#2449=CARTESIAN_POINT('',(134.792960410999,-1.62990667239242,-25.));
#2450=CARTESIAN_POINT('Origin',(134.280823409797,-5.99999999999995,-25.));
#2451=CARTESIAN_POINT('',(135.105639367602,-2.08596389442415,-24.6));
#2452=CARTESIAN_POINT('Ctrl Pts',(134.792960410999,-1.62990667239242,-25.));
#2453=CARTESIAN_POINT('Ctrl Pts',(134.899655484021,-1.77834502486482,-24.864989327509));
#2454=CARTESIAN_POINT('Ctrl Pts',(135.004305439013,-1.93051802989771,-24.731209721213));
#2455=CARTESIAN_POINT('Ctrl Pts',(135.105639367602,-2.08596389442416,-24.6));
#2456=CARTESIAN_POINT('',(130.280823409797,-5.99999999999994,-24.6));
#2457=CARTESIAN_POINT('Origin',(134.280823409797,-5.99999999999995,-24.6));
#2458=CARTESIAN_POINT('Ctrl Pts',(129.899042949756,-5.59999999999994,-25.));
#2459=CARTESIAN_POINT('Ctrl Pts',(130.022290267801,-5.73501067249094,-24.864989327509));
#2460=CARTESIAN_POINT('Ctrl Pts',(130.149613688584,-5.86879027878696,-24.731209721213));
#2461=CARTESIAN_POINT('Ctrl Pts',(130.280823409797,-5.99999999999995,-24.6));
#2462=CARTESIAN_POINT('Origin',(142.60849648365,34.4875933479438,-24.8));
#2463=CARTESIAN_POINT('',(143.008520869194,37.355760319914,-25.));
#2464=CARTESIAN_POINT('',(142.412794678371,34.528834145834,-25.));
#2465=CARTESIAN_POINT('',(143.408520869194,37.3140715559608,-24.6));
#2466=CARTESIAN_POINT('',(143.008520869194,37.355760319914,-25.));
#2467=CARTESIAN_POINT('',(142.804198288929,34.4463525500535,-24.6));
#2468=CARTESIAN_POINT('Origin',(143.208520869194,70.6515625,-24.8));
#2469=CARTESIAN_POINT('',(143.008520869194,94.4869695399587,-25.));
#2470=CARTESIAN_POINT('',(143.008520869194,70.6515625,-25.));
#2471=CARTESIAN_POINT('',(143.408520869194,94.86875,-24.6));
#2472=CARTESIAN_POINT('Ctrl Pts',(143.008520869194,94.4869695399587,-25.));
#2473=CARTESIAN_POINT('Ctrl Pts',(143.143531541685,94.6102168580042,-24.8649893275089));
#2474=CARTESIAN_POINT('Ctrl Pts',(143.277311147981,94.7375402787871,-24.7312097212129));
#2475=CARTESIAN_POINT('Ctrl Pts',(143.408520869194,94.86875,-24.6));
#2476=CARTESIAN_POINT('',(143.408520869194,70.6515625,-24.6));
#2477=CARTESIAN_POINT('Origin',(143.408520869194,98.86875,-24.8));
#2478=CARTESIAN_POINT('',(139.026740409152,98.46875,-25.));
#2479=CARTESIAN_POINT('Origin',(143.408520869194,98.86875,-25.));
#2480=CARTESIAN_POINT('',(139.408520869194,98.86875,-24.6));
#2481=CARTESIAN_POINT('Ctrl Pts',(139.026740409152,98.46875,-25.));
#2482=CARTESIAN_POINT('Ctrl Pts',(139.149987727198,98.6037606724911,-24.8649893275089));
#2483=CARTESIAN_POINT('Ctrl Pts',(139.277311147981,98.7375402787871,-24.7312097212129));
#2484=CARTESIAN_POINT('Ctrl Pts',(139.408520869193,98.86875,-24.6));
#2485=CARTESIAN_POINT('Origin',(143.408520869194,98.86875,-24.6));
#2486=CARTESIAN_POINT('Origin',(73.7042604345968,98.66875,-24.8));
#2487=CARTESIAN_POINT('',(76.0860408946381,98.46875,-25.));
#2488=CARTESIAN_POINT('',(73.7042604345968,98.46875,-25.));
#2489=CARTESIAN_POINT('',(75.7042604345968,98.86875,-24.6));
#2490=CARTESIAN_POINT('Ctrl Pts',(76.0860408946381,98.46875,-25.));
#2491=CARTESIAN_POINT('Ctrl Pts',(75.9627935765926,98.6037606724911,-24.8649893275089));
#2492=CARTESIAN_POINT('Ctrl Pts',(75.8354701558097,98.737540278787,-24.731209721213));
#2493=CARTESIAN_POINT('Ctrl Pts',(75.7042604345968,98.86875,-24.6));
#2494=CARTESIAN_POINT('',(73.7042604345968,98.86875,-24.6));
#2495=CARTESIAN_POINT('Origin',(71.7042604345968,98.86875,-24.8));
#2496=CARTESIAN_POINT('',(67.3224799745554,98.46875,-25.));
#2497=CARTESIAN_POINT('Origin',(71.7042604345968,98.86875,-25.));
#2498=CARTESIAN_POINT('',(67.7042604345967,98.86875,-24.6));
#2499=CARTESIAN_POINT('Ctrl Pts',(67.3224799745554,98.46875,-25.));
#2500=CARTESIAN_POINT('Ctrl Pts',(67.4457272926009,98.6037606724911,-24.8649893275089));
#2501=CARTESIAN_POINT('Ctrl Pts',(67.5730507133838,98.7375402787871,-24.731209721213));
#2502=CARTESIAN_POINT('Ctrl Pts',(67.7042604345967,98.86875,-24.6));
#2503=CARTESIAN_POINT('Origin',(71.7042604345968,98.86875,-24.6));
#2504=CARTESIAN_POINT('Origin',(37.8521302172984,98.66875,-24.8));
#2505=CARTESIAN_POINT('',(4.38178046004135,98.46875,-25.));
#2506=CARTESIAN_POINT('',(37.8521302172984,98.46875,-25.));
#2507=CARTESIAN_POINT('',(4.00000000000002,98.86875,-24.6));
#2508=CARTESIAN_POINT('Ctrl Pts',(4.38178046004135,98.46875,-25.));
#2509=CARTESIAN_POINT('Ctrl Pts',(4.25853314199595,98.6037606724909,-24.864989327509));
#2510=CARTESIAN_POINT('Ctrl Pts',(4.13120972121302,98.737540278787,-24.731209721213));
#2511=CARTESIAN_POINT('Ctrl Pts',(4.00000000000002,98.86875,-24.6));
#2512=CARTESIAN_POINT('',(37.8521302172984,98.86875,-24.6));
#2513=CARTESIAN_POINT('Origin',(2.77555756156289E-15,98.86875,-24.8));
#2514=CARTESIAN_POINT('',(3.34724401086031E-15,94.86875,-24.6));
#2515=CARTESIAN_POINT('Origin',(2.77555756156289E-15,98.86875,-24.6));
#2516=CARTESIAN_POINT('',(0.400000000000003,94.4869695399587,-25.));
#2517=CARTESIAN_POINT('Origin',(2.77555756156289E-15,98.86875,-25.));
#2518=CARTESIAN_POINT('Ctrl Pts',(0.4,94.4869695399587,-25.));
#2519=CARTESIAN_POINT('Ctrl Pts',(0.264989327508918,94.6102168580042,-24.8649893275089));
#2520=CARTESIAN_POINT('Ctrl Pts',(0.131209721212959,94.737540278787,-24.731209721213));
#2521=CARTESIAN_POINT('Ctrl Pts',(7.97972798949331E-15,94.86875,-24.6));
#2522=CARTESIAN_POINT('Origin',(0.200000000000014,22.2171875,-24.8));
#2523=CARTESIAN_POINT('',(1.71918819447051E-14,-2.00000000000002,-24.6));
#2524=CARTESIAN_POINT('',(1.37390099297363E-14,22.2171875,-24.6));
#2525=CARTESIAN_POINT('',(0.400000000000017,-1.61821953995869,-25.));
#2526=CARTESIAN_POINT('',(0.400000000000014,22.2171875,-25.));
#2527=CARTESIAN_POINT('Ctrl Pts',(0.400000000000017,-1.61821953995869,-25.));
#2528=CARTESIAN_POINT('Ctrl Pts',(0.264989327509032,-1.74146685800411,-24.864989327509));
#2529=CARTESIAN_POINT('Ctrl Pts',(0.131209721213011,-1.86879027878702,-24.731209721213));
#2530=CARTESIAN_POINT('Ctrl Pts',(1.7728873924483E-14,-2.00000000000001,
-24.6));
#2531=CARTESIAN_POINT('Origin',(1.38777878078145E-14,-6.00000000000001,
-24.8));
#2532=CARTESIAN_POINT('',(4.,-6.00000000000001,-24.6));
#2533=CARTESIAN_POINT('Origin',(1.38777878078145E-14,-6.00000000000001,
-24.6));
#2534=CARTESIAN_POINT('',(4.38178046004134,-5.6,-25.));
#2535=CARTESIAN_POINT('Origin',(1.38777878078145E-14,-6.00000000000001,
-25.));
#2536=CARTESIAN_POINT('Ctrl Pts',(4.38178046004134,-5.6,-25.));
#2537=CARTESIAN_POINT('Ctrl Pts',(4.25853314199585,-5.73501067249106,-24.8649893275089));
#2538=CARTESIAN_POINT('Ctrl Pts',(4.13120972121297,-5.86879027878704,-24.731209721213));
#2539=CARTESIAN_POINT('Ctrl Pts',(4.00000000000001,-6.00000000000001,-24.6));
#2540=CARTESIAN_POINT('Origin',(69.7042604345968,-5.79999999999997,-24.8));
#2541=CARTESIAN_POINT('',(67.7042604345968,-5.99999999999998,-24.6));
#2542=CARTESIAN_POINT('',(69.7042604345968,-5.99999999999997,-24.6));
#2543=CARTESIAN_POINT('',(67.3224799745555,-5.59999999999997,-25.));
#2544=CARTESIAN_POINT('',(69.7042604345968,-5.59999999999997,-25.));
#2545=CARTESIAN_POINT('Ctrl Pts',(67.3224799745555,-5.59999999999997,-25.));
#2546=CARTESIAN_POINT('Ctrl Pts',(67.445727292601,-5.73501067249107,-24.8649893275089));
#2547=CARTESIAN_POINT('Ctrl Pts',(67.5730507133839,-5.86879027878703,-24.7312097212129));
#2548=CARTESIAN_POINT('Ctrl Pts',(67.7042604345968,-5.99999999999998,-24.6));
#2549=CARTESIAN_POINT('Origin',(71.7042604345968,-5.99999999999998,-24.8));
#2550=CARTESIAN_POINT('',(75.7042604345968,-5.99999999999997,-24.6));
#2551=CARTESIAN_POINT('Origin',(71.7042604345968,-5.99999999999998,-24.6));
#2552=CARTESIAN_POINT('',(76.0860408946381,-5.59999999999997,-25.));
#2553=CARTESIAN_POINT('Origin',(71.7042604345968,-5.99999999999998,-25.));
#2554=CARTESIAN_POINT('Ctrl Pts',(76.0860408946381,-5.59999999999997,-25.));
#2555=CARTESIAN_POINT('Ctrl Pts',(75.9627935765926,-5.73501067249109,-24.8649893275089));
#2556=CARTESIAN_POINT('Ctrl Pts',(75.8354701558097,-5.86879027878704,-24.7312097212129));
#2557=CARTESIAN_POINT('Ctrl Pts',(75.7042604345968,-5.99999999999998,-24.6));
#2558=CARTESIAN_POINT('Origin',(100.992541922197,-5.79999999999996,-24.8));
#2559=CARTESIAN_POINT('',(100.992541922197,-5.99999999999996,-24.6));
#2560=CARTESIAN_POINT('',(100.992541922197,-5.59999999999996,-25.));
#2561=CARTESIAN_POINT('Origin',(2.77555756156289E-15,98.86875,-23.));
#2562=CARTESIAN_POINT('',(3.34724401086031E-15,94.86875,-23.));
#2563=CARTESIAN_POINT('',(3.34724401086031E-15,94.86875,-23.));
#2564=CARTESIAN_POINT('',(4.00000000000002,98.86875,-23.));
#2565=CARTESIAN_POINT('Origin',(2.77555756156289E-15,98.86875,-23.));
#2566=CARTESIAN_POINT('',(4.00000000000002,98.86875,-23.));
#2567=CARTESIAN_POINT('Origin',(1.71918819447051E-14,-2.00000000000002,
-23.));
#2568=CARTESIAN_POINT('',(1.71918819447051E-14,-2.00000000000002,-23.));
#2569=CARTESIAN_POINT('',(1.71918819447051E-14,-2.00000000000002,-23.));
#2570=CARTESIAN_POINT('',(1.33226762955019E-14,22.2171875,-23.));
#2571=CARTESIAN_POINT('Origin',(1.38777878078145E-14,-6.00000000000001,
-23.));
#2572=CARTESIAN_POINT('',(4.,-6.00000000000001,-23.));
#2573=CARTESIAN_POINT('',(4.,-6.00000000000001,-23.));
#2574=CARTESIAN_POINT('Origin',(1.38777878078145E-14,-6.00000000000001,
-23.));
#2575=CARTESIAN_POINT('Origin',(67.7042604345968,-5.99999999999998,-23.));
#2576=CARTESIAN_POINT('',(67.7042604345968,-5.99999999999998,-23.));
#2577=CARTESIAN_POINT('',(67.7042604345968,-5.99999999999998,-23.));
#2578=CARTESIAN_POINT('',(69.7042604345968,-5.99999999999998,-23.));
#2579=CARTESIAN_POINT('Origin',(71.7042604345968,-5.99999999999998,-23.));
#2580=CARTESIAN_POINT('',(75.7042604345968,-5.99999999999997,-23.));
#2581=CARTESIAN_POINT('',(75.7042604345968,-5.99999999999997,-23.));
#2582=CARTESIAN_POINT('Origin',(71.7042604345968,-5.99999999999998,-23.));
#2583=CARTESIAN_POINT('Origin',(130.280823409797,-5.99999999999994,-23.));
#2584=CARTESIAN_POINT('',(130.280823409797,-5.99999999999994,-23.));
#2585=CARTESIAN_POINT('',(130.280823409797,-5.99999999999994,-23.));
#2586=CARTESIAN_POINT('',(100.992541922197,-5.99999999999996,-23.));
#2587=CARTESIAN_POINT('Origin',(134.280823409797,-5.99999999999995,-23.));
#2588=CARTESIAN_POINT('',(135.105639367602,-2.08596389442415,-23.));
#2589=CARTESIAN_POINT('',(135.105639367602,-2.08596389442415,-23.));
#2590=CARTESIAN_POINT('Origin',(134.280823409797,-5.99999999999995,-23.));
#2591=CARTESIAN_POINT('Origin',(71.7042604345968,46.434375,-25.));
#2592=CARTESIAN_POINT('Origin',(146.565514536438,33.8667415492758,-22.8));
#2593=CARTESIAN_POINT('',(147.408520869194,36.8971839164296,-22.6));
#2594=CARTESIAN_POINT('',(138.194859515373,-6.82481595780466,-22.6));
#2595=CARTESIAN_POINT('',(146.761216341716,33.8255007513856,-22.6));
#2596=CARTESIAN_POINT('',(137.803455904815,-6.7423343620242,-23.));
#2597=CARTESIAN_POINT('',(138.194859515373,-6.82481595780466,-22.6));
#2598=CARTESIAN_POINT('',(147.008520869194,36.9388726803828,-23.));
#2599=CARTESIAN_POINT('',(146.369812731159,33.9079823471661,-23.));
#2600=CARTESIAN_POINT('',(147.008520869194,36.9388726803828,-23.));
#2601=CARTESIAN_POINT('Origin',(134.280823409797,-5.99999999999995,-22.8));
#2602=CARTESIAN_POINT('',(134.280823409797,-9.99999999999996,-22.6));
#2603=CARTESIAN_POINT('',(134.280823409797,-9.59999999999997,-23.));
#2604=CARTESIAN_POINT('',(134.280823409797,-9.99999999999996,-22.6));
#2605=CARTESIAN_POINT('Origin',(134.280823409797,-5.99999999999995,-23.));
#2606=CARTESIAN_POINT('Origin',(134.280823409797,-5.99999999999995,-22.6));
#2607=CARTESIAN_POINT('Origin',(102.992541922197,-9.79999999999997,-22.8));
#2608=CARTESIAN_POINT('',(1.77635683940025E-14,-10.,-22.6));
#2609=CARTESIAN_POINT('',(1.77635683940025E-14,-9.6,-23.));
#2610=CARTESIAN_POINT('',(1.77635683940025E-14,-10.,-22.6));
#2611=CARTESIAN_POINT('',(102.992541922197,-9.59999999999997,-23.));
#2612=CARTESIAN_POINT('',(102.992541922197,-9.99999999999997,-22.6));
#2613=CARTESIAN_POINT('Origin',(1.38777878078145E-14,-6.00000000000001,
-22.8));
#2614=CARTESIAN_POINT('',(-3.99999999999998,-6.00000000000001,-22.6));
#2615=CARTESIAN_POINT('',(-3.59999999999998,-6.00000000000001,-23.));
#2616=CARTESIAN_POINT('',(-3.99999999999998,-6.00000000000001,-22.6));
#2617=CARTESIAN_POINT('Origin',(1.38777878078145E-14,-6.00000000000001,
-23.));
#2618=CARTESIAN_POINT('Origin',(1.38777878078145E-14,-6.00000000000001,
-22.6));
#2619=CARTESIAN_POINT('Origin',(-3.79999999999999,20.2171875,-22.8));
#2620=CARTESIAN_POINT('',(-4.00000000000001,98.86875,-22.6));
#2621=CARTESIAN_POINT('',(-3.60000000000001,98.86875,-23.));
#2622=CARTESIAN_POINT('',(-4.00000000000001,98.86875,-22.6));
#2623=CARTESIAN_POINT('',(-3.59999999999999,20.2171875,-23.));
#2624=CARTESIAN_POINT('',(-3.99999999999999,20.2171875,-22.6));
#2625=CARTESIAN_POINT('Origin',(2.77555756156289E-15,98.86875,-22.8));
#2626=CARTESIAN_POINT('',(-1.60656074607381E-14,102.86875,-22.6));
#2627=CARTESIAN_POINT('',(-1.42314509946162E-14,102.46875,-23.));
#2628=CARTESIAN_POINT('',(-1.60656074607381E-14,102.86875,-22.6));
#2629=CARTESIAN_POINT('Origin',(2.77555756156289E-15,98.86875,-23.));
#2630=CARTESIAN_POINT('Origin',(2.77555756156289E-15,98.86875,-22.6));
#2631=CARTESIAN_POINT('Origin',(35.8521302172984,102.66875,-22.8));
#2632=CARTESIAN_POINT('',(143.408520869194,102.86875,-22.6));
#2633=CARTESIAN_POINT('',(143.408520869194,102.46875,-23.));
#2634=CARTESIAN_POINT('',(143.408520869194,102.86875,-22.6));
#2635=CARTESIAN_POINT('',(35.8521302172984,102.46875,-23.));
#2636=CARTESIAN_POINT('',(35.8521302172984,102.86875,-22.6));
#2637=CARTESIAN_POINT('Origin',(143.408520869194,98.86875,-22.8));
#2638=CARTESIAN_POINT('',(147.408520869194,98.86875,-22.6));
#2639=CARTESIAN_POINT('',(147.008520869194,98.86875,-23.));
#2640=CARTESIAN_POINT('',(147.408520869194,98.86875,-22.6));
#2641=CARTESIAN_POINT('Origin',(143.408520869194,98.86875,-23.));
#2642=CARTESIAN_POINT('Origin',(143.408520869194,98.86875,-22.6));
#2643=CARTESIAN_POINT('Origin',(147.208520869194,72.6515625,-22.8));
#2644=CARTESIAN_POINT('',(147.008520869194,72.6515625,-23.));
#2645=CARTESIAN_POINT('',(147.408520869194,72.6515625,-22.6));
#2646=CARTESIAN_POINT('Origin',(-3.99999999999998,-6.00000000000001,-20.));
#2647=CARTESIAN_POINT('',(-3.99999999999998,-6.00000000000001,-20.));
#2648=CARTESIAN_POINT('',(-3.99999999999998,-6.00000000000001,-20.));
#2649=CARTESIAN_POINT('',(-4.00000000000001,98.86875,-20.));
#2650=CARTESIAN_POINT('',(-3.99999999999998,-6.00000000000001,-20.));
#2651=CARTESIAN_POINT('',(-4.00000000000001,98.86875,-20.));
#2652=CARTESIAN_POINT('Origin',(1.38777878078145E-14,-6.00000000000001,
-20.));
#2653=CARTESIAN_POINT('',(1.77635683940025E-14,-10.,-20.));
#2654=CARTESIAN_POINT('',(1.77635683940025E-14,-10.,-20.));
#2655=CARTESIAN_POINT('Origin',(1.38777878078145E-14,-6.00000000000001,
-20.));
#2656=CARTESIAN_POINT('Origin',(134.280823409797,-9.99999999999996,-20.));
#2657=CARTESIAN_POINT('',(134.280823409797,-9.99999999999996,-20.));
#2658=CARTESIAN_POINT('',(134.280823409797,-9.99999999999996,-20.));
#2659=CARTESIAN_POINT('',(134.280823409797,-9.99999999999996,-20.));
#2660=CARTESIAN_POINT('Origin',(134.280823409797,-5.99999999999995,-20.));
#2661=CARTESIAN_POINT('',(138.194859515373,-6.82481595780466,-20.));
#2662=CARTESIAN_POINT('',(138.194859515373,-6.82481595780466,-20.));
#2663=CARTESIAN_POINT('Origin',(134.280823409797,-5.99999999999995,-20.));
#2664=CARTESIAN_POINT('Origin',(147.408520869194,36.8971839164296,-20.));
#2665=CARTESIAN_POINT('',(147.408520869194,36.8971839164296,-20.));
#2666=CARTESIAN_POINT('',(147.408520869194,36.8971839164296,-20.));
#2667=CARTESIAN_POINT('',(147.408520869194,36.8971839164296,-20.));
#2668=CARTESIAN_POINT('Origin',(71.7042604345968,46.434375,-23.));
#2669=CARTESIAN_POINT('',(135.630823409797,-5.99999999999995,-23.));
#2670=CARTESIAN_POINT('Origin',(134.280823409797,-5.99999999999995,-23.));
#2671=CARTESIAN_POINT('',(1.35,98.86875,-23.));
#2672=CARTESIAN_POINT('Origin',(2.77555756156289E-15,98.86875,-23.));
#2673=CARTESIAN_POINT('',(1.35000000000001,-6.00000000000001,-23.));
#2674=CARTESIAN_POINT('Origin',(1.4432899320127E-14,-6.00000000000001,-23.));
#2675=CARTESIAN_POINT('',(144.758520869194,98.86875,-23.));
#2676=CARTESIAN_POINT('Origin',(143.408520869194,98.86875,-23.));
#2677=CARTESIAN_POINT('',(73.0542604345968,98.86875,-23.));
#2678=CARTESIAN_POINT('Origin',(71.7042604345968,98.86875,-23.));
#2679=CARTESIAN_POINT('',(73.0542604345968,-5.99999999999998,-23.));
#2680=CARTESIAN_POINT('Origin',(71.7042604345968,-5.99999999999998,-23.));
#2681=CARTESIAN_POINT('',(143.408520869194,37.3140715559608,-23.));
#2682=CARTESIAN_POINT('',(142.804198288928,34.4463525500535,-23.));
#2683=CARTESIAN_POINT('',(143.408520869194,94.86875,-23.));
#2684=CARTESIAN_POINT('',(143.408520869194,70.6515625,-23.));
#2685=CARTESIAN_POINT('',(139.408520869194,98.86875,-23.));
#2686=CARTESIAN_POINT('Origin',(143.408520869194,98.86875,-23.));
#2687=CARTESIAN_POINT('',(75.7042604345968,98.86875,-23.));
#2688=CARTESIAN_POINT('',(73.7042604345968,98.86875,-23.));
#2689=CARTESIAN_POINT('',(67.7042604345967,98.86875,-23.));
#2690=CARTESIAN_POINT('Origin',(71.7042604345968,98.86875,-23.));
#2691=CARTESIAN_POINT('',(37.8521302172984,98.86875,-23.));
#2692=CARTESIAN_POINT('Origin',(143.408520869194,37.3140715559608,-23.));
#2693=CARTESIAN_POINT('',(143.408520869194,37.3140715559608,-23.));
#2694=CARTESIAN_POINT('Origin',(143.408520869194,94.86875,-23.));
#2695=CARTESIAN_POINT('',(143.408520869194,94.86875,-23.));
#2696=CARTESIAN_POINT('Origin',(143.408520869194,98.86875,-23.));
#2697=CARTESIAN_POINT('',(139.408520869194,98.86875,-23.));
#2698=CARTESIAN_POINT('Origin',(75.7042604345968,98.86875,-23.));
#2699=CARTESIAN_POINT('',(75.7042604345968,98.86875,-23.));
#2700=CARTESIAN_POINT('Origin',(71.7042604345968,98.86875,-23.));
#2701=CARTESIAN_POINT('',(67.7042604345967,98.86875,-23.));
#2702=CARTESIAN_POINT('Origin',(4.00000000000002,98.86875,-23.));
#2703=CARTESIAN_POINT('Origin',(124.617054129368,96.76875,-18.));
#2704=CARTESIAN_POINT('',(125.417054129368,96.76875,-18.));
#2705=CARTESIAN_POINT('Origin',(124.617054129368,96.76875,-18.));
#2706=CARTESIAN_POINT('',(125.417054129368,96.76875,-18.));
#2707=CARTESIAN_POINT('Origin',(112.417054129368,64.46875,-17.));
#2708=CARTESIAN_POINT('',(114.417054129368,64.46875,-17.));
#2709=CARTESIAN_POINT('',(112.417054129368,66.46875,-17.));
#2710=CARTESIAN_POINT('Origin',(112.417054129368,64.46875,-17.));
#2711=CARTESIAN_POINT('',(114.417054129368,64.46875,-18.));
#2712=CARTESIAN_POINT('',(114.417054129368,64.46875,-17.));
#2713=CARTESIAN_POINT('',(112.417054129368,66.46875,-18.));
#2714=CARTESIAN_POINT('Origin',(112.417054129368,64.46875,-18.));
#2715=CARTESIAN_POINT('',(112.417054129368,66.46875,-17.));
#2716=CARTESIAN_POINT('Origin',(134.817054129368,64.46875,-17.));
#2717=CARTESIAN_POINT('',(134.817054129368,64.46875,-17.));
#2718=CARTESIAN_POINT('',(103.260657281982,64.46875,-17.));
#2719=CARTESIAN_POINT('',(134.817054129368,64.46875,-18.));
#2720=CARTESIAN_POINT('',(134.817054129368,64.46875,-17.));
#2721=CARTESIAN_POINT('',(136.817054129368,64.46875,-18.));
#2722=CARTESIAN_POINT('Origin',(136.817054129368,64.46875,-17.));
#2723=CARTESIAN_POINT('',(136.817054129368,66.46875,-17.));
#2724=CARTESIAN_POINT('Origin',(136.817054129368,64.46875,-17.));
#2725=CARTESIAN_POINT('',(136.817054129368,66.46875,-18.));
#2726=CARTESIAN_POINT('',(136.817054129368,66.46875,-17.));
#2727=CARTESIAN_POINT('Origin',(136.817054129368,64.46875,-18.));
#2728=CARTESIAN_POINT('Origin',(136.817054129368,101.26875,-17.));
#2729=CARTESIAN_POINT('',(136.817054129368,101.26875,-17.));
#2730=CARTESIAN_POINT('',(136.817054129368,73.8515625,-17.));
#2731=CARTESIAN_POINT('',(136.817054129368,101.26875,-18.));
#2732=CARTESIAN_POINT('',(136.817054129368,101.26875,-18.5));
#2733=CARTESIAN_POINT('',(136.817054129368,100.86875,-18.));
#2734=CARTESIAN_POINT('Origin',(112.417054129368,66.46875,-17.));
#2735=CARTESIAN_POINT('',(112.417054129368,101.26875,-17.));
#2736=CARTESIAN_POINT('',(112.417054129368,56.4515625,-17.));
#2737=CARTESIAN_POINT('',(112.417054129368,101.26875,-18.));
#2738=CARTESIAN_POINT('',(112.417054129368,64.46875,-18.));
#2739=CARTESIAN_POINT('',(112.417054129368,101.26875,-18.5));
#2740=CARTESIAN_POINT('Origin',(124.617054129368,81.86875,-18.));
#2741=CARTESIAN_POINT('',(134.012788662907,101.26875,-18.));
#2742=CARTESIAN_POINT('Origin',(143.408523196446,101.26875,-20.));
#2743=CARTESIAN_POINT('',(143.408523196446,101.26875,-17.));
#2744=CARTESIAN_POINT('',(107.556391815522,101.26875,-17.));
#2745=CARTESIAN_POINT('',(143.408523196446,101.26875,-20.));
#2746=CARTESIAN_POINT('',(143.408523196446,101.26875,-20.));
#2747=CARTESIAN_POINT('',(2.14533569575792E-6,101.26875,-20.));
#2748=CARTESIAN_POINT('',(107.556391815522,101.26875,-20.));
#2749=CARTESIAN_POINT('',(2.14533569575792E-6,101.26875,-17.));
#2750=CARTESIAN_POINT('',(2.14533569575792E-6,101.26875,-20.));
#2751=CARTESIAN_POINT('',(107.556391815522,101.26875,-17.));
#2752=CARTESIAN_POINT('Origin',(134.280823409797,-5.99999999999995,-17.));
#2753=CARTESIAN_POINT('',(135.630823409797,-5.99999999999995,-17.));
#2754=CARTESIAN_POINT('Origin',(134.280823409797,-5.99999999999995,-17.));
#2755=CARTESIAN_POINT('',(135.630823409797,-5.99999999999995,-17.));
#2756=CARTESIAN_POINT('Origin',(2.77555756156289E-15,98.86875,-17.));
#2757=CARTESIAN_POINT('',(1.35,98.86875,-17.));
#2758=CARTESIAN_POINT('Origin',(2.77555756156289E-15,98.86875,-17.));
#2759=CARTESIAN_POINT('',(1.35,98.86875,-17.));
#2760=CARTESIAN_POINT('Origin',(1.4432899320127E-14,-6.00000000000001,-17.));
#2761=CARTESIAN_POINT('',(1.35000000000001,-6.00000000000001,-17.));
#2762=CARTESIAN_POINT('Origin',(1.4432899320127E-14,-6.00000000000001,-17.));
#2763=CARTESIAN_POINT('',(1.35000000000001,-6.00000000000001,-17.));
#2764=CARTESIAN_POINT('Origin',(143.408520869194,98.86875,-17.));
#2765=CARTESIAN_POINT('',(144.758520869194,98.86875,-17.));
#2766=CARTESIAN_POINT('Origin',(143.408520869194,98.86875,-17.));
#2767=CARTESIAN_POINT('',(144.758520869194,98.86875,-17.));
#2768=CARTESIAN_POINT('Origin',(71.7042604345968,98.86875,-17.));
#2769=CARTESIAN_POINT('',(73.0542604345968,98.86875,-17.));
#2770=CARTESIAN_POINT('Origin',(71.7042604345968,98.86875,-17.));
#2771=CARTESIAN_POINT('',(73.0542604345968,98.86875,-17.));
#2772=CARTESIAN_POINT('Origin',(71.7042604345968,-5.99999999999998,-17.));
#2773=CARTESIAN_POINT('',(73.0542604345968,-5.99999999999998,-17.));
#2774=CARTESIAN_POINT('Origin',(71.7042604345968,-5.99999999999998,-17.));
#2775=CARTESIAN_POINT('',(73.0542604345968,-5.99999999999998,-17.));
#2776=CARTESIAN_POINT('Origin',(-2.39999999999989,98.8687523306935,-20.));
#2777=CARTESIAN_POINT('',(-2.39999999999989,98.8687523306935,-17.));
#2778=CARTESIAN_POINT('',(-2.40000000000004,-6.00000214615715,-17.));
#2779=CARTESIAN_POINT('',(-2.39999999999992,72.6515636653468,-17.));
#2780=CARTESIAN_POINT('',(-2.39999999999989,98.8687523306935,-20.));
#2781=CARTESIAN_POINT('',(-2.39999999999989,98.8687523306935,-20.));
#2782=CARTESIAN_POINT('',(-2.40000000000004,-6.00000214615715,-20.));
#2783=CARTESIAN_POINT('',(-2.39999999999992,72.6515636653468,-20.));
#2784=CARTESIAN_POINT('',(-2.40000000000004,-6.00000214615715,-20.));
#2785=CARTESIAN_POINT('Origin',(2.77555756156289E-15,98.86875,-20.));
#2786=CARTESIAN_POINT('Origin',(2.77555756156289E-15,98.86875,-17.));
#2787=CARTESIAN_POINT('Origin',(2.77555756156289E-15,98.86875,-20.));
#2788=CARTESIAN_POINT('Origin',(143.408520869194,98.86875,-20.));
#2789=CARTESIAN_POINT('',(145.808520869194,98.868752172519,-17.));
#2790=CARTESIAN_POINT('Origin',(143.408520869194,98.86875,-17.));
#2791=CARTESIAN_POINT('',(145.808520869194,98.868752172519,-20.));
#2792=CARTESIAN_POINT('',(145.808520869194,98.868752172519,-20.));
#2793=CARTESIAN_POINT('Origin',(143.408520869194,98.86875,-20.));
#2794=CARTESIAN_POINT('Origin',(145.808520869194,37.0639389722485,-20.));
#2795=CARTESIAN_POINT('',(145.808520869194,37.0639389722485,-17.));
#2796=CARTESIAN_POINT('',(145.808520869194,41.7491569861244,-17.));
#2797=CARTESIAN_POINT('',(145.808520869194,37.0639389722485,-20.));
#2798=CARTESIAN_POINT('',(145.808520869194,37.0639389722485,-20.));
#2799=CARTESIAN_POINT('',(145.808520869194,41.7491569861245,-20.));
#2800=CARTESIAN_POINT('Origin',(136.629244697751,-6.49489135604783,-20.));
#2801=CARTESIAN_POINT('',(136.629244697751,-6.49489135604783,-17.));
#2802=CARTESIAN_POINT('',(140.58877103488,12.2944263067092,-17.));
#2803=CARTESIAN_POINT('',(136.629244697751,-6.49489135604783,-20.));
#2804=CARTESIAN_POINT('',(136.629244697751,-6.49489135604783,-20.));
#2805=CARTESIAN_POINT('',(140.58877103488,12.2944263067092,-20.));
#2806=CARTESIAN_POINT('Origin',(134.280823409797,-5.99999999999995,-20.));
#2807=CARTESIAN_POINT('',(134.280825558561,-8.40000000000027,-17.));
#2808=CARTESIAN_POINT('Origin',(134.280823409797,-5.99999999999995,-17.));
#2809=CARTESIAN_POINT('',(134.280825558561,-8.40000000000027,-20.));
#2810=CARTESIAN_POINT('',(134.280825558561,-8.40000000000027,-20.));
#2811=CARTESIAN_POINT('Origin',(134.280823409797,-5.99999999999995,-20.));
#2812=CARTESIAN_POINT('Origin',(2.29819766705965E-6,-8.4,-20.));
#2813=CARTESIAN_POINT('',(2.29819766705965E-6,-8.4,-17.));
#2814=CARTESIAN_POINT('',(35.8521313663972,-8.40000000000007,-17.));
#2815=CARTESIAN_POINT('',(2.29819766705965E-6,-8.4,-20.));
#2816=CARTESIAN_POINT('',(2.29819766705965E-6,-8.4,-20.));
#2817=CARTESIAN_POINT('',(35.8521313663972,-8.40000000000007,-20.));
#2818=CARTESIAN_POINT('Origin',(1.38777878078145E-14,-6.00000000000001,
-20.));
#2819=CARTESIAN_POINT('Origin',(1.38777878078145E-14,-6.00000000000001,
-17.));
#2820=CARTESIAN_POINT('Origin',(1.38777878078145E-14,-6.00000000000001,
-20.));
#2821=CARTESIAN_POINT('Origin',(71.7042604345969,46.434375,-17.));
#2822=CARTESIAN_POINT('Origin',(2.77555756156289E-15,98.86875,-20.));
#2823=CARTESIAN_POINT('',(-1.60656074607381E-14,102.86875,-20.));
#2824=CARTESIAN_POINT('Origin',(2.77555756156289E-15,98.86875,-20.));
#2825=CARTESIAN_POINT('',(-1.60656074607381E-14,102.86875,-20.));
#2826=CARTESIAN_POINT('Origin',(147.408520869194,98.86875,-20.));
#2827=CARTESIAN_POINT('',(147.408520869194,98.86875,-20.));
#2828=CARTESIAN_POINT('',(147.408520869194,98.86875,-20.));
#2829=CARTESIAN_POINT('',(147.408520869194,98.86875,-20.));
#2830=CARTESIAN_POINT('Origin',(143.408520869194,98.86875,-20.));
#2831=CARTESIAN_POINT('',(143.408520869194,102.86875,-20.));
#2832=CARTESIAN_POINT('',(143.408520869194,102.86875,-20.));
#2833=CARTESIAN_POINT('Origin',(143.408520869194,98.86875,-20.));
#2834=CARTESIAN_POINT('Origin',(-1.60656074607381E-14,102.86875,-20.));
#2835=CARTESIAN_POINT('',(-1.60656074607381E-14,102.86875,-20.));
#2836=CARTESIAN_POINT('Origin',(71.7042604345968,46.434375,-20.));
#2837=UNCERTAINTY_MEASURE_WITH_UNIT(LENGTH_MEASURE(0.01),#2841,
'DISTANCE_ACCURACY_VALUE',
'Maximum model space distance between geometric entities at asserted c
onnectivities');
#2838=UNCERTAINTY_MEASURE_WITH_UNIT(LENGTH_MEASURE(0.01),#2841,
'DISTANCE_ACCURACY_VALUE',
'Maximum model space distance between geometric entities at asserted c
onnectivities');
#2839=(
GEOMETRIC_REPRESENTATION_CONTEXT(3)
GLOBAL_UNCERTAINTY_ASSIGNED_CONTEXT((#2837))
GLOBAL_UNIT_ASSIGNED_CONTEXT((#2841,#2843,#2844))
REPRESENTATION_CONTEXT('','3D')
);
#2840=(
GEOMETRIC_REPRESENTATION_CONTEXT(3)
GLOBAL_UNCERTAINTY_ASSIGNED_CONTEXT((#2838))
GLOBAL_UNIT_ASSIGNED_CONTEXT((#2841,#2843,#2844))
REPRESENTATION_CONTEXT('','3D')
);
#2841=(
LENGTH_UNIT()
NAMED_UNIT(*)
SI_UNIT(.MILLI.,.METRE.)
);
#2842=(
LENGTH_UNIT()
NAMED_UNIT(*)
SI_UNIT($,.METRE.)
);
#2843=(
NAMED_UNIT(*)
PLANE_ANGLE_UNIT()
SI_UNIT($,.RADIAN.)
);
#2844=(
NAMED_UNIT(*)
SI_UNIT($,.STERADIAN.)
SOLID_ANGLE_UNIT()
);
#2845=SHAPE_DEFINITION_REPRESENTATION(#2846,#2847);
#2846=PRODUCT_DEFINITION_SHAPE('',$,#2849);
#2847=SHAPE_REPRESENTATION('',(#1655),#2839);
#2848=PRODUCT_DEFINITION_CONTEXT('part definition',#2853,'design');
#2849=PRODUCT_DEFINITION('2026-09-11-16-21-18-593','Case_Lower',#2850,#2848);
#2850=PRODUCT_DEFINITION_FORMATION('',$,#2855);
#2851=PRODUCT_RELATED_PRODUCT_CATEGORY('Case_Lower','Case_Lower',(#2855));
#2852=APPLICATION_PROTOCOL_DEFINITION('international standard',
'automotive_design',2009,#2853);
#2853=APPLICATION_CONTEXT(
'Core Data for Automotive Mechanical Design Process');
#2854=PRODUCT_CONTEXT('part definition',#2853,'mechanical');
#2855=PRODUCT('2026-09-11-16-21-18-593','Case_Lower',$,(#2854));
#2856=PRESENTATION_STYLE_ASSIGNMENT((#2857));
#2857=SURFACE_STYLE_USAGE(.BOTH.,#2858);
#2858=SURFACE_SIDE_STYLE('',(#2859));
#2859=SURFACE_STYLE_FILL_AREA(#2860);
#2860=FILL_AREA_STYLE('Steel - Satin',(#2861));
#2861=FILL_AREA_STYLE_COLOUR('Steel - Satin',#2862);
#2862=COLOUR_RGB('Steel - Satin',0.627450980392157,0.627450980392157,0.627450980392157);
ENDSEC;
END-ISO-10303-21;
