ISO-10303-21;
HEADER;
/* Generated by software containing ST-Developer
 * from STEP Tools, Inc. (www.steptools.com) 
 */

FILE_DESCRIPTION(
/* description */ (''),
/* implementation_level */ '2;1');

FILE_NAME(
/* name */ 'Cornix_Curve_V1.step',
/* time_stamp */ '2026-09-11T15:53:59+08:00',
/* author */ (''),
/* organization */ (''),
/* preprocessor_version */ 'ST-DEVELOPER v20.2',
/* originating_system */ 'Autodesk Translation Framework v15.15.0.0',
/* authorisation */ '');

FILE_SCHEMA (('AUTOMOTIVE_DESIGN { 1 0 10303 214 3 1 1 }'));
ENDSEC;

DATA;
#10=MECHANICAL_DESIGN_GEOMETRIC_PRESENTATION_REPRESENTATION('',(#106,#107,
#108,#109,#110,#111,#112,#113),#19018);
#11=ITEM_DEFINED_TRANSFORMATION($,$,#11421,#12474);
#12=ITEM_DEFINED_TRANSFORMATION($,$,#11655,#12475);
#13=ITEM_DEFINED_TRANSFORMATION($,$,#11784,#12476);
#14=ITEM_DEFINED_TRANSFORMATION($,$,#12189,#12477);
#15=ITEM_DEFINED_TRANSFORMATION($,$,#12238,#12478);
#16=ITEM_DEFINED_TRANSFORMATION($,$,#12271,#12479);
#17=ITEM_DEFINED_TRANSFORMATION($,$,#12452,#12480);
#18=ITEM_DEFINED_TRANSFORMATION($,$,#12465,#12481);
#19=(
REPRESENTATION_RELATIONSHIP($,$,#19050,#19049)
REPRESENTATION_RELATIONSHIP_WITH_TRANSFORMATION(#11)
SHAPE_REPRESENTATION_RELATIONSHIP()
);
#20=(
REPRESENTATION_RELATIONSHIP($,$,#19051,#19049)
REPRESENTATION_RELATIONSHIP_WITH_TRANSFORMATION(#12)
SHAPE_REPRESENTATION_RELATIONSHIP()
);
#21=(
REPRESENTATION_RELATIONSHIP($,$,#19052,#19049)
REPRESENTATION_RELATIONSHIP_WITH_TRANSFORMATION(#13)
SHAPE_REPRESENTATION_RELATIONSHIP()
);
#22=(
REPRESENTATION_RELATIONSHIP($,$,#19053,#19049)
REPRESENTATION_RELATIONSHIP_WITH_TRANSFORMATION(#14)
SHAPE_REPRESENTATION_RELATIONSHIP()
);
#23=(
REPRESENTATION_RELATIONSHIP($,$,#19054,#19049)
REPRESENTATION_RELATIONSHIP_WITH_TRANSFORMATION(#15)
SHAPE_REPRESENTATION_RELATIONSHIP()
);
#24=(
REPRESENTATION_RELATIONSHIP($,$,#19055,#19049)
REPRESENTATION_RELATIONSHIP_WITH_TRANSFORMATION(#16)
SHAPE_REPRESENTATION_RELATIONSHIP()
);
#25=(
REPRESENTATION_RELATIONSHIP($,$,#19056,#19049)
REPRESENTATION_RELATIONSHIP_WITH_TRANSFORMATION(#17)
SHAPE_REPRESENTATION_RELATIONSHIP()
);
#26=(
REPRESENTATION_RELATIONSHIP($,$,#19057,#19049)
REPRESENTATION_RELATIONSHIP_WITH_TRANSFORMATION(#18)
SHAPE_REPRESENTATION_RELATIONSHIP()
);
#27=CONTEXT_DEPENDENT_SHAPE_REPRESENTATION(#19,#19041);
#28=CONTEXT_DEPENDENT_SHAPE_REPRESENTATION(#20,#19042);
#29=CONTEXT_DEPENDENT_SHAPE_REPRESENTATION(#21,#19043);
#30=CONTEXT_DEPENDENT_SHAPE_REPRESENTATION(#22,#19044);
#31=CONTEXT_DEPENDENT_SHAPE_REPRESENTATION(#23,#19045);
#32=CONTEXT_DEPENDENT_SHAPE_REPRESENTATION(#24,#19046);
#33=CONTEXT_DEPENDENT_SHAPE_REPRESENTATION(#25,#19047);
#34=CONTEXT_DEPENDENT_SHAPE_REPRESENTATION(#26,#19048);
#35=NEXT_ASSEMBLY_USAGE_OCCURRENCE('Plate_A:1','Plate_A:1','Plate_A:1',
#19059,#19060,'Plate_A:1');
#36=NEXT_ASSEMBLY_USAGE_OCCURRENCE('Plate_B:1','Plate_B:1','Plate_B:1',
#19059,#19061,'Plate_B:1');
#37=NEXT_ASSEMBLY_USAGE_OCCURRENCE('Case_Upper:1','Case_Upper:1',
'Case_Upper:1',#19059,#19062,'Case_Upper:1');
#38=NEXT_ASSEMBLY_USAGE_OCCURRENCE('PCB_A:1','PCB_A:1','PCB_A:1',#19059,
#19063,'PCB_A:1');
#39=NEXT_ASSEMBLY_USAGE_OCCURRENCE('PCB_B:1','PCB_B:1','PCB_B:1',#19059,
#19064,'PCB_B:1');
#40=NEXT_ASSEMBLY_USAGE_OCCURRENCE('Case_Lower:1','Case_Lower:1',
'Case_Lower:1',#19059,#19065,'Case_Lower:1');
#41=NEXT_ASSEMBLY_USAGE_OCCURRENCE('Spacer:1','Spacer:1','Spacer:1',#19059,
#19066,'Spacer:1');
#42=NEXT_ASSEMBLY_USAGE_OCCURRENCE('Washer:1','Washer:1','Washer:1',#19059,
#19067,'Washer:1');
#43=B_SPLINE_CURVE_WITH_KNOTS('',3,(#18568,#18569,#18570,#18571),
 .UNSPECIFIED.,.F.,.F.,(4,4),(0.,0.0681770476777019),.UNSPECIFIED.);
#44=B_SPLINE_CURVE_WITH_KNOTS('',3,(#18574,#18575,#18576,#18577),
 .UNSPECIFIED.,.F.,.F.,(4,4),(0.,0.0681770476777241),.UNSPECIFIED.);
#45=B_SPLINE_CURVE_WITH_KNOTS('',3,(#18588,#18589,#18590,#18591),
 .UNSPECIFIED.,.F.,.F.,(4,4),(0.,0.0681770476777875),.UNSPECIFIED.);
#46=B_SPLINE_CURVE_WITH_KNOTS('',3,(#18597,#18598,#18599,#18600),
 .UNSPECIFIED.,.F.,.F.,(4,4),(0.,0.0681770476777879),.UNSPECIFIED.);
#47=B_SPLINE_CURVE_WITH_KNOTS('',3,(#18606,#18607,#18608,#18609),
 .UNSPECIFIED.,.F.,.F.,(4,4),(0.,0.0681770476777601),.UNSPECIFIED.);
#48=B_SPLINE_CURVE_WITH_KNOTS('',3,(#18615,#18616,#18617,#18618),
 .UNSPECIFIED.,.F.,.F.,(4,4),(0.,0.0681770476777602),.UNSPECIFIED.);
#49=B_SPLINE_CURVE_WITH_KNOTS('',3,(#18624,#18625,#18626,#18627),
 .UNSPECIFIED.,.F.,.F.,(4,4),(0.,0.0681770476777003),.UNSPECIFIED.);
#50=B_SPLINE_CURVE_WITH_KNOTS('',3,(#18634,#18635,#18636,#18637),
 .UNSPECIFIED.,.F.,.F.,(4,4),(0.,0.0681770476777643),.UNSPECIFIED.);
#51=B_SPLINE_CURVE_WITH_KNOTS('',3,(#18643,#18644,#18645,#18646),
 .UNSPECIFIED.,.F.,.F.,(4,4),(0.,0.0681770476777144),.UNSPECIFIED.);
#52=B_SPLINE_CURVE_WITH_KNOTS('',3,(#18652,#18653,#18654,#18655),
 .UNSPECIFIED.,.F.,.F.,(4,4),(0.,0.0681770476777493),.UNSPECIFIED.);
#53=B_SPLINE_CURVE_WITH_KNOTS('',3,(#18661,#18662,#18663,#18664),
 .UNSPECIFIED.,.F.,.F.,(4,4),(0.,0.0681770476777713),.UNSPECIFIED.);
#54=B_SPLINE_CURVE_WITH_KNOTS('',3,(#18670,#18671,#18672,#18673),
 .UNSPECIFIED.,.F.,.F.,(4,4),(0.,0.0681770476777826),.UNSPECIFIED.);
#55=CONICAL_SURFACE('',#12327,4.20000000000002,0.785398163397443);
#56=CONICAL_SURFACE('',#12332,4.20000000000002,0.785398163397434);
#57=CONICAL_SURFACE('',#12336,4.20000000000002,0.785398163397437);
#58=CONICAL_SURFACE('',#12340,4.20000000000002,0.785398163397438);
#59=CONICAL_SURFACE('',#12344,4.19999999999999,0.785398163397449);
#60=CONICAL_SURFACE('',#12348,4.2,0.785398163397448);
#61=CONICAL_SURFACE('',#12365,3.80000000000002,0.785398163397442);
#62=CONICAL_SURFACE('',#12369,3.79999999999999,0.785398163397449);
#63=CONICAL_SURFACE('',#12373,3.80000000000002,0.785398163397437);
#64=CONICAL_SURFACE('',#12377,3.80000000000002,0.78539816339745);
#65=CONICAL_SURFACE('',#12453,2.775,0.785398163397448);
#66=ELLIPSE('',#11909,3.63115437665016,3.59999936347536);
#67=ELLIPSE('',#11910,1.41211584049975,1.3999999999015);
#68=ELLIPSE('',#11919,3.62845894088855,3.59999999999997);
#69=ELLIPSE('',#11920,1.4110673659011,1.39999999999999);
#70=ELLIPSE('',#11921,1.41106736590111,1.39999999999999);
#71=ELLIPSE('',#11922,3.62845894088858,3.6);
#72=ELLIPSE('',#11926,1.41106736590114,1.40000000000002);
#73=ELLIPSE('',#11927,3.62845894088855,3.59999999999997);
#74=ELLIPSE('',#11929,3.63115437665016,3.59999936347536);
#75=ELLIPSE('',#11930,3.62845894088858,3.6);
#76=ELLIPSE('',#11931,1.41106736590111,1.39999999999999);
#77=ELLIPSE('',#11932,1.41211584049977,1.39999999990153);
#78=ELLIPSE('',#12000,1.75608751366497,1.40000000000002);
#79=ELLIPSE('',#12001,4.51565360656701,3.59999999999999);
#80=ELLIPSE('',#12002,1.75608751366485,1.39999999999992);
#81=ELLIPSE('',#12009,4.13520110003107,4.);
#82=ELLIPSE('',#12010,16.1241924459954,4.);
#83=ELLIPSE('',#12013,4.03162104543176,4.);
#84=ELLIPSE('',#12014,4.03162104543176,4.);
#85=ELLIPSE('',#12028,4.61662443368595,4.);
#86=ELLIPSE('',#12036,4.03461668742599,4.);
#87=ELLIPSE('',#12110,2.0052578427756,2.);
#88=ELLIPSE('',#12113,2.51233901235796,2.);
#89=ELLIPSE('',#12114,2.11630686397572,2.);
#90=SHAPE_REPRESENTATION_RELATIONSHIP('SRR','None',#19050,#98);
#91=SHAPE_REPRESENTATION_RELATIONSHIP('SRR','None',#19051,#99);
#92=SHAPE_REPRESENTATION_RELATIONSHIP('SRR','None',#19052,#100);
#93=SHAPE_REPRESENTATION_RELATIONSHIP('SRR','None',#19053,#101);
#94=SHAPE_REPRESENTATION_RELATIONSHIP('SRR','None',#19054,#102);
#95=SHAPE_REPRESENTATION_RELATIONSHIP('SRR','None',#19055,#103);
#96=SHAPE_REPRESENTATION_RELATIONSHIP('SRR','None',#19056,#104);
#97=SHAPE_REPRESENTATION_RELATIONSHIP('SRR','None',#19057,#105);
#98=ADVANCED_BREP_SHAPE_REPRESENTATION('',(#114),#19010);
#99=ADVANCED_BREP_SHAPE_REPRESENTATION('',(#115),#19011);
#100=ADVANCED_BREP_SHAPE_REPRESENTATION('',(#116),#19012);
#101=ADVANCED_BREP_SHAPE_REPRESENTATION('',(#117),#19013);
#102=ADVANCED_BREP_SHAPE_REPRESENTATION('',(#118),#19014);
#103=ADVANCED_BREP_SHAPE_REPRESENTATION('',(#119),#19015);
#104=ADVANCED_BREP_SHAPE_REPRESENTATION('',(#120),#19016);
#105=ADVANCED_BREP_SHAPE_REPRESENTATION('',(#121),#19017);
#106=STYLED_ITEM('',(#19098),#114);
#107=STYLED_ITEM('',(#19098),#115);
#108=STYLED_ITEM('',(#19098),#116);
#109=STYLED_ITEM('',(#19098),#117);
#110=STYLED_ITEM('',(#19098),#118);
#111=STYLED_ITEM('',(#19098),#119);
#112=STYLED_ITEM('',(#19098),#120);
#113=STYLED_ITEM('',(#19098),#121);
#114=MANIFOLD_SOLID_BREP('Body1',#11323);
#115=MANIFOLD_SOLID_BREP('Body1',#11324);
#116=MANIFOLD_SOLID_BREP('Body1',#11325);
#117=MANIFOLD_SOLID_BREP('Body1',#11326);
#118=MANIFOLD_SOLID_BREP('Body1',#11327);
#119=MANIFOLD_SOLID_BREP('Body1',#11328);
#120=MANIFOLD_SOLID_BREP('Body1',#11329);
#121=MANIFOLD_SOLID_BREP('Body1',#11330);
#122=FACE_BOUND('',#1289,.T.);
#123=FACE_BOUND('',#1290,.T.);
#124=FACE_BOUND('',#1291,.T.);
#125=FACE_BOUND('',#1292,.T.);
#126=FACE_BOUND('',#1293,.T.);
#127=FACE_BOUND('',#1294,.T.);
#128=FACE_BOUND('',#1295,.T.);
#129=FACE_BOUND('',#1296,.T.);
#130=FACE_BOUND('',#1297,.T.);
#131=FACE_BOUND('',#1298,.T.);
#132=FACE_BOUND('',#1299,.T.);
#133=FACE_BOUND('',#1300,.T.);
#134=FACE_BOUND('',#1301,.T.);
#135=FACE_BOUND('',#1302,.T.);
#136=FACE_BOUND('',#1303,.T.);
#137=FACE_BOUND('',#1304,.T.);
#138=FACE_BOUND('',#1305,.T.);
#139=FACE_BOUND('',#1306,.T.);
#140=FACE_BOUND('',#1307,.T.);
#141=FACE_BOUND('',#1308,.T.);
#142=FACE_BOUND('',#1309,.T.);
#143=FACE_BOUND('',#1310,.T.);
#144=FACE_BOUND('',#1311,.T.);
#145=FACE_BOUND('',#1312,.T.);
#146=FACE_BOUND('',#1313,.T.);
#147=FACE_BOUND('',#1314,.T.);
#148=FACE_BOUND('',#1315,.T.);
#149=FACE_BOUND('',#1316,.T.);
#150=FACE_BOUND('',#1317,.T.);
#151=FACE_BOUND('',#1318,.T.);
#152=FACE_BOUND('',#1319,.T.);
#153=FACE_BOUND('',#1320,.T.);
#154=FACE_BOUND('',#1321,.T.);
#155=FACE_BOUND('',#1322,.T.);
#156=FACE_BOUND('',#1323,.T.);
#157=FACE_BOUND('',#1324,.T.);
#158=FACE_BOUND('',#1461,.T.);
#159=FACE_BOUND('',#1462,.T.);
#160=FACE_BOUND('',#1463,.T.);
#161=FACE_BOUND('',#1464,.T.);
#162=FACE_BOUND('',#1465,.T.);
#163=FACE_BOUND('',#1466,.T.);
#164=FACE_BOUND('',#1467,.T.);
#165=FACE_BOUND('',#1468,.T.);
#166=FACE_BOUND('',#1469,.T.);
#167=FACE_BOUND('',#1470,.T.);
#168=FACE_BOUND('',#1471,.T.);
#169=FACE_BOUND('',#1472,.T.);
#170=FACE_BOUND('',#1473,.T.);
#171=FACE_BOUND('',#1474,.T.);
#172=FACE_BOUND('',#1475,.T.);
#173=FACE_BOUND('',#1476,.T.);
#174=FACE_BOUND('',#1477,.T.);
#175=FACE_BOUND('',#1478,.T.);
#176=FACE_BOUND('',#1479,.T.);
#177=FACE_BOUND('',#1480,.T.);
#178=FACE_BOUND('',#1481,.T.);
#179=FACE_BOUND('',#1482,.T.);
#180=FACE_BOUND('',#1483,.T.);
#181=FACE_BOUND('',#1484,.T.);
#182=FACE_BOUND('',#1485,.T.);
#183=FACE_BOUND('',#1486,.T.);
#184=FACE_BOUND('',#1487,.T.);
#185=FACE_BOUND('',#1488,.T.);
#186=FACE_BOUND('',#1489,.T.);
#187=FACE_BOUND('',#1490,.T.);
#188=FACE_BOUND('',#1491,.T.);
#189=FACE_BOUND('',#1492,.T.);
#190=FACE_BOUND('',#1493,.T.);
#191=FACE_BOUND('',#1494,.T.);
#192=FACE_BOUND('',#1495,.T.);
#193=FACE_BOUND('',#1496,.T.);
#194=FACE_BOUND('',#1504,.T.);
#195=FACE_BOUND('',#1505,.T.);
#196=FACE_BOUND('',#1506,.T.);
#197=FACE_BOUND('',#1507,.T.);
#198=FACE_BOUND('',#1508,.T.);
#199=FACE_BOUND('',#1509,.T.);
#200=FACE_BOUND('',#1510,.T.);
#201=FACE_BOUND('',#1511,.T.);
#202=FACE_BOUND('',#1512,.T.);
#203=FACE_BOUND('',#1513,.T.);
#204=FACE_BOUND('',#1514,.T.);
#205=FACE_BOUND('',#1515,.T.);
#206=FACE_BOUND('',#1516,.T.);
#207=FACE_BOUND('',#1572,.T.);
#208=FACE_BOUND('',#1573,.T.);
#209=FACE_BOUND('',#1574,.T.);
#210=FACE_BOUND('',#1575,.T.);
#211=FACE_BOUND('',#1576,.T.);
#212=FACE_BOUND('',#1577,.T.);
#213=FACE_BOUND('',#1578,.T.);
#214=FACE_BOUND('',#1579,.T.);
#215=FACE_BOUND('',#1580,.T.);
#216=FACE_BOUND('',#1581,.T.);
#217=FACE_BOUND('',#1582,.T.);
#218=FACE_BOUND('',#1583,.T.);
#219=FACE_BOUND('',#1584,.T.);
#220=FACE_BOUND('',#1587,.T.);
#221=FACE_BOUND('',#1590,.T.);
#222=FACE_BOUND('',#1600,.T.);
#223=FACE_BOUND('',#1603,.T.);
#224=FACE_BOUND('',#1606,.T.);
#225=FACE_BOUND('',#1609,.T.);
#226=FACE_BOUND('',#1612,.T.);
#227=FACE_BOUND('',#1615,.T.);
#228=FACE_BOUND('',#1618,.T.);
#229=FACE_BOUND('',#1621,.T.);
#230=FACE_BOUND('',#1624,.T.);
#231=FACE_BOUND('',#1627,.T.);
#232=FACE_BOUND('',#1630,.T.);
#233=FACE_BOUND('',#1633,.T.);
#234=FACE_BOUND('',#1636,.T.);
#235=FACE_BOUND('',#1659,.T.);
#236=FACE_BOUND('',#1660,.T.);
#237=FACE_BOUND('',#1666,.T.);
#238=FACE_BOUND('',#1667,.T.);
#239=FACE_BOUND('',#1671,.T.);
#240=FACE_BOUND('',#1672,.T.);
#241=FACE_BOUND('',#1673,.T.);
#242=FACE_BOUND('',#1676,.T.);
#243=FACE_BOUND('',#1720,.T.);
#244=FACE_BOUND('',#1721,.T.);
#245=FACE_BOUND('',#1722,.T.);
#246=FACE_BOUND('',#1729,.T.);
#247=FACE_BOUND('',#1732,.T.);
#248=FACE_BOUND('',#1733,.T.);
#249=FACE_BOUND('',#1735,.T.);
#250=FACE_BOUND('',#1786,.T.);
#251=FACE_BOUND('',#1802,.T.);
#252=FACE_BOUND('',#1808,.T.);
#253=FACE_BOUND('',#1814,.T.);
#254=FACE_BOUND('',#1816,.T.);
#255=FACE_BOUND('',#1824,.T.);
#256=FACE_BOUND('',#1826,.T.);
#257=FACE_BOUND('',#1831,.T.);
#258=FACE_BOUND('',#1833,.T.);
#259=FACE_BOUND('',#1841,.T.);
#260=FACE_BOUND('',#1863,.T.);
#261=FACE_BOUND('',#1864,.T.);
#262=FACE_BOUND('',#1865,.T.);
#263=FACE_BOUND('',#1866,.T.);
#264=FACE_BOUND('',#1867,.T.);
#265=FACE_BOUND('',#1868,.T.);
#266=FACE_BOUND('',#1891,.T.);
#267=FACE_BOUND('',#1892,.T.);
#268=FACE_BOUND('',#1893,.T.);
#269=FACE_BOUND('',#1894,.T.);
#270=FACE_BOUND('',#1895,.T.);
#271=FACE_BOUND('',#1896,.T.);
#272=FACE_BOUND('',#1920,.T.);
#273=FACE_BOUND('',#1921,.T.);
#274=FACE_BOUND('',#1922,.T.);
#275=FACE_BOUND('',#1923,.T.);
#276=FACE_BOUND('',#1925,.T.);
#277=FACE_BOUND('',#1926,.T.);
#278=FACE_BOUND('',#1927,.T.);
#279=FACE_BOUND('',#1928,.T.);
#280=FACE_BOUND('',#1978,.T.);
#281=FACE_BOUND('',#1979,.T.);
#282=FACE_BOUND('',#1980,.T.);
#283=FACE_BOUND('',#1981,.T.);
#284=FACE_BOUND('',#1997,.T.);
#285=FACE_BOUND('',#1998,.T.);
#286=FACE_BOUND('',#1999,.T.);
#287=FACE_BOUND('',#2000,.T.);
#288=FACE_BOUND('',#2001,.T.);
#289=FACE_BOUND('',#2002,.T.);
#290=FACE_BOUND('',#2003,.T.);
#291=FACE_BOUND('',#2017,.T.);
#292=FACE_BOUND('',#2034,.T.);
#293=FACE_BOUND('',#2035,.T.);
#294=FACE_BOUND('',#2036,.T.);
#295=FACE_BOUND('',#2037,.T.);
#296=FACE_BOUND('',#2038,.T.);
#297=FACE_BOUND('',#2039,.T.);
#298=FACE_BOUND('',#2040,.T.);
#299=FACE_BOUND('',#2041,.T.);
#300=FACE_BOUND('',#2042,.T.);
#301=FACE_BOUND('',#2043,.T.);
#302=FACE_BOUND('',#2044,.T.);
#303=FACE_BOUND('',#2045,.T.);
#304=FACE_BOUND('',#2051,.T.);
#305=FACE_BOUND('',#2057,.T.);
#306=FACE_BOUND('',#2059,.T.);
#307=FACE_BOUND('',#2063,.T.);
#308=FACE_BOUND('',#2065,.T.);
#309=PLANE('',#11443);
#310=PLANE('',#11444);
#311=PLANE('',#11484);
#312=PLANE('',#11487);
#313=PLANE('',#11490);
#314=PLANE('',#11503);
#315=PLANE('',#11504);
#316=PLANE('',#11505);
#317=PLANE('',#11506);
#318=PLANE('',#11507);
#319=PLANE('',#11508);
#320=PLANE('',#11509);
#321=PLANE('',#11510);
#322=PLANE('',#11513);
#323=PLANE('',#11514);
#324=PLANE('',#11515);
#325=PLANE('',#11516);
#326=PLANE('',#11517);
#327=PLANE('',#11518);
#328=PLANE('',#11519);
#329=PLANE('',#11520);
#330=PLANE('',#11523);
#331=PLANE('',#11524);
#332=PLANE('',#11525);
#333=PLANE('',#11526);
#334=PLANE('',#11527);
#335=PLANE('',#11528);
#336=PLANE('',#11529);
#337=PLANE('',#11530);
#338=PLANE('',#11531);
#339=PLANE('',#11532);
#340=PLANE('',#11533);
#341=PLANE('',#11534);
#342=PLANE('',#11535);
#343=PLANE('',#11536);
#344=PLANE('',#11537);
#345=PLANE('',#11538);
#346=PLANE('',#11539);
#347=PLANE('',#11540);
#348=PLANE('',#11541);
#349=PLANE('',#11542);
#350=PLANE('',#11543);
#351=PLANE('',#11544);
#352=PLANE('',#11545);
#353=PLANE('',#11546);
#354=PLANE('',#11547);
#355=PLANE('',#11548);
#356=PLANE('',#11549);
#357=PLANE('',#11550);
#358=PLANE('',#11551);
#359=PLANE('',#11552);
#360=PLANE('',#11553);
#361=PLANE('',#11554);
#362=PLANE('',#11579);
#363=PLANE('',#11580);
#364=PLANE('',#11581);
#365=PLANE('',#11582);
#366=PLANE('',#11583);
#367=PLANE('',#11584);
#368=PLANE('',#11585);
#369=PLANE('',#11586);
#370=PLANE('',#11587);
#371=PLANE('',#11588);
#372=PLANE('',#11589);
#373=PLANE('',#11590);
#374=PLANE('',#11591);
#375=PLANE('',#11592);
#376=PLANE('',#11593);
#377=PLANE('',#11594);
#378=PLANE('',#11595);
#379=PLANE('',#11596);
#380=PLANE('',#11597);
#381=PLANE('',#11598);
#382=PLANE('',#11599);
#383=PLANE('',#11600);
#384=PLANE('',#11601);
#385=PLANE('',#11602);
#386=PLANE('',#11603);
#387=PLANE('',#11604);
#388=PLANE('',#11605);
#389=PLANE('',#11606);
#390=PLANE('',#11609);
#391=PLANE('',#11610);
#392=PLANE('',#11611);
#393=PLANE('',#11612);
#394=PLANE('',#11613);
#395=PLANE('',#11614);
#396=PLANE('',#11615);
#397=PLANE('',#11616);
#398=PLANE('',#11625);
#399=PLANE('',#11628);
#400=PLANE('',#11629);
#401=PLANE('',#11632);
#402=PLANE('',#11635);
#403=PLANE('',#11638);
#404=PLANE('',#11641);
#405=PLANE('',#11644);
#406=PLANE('',#11647);
#407=PLANE('',#11648);
#408=PLANE('',#11651);
#409=PLANE('',#11654);
#410=PLANE('',#11671);
#411=PLANE('',#11672);
#412=PLANE('',#11703);
#413=PLANE('',#11706);
#414=PLANE('',#11709);
#415=PLANE('',#11712);
#416=PLANE('',#11731);
#417=PLANE('',#11732);
#418=PLANE('',#11733);
#419=PLANE('',#11734);
#420=PLANE('',#11735);
#421=PLANE('',#11736);
#422=PLANE('',#11737);
#423=PLANE('',#11738);
#424=PLANE('',#11739);
#425=PLANE('',#11740);
#426=PLANE('',#11741);
#427=PLANE('',#11742);
#428=PLANE('',#11757);
#429=PLANE('',#11760);
#430=PLANE('',#11763);
#431=PLANE('',#11764);
#432=PLANE('',#11767);
#433=PLANE('',#11770);
#434=PLANE('',#11773);
#435=PLANE('',#11776);
#436=PLANE('',#11779);
#437=PLANE('',#11782);
#438=PLANE('',#11783);
#439=PLANE('',#11788);
#440=PLANE('',#11793);
#441=PLANE('',#11797);
#442=PLANE('',#11800);
#443=PLANE('',#11801);
#444=PLANE('',#11805);
#445=PLANE('',#11809);
#446=PLANE('',#11814);
#447=PLANE('',#11819);
#448=PLANE('',#11824);
#449=PLANE('',#11829);
#450=PLANE('',#11834);
#451=PLANE('',#11839);
#452=PLANE('',#11844);
#453=PLANE('',#11849);
#454=PLANE('',#11854);
#455=PLANE('',#11859);
#456=PLANE('',#11864);
#457=PLANE('',#11869);
#458=PLANE('',#11871);
#459=PLANE('',#11875);
#460=PLANE('',#11879);
#461=PLANE('',#11883);
#462=PLANE('',#11889);
#463=PLANE('',#11892);
#464=PLANE('',#11895);
#465=PLANE('',#11898);
#466=PLANE('',#11901);
#467=PLANE('',#11904);
#468=PLANE('',#11905);
#469=PLANE('',#11906);
#470=PLANE('',#11911);
#471=PLANE('',#11912);
#472=PLANE('',#11913);
#473=PLANE('',#11914);
#474=PLANE('',#11915);
#475=PLANE('',#11916);
#476=PLANE('',#11917);
#477=PLANE('',#11918);
#478=PLANE('',#11925);
#479=PLANE('',#11928);
#480=PLANE('',#11933);
#481=PLANE('',#11934);
#482=PLANE('',#11939);
#483=PLANE('',#11940);
#484=PLANE('',#11945);
#485=PLANE('',#11948);
#486=PLANE('',#11955);
#487=PLANE('',#11958);
#488=PLANE('',#11959);
#489=PLANE('',#11960);
#490=PLANE('',#11961);
#491=PLANE('',#11962);
#492=PLANE('',#11966);
#493=PLANE('',#11967);
#494=PLANE('',#11971);
#495=PLANE('',#11974);
#496=PLANE('',#11977);
#497=PLANE('',#11980);
#498=PLANE('',#11981);
#499=PLANE('',#11984);
#500=PLANE('',#11989);
#501=PLANE('',#11992);
#502=PLANE('',#11995);
#503=PLANE('',#11998);
#504=PLANE('',#11999);
#505=PLANE('',#12003);
#506=PLANE('',#12006);
#507=PLANE('',#12011);
#508=PLANE('',#12012);
#509=PLANE('',#12030);
#510=PLANE('',#12031);
#511=PLANE('',#12037);
#512=PLANE('',#12043);
#513=PLANE('',#12047);
#514=PLANE('',#12051);
#515=PLANE('',#12055);
#516=PLANE('',#12059);
#517=PLANE('',#12063);
#518=PLANE('',#12067);
#519=PLANE('',#12071);
#520=PLANE('',#12074);
#521=PLANE('',#12077);
#522=PLANE('',#12080);
#523=PLANE('',#12083);
#524=PLANE('',#12086);
#525=PLANE('',#12089);
#526=PLANE('',#12092);
#527=PLANE('',#12095);
#528=PLANE('',#12098);
#529=PLANE('',#12101);
#530=PLANE('',#12104);
#531=PLANE('',#12107);
#532=PLANE('',#12111);
#533=PLANE('',#12115);
#534=PLANE('',#12116);
#535=PLANE('',#12117);
#536=PLANE('',#12120);
#537=PLANE('',#12121);
#538=PLANE('',#12122);
#539=PLANE('',#12123);
#540=PLANE('',#12124);
#541=PLANE('',#12125);
#542=PLANE('',#12128);
#543=PLANE('',#12131);
#544=PLANE('',#12132);
#545=PLANE('',#12133);
#546=PLANE('',#12137);
#547=PLANE('',#12138);
#548=PLANE('',#12139);
#549=PLANE('',#12142);
#550=PLANE('',#12145);
#551=PLANE('',#12148);
#552=PLANE('',#12150);
#553=PLANE('',#12151);
#554=PLANE('',#12152);
#555=PLANE('',#12154);
#556=PLANE('',#12156);
#557=PLANE('',#12157);
#558=PLANE('',#12159);
#559=PLANE('',#12161);
#560=PLANE('',#12162);
#561=PLANE('',#12163);
#562=PLANE('',#12164);
#563=PLANE('',#12165);
#564=PLANE('',#12166);
#565=PLANE('',#12167);
#566=PLANE('',#12171);
#567=PLANE('',#12175);
#568=PLANE('',#12177);
#569=PLANE('',#12179);
#570=PLANE('',#12181);
#571=PLANE('',#12182);
#572=PLANE('',#12183);
#573=PLANE('',#12184);
#574=PLANE('',#12185);
#575=PLANE('',#12186);
#576=PLANE('',#12187);
#577=PLANE('',#12188);
#578=PLANE('',#12190);
#579=PLANE('',#12191);
#580=PLANE('',#12192);
#581=PLANE('',#12193);
#582=PLANE('',#12194);
#583=PLANE('',#12195);
#584=PLANE('',#12196);
#585=PLANE('',#12197);
#586=PLANE('',#12198);
#587=PLANE('',#12199);
#588=PLANE('',#12200);
#589=PLANE('',#12201);
#590=PLANE('',#12209);
#591=PLANE('',#12210);
#592=PLANE('',#12211);
#593=PLANE('',#12212);
#594=PLANE('',#12213);
#595=PLANE('',#12228);
#596=PLANE('',#12229);
#597=PLANE('',#12230);
#598=PLANE('',#12231);
#599=PLANE('',#12232);
#600=PLANE('',#12233);
#601=PLANE('',#12234);
#602=PLANE('',#12235);
#603=PLANE('',#12236);
#604=PLANE('',#12237);
#605=PLANE('',#12239);
#606=PLANE('',#12240);
#607=PLANE('',#12241);
#608=PLANE('',#12242);
#609=PLANE('',#12243);
#610=PLANE('',#12244);
#611=PLANE('',#12245);
#612=PLANE('',#12246);
#613=PLANE('',#12247);
#614=PLANE('',#12248);
#615=PLANE('',#12249);
#616=PLANE('',#12250);
#617=PLANE('',#12251);
#618=PLANE('',#12264);
#619=PLANE('',#12265);
#620=PLANE('',#12266);
#621=PLANE('',#12267);
#622=PLANE('',#12268);
#623=PLANE('',#12269);
#624=PLANE('',#12270);
#625=PLANE('',#12275);
#626=PLANE('',#12279);
#627=PLANE('',#12283);
#628=PLANE('',#12287);
#629=PLANE('',#12291);
#630=PLANE('',#12295);
#631=PLANE('',#12299);
#632=PLANE('',#12303);
#633=PLANE('',#12304);
#634=PLANE('',#12305);
#635=PLANE('',#12307);
#636=PLANE('',#12309);
#637=PLANE('',#12311);
#638=PLANE('',#12313);
#639=PLANE('',#12315);
#640=PLANE('',#12330);
#641=PLANE('',#12331);
#642=PLANE('',#12335);
#643=PLANE('',#12339);
#644=PLANE('',#12343);
#645=PLANE('',#12347);
#646=PLANE('',#12351);
#647=PLANE('',#12354);
#648=PLANE('',#12357);
#649=PLANE('',#12360);
#650=PLANE('',#12363);
#651=PLANE('',#12364);
#652=PLANE('',#12368);
#653=PLANE('',#12372);
#654=PLANE('',#12376);
#655=PLANE('',#12380);
#656=PLANE('',#12381);
#657=PLANE('',#12384);
#658=PLANE('',#12387);
#659=PLANE('',#12388);
#660=PLANE('',#12397);
#661=PLANE('',#12398);
#662=PLANE('',#12400);
#663=PLANE('',#12402);
#664=PLANE('',#12408);
#665=PLANE('',#12412);
#666=PLANE('',#12413);
#667=PLANE('',#12414);
#668=PLANE('',#12415);
#669=PLANE('',#12428);
#670=PLANE('',#12435);
#671=PLANE('',#12436);
#672=PLANE('',#12440);
#673=PLANE('',#12444);
#674=PLANE('',#12447);
#675=PLANE('',#12450);
#676=PLANE('',#12451);
#677=PLANE('',#12463);
#678=PLANE('',#12464);
#679=PLANE('',#12472);
#680=PLANE('',#12473);
#681=FACE_OUTER_BOUND('',#1280,.T.);
#682=FACE_OUTER_BOUND('',#1281,.T.);
#683=FACE_OUTER_BOUND('',#1282,.T.);
#684=FACE_OUTER_BOUND('',#1283,.T.);
#685=FACE_OUTER_BOUND('',#1284,.T.);
#686=FACE_OUTER_BOUND('',#1285,.T.);
#687=FACE_OUTER_BOUND('',#1286,.T.);
#688=FACE_OUTER_BOUND('',#1287,.T.);
#689=FACE_OUTER_BOUND('',#1288,.T.);
#690=FACE_OUTER_BOUND('',#1325,.T.);
#691=FACE_OUTER_BOUND('',#1326,.T.);
#692=FACE_OUTER_BOUND('',#1327,.T.);
#693=FACE_OUTER_BOUND('',#1328,.T.);
#694=FACE_OUTER_BOUND('',#1329,.T.);
#695=FACE_OUTER_BOUND('',#1330,.T.);
#696=FACE_OUTER_BOUND('',#1331,.T.);
#697=FACE_OUTER_BOUND('',#1332,.T.);
#698=FACE_OUTER_BOUND('',#1333,.T.);
#699=FACE_OUTER_BOUND('',#1334,.T.);
#700=FACE_OUTER_BOUND('',#1335,.T.);
#701=FACE_OUTER_BOUND('',#1336,.T.);
#702=FACE_OUTER_BOUND('',#1337,.T.);
#703=FACE_OUTER_BOUND('',#1338,.T.);
#704=FACE_OUTER_BOUND('',#1339,.T.);
#705=FACE_OUTER_BOUND('',#1340,.T.);
#706=FACE_OUTER_BOUND('',#1341,.T.);
#707=FACE_OUTER_BOUND('',#1342,.T.);
#708=FACE_OUTER_BOUND('',#1343,.T.);
#709=FACE_OUTER_BOUND('',#1344,.T.);
#710=FACE_OUTER_BOUND('',#1345,.T.);
#711=FACE_OUTER_BOUND('',#1346,.T.);
#712=FACE_OUTER_BOUND('',#1347,.T.);
#713=FACE_OUTER_BOUND('',#1348,.T.);
#714=FACE_OUTER_BOUND('',#1349,.T.);
#715=FACE_OUTER_BOUND('',#1350,.T.);
#716=FACE_OUTER_BOUND('',#1351,.T.);
#717=FACE_OUTER_BOUND('',#1352,.T.);
#718=FACE_OUTER_BOUND('',#1353,.T.);
#719=FACE_OUTER_BOUND('',#1354,.T.);
#720=FACE_OUTER_BOUND('',#1355,.T.);
#721=FACE_OUTER_BOUND('',#1356,.T.);
#722=FACE_OUTER_BOUND('',#1357,.T.);
#723=FACE_OUTER_BOUND('',#1358,.T.);
#724=FACE_OUTER_BOUND('',#1359,.T.);
#725=FACE_OUTER_BOUND('',#1360,.T.);
#726=FACE_OUTER_BOUND('',#1361,.T.);
#727=FACE_OUTER_BOUND('',#1362,.T.);
#728=FACE_OUTER_BOUND('',#1363,.T.);
#729=FACE_OUTER_BOUND('',#1364,.T.);
#730=FACE_OUTER_BOUND('',#1365,.T.);
#731=FACE_OUTER_BOUND('',#1366,.T.);
#732=FACE_OUTER_BOUND('',#1367,.T.);
#733=FACE_OUTER_BOUND('',#1368,.T.);
#734=FACE_OUTER_BOUND('',#1369,.T.);
#735=FACE_OUTER_BOUND('',#1370,.T.);
#736=FACE_OUTER_BOUND('',#1371,.T.);
#737=FACE_OUTER_BOUND('',#1372,.T.);
#738=FACE_OUTER_BOUND('',#1373,.T.);
#739=FACE_OUTER_BOUND('',#1374,.T.);
#740=FACE_OUTER_BOUND('',#1375,.T.);
#741=FACE_OUTER_BOUND('',#1376,.T.);
#742=FACE_OUTER_BOUND('',#1377,.T.);
#743=FACE_OUTER_BOUND('',#1378,.T.);
#744=FACE_OUTER_BOUND('',#1379,.T.);
#745=FACE_OUTER_BOUND('',#1380,.T.);
#746=FACE_OUTER_BOUND('',#1381,.T.);
#747=FACE_OUTER_BOUND('',#1382,.T.);
#748=FACE_OUTER_BOUND('',#1383,.T.);
#749=FACE_OUTER_BOUND('',#1384,.T.);
#750=FACE_OUTER_BOUND('',#1385,.T.);
#751=FACE_OUTER_BOUND('',#1386,.T.);
#752=FACE_OUTER_BOUND('',#1387,.T.);
#753=FACE_OUTER_BOUND('',#1388,.T.);
#754=FACE_OUTER_BOUND('',#1389,.T.);
#755=FACE_OUTER_BOUND('',#1390,.T.);
#756=FACE_OUTER_BOUND('',#1391,.T.);
#757=FACE_OUTER_BOUND('',#1392,.T.);
#758=FACE_OUTER_BOUND('',#1393,.T.);
#759=FACE_OUTER_BOUND('',#1394,.T.);
#760=FACE_OUTER_BOUND('',#1395,.T.);
#761=FACE_OUTER_BOUND('',#1396,.T.);
#762=FACE_OUTER_BOUND('',#1397,.T.);
#763=FACE_OUTER_BOUND('',#1398,.T.);
#764=FACE_OUTER_BOUND('',#1399,.T.);
#765=FACE_OUTER_BOUND('',#1400,.T.);
#766=FACE_OUTER_BOUND('',#1401,.T.);
#767=FACE_OUTER_BOUND('',#1402,.T.);
#768=FACE_OUTER_BOUND('',#1403,.T.);
#769=FACE_OUTER_BOUND('',#1404,.T.);
#770=FACE_OUTER_BOUND('',#1405,.T.);
#771=FACE_OUTER_BOUND('',#1406,.T.);
#772=FACE_OUTER_BOUND('',#1407,.T.);
#773=FACE_OUTER_BOUND('',#1408,.T.);
#774=FACE_OUTER_BOUND('',#1409,.T.);
#775=FACE_OUTER_BOUND('',#1410,.T.);
#776=FACE_OUTER_BOUND('',#1411,.T.);
#777=FACE_OUTER_BOUND('',#1412,.T.);
#778=FACE_OUTER_BOUND('',#1413,.T.);
#779=FACE_OUTER_BOUND('',#1414,.T.);
#780=FACE_OUTER_BOUND('',#1415,.T.);
#781=FACE_OUTER_BOUND('',#1416,.T.);
#782=FACE_OUTER_BOUND('',#1417,.T.);
#783=FACE_OUTER_BOUND('',#1418,.T.);
#784=FACE_OUTER_BOUND('',#1419,.T.);
#785=FACE_OUTER_BOUND('',#1420,.T.);
#786=FACE_OUTER_BOUND('',#1421,.T.);
#787=FACE_OUTER_BOUND('',#1422,.T.);
#788=FACE_OUTER_BOUND('',#1423,.T.);
#789=FACE_OUTER_BOUND('',#1424,.T.);
#790=FACE_OUTER_BOUND('',#1425,.T.);
#791=FACE_OUTER_BOUND('',#1426,.T.);
#792=FACE_OUTER_BOUND('',#1427,.T.);
#793=FACE_OUTER_BOUND('',#1428,.T.);
#794=FACE_OUTER_BOUND('',#1429,.T.);
#795=FACE_OUTER_BOUND('',#1430,.T.);
#796=FACE_OUTER_BOUND('',#1431,.T.);
#797=FACE_OUTER_BOUND('',#1432,.T.);
#798=FACE_OUTER_BOUND('',#1433,.T.);
#799=FACE_OUTER_BOUND('',#1434,.T.);
#800=FACE_OUTER_BOUND('',#1435,.T.);
#801=FACE_OUTER_BOUND('',#1436,.T.);
#802=FACE_OUTER_BOUND('',#1437,.T.);
#803=FACE_OUTER_BOUND('',#1438,.T.);
#804=FACE_OUTER_BOUND('',#1439,.T.);
#805=FACE_OUTER_BOUND('',#1440,.T.);
#806=FACE_OUTER_BOUND('',#1441,.T.);
#807=FACE_OUTER_BOUND('',#1442,.T.);
#808=FACE_OUTER_BOUND('',#1443,.T.);
#809=FACE_OUTER_BOUND('',#1444,.T.);
#810=FACE_OUTER_BOUND('',#1445,.T.);
#811=FACE_OUTER_BOUND('',#1446,.T.);
#812=FACE_OUTER_BOUND('',#1447,.T.);
#813=FACE_OUTER_BOUND('',#1448,.T.);
#814=FACE_OUTER_BOUND('',#1449,.T.);
#815=FACE_OUTER_BOUND('',#1450,.T.);
#816=FACE_OUTER_BOUND('',#1451,.T.);
#817=FACE_OUTER_BOUND('',#1452,.T.);
#818=FACE_OUTER_BOUND('',#1453,.T.);
#819=FACE_OUTER_BOUND('',#1454,.T.);
#820=FACE_OUTER_BOUND('',#1455,.T.);
#821=FACE_OUTER_BOUND('',#1456,.T.);
#822=FACE_OUTER_BOUND('',#1457,.T.);
#823=FACE_OUTER_BOUND('',#1458,.T.);
#824=FACE_OUTER_BOUND('',#1459,.T.);
#825=FACE_OUTER_BOUND('',#1460,.T.);
#826=FACE_OUTER_BOUND('',#1497,.T.);
#827=FACE_OUTER_BOUND('',#1498,.T.);
#828=FACE_OUTER_BOUND('',#1499,.T.);
#829=FACE_OUTER_BOUND('',#1500,.T.);
#830=FACE_OUTER_BOUND('',#1501,.T.);
#831=FACE_OUTER_BOUND('',#1502,.T.);
#832=FACE_OUTER_BOUND('',#1503,.T.);
#833=FACE_OUTER_BOUND('',#1517,.T.);
#834=FACE_OUTER_BOUND('',#1518,.T.);
#835=FACE_OUTER_BOUND('',#1519,.T.);
#836=FACE_OUTER_BOUND('',#1520,.T.);
#837=FACE_OUTER_BOUND('',#1521,.T.);
#838=FACE_OUTER_BOUND('',#1522,.T.);
#839=FACE_OUTER_BOUND('',#1523,.T.);
#840=FACE_OUTER_BOUND('',#1524,.T.);
#841=FACE_OUTER_BOUND('',#1525,.T.);
#842=FACE_OUTER_BOUND('',#1526,.T.);
#843=FACE_OUTER_BOUND('',#1527,.T.);
#844=FACE_OUTER_BOUND('',#1528,.T.);
#845=FACE_OUTER_BOUND('',#1529,.T.);
#846=FACE_OUTER_BOUND('',#1530,.T.);
#847=FACE_OUTER_BOUND('',#1531,.T.);
#848=FACE_OUTER_BOUND('',#1532,.T.);
#849=FACE_OUTER_BOUND('',#1533,.T.);
#850=FACE_OUTER_BOUND('',#1534,.T.);
#851=FACE_OUTER_BOUND('',#1535,.T.);
#852=FACE_OUTER_BOUND('',#1536,.T.);
#853=FACE_OUTER_BOUND('',#1537,.T.);
#854=FACE_OUTER_BOUND('',#1538,.T.);
#855=FACE_OUTER_BOUND('',#1539,.T.);
#856=FACE_OUTER_BOUND('',#1540,.T.);
#857=FACE_OUTER_BOUND('',#1541,.T.);
#858=FACE_OUTER_BOUND('',#1542,.T.);
#859=FACE_OUTER_BOUND('',#1543,.T.);
#860=FACE_OUTER_BOUND('',#1544,.T.);
#861=FACE_OUTER_BOUND('',#1545,.T.);
#862=FACE_OUTER_BOUND('',#1546,.T.);
#863=FACE_OUTER_BOUND('',#1547,.T.);
#864=FACE_OUTER_BOUND('',#1548,.T.);
#865=FACE_OUTER_BOUND('',#1549,.T.);
#866=FACE_OUTER_BOUND('',#1550,.T.);
#867=FACE_OUTER_BOUND('',#1551,.T.);
#868=FACE_OUTER_BOUND('',#1552,.T.);
#869=FACE_OUTER_BOUND('',#1553,.T.);
#870=FACE_OUTER_BOUND('',#1554,.T.);
#871=FACE_OUTER_BOUND('',#1555,.T.);
#872=FACE_OUTER_BOUND('',#1556,.T.);
#873=FACE_OUTER_BOUND('',#1557,.T.);
#874=FACE_OUTER_BOUND('',#1558,.T.);
#875=FACE_OUTER_BOUND('',#1559,.T.);
#876=FACE_OUTER_BOUND('',#1560,.T.);
#877=FACE_OUTER_BOUND('',#1561,.T.);
#878=FACE_OUTER_BOUND('',#1562,.T.);
#879=FACE_OUTER_BOUND('',#1563,.T.);
#880=FACE_OUTER_BOUND('',#1564,.T.);
#881=FACE_OUTER_BOUND('',#1565,.T.);
#882=FACE_OUTER_BOUND('',#1566,.T.);
#883=FACE_OUTER_BOUND('',#1567,.T.);
#884=FACE_OUTER_BOUND('',#1568,.T.);
#885=FACE_OUTER_BOUND('',#1569,.T.);
#886=FACE_OUTER_BOUND('',#1570,.T.);
#887=FACE_OUTER_BOUND('',#1571,.T.);
#888=FACE_OUTER_BOUND('',#1585,.T.);
#889=FACE_OUTER_BOUND('',#1586,.T.);
#890=FACE_OUTER_BOUND('',#1588,.T.);
#891=FACE_OUTER_BOUND('',#1589,.T.);
#892=FACE_OUTER_BOUND('',#1591,.T.);
#893=FACE_OUTER_BOUND('',#1592,.T.);
#894=FACE_OUTER_BOUND('',#1593,.T.);
#895=FACE_OUTER_BOUND('',#1594,.T.);
#896=FACE_OUTER_BOUND('',#1595,.T.);
#897=FACE_OUTER_BOUND('',#1596,.T.);
#898=FACE_OUTER_BOUND('',#1597,.T.);
#899=FACE_OUTER_BOUND('',#1598,.T.);
#900=FACE_OUTER_BOUND('',#1599,.T.);
#901=FACE_OUTER_BOUND('',#1601,.T.);
#902=FACE_OUTER_BOUND('',#1602,.T.);
#903=FACE_OUTER_BOUND('',#1604,.T.);
#904=FACE_OUTER_BOUND('',#1605,.T.);
#905=FACE_OUTER_BOUND('',#1607,.T.);
#906=FACE_OUTER_BOUND('',#1608,.T.);
#907=FACE_OUTER_BOUND('',#1610,.T.);
#908=FACE_OUTER_BOUND('',#1611,.T.);
#909=FACE_OUTER_BOUND('',#1613,.T.);
#910=FACE_OUTER_BOUND('',#1614,.T.);
#911=FACE_OUTER_BOUND('',#1616,.T.);
#912=FACE_OUTER_BOUND('',#1617,.T.);
#913=FACE_OUTER_BOUND('',#1619,.T.);
#914=FACE_OUTER_BOUND('',#1620,.T.);
#915=FACE_OUTER_BOUND('',#1622,.T.);
#916=FACE_OUTER_BOUND('',#1623,.T.);
#917=FACE_OUTER_BOUND('',#1625,.T.);
#918=FACE_OUTER_BOUND('',#1626,.T.);
#919=FACE_OUTER_BOUND('',#1628,.T.);
#920=FACE_OUTER_BOUND('',#1629,.T.);
#921=FACE_OUTER_BOUND('',#1631,.T.);
#922=FACE_OUTER_BOUND('',#1632,.T.);
#923=FACE_OUTER_BOUND('',#1634,.T.);
#924=FACE_OUTER_BOUND('',#1635,.T.);
#925=FACE_OUTER_BOUND('',#1637,.T.);
#926=FACE_OUTER_BOUND('',#1638,.T.);
#927=FACE_OUTER_BOUND('',#1639,.T.);
#928=FACE_OUTER_BOUND('',#1640,.T.);
#929=FACE_OUTER_BOUND('',#1641,.T.);
#930=FACE_OUTER_BOUND('',#1642,.T.);
#931=FACE_OUTER_BOUND('',#1643,.T.);
#932=FACE_OUTER_BOUND('',#1644,.T.);
#933=FACE_OUTER_BOUND('',#1645,.T.);
#934=FACE_OUTER_BOUND('',#1646,.T.);
#935=FACE_OUTER_BOUND('',#1647,.T.);
#936=FACE_OUTER_BOUND('',#1648,.T.);
#937=FACE_OUTER_BOUND('',#1649,.T.);
#938=FACE_OUTER_BOUND('',#1650,.T.);
#939=FACE_OUTER_BOUND('',#1651,.T.);
#940=FACE_OUTER_BOUND('',#1652,.T.);
#941=FACE_OUTER_BOUND('',#1653,.T.);
#942=FACE_OUTER_BOUND('',#1654,.T.);
#943=FACE_OUTER_BOUND('',#1655,.T.);
#944=FACE_OUTER_BOUND('',#1656,.T.);
#945=FACE_OUTER_BOUND('',#1657,.T.);
#946=FACE_OUTER_BOUND('',#1658,.T.);
#947=FACE_OUTER_BOUND('',#1661,.T.);
#948=FACE_OUTER_BOUND('',#1662,.T.);
#949=FACE_OUTER_BOUND('',#1663,.T.);
#950=FACE_OUTER_BOUND('',#1664,.T.);
#951=FACE_OUTER_BOUND('',#1665,.T.);
#952=FACE_OUTER_BOUND('',#1668,.T.);
#953=FACE_OUTER_BOUND('',#1669,.T.);
#954=FACE_OUTER_BOUND('',#1670,.T.);
#955=FACE_OUTER_BOUND('',#1674,.T.);
#956=FACE_OUTER_BOUND('',#1675,.T.);
#957=FACE_OUTER_BOUND('',#1677,.T.);
#958=FACE_OUTER_BOUND('',#1678,.T.);
#959=FACE_OUTER_BOUND('',#1679,.T.);
#960=FACE_OUTER_BOUND('',#1680,.T.);
#961=FACE_OUTER_BOUND('',#1681,.T.);
#962=FACE_OUTER_BOUND('',#1682,.T.);
#963=FACE_OUTER_BOUND('',#1683,.T.);
#964=FACE_OUTER_BOUND('',#1684,.T.);
#965=FACE_OUTER_BOUND('',#1685,.T.);
#966=FACE_OUTER_BOUND('',#1686,.T.);
#967=FACE_OUTER_BOUND('',#1687,.T.);
#968=FACE_OUTER_BOUND('',#1688,.T.);
#969=FACE_OUTER_BOUND('',#1689,.T.);
#970=FACE_OUTER_BOUND('',#1690,.T.);
#971=FACE_OUTER_BOUND('',#1691,.T.);
#972=FACE_OUTER_BOUND('',#1692,.T.);
#973=FACE_OUTER_BOUND('',#1693,.T.);
#974=FACE_OUTER_BOUND('',#1694,.T.);
#975=FACE_OUTER_BOUND('',#1695,.T.);
#976=FACE_OUTER_BOUND('',#1696,.T.);
#977=FACE_OUTER_BOUND('',#1697,.T.);
#978=FACE_OUTER_BOUND('',#1698,.T.);
#979=FACE_OUTER_BOUND('',#1699,.T.);
#980=FACE_OUTER_BOUND('',#1700,.T.);
#981=FACE_OUTER_BOUND('',#1701,.T.);
#982=FACE_OUTER_BOUND('',#1702,.T.);
#983=FACE_OUTER_BOUND('',#1703,.T.);
#984=FACE_OUTER_BOUND('',#1704,.T.);
#985=FACE_OUTER_BOUND('',#1705,.T.);
#986=FACE_OUTER_BOUND('',#1706,.T.);
#987=FACE_OUTER_BOUND('',#1707,.T.);
#988=FACE_OUTER_BOUND('',#1708,.T.);
#989=FACE_OUTER_BOUND('',#1709,.T.);
#990=FACE_OUTER_BOUND('',#1710,.T.);
#991=FACE_OUTER_BOUND('',#1711,.T.);
#992=FACE_OUTER_BOUND('',#1712,.T.);
#993=FACE_OUTER_BOUND('',#1713,.T.);
#994=FACE_OUTER_BOUND('',#1714,.T.);
#995=FACE_OUTER_BOUND('',#1715,.T.);
#996=FACE_OUTER_BOUND('',#1716,.T.);
#997=FACE_OUTER_BOUND('',#1717,.T.);
#998=FACE_OUTER_BOUND('',#1718,.T.);
#999=FACE_OUTER_BOUND('',#1719,.T.);
#1000=FACE_OUTER_BOUND('',#1723,.T.);
#1001=FACE_OUTER_BOUND('',#1724,.T.);
#1002=FACE_OUTER_BOUND('',#1725,.T.);
#1003=FACE_OUTER_BOUND('',#1726,.T.);
#1004=FACE_OUTER_BOUND('',#1727,.T.);
#1005=FACE_OUTER_BOUND('',#1728,.T.);
#1006=FACE_OUTER_BOUND('',#1730,.T.);
#1007=FACE_OUTER_BOUND('',#1731,.T.);
#1008=FACE_OUTER_BOUND('',#1734,.T.);
#1009=FACE_OUTER_BOUND('',#1736,.T.);
#1010=FACE_OUTER_BOUND('',#1737,.T.);
#1011=FACE_OUTER_BOUND('',#1738,.T.);
#1012=FACE_OUTER_BOUND('',#1739,.T.);
#1013=FACE_OUTER_BOUND('',#1740,.T.);
#1014=FACE_OUTER_BOUND('',#1741,.T.);
#1015=FACE_OUTER_BOUND('',#1742,.T.);
#1016=FACE_OUTER_BOUND('',#1743,.T.);
#1017=FACE_OUTER_BOUND('',#1744,.T.);
#1018=FACE_OUTER_BOUND('',#1745,.T.);
#1019=FACE_OUTER_BOUND('',#1746,.T.);
#1020=FACE_OUTER_BOUND('',#1747,.T.);
#1021=FACE_OUTER_BOUND('',#1748,.T.);
#1022=FACE_OUTER_BOUND('',#1749,.T.);
#1023=FACE_OUTER_BOUND('',#1750,.T.);
#1024=FACE_OUTER_BOUND('',#1751,.T.);
#1025=FACE_OUTER_BOUND('',#1752,.T.);
#1026=FACE_OUTER_BOUND('',#1753,.T.);
#1027=FACE_OUTER_BOUND('',#1754,.T.);
#1028=FACE_OUTER_BOUND('',#1755,.T.);
#1029=FACE_OUTER_BOUND('',#1756,.T.);
#1030=FACE_OUTER_BOUND('',#1757,.T.);
#1031=FACE_OUTER_BOUND('',#1758,.T.);
#1032=FACE_OUTER_BOUND('',#1759,.T.);
#1033=FACE_OUTER_BOUND('',#1760,.T.);
#1034=FACE_OUTER_BOUND('',#1761,.T.);
#1035=FACE_OUTER_BOUND('',#1762,.T.);
#1036=FACE_OUTER_BOUND('',#1763,.T.);
#1037=FACE_OUTER_BOUND('',#1764,.T.);
#1038=FACE_OUTER_BOUND('',#1765,.T.);
#1039=FACE_OUTER_BOUND('',#1766,.T.);
#1040=FACE_OUTER_BOUND('',#1767,.T.);
#1041=FACE_OUTER_BOUND('',#1768,.T.);
#1042=FACE_OUTER_BOUND('',#1769,.T.);
#1043=FACE_OUTER_BOUND('',#1770,.T.);
#1044=FACE_OUTER_BOUND('',#1771,.T.);
#1045=FACE_OUTER_BOUND('',#1772,.T.);
#1046=FACE_OUTER_BOUND('',#1773,.T.);
#1047=FACE_OUTER_BOUND('',#1774,.T.);
#1048=FACE_OUTER_BOUND('',#1775,.T.);
#1049=FACE_OUTER_BOUND('',#1776,.T.);
#1050=FACE_OUTER_BOUND('',#1777,.T.);
#1051=FACE_OUTER_BOUND('',#1778,.T.);
#1052=FACE_OUTER_BOUND('',#1779,.T.);
#1053=FACE_OUTER_BOUND('',#1780,.T.);
#1054=FACE_OUTER_BOUND('',#1781,.T.);
#1055=FACE_OUTER_BOUND('',#1782,.T.);
#1056=FACE_OUTER_BOUND('',#1783,.T.);
#1057=FACE_OUTER_BOUND('',#1784,.T.);
#1058=FACE_OUTER_BOUND('',#1785,.T.);
#1059=FACE_OUTER_BOUND('',#1787,.T.);
#1060=FACE_OUTER_BOUND('',#1788,.T.);
#1061=FACE_OUTER_BOUND('',#1789,.T.);
#1062=FACE_OUTER_BOUND('',#1790,.T.);
#1063=FACE_OUTER_BOUND('',#1791,.T.);
#1064=FACE_OUTER_BOUND('',#1792,.T.);
#1065=FACE_OUTER_BOUND('',#1793,.T.);
#1066=FACE_OUTER_BOUND('',#1794,.T.);
#1067=FACE_OUTER_BOUND('',#1795,.T.);
#1068=FACE_OUTER_BOUND('',#1796,.T.);
#1069=FACE_OUTER_BOUND('',#1797,.T.);
#1070=FACE_OUTER_BOUND('',#1798,.T.);
#1071=FACE_OUTER_BOUND('',#1799,.T.);
#1072=FACE_OUTER_BOUND('',#1800,.T.);
#1073=FACE_OUTER_BOUND('',#1801,.T.);
#1074=FACE_OUTER_BOUND('',#1803,.T.);
#1075=FACE_OUTER_BOUND('',#1804,.T.);
#1076=FACE_OUTER_BOUND('',#1805,.T.);
#1077=FACE_OUTER_BOUND('',#1806,.T.);
#1078=FACE_OUTER_BOUND('',#1807,.T.);
#1079=FACE_OUTER_BOUND('',#1809,.T.);
#1080=FACE_OUTER_BOUND('',#1810,.T.);
#1081=FACE_OUTER_BOUND('',#1811,.T.);
#1082=FACE_OUTER_BOUND('',#1812,.T.);
#1083=FACE_OUTER_BOUND('',#1813,.T.);
#1084=FACE_OUTER_BOUND('',#1815,.T.);
#1085=FACE_OUTER_BOUND('',#1817,.T.);
#1086=FACE_OUTER_BOUND('',#1818,.T.);
#1087=FACE_OUTER_BOUND('',#1819,.T.);
#1088=FACE_OUTER_BOUND('',#1820,.T.);
#1089=FACE_OUTER_BOUND('',#1821,.T.);
#1090=FACE_OUTER_BOUND('',#1822,.T.);
#1091=FACE_OUTER_BOUND('',#1823,.T.);
#1092=FACE_OUTER_BOUND('',#1825,.T.);
#1093=FACE_OUTER_BOUND('',#1827,.T.);
#1094=FACE_OUTER_BOUND('',#1828,.T.);
#1095=FACE_OUTER_BOUND('',#1829,.T.);
#1096=FACE_OUTER_BOUND('',#1830,.T.);
#1097=FACE_OUTER_BOUND('',#1832,.T.);
#1098=FACE_OUTER_BOUND('',#1834,.T.);
#1099=FACE_OUTER_BOUND('',#1835,.T.);
#1100=FACE_OUTER_BOUND('',#1836,.T.);
#1101=FACE_OUTER_BOUND('',#1837,.T.);
#1102=FACE_OUTER_BOUND('',#1838,.T.);
#1103=FACE_OUTER_BOUND('',#1839,.T.);
#1104=FACE_OUTER_BOUND('',#1840,.T.);
#1105=FACE_OUTER_BOUND('',#1842,.T.);
#1106=FACE_OUTER_BOUND('',#1843,.T.);
#1107=FACE_OUTER_BOUND('',#1844,.T.);
#1108=FACE_OUTER_BOUND('',#1845,.T.);
#1109=FACE_OUTER_BOUND('',#1846,.T.);
#1110=FACE_OUTER_BOUND('',#1847,.T.);
#1111=FACE_OUTER_BOUND('',#1848,.T.);
#1112=FACE_OUTER_BOUND('',#1849,.T.);
#1113=FACE_OUTER_BOUND('',#1850,.T.);
#1114=FACE_OUTER_BOUND('',#1851,.T.);
#1115=FACE_OUTER_BOUND('',#1852,.T.);
#1116=FACE_OUTER_BOUND('',#1853,.T.);
#1117=FACE_OUTER_BOUND('',#1854,.T.);
#1118=FACE_OUTER_BOUND('',#1855,.T.);
#1119=FACE_OUTER_BOUND('',#1856,.T.);
#1120=FACE_OUTER_BOUND('',#1857,.T.);
#1121=FACE_OUTER_BOUND('',#1858,.T.);
#1122=FACE_OUTER_BOUND('',#1859,.T.);
#1123=FACE_OUTER_BOUND('',#1860,.T.);
#1124=FACE_OUTER_BOUND('',#1861,.T.);
#1125=FACE_OUTER_BOUND('',#1862,.T.);
#1126=FACE_OUTER_BOUND('',#1869,.T.);
#1127=FACE_OUTER_BOUND('',#1870,.T.);
#1128=FACE_OUTER_BOUND('',#1871,.T.);
#1129=FACE_OUTER_BOUND('',#1872,.T.);
#1130=FACE_OUTER_BOUND('',#1873,.T.);
#1131=FACE_OUTER_BOUND('',#1874,.T.);
#1132=FACE_OUTER_BOUND('',#1875,.T.);
#1133=FACE_OUTER_BOUND('',#1876,.T.);
#1134=FACE_OUTER_BOUND('',#1877,.T.);
#1135=FACE_OUTER_BOUND('',#1878,.T.);
#1136=FACE_OUTER_BOUND('',#1879,.T.);
#1137=FACE_OUTER_BOUND('',#1880,.T.);
#1138=FACE_OUTER_BOUND('',#1881,.T.);
#1139=FACE_OUTER_BOUND('',#1882,.T.);
#1140=FACE_OUTER_BOUND('',#1883,.T.);
#1141=FACE_OUTER_BOUND('',#1884,.T.);
#1142=FACE_OUTER_BOUND('',#1885,.T.);
#1143=FACE_OUTER_BOUND('',#1886,.T.);
#1144=FACE_OUTER_BOUND('',#1887,.T.);
#1145=FACE_OUTER_BOUND('',#1888,.T.);
#1146=FACE_OUTER_BOUND('',#1889,.T.);
#1147=FACE_OUTER_BOUND('',#1890,.T.);
#1148=FACE_OUTER_BOUND('',#1897,.T.);
#1149=FACE_OUTER_BOUND('',#1898,.T.);
#1150=FACE_OUTER_BOUND('',#1899,.T.);
#1151=FACE_OUTER_BOUND('',#1900,.T.);
#1152=FACE_OUTER_BOUND('',#1901,.T.);
#1153=FACE_OUTER_BOUND('',#1902,.T.);
#1154=FACE_OUTER_BOUND('',#1903,.T.);
#1155=FACE_OUTER_BOUND('',#1904,.T.);
#1156=FACE_OUTER_BOUND('',#1905,.T.);
#1157=FACE_OUTER_BOUND('',#1906,.T.);
#1158=FACE_OUTER_BOUND('',#1907,.T.);
#1159=FACE_OUTER_BOUND('',#1908,.T.);
#1160=FACE_OUTER_BOUND('',#1909,.T.);
#1161=FACE_OUTER_BOUND('',#1910,.T.);
#1162=FACE_OUTER_BOUND('',#1911,.T.);
#1163=FACE_OUTER_BOUND('',#1912,.T.);
#1164=FACE_OUTER_BOUND('',#1913,.T.);
#1165=FACE_OUTER_BOUND('',#1914,.T.);
#1166=FACE_OUTER_BOUND('',#1915,.T.);
#1167=FACE_OUTER_BOUND('',#1916,.T.);
#1168=FACE_OUTER_BOUND('',#1917,.T.);
#1169=FACE_OUTER_BOUND('',#1918,.T.);
#1170=FACE_OUTER_BOUND('',#1919,.T.);
#1171=FACE_OUTER_BOUND('',#1924,.T.);
#1172=FACE_OUTER_BOUND('',#1929,.T.);
#1173=FACE_OUTER_BOUND('',#1930,.T.);
#1174=FACE_OUTER_BOUND('',#1931,.T.);
#1175=FACE_OUTER_BOUND('',#1932,.T.);
#1176=FACE_OUTER_BOUND('',#1933,.T.);
#1177=FACE_OUTER_BOUND('',#1934,.T.);
#1178=FACE_OUTER_BOUND('',#1935,.T.);
#1179=FACE_OUTER_BOUND('',#1936,.T.);
#1180=FACE_OUTER_BOUND('',#1937,.T.);
#1181=FACE_OUTER_BOUND('',#1938,.T.);
#1182=FACE_OUTER_BOUND('',#1939,.T.);
#1183=FACE_OUTER_BOUND('',#1940,.T.);
#1184=FACE_OUTER_BOUND('',#1941,.T.);
#1185=FACE_OUTER_BOUND('',#1942,.T.);
#1186=FACE_OUTER_BOUND('',#1943,.T.);
#1187=FACE_OUTER_BOUND('',#1944,.T.);
#1188=FACE_OUTER_BOUND('',#1945,.T.);
#1189=FACE_OUTER_BOUND('',#1946,.T.);
#1190=FACE_OUTER_BOUND('',#1947,.T.);
#1191=FACE_OUTER_BOUND('',#1948,.T.);
#1192=FACE_OUTER_BOUND('',#1949,.T.);
#1193=FACE_OUTER_BOUND('',#1950,.T.);
#1194=FACE_OUTER_BOUND('',#1951,.T.);
#1195=FACE_OUTER_BOUND('',#1952,.T.);
#1196=FACE_OUTER_BOUND('',#1953,.T.);
#1197=FACE_OUTER_BOUND('',#1954,.T.);
#1198=FACE_OUTER_BOUND('',#1955,.T.);
#1199=FACE_OUTER_BOUND('',#1956,.T.);
#1200=FACE_OUTER_BOUND('',#1957,.T.);
#1201=FACE_OUTER_BOUND('',#1958,.T.);
#1202=FACE_OUTER_BOUND('',#1959,.T.);
#1203=FACE_OUTER_BOUND('',#1960,.T.);
#1204=FACE_OUTER_BOUND('',#1961,.T.);
#1205=FACE_OUTER_BOUND('',#1962,.T.);
#1206=FACE_OUTER_BOUND('',#1963,.T.);
#1207=FACE_OUTER_BOUND('',#1964,.T.);
#1208=FACE_OUTER_BOUND('',#1965,.T.);
#1209=FACE_OUTER_BOUND('',#1966,.T.);
#1210=FACE_OUTER_BOUND('',#1967,.T.);
#1211=FACE_OUTER_BOUND('',#1968,.T.);
#1212=FACE_OUTER_BOUND('',#1969,.T.);
#1213=FACE_OUTER_BOUND('',#1970,.T.);
#1214=FACE_OUTER_BOUND('',#1971,.T.);
#1215=FACE_OUTER_BOUND('',#1972,.T.);
#1216=FACE_OUTER_BOUND('',#1973,.T.);
#1217=FACE_OUTER_BOUND('',#1974,.T.);
#1218=FACE_OUTER_BOUND('',#1975,.T.);
#1219=FACE_OUTER_BOUND('',#1976,.T.);
#1220=FACE_OUTER_BOUND('',#1977,.T.);
#1221=FACE_OUTER_BOUND('',#1982,.T.);
#1222=FACE_OUTER_BOUND('',#1983,.T.);
#1223=FACE_OUTER_BOUND('',#1984,.T.);
#1224=FACE_OUTER_BOUND('',#1985,.T.);
#1225=FACE_OUTER_BOUND('',#1986,.T.);
#1226=FACE_OUTER_BOUND('',#1987,.T.);
#1227=FACE_OUTER_BOUND('',#1988,.T.);
#1228=FACE_OUTER_BOUND('',#1989,.T.);
#1229=FACE_OUTER_BOUND('',#1990,.T.);
#1230=FACE_OUTER_BOUND('',#1991,.T.);
#1231=FACE_OUTER_BOUND('',#1992,.T.);
#1232=FACE_OUTER_BOUND('',#1993,.T.);
#1233=FACE_OUTER_BOUND('',#1994,.T.);
#1234=FACE_OUTER_BOUND('',#1995,.T.);
#1235=FACE_OUTER_BOUND('',#1996,.T.);
#1236=FACE_OUTER_BOUND('',#2004,.T.);
#1237=FACE_OUTER_BOUND('',#2005,.T.);
#1238=FACE_OUTER_BOUND('',#2006,.T.);
#1239=FACE_OUTER_BOUND('',#2007,.T.);
#1240=FACE_OUTER_BOUND('',#2008,.T.);
#1241=FACE_OUTER_BOUND('',#2009,.T.);
#1242=FACE_OUTER_BOUND('',#2010,.T.);
#1243=FACE_OUTER_BOUND('',#2011,.T.);
#1244=FACE_OUTER_BOUND('',#2012,.T.);
#1245=FACE_OUTER_BOUND('',#2013,.T.);
#1246=FACE_OUTER_BOUND('',#2014,.T.);
#1247=FACE_OUTER_BOUND('',#2015,.T.);
#1248=FACE_OUTER_BOUND('',#2016,.T.);
#1249=FACE_OUTER_BOUND('',#2018,.T.);
#1250=FACE_OUTER_BOUND('',#2019,.T.);
#1251=FACE_OUTER_BOUND('',#2020,.T.);
#1252=FACE_OUTER_BOUND('',#2021,.T.);
#1253=FACE_OUTER_BOUND('',#2022,.T.);
#1254=FACE_OUTER_BOUND('',#2023,.T.);
#1255=FACE_OUTER_BOUND('',#2024,.T.);
#1256=FACE_OUTER_BOUND('',#2025,.T.);
#1257=FACE_OUTER_BOUND('',#2026,.T.);
#1258=FACE_OUTER_BOUND('',#2027,.T.);
#1259=FACE_OUTER_BOUND('',#2028,.T.);
#1260=FACE_OUTER_BOUND('',#2029,.T.);
#1261=FACE_OUTER_BOUND('',#2030,.T.);
#1262=FACE_OUTER_BOUND('',#2031,.T.);
#1263=FACE_OUTER_BOUND('',#2032,.T.);
#1264=FACE_OUTER_BOUND('',#2033,.T.);
#1265=FACE_OUTER_BOUND('',#2046,.T.);
#1266=FACE_OUTER_BOUND('',#2047,.T.);
#1267=FACE_OUTER_BOUND('',#2048,.T.);
#1268=FACE_OUTER_BOUND('',#2049,.T.);
#1269=FACE_OUTER_BOUND('',#2050,.T.);
#1270=FACE_OUTER_BOUND('',#2052,.T.);
#1271=FACE_OUTER_BOUND('',#2053,.T.);
#1272=FACE_OUTER_BOUND('',#2054,.T.);
#1273=FACE_OUTER_BOUND('',#2055,.T.);
#1274=FACE_OUTER_BOUND('',#2056,.T.);
#1275=FACE_OUTER_BOUND('',#2058,.T.);
#1276=FACE_OUTER_BOUND('',#2060,.T.);
#1277=FACE_OUTER_BOUND('',#2061,.T.);
#1278=FACE_OUTER_BOUND('',#2062,.T.);
#1279=FACE_OUTER_BOUND('',#2064,.T.);
#1280=EDGE_LOOP('',(#7350,#7351,#7352,#7353));
#1281=EDGE_LOOP('',(#7354,#7355,#7356,#7357));
#1282=EDGE_LOOP('',(#7358,#7359,#7360,#7361));
#1283=EDGE_LOOP('',(#7362,#7363,#7364,#7365));
#1284=EDGE_LOOP('',(#7366,#7367,#7368,#7369));
#1285=EDGE_LOOP('',(#7370,#7371,#7372,#7373));
#1286=EDGE_LOOP('',(#7374,#7375,#7376,#7377));
#1287=EDGE_LOOP('',(#7378,#7379,#7380,#7381));
#1288=EDGE_LOOP('',(#7382,#7383,#7384,#7385,#7386,#7387,#7388,#7389,#7390,
#7391,#7392,#7393,#7394,#7395,#7396,#7397,#7398,#7399,#7400,#7401,#7402,
#7403,#7404,#7405,#7406,#7407,#7408,#7409,#7410));
#1289=EDGE_LOOP('',(#7411,#7412,#7413,#7414));
#1290=EDGE_LOOP('',(#7415,#7416,#7417,#7418));
#1291=EDGE_LOOP('',(#7419,#7420,#7421,#7422));
#1292=EDGE_LOOP('',(#7423));
#1293=EDGE_LOOP('',(#7424,#7425,#7426,#7427));
#1294=EDGE_LOOP('',(#7428,#7429,#7430,#7431));
#1295=EDGE_LOOP('',(#7432,#7433,#7434,#7435));
#1296=EDGE_LOOP('',(#7436,#7437,#7438,#7439));
#1297=EDGE_LOOP('',(#7440,#7441,#7442,#7443));
#1298=EDGE_LOOP('',(#7444,#7445,#7446,#7447));
#1299=EDGE_LOOP('',(#7448,#7449,#7450,#7451));
#1300=EDGE_LOOP('',(#7452,#7453,#7454,#7455));
#1301=EDGE_LOOP('',(#7456,#7457,#7458,#7459));
#1302=EDGE_LOOP('',(#7460,#7461,#7462,#7463));
#1303=EDGE_LOOP('',(#7464,#7465,#7466,#7467));
#1304=EDGE_LOOP('',(#7468,#7469,#7470,#7471));
#1305=EDGE_LOOP('',(#7472,#7473,#7474,#7475));
#1306=EDGE_LOOP('',(#7476,#7477,#7478,#7479));
#1307=EDGE_LOOP('',(#7480,#7481,#7482,#7483));
#1308=EDGE_LOOP('',(#7484,#7485,#7486,#7487));
#1309=EDGE_LOOP('',(#7488,#7489,#7490,#7491));
#1310=EDGE_LOOP('',(#7492,#7493,#7494,#7495));
#1311=EDGE_LOOP('',(#7496));
#1312=EDGE_LOOP('',(#7497,#7498,#7499,#7500));
#1313=EDGE_LOOP('',(#7501,#7502,#7503,#7504));
#1314=EDGE_LOOP('',(#7505));
#1315=EDGE_LOOP('',(#7506,#7507,#7508,#7509));
#1316=EDGE_LOOP('',(#7510,#7511,#7512,#7513));
#1317=EDGE_LOOP('',(#7514));
#1318=EDGE_LOOP('',(#7515,#7516,#7517,#7518));
#1319=EDGE_LOOP('',(#7519));
#1320=EDGE_LOOP('',(#7520));
#1321=EDGE_LOOP('',(#7521));
#1322=EDGE_LOOP('',(#7522));
#1323=EDGE_LOOP('',(#7523));
#1324=EDGE_LOOP('',(#7524));
#1325=EDGE_LOOP('',(#7525,#7526,#7527,#7528));
#1326=EDGE_LOOP('',(#7529,#7530,#7531,#7532));
#1327=EDGE_LOOP('',(#7533,#7534,#7535,#7536));
#1328=EDGE_LOOP('',(#7537,#7538,#7539,#7540));
#1329=EDGE_LOOP('',(#7541,#7542,#7543,#7544));
#1330=EDGE_LOOP('',(#7545,#7546,#7547,#7548));
#1331=EDGE_LOOP('',(#7549,#7550,#7551,#7552));
#1332=EDGE_LOOP('',(#7553,#7554,#7555,#7556));
#1333=EDGE_LOOP('',(#7557,#7558,#7559,#7560));
#1334=EDGE_LOOP('',(#7561,#7562,#7563,#7564));
#1335=EDGE_LOOP('',(#7565,#7566,#7567,#7568));
#1336=EDGE_LOOP('',(#7569,#7570,#7571,#7572));
#1337=EDGE_LOOP('',(#7573,#7574,#7575,#7576));
#1338=EDGE_LOOP('',(#7577,#7578,#7579,#7580));
#1339=EDGE_LOOP('',(#7581,#7582,#7583,#7584));
#1340=EDGE_LOOP('',(#7585,#7586,#7587,#7588));
#1341=EDGE_LOOP('',(#7589,#7590,#7591,#7592));
#1342=EDGE_LOOP('',(#7593,#7594,#7595,#7596));
#1343=EDGE_LOOP('',(#7597,#7598,#7599,#7600));
#1344=EDGE_LOOP('',(#7601,#7602,#7603,#7604));
#1345=EDGE_LOOP('',(#7605,#7606,#7607,#7608));
#1346=EDGE_LOOP('',(#7609,#7610,#7611,#7612));
#1347=EDGE_LOOP('',(#7613,#7614,#7615,#7616));
#1348=EDGE_LOOP('',(#7617,#7618,#7619,#7620));
#1349=EDGE_LOOP('',(#7621,#7622,#7623,#7624));
#1350=EDGE_LOOP('',(#7625,#7626,#7627,#7628));
#1351=EDGE_LOOP('',(#7629,#7630,#7631,#7632));
#1352=EDGE_LOOP('',(#7633,#7634,#7635,#7636));
#1353=EDGE_LOOP('',(#7637,#7638,#7639,#7640));
#1354=EDGE_LOOP('',(#7641,#7642,#7643,#7644));
#1355=EDGE_LOOP('',(#7645,#7646,#7647,#7648));
#1356=EDGE_LOOP('',(#7649,#7650,#7651,#7652));
#1357=EDGE_LOOP('',(#7653,#7654,#7655,#7656));
#1358=EDGE_LOOP('',(#7657,#7658,#7659,#7660));
#1359=EDGE_LOOP('',(#7661,#7662,#7663,#7664));
#1360=EDGE_LOOP('',(#7665,#7666,#7667,#7668));
#1361=EDGE_LOOP('',(#7669,#7670,#7671,#7672));
#1362=EDGE_LOOP('',(#7673,#7674,#7675,#7676));
#1363=EDGE_LOOP('',(#7677,#7678,#7679,#7680));
#1364=EDGE_LOOP('',(#7681,#7682,#7683,#7684));
#1365=EDGE_LOOP('',(#7685,#7686,#7687,#7688));
#1366=EDGE_LOOP('',(#7689,#7690,#7691,#7692));
#1367=EDGE_LOOP('',(#7693,#7694,#7695,#7696));
#1368=EDGE_LOOP('',(#7697,#7698,#7699,#7700));
#1369=EDGE_LOOP('',(#7701,#7702,#7703,#7704));
#1370=EDGE_LOOP('',(#7705,#7706,#7707,#7708));
#1371=EDGE_LOOP('',(#7709,#7710,#7711,#7712));
#1372=EDGE_LOOP('',(#7713,#7714,#7715,#7716));
#1373=EDGE_LOOP('',(#7717,#7718,#7719,#7720));
#1374=EDGE_LOOP('',(#7721,#7722,#7723,#7724));
#1375=EDGE_LOOP('',(#7725,#7726,#7727,#7728));
#1376=EDGE_LOOP('',(#7729,#7730,#7731,#7732));
#1377=EDGE_LOOP('',(#7733,#7734,#7735,#7736));
#1378=EDGE_LOOP('',(#7737,#7738,#7739,#7740));
#1379=EDGE_LOOP('',(#7741,#7742,#7743,#7744));
#1380=EDGE_LOOP('',(#7745,#7746,#7747,#7748));
#1381=EDGE_LOOP('',(#7749,#7750,#7751,#7752));
#1382=EDGE_LOOP('',(#7753,#7754,#7755,#7756));
#1383=EDGE_LOOP('',(#7757,#7758,#7759,#7760));
#1384=EDGE_LOOP('',(#7761,#7762,#7763,#7764));
#1385=EDGE_LOOP('',(#7765,#7766,#7767,#7768));
#1386=EDGE_LOOP('',(#7769,#7770,#7771,#7772));
#1387=EDGE_LOOP('',(#7773,#7774,#7775,#7776));
#1388=EDGE_LOOP('',(#7777,#7778,#7779,#7780));
#1389=EDGE_LOOP('',(#7781,#7782,#7783,#7784));
#1390=EDGE_LOOP('',(#7785,#7786,#7787,#7788));
#1391=EDGE_LOOP('',(#7789,#7790,#7791,#7792));
#1392=EDGE_LOOP('',(#7793,#7794,#7795,#7796));
#1393=EDGE_LOOP('',(#7797,#7798,#7799,#7800));
#1394=EDGE_LOOP('',(#7801,#7802,#7803,#7804));
#1395=EDGE_LOOP('',(#7805,#7806,#7807,#7808));
#1396=EDGE_LOOP('',(#7809,#7810,#7811,#7812));
#1397=EDGE_LOOP('',(#7813,#7814,#7815,#7816));
#1398=EDGE_LOOP('',(#7817,#7818,#7819,#7820));
#1399=EDGE_LOOP('',(#7821,#7822,#7823,#7824));
#1400=EDGE_LOOP('',(#7825,#7826,#7827,#7828));
#1401=EDGE_LOOP('',(#7829,#7830,#7831,#7832));
#1402=EDGE_LOOP('',(#7833,#7834,#7835,#7836));
#1403=EDGE_LOOP('',(#7837,#7838,#7839,#7840));
#1404=EDGE_LOOP('',(#7841,#7842,#7843,#7844));
#1405=EDGE_LOOP('',(#7845,#7846,#7847,#7848));
#1406=EDGE_LOOP('',(#7849,#7850,#7851,#7852));
#1407=EDGE_LOOP('',(#7853,#7854,#7855,#7856));
#1408=EDGE_LOOP('',(#7857,#7858,#7859,#7860));
#1409=EDGE_LOOP('',(#7861,#7862,#7863,#7864));
#1410=EDGE_LOOP('',(#7865,#7866,#7867,#7868));
#1411=EDGE_LOOP('',(#7869,#7870,#7871,#7872));
#1412=EDGE_LOOP('',(#7873,#7874,#7875,#7876));
#1413=EDGE_LOOP('',(#7877,#7878,#7879,#7880));
#1414=EDGE_LOOP('',(#7881,#7882,#7883,#7884));
#1415=EDGE_LOOP('',(#7885,#7886,#7887,#7888));
#1416=EDGE_LOOP('',(#7889,#7890,#7891,#7892));
#1417=EDGE_LOOP('',(#7893,#7894,#7895,#7896));
#1418=EDGE_LOOP('',(#7897,#7898,#7899,#7900));
#1419=EDGE_LOOP('',(#7901,#7902,#7903,#7904));
#1420=EDGE_LOOP('',(#7905,#7906,#7907,#7908));
#1421=EDGE_LOOP('',(#7909,#7910,#7911,#7912));
#1422=EDGE_LOOP('',(#7913,#7914,#7915,#7916));
#1423=EDGE_LOOP('',(#7917,#7918,#7919,#7920));
#1424=EDGE_LOOP('',(#7921,#7922,#7923,#7924));
#1425=EDGE_LOOP('',(#7925,#7926,#7927,#7928));
#1426=EDGE_LOOP('',(#7929,#7930,#7931,#7932));
#1427=EDGE_LOOP('',(#7933,#7934,#7935,#7936));
#1428=EDGE_LOOP('',(#7937,#7938,#7939,#7940));
#1429=EDGE_LOOP('',(#7941,#7942,#7943,#7944));
#1430=EDGE_LOOP('',(#7945,#7946,#7947,#7948));
#1431=EDGE_LOOP('',(#7949,#7950,#7951,#7952));
#1432=EDGE_LOOP('',(#7953,#7954,#7955,#7956));
#1433=EDGE_LOOP('',(#7957,#7958,#7959,#7960));
#1434=EDGE_LOOP('',(#7961,#7962,#7963,#7964));
#1435=EDGE_LOOP('',(#7965,#7966,#7967,#7968));
#1436=EDGE_LOOP('',(#7969,#7970,#7971,#7972));
#1437=EDGE_LOOP('',(#7973,#7974,#7975,#7976));
#1438=EDGE_LOOP('',(#7977,#7978,#7979,#7980));
#1439=EDGE_LOOP('',(#7981,#7982,#7983,#7984));
#1440=EDGE_LOOP('',(#7985,#7986,#7987,#7988));
#1441=EDGE_LOOP('',(#7989,#7990,#7991,#7992));
#1442=EDGE_LOOP('',(#7993,#7994,#7995,#7996));
#1443=EDGE_LOOP('',(#7997,#7998,#7999,#8000));
#1444=EDGE_LOOP('',(#8001,#8002,#8003,#8004));
#1445=EDGE_LOOP('',(#8005,#8006,#8007,#8008));
#1446=EDGE_LOOP('',(#8009,#8010,#8011,#8012));
#1447=EDGE_LOOP('',(#8013,#8014,#8015,#8016));
#1448=EDGE_LOOP('',(#8017,#8018,#8019,#8020));
#1449=EDGE_LOOP('',(#8021,#8022,#8023,#8024));
#1450=EDGE_LOOP('',(#8025,#8026,#8027,#8028));
#1451=EDGE_LOOP('',(#8029,#8030,#8031,#8032));
#1452=EDGE_LOOP('',(#8033,#8034,#8035,#8036));
#1453=EDGE_LOOP('',(#8037,#8038,#8039,#8040));
#1454=EDGE_LOOP('',(#8041,#8042,#8043,#8044));
#1455=EDGE_LOOP('',(#8045,#8046,#8047,#8048));
#1456=EDGE_LOOP('',(#8049,#8050,#8051,#8052));
#1457=EDGE_LOOP('',(#8053,#8054,#8055,#8056));
#1458=EDGE_LOOP('',(#8057,#8058,#8059,#8060));
#1459=EDGE_LOOP('',(#8061,#8062,#8063,#8064));
#1460=EDGE_LOOP('',(#8065,#8066,#8067,#8068,#8069,#8070,#8071,#8072,#8073,
#8074,#8075,#8076,#8077,#8078,#8079,#8080,#8081,#8082,#8083,#8084,#8085,
#8086,#8087,#8088,#8089,#8090,#8091,#8092,#8093));
#1461=EDGE_LOOP('',(#8094,#8095,#8096,#8097));
#1462=EDGE_LOOP('',(#8098));
#1463=EDGE_LOOP('',(#8099,#8100,#8101,#8102));
#1464=EDGE_LOOP('',(#8103,#8104,#8105,#8106));
#1465=EDGE_LOOP('',(#8107));
#1466=EDGE_LOOP('',(#8108,#8109,#8110,#8111));
#1467=EDGE_LOOP('',(#8112,#8113,#8114,#8115));
#1468=EDGE_LOOP('',(#8116));
#1469=EDGE_LOOP('',(#8117,#8118,#8119,#8120));
#1470=EDGE_LOOP('',(#8121,#8122,#8123,#8124));
#1471=EDGE_LOOP('',(#8125,#8126,#8127,#8128));
#1472=EDGE_LOOP('',(#8129,#8130,#8131,#8132));
#1473=EDGE_LOOP('',(#8133,#8134,#8135,#8136));
#1474=EDGE_LOOP('',(#8137,#8138,#8139,#8140));
#1475=EDGE_LOOP('',(#8141,#8142,#8143,#8144));
#1476=EDGE_LOOP('',(#8145,#8146,#8147,#8148));
#1477=EDGE_LOOP('',(#8149,#8150,#8151,#8152));
#1478=EDGE_LOOP('',(#8153,#8154,#8155,#8156));
#1479=EDGE_LOOP('',(#8157,#8158,#8159,#8160));
#1480=EDGE_LOOP('',(#8161,#8162,#8163,#8164));
#1481=EDGE_LOOP('',(#8165,#8166,#8167,#8168));
#1482=EDGE_LOOP('',(#8169,#8170,#8171,#8172));
#1483=EDGE_LOOP('',(#8173,#8174,#8175,#8176));
#1484=EDGE_LOOP('',(#8177,#8178,#8179,#8180));
#1485=EDGE_LOOP('',(#8181,#8182,#8183,#8184));
#1486=EDGE_LOOP('',(#8185,#8186,#8187,#8188));
#1487=EDGE_LOOP('',(#8189));
#1488=EDGE_LOOP('',(#8190,#8191,#8192,#8193));
#1489=EDGE_LOOP('',(#8194,#8195,#8196,#8197));
#1490=EDGE_LOOP('',(#8198,#8199,#8200,#8201));
#1491=EDGE_LOOP('',(#8202));
#1492=EDGE_LOOP('',(#8203));
#1493=EDGE_LOOP('',(#8204));
#1494=EDGE_LOOP('',(#8205));
#1495=EDGE_LOOP('',(#8206));
#1496=EDGE_LOOP('',(#8207));
#1497=EDGE_LOOP('',(#8208,#8209,#8210,#8211));
#1498=EDGE_LOOP('',(#8212,#8213,#8214,#8215));
#1499=EDGE_LOOP('',(#8216,#8217,#8218,#8219));
#1500=EDGE_LOOP('',(#8220,#8221,#8222,#8223));
#1501=EDGE_LOOP('',(#8224,#8225,#8226,#8227));
#1502=EDGE_LOOP('',(#8228,#8229,#8230,#8231));
#1503=EDGE_LOOP('',(#8232,#8233,#8234,#8235,#8236,#8237,#8238,#8239,#8240,
#8241,#8242,#8243,#8244,#8245,#8246,#8247,#8248,#8249,#8250,#8251,#8252,
#8253,#8254,#8255,#8256,#8257,#8258,#8259,#8260));
#1504=EDGE_LOOP('',(#8261,#8262,#8263,#8264));
#1505=EDGE_LOOP('',(#8265));
#1506=EDGE_LOOP('',(#8266));
#1507=EDGE_LOOP('',(#8267,#8268,#8269,#8270));
#1508=EDGE_LOOP('',(#8271,#8272,#8273,#8274));
#1509=EDGE_LOOP('',(#8275,#8276,#8277,#8278));
#1510=EDGE_LOOP('',(#8279,#8280,#8281,#8282));
#1511=EDGE_LOOP('',(#8283,#8284,#8285,#8286));
#1512=EDGE_LOOP('',(#8287));
#1513=EDGE_LOOP('',(#8288));
#1514=EDGE_LOOP('',(#8289));
#1515=EDGE_LOOP('',(#8290));
#1516=EDGE_LOOP('',(#8291));
#1517=EDGE_LOOP('',(#8292,#8293,#8294,#8295));
#1518=EDGE_LOOP('',(#8296,#8297,#8298,#8299));
#1519=EDGE_LOOP('',(#8300,#8301,#8302,#8303));
#1520=EDGE_LOOP('',(#8304,#8305,#8306,#8307));
#1521=EDGE_LOOP('',(#8308,#8309,#8310,#8311));
#1522=EDGE_LOOP('',(#8312,#8313,#8314,#8315));
#1523=EDGE_LOOP('',(#8316,#8317,#8318,#8319));
#1524=EDGE_LOOP('',(#8320,#8321,#8322,#8323));
#1525=EDGE_LOOP('',(#8324,#8325,#8326,#8327));
#1526=EDGE_LOOP('',(#8328,#8329,#8330,#8331));
#1527=EDGE_LOOP('',(#8332,#8333,#8334,#8335));
#1528=EDGE_LOOP('',(#8336,#8337,#8338,#8339));
#1529=EDGE_LOOP('',(#8340,#8341,#8342,#8343));
#1530=EDGE_LOOP('',(#8344,#8345,#8346,#8347));
#1531=EDGE_LOOP('',(#8348,#8349,#8350,#8351));
#1532=EDGE_LOOP('',(#8352,#8353,#8354,#8355));
#1533=EDGE_LOOP('',(#8356,#8357,#8358,#8359));
#1534=EDGE_LOOP('',(#8360,#8361,#8362,#8363));
#1535=EDGE_LOOP('',(#8364,#8365,#8366,#8367));
#1536=EDGE_LOOP('',(#8368,#8369,#8370,#8371));
#1537=EDGE_LOOP('',(#8372,#8373,#8374,#8375));
#1538=EDGE_LOOP('',(#8376,#8377,#8378,#8379));
#1539=EDGE_LOOP('',(#8380,#8381,#8382,#8383));
#1540=EDGE_LOOP('',(#8384,#8385,#8386,#8387));
#1541=EDGE_LOOP('',(#8388,#8389,#8390,#8391));
#1542=EDGE_LOOP('',(#8392,#8393,#8394,#8395));
#1543=EDGE_LOOP('',(#8396,#8397,#8398,#8399));
#1544=EDGE_LOOP('',(#8400,#8401,#8402,#8403));
#1545=EDGE_LOOP('',(#8404,#8405,#8406,#8407));
#1546=EDGE_LOOP('',(#8408,#8409,#8410,#8411));
#1547=EDGE_LOOP('',(#8412,#8413,#8414,#8415));
#1548=EDGE_LOOP('',(#8416,#8417,#8418,#8419));
#1549=EDGE_LOOP('',(#8420,#8421,#8422,#8423));
#1550=EDGE_LOOP('',(#8424,#8425,#8426,#8427));
#1551=EDGE_LOOP('',(#8428,#8429,#8430,#8431));
#1552=EDGE_LOOP('',(#8432,#8433,#8434,#8435));
#1553=EDGE_LOOP('',(#8436,#8437,#8438,#8439));
#1554=EDGE_LOOP('',(#8440,#8441,#8442,#8443));
#1555=EDGE_LOOP('',(#8444,#8445,#8446,#8447));
#1556=EDGE_LOOP('',(#8448,#8449,#8450,#8451));
#1557=EDGE_LOOP('',(#8452,#8453,#8454,#8455));
#1558=EDGE_LOOP('',(#8456,#8457,#8458,#8459));
#1559=EDGE_LOOP('',(#8460,#8461,#8462,#8463));
#1560=EDGE_LOOP('',(#8464,#8465,#8466,#8467));
#1561=EDGE_LOOP('',(#8468,#8469,#8470,#8471));
#1562=EDGE_LOOP('',(#8472,#8473,#8474,#8475));
#1563=EDGE_LOOP('',(#8476,#8477,#8478,#8479));
#1564=EDGE_LOOP('',(#8480,#8481,#8482,#8483));
#1565=EDGE_LOOP('',(#8484,#8485,#8486,#8487));
#1566=EDGE_LOOP('',(#8488,#8489,#8490,#8491));
#1567=EDGE_LOOP('',(#8492,#8493,#8494,#8495));
#1568=EDGE_LOOP('',(#8496,#8497,#8498,#8499));
#1569=EDGE_LOOP('',(#8500,#8501,#8502,#8503));
#1570=EDGE_LOOP('',(#8504,#8505,#8506,#8507));
#1571=EDGE_LOOP('',(#8508,#8509,#8510,#8511,#8512,#8513,#8514,#8515,#8516,
#8517,#8518,#8519,#8520,#8521,#8522,#8523,#8524,#8525,#8526,#8527,#8528,
#8529,#8530,#8531,#8532,#8533,#8534,#8535,#8536));
#1572=EDGE_LOOP('',(#8537));
#1573=EDGE_LOOP('',(#8538,#8539,#8540,#8541));
#1574=EDGE_LOOP('',(#8542,#8543,#8544,#8545));
#1575=EDGE_LOOP('',(#8546,#8547,#8548,#8549));
#1576=EDGE_LOOP('',(#8550,#8551,#8552,#8553));
#1577=EDGE_LOOP('',(#8554,#8555,#8556,#8557));
#1578=EDGE_LOOP('',(#8558));
#1579=EDGE_LOOP('',(#8559));
#1580=EDGE_LOOP('',(#8560,#8561,#8562,#8563));
#1581=EDGE_LOOP('',(#8564));
#1582=EDGE_LOOP('',(#8565));
#1583=EDGE_LOOP('',(#8566));
#1584=EDGE_LOOP('',(#8567));
#1585=EDGE_LOOP('',(#8568,#8569,#8570,#8571));
#1586=EDGE_LOOP('',(#8572));
#1587=EDGE_LOOP('',(#8573));
#1588=EDGE_LOOP('',(#8574,#8575,#8576,#8577));
#1589=EDGE_LOOP('',(#8578));
#1590=EDGE_LOOP('',(#8579));
#1591=EDGE_LOOP('',(#8580,#8581,#8582,#8583));
#1592=EDGE_LOOP('',(#8584));
#1593=EDGE_LOOP('',(#8585,#8586,#8587,#8588));
#1594=EDGE_LOOP('',(#8589));
#1595=EDGE_LOOP('',(#8590,#8591));
#1596=EDGE_LOOP('',(#8592,#8593,#8594,#8595));
#1597=EDGE_LOOP('',(#8596,#8597));
#1598=EDGE_LOOP('',(#8598,#8599,#8600,#8601));
#1599=EDGE_LOOP('',(#8602));
#1600=EDGE_LOOP('',(#8603));
#1601=EDGE_LOOP('',(#8604,#8605,#8606,#8607));
#1602=EDGE_LOOP('',(#8608));
#1603=EDGE_LOOP('',(#8609));
#1604=EDGE_LOOP('',(#8610,#8611,#8612,#8613));
#1605=EDGE_LOOP('',(#8614));
#1606=EDGE_LOOP('',(#8615));
#1607=EDGE_LOOP('',(#8616,#8617,#8618,#8619));
#1608=EDGE_LOOP('',(#8620));
#1609=EDGE_LOOP('',(#8621));
#1610=EDGE_LOOP('',(#8622,#8623,#8624,#8625));
#1611=EDGE_LOOP('',(#8626));
#1612=EDGE_LOOP('',(#8627));
#1613=EDGE_LOOP('',(#8628,#8629,#8630,#8631));
#1614=EDGE_LOOP('',(#8632));
#1615=EDGE_LOOP('',(#8633));
#1616=EDGE_LOOP('',(#8634,#8635,#8636,#8637));
#1617=EDGE_LOOP('',(#8638));
#1618=EDGE_LOOP('',(#8639));
#1619=EDGE_LOOP('',(#8640,#8641,#8642,#8643));
#1620=EDGE_LOOP('',(#8644));
#1621=EDGE_LOOP('',(#8645));
#1622=EDGE_LOOP('',(#8646,#8647,#8648,#8649));
#1623=EDGE_LOOP('',(#8650));
#1624=EDGE_LOOP('',(#8651));
#1625=EDGE_LOOP('',(#8652,#8653,#8654,#8655));
#1626=EDGE_LOOP('',(#8656));
#1627=EDGE_LOOP('',(#8657));
#1628=EDGE_LOOP('',(#8658,#8659,#8660,#8661));
#1629=EDGE_LOOP('',(#8662));
#1630=EDGE_LOOP('',(#8663));
#1631=EDGE_LOOP('',(#8664,#8665,#8666,#8667));
#1632=EDGE_LOOP('',(#8668));
#1633=EDGE_LOOP('',(#8669));
#1634=EDGE_LOOP('',(#8670,#8671,#8672,#8673));
#1635=EDGE_LOOP('',(#8674));
#1636=EDGE_LOOP('',(#8675));
#1637=EDGE_LOOP('',(#8676,#8677,#8678,#8679));
#1638=EDGE_LOOP('',(#8680,#8681,#8682,#8683));
#1639=EDGE_LOOP('',(#8684,#8685,#8686,#8687));
#1640=EDGE_LOOP('',(#8688,#8689,#8690,#8691));
#1641=EDGE_LOOP('',(#8692,#8693,#8694,#8695));
#1642=EDGE_LOOP('',(#8696,#8697,#8698,#8699));
#1643=EDGE_LOOP('',(#8700,#8701,#8702,#8703));
#1644=EDGE_LOOP('',(#8704,#8705,#8706,#8707));
#1645=EDGE_LOOP('',(#8708,#8709,#8710,#8711));
#1646=EDGE_LOOP('',(#8712));
#1647=EDGE_LOOP('',(#8713,#8714,#8715,#8716));
#1648=EDGE_LOOP('',(#8717));
#1649=EDGE_LOOP('',(#8718,#8719,#8720,#8721));
#1650=EDGE_LOOP('',(#8722));
#1651=EDGE_LOOP('',(#8723,#8724,#8725,#8726));
#1652=EDGE_LOOP('',(#8727));
#1653=EDGE_LOOP('',(#8728,#8729,#8730,#8731));
#1654=EDGE_LOOP('',(#8732));
#1655=EDGE_LOOP('',(#8733,#8734,#8735,#8736));
#1656=EDGE_LOOP('',(#8737));
#1657=EDGE_LOOP('',(#8738,#8739,#8740,#8741));
#1658=EDGE_LOOP('',(#8742,#8743,#8744,#8745,#8746,#8747,#8748,#8749,#8750,
#8751,#8752,#8753,#8754,#8755,#8756));
#1659=EDGE_LOOP('',(#8757));
#1660=EDGE_LOOP('',(#8758));
#1661=EDGE_LOOP('',(#8759,#8760,#8761,#8762));
#1662=EDGE_LOOP('',(#8763,#8764,#8765,#8766));
#1663=EDGE_LOOP('',(#8767,#8768,#8769,#8770,#8771,#8772,#8773,#8774,#8775,
#8776,#8777));
#1664=EDGE_LOOP('',(#8778,#8779,#8780,#8781,#8782));
#1665=EDGE_LOOP('',(#8783,#8784,#8785,#8786,#8787,#8788,#8789,#8790,#8791,
#8792));
#1666=EDGE_LOOP('',(#8793,#8794,#8795,#8796));
#1667=EDGE_LOOP('',(#8797,#8798,#8799,#8800));
#1668=EDGE_LOOP('',(#8801,#8802,#8803,#8804));
#1669=EDGE_LOOP('',(#8805,#8806,#8807,#8808));
#1670=EDGE_LOOP('',(#8809,#8810,#8811,#8812,#8813,#8814,#8815,#8816,#8817,
#8818,#8819,#8820,#8821,#8822));
#1671=EDGE_LOOP('',(#8823));
#1672=EDGE_LOOP('',(#8824));
#1673=EDGE_LOOP('',(#8825));
#1674=EDGE_LOOP('',(#8826,#8827,#8828,#8829,#8830,#8831,#8832));
#1675=EDGE_LOOP('',(#8833,#8834,#8835,#8836,#8837,#8838,#8839,#8840));
#1676=EDGE_LOOP('',(#8841));
#1677=EDGE_LOOP('',(#8842,#8843,#8844,#8845,#8846,#8847));
#1678=EDGE_LOOP('',(#8848,#8849,#8850,#8851));
#1679=EDGE_LOOP('',(#8852,#8853,#8854,#8855));
#1680=EDGE_LOOP('',(#8856,#8857,#8858,#8859));
#1681=EDGE_LOOP('',(#8860,#8861,#8862,#8863));
#1682=EDGE_LOOP('',(#8864,#8865,#8866,#8867));
#1683=EDGE_LOOP('',(#8868,#8869,#8870,#8871));
#1684=EDGE_LOOP('',(#8872,#8873,#8874,#8875));
#1685=EDGE_LOOP('',(#8876,#8877,#8878,#8879));
#1686=EDGE_LOOP('',(#8880,#8881,#8882,#8883));
#1687=EDGE_LOOP('',(#8884,#8885,#8886,#8887));
#1688=EDGE_LOOP('',(#8888,#8889,#8890,#8891));
#1689=EDGE_LOOP('',(#8892,#8893,#8894,#8895,#8896));
#1690=EDGE_LOOP('',(#8897,#8898,#8899,#8900));
#1691=EDGE_LOOP('',(#8901,#8902,#8903,#8904));
#1692=EDGE_LOOP('',(#8905,#8906,#8907,#8908,#8909));
#1693=EDGE_LOOP('',(#8910,#8911,#8912,#8913,#8914,#8915,#8916,#8917,#8918,
#8919,#8920,#8921,#8922,#8923,#8924,#8925,#8926));
#1694=EDGE_LOOP('',(#8927,#8928,#8929,#8930));
#1695=EDGE_LOOP('',(#8931,#8932,#8933,#8934));
#1696=EDGE_LOOP('',(#8935,#8936,#8937,#8938,#8939,#8940,#8941,#8942,#8943));
#1697=EDGE_LOOP('',(#8944,#8945,#8946,#8947,#8948,#8949,#8950,#8951,#8952,
#8953));
#1698=EDGE_LOOP('',(#8954,#8955,#8956,#8957));
#1699=EDGE_LOOP('',(#8958,#8959,#8960,#8961,#8962,#8963,#8964,#8965,#8966,
#8967,#8968,#8969));
#1700=EDGE_LOOP('',(#8970,#8971,#8972,#8973));
#1701=EDGE_LOOP('',(#8974,#8975,#8976,#8977));
#1702=EDGE_LOOP('',(#8978));
#1703=EDGE_LOOP('',(#8979,#8980,#8981,#8982));
#1704=EDGE_LOOP('',(#8983));
#1705=EDGE_LOOP('',(#8984,#8985,#8986,#8987));
#1706=EDGE_LOOP('',(#8988));
#1707=EDGE_LOOP('',(#8989,#8990,#8991,#8992,#8993,#8994,#8995,#8996));
#1708=EDGE_LOOP('',(#8997,#8998,#8999,#9000));
#1709=EDGE_LOOP('',(#9001,#9002,#9003,#9004));
#1710=EDGE_LOOP('',(#9005,#9006,#9007,#9008));
#1711=EDGE_LOOP('',(#9009,#9010,#9011,#9012));
#1712=EDGE_LOOP('',(#9013));
#1713=EDGE_LOOP('',(#9014,#9015,#9016,#9017));
#1714=EDGE_LOOP('',(#9018));
#1715=EDGE_LOOP('',(#9019,#9020,#9021,#9022));
#1716=EDGE_LOOP('',(#9023));
#1717=EDGE_LOOP('',(#9024,#9025,#9026,#9027));
#1718=EDGE_LOOP('',(#9028));
#1719=EDGE_LOOP('',(#9029,#9030,#9031,#9032,#9033,#9034,#9035,#9036,#9037,
#9038,#9039,#9040,#9041,#9042));
#1720=EDGE_LOOP('',(#9043));
#1721=EDGE_LOOP('',(#9044));
#1722=EDGE_LOOP('',(#9045,#9046,#9047,#9048));
#1723=EDGE_LOOP('',(#9049,#9050,#9051,#9052));
#1724=EDGE_LOOP('',(#9053,#9054,#9055,#9056));
#1725=EDGE_LOOP('',(#9057,#9058,#9059,#9060,#9061,#9062,#9063,#9064,#9065,
#9066,#9067,#9068));
#1726=EDGE_LOOP('',(#9069,#9070,#9071,#9072,#9073));
#1727=EDGE_LOOP('',(#9074,#9075,#9076));
#1728=EDGE_LOOP('',(#9077,#9078,#9079,#9080,#9081,#9082,#9083,#9084,#9085,
#9086));
#1729=EDGE_LOOP('',(#9087,#9088,#9089,#9090,#9091,#9092,#9093,#9094,#9095,
#9096,#9097,#9098,#9099,#9100,#9101,#9102,#9103,#9104,#9105,#9106,#9107,
#9108,#9109,#9110,#9111,#9112,#9113,#9114,#9115,#9116,#9117,#9118));
#1730=EDGE_LOOP('',(#9119,#9120,#9121,#9122));
#1731=EDGE_LOOP('',(#9123,#9124,#9125,#9126,#9127));
#1732=EDGE_LOOP('',(#9128,#9129,#9130,#9131));
#1733=EDGE_LOOP('',(#9132,#9133,#9134,#9135));
#1734=EDGE_LOOP('',(#9136,#9137,#9138,#9139,#9140,#9141,#9142,#9143,#9144));
#1735=EDGE_LOOP('',(#9145,#9146,#9147,#9148,#9149,#9150,#9151,#9152,#9153));
#1736=EDGE_LOOP('',(#9154,#9155,#9156,#9157));
#1737=EDGE_LOOP('',(#9158,#9159,#9160,#9161,#9162));
#1738=EDGE_LOOP('',(#9163,#9164,#9165,#9166));
#1739=EDGE_LOOP('',(#9167,#9168,#9169,#9170));
#1740=EDGE_LOOP('',(#9171,#9172,#9173,#9174));
#1741=EDGE_LOOP('',(#9175,#9176,#9177,#9178));
#1742=EDGE_LOOP('',(#9179,#9180,#9181,#9182));
#1743=EDGE_LOOP('',(#9183,#9184,#9185,#9186));
#1744=EDGE_LOOP('',(#9187,#9188,#9189,#9190));
#1745=EDGE_LOOP('',(#9191,#9192,#9193,#9194));
#1746=EDGE_LOOP('',(#9195,#9196,#9197,#9198));
#1747=EDGE_LOOP('',(#9199,#9200,#9201,#9202));
#1748=EDGE_LOOP('',(#9203,#9204,#9205,#9206));
#1749=EDGE_LOOP('',(#9207,#9208,#9209,#9210));
#1750=EDGE_LOOP('',(#9211,#9212,#9213,#9214));
#1751=EDGE_LOOP('',(#9215,#9216,#9217,#9218));
#1752=EDGE_LOOP('',(#9219,#9220,#9221,#9222));
#1753=EDGE_LOOP('',(#9223,#9224,#9225,#9226));
#1754=EDGE_LOOP('',(#9227,#9228,#9229,#9230));
#1755=EDGE_LOOP('',(#9231,#9232,#9233,#9234));
#1756=EDGE_LOOP('',(#9235,#9236,#9237,#9238));
#1757=EDGE_LOOP('',(#9239,#9240,#9241,#9242));
#1758=EDGE_LOOP('',(#9243,#9244,#9245,#9246));
#1759=EDGE_LOOP('',(#9247,#9248,#9249,#9250));
#1760=EDGE_LOOP('',(#9251,#9252,#9253,#9254));
#1761=EDGE_LOOP('',(#9255,#9256,#9257,#9258));
#1762=EDGE_LOOP('',(#9259,#9260,#9261,#9262));
#1763=EDGE_LOOP('',(#9263,#9264,#9265,#9266));
#1764=EDGE_LOOP('',(#9267,#9268,#9269,#9270));
#1765=EDGE_LOOP('',(#9271,#9272,#9273,#9274));
#1766=EDGE_LOOP('',(#9275,#9276,#9277,#9278));
#1767=EDGE_LOOP('',(#9279,#9280,#9281,#9282));
#1768=EDGE_LOOP('',(#9283,#9284,#9285,#9286));
#1769=EDGE_LOOP('',(#9287,#9288,#9289,#9290));
#1770=EDGE_LOOP('',(#9291,#9292,#9293,#9294));
#1771=EDGE_LOOP('',(#9295,#9296,#9297,#9298));
#1772=EDGE_LOOP('',(#9299,#9300,#9301,#9302));
#1773=EDGE_LOOP('',(#9303,#9304,#9305,#9306));
#1774=EDGE_LOOP('',(#9307,#9308,#9309,#9310));
#1775=EDGE_LOOP('',(#9311,#9312,#9313,#9314));
#1776=EDGE_LOOP('',(#9315,#9316,#9317,#9318));
#1777=EDGE_LOOP('',(#9319,#9320,#9321,#9322));
#1778=EDGE_LOOP('',(#9323,#9324,#9325,#9326));
#1779=EDGE_LOOP('',(#9327,#9328,#9329,#9330));
#1780=EDGE_LOOP('',(#9331,#9332,#9333,#9334));
#1781=EDGE_LOOP('',(#9335,#9336,#9337,#9338,#9339));
#1782=EDGE_LOOP('',(#9340,#9341,#9342,#9343));
#1783=EDGE_LOOP('',(#9344,#9345,#9346,#9347,#9348));
#1784=EDGE_LOOP('',(#9349,#9350,#9351));
#1785=EDGE_LOOP('',(#9352,#9353,#9354,#9355,#9356,#9357,#9358,#9359,#9360));
#1786=EDGE_LOOP('',(#9361,#9362,#9363,#9364,#9365,#9366,#9367,#9368,#9369,
#9370,#9371,#9372,#9373,#9374,#9375,#9376,#9377,#9378,#9379,#9380,#9381,
#9382));
#1787=EDGE_LOOP('',(#9383,#9384,#9385));
#1788=EDGE_LOOP('',(#9386,#9387,#9388,#9389,#9390,#9391,#9392));
#1789=EDGE_LOOP('',(#9393,#9394,#9395,#9396,#9397,#9398));
#1790=EDGE_LOOP('',(#9399,#9400,#9401,#9402,#9403));
#1791=EDGE_LOOP('',(#9404,#9405,#9406,#9407,#9408));
#1792=EDGE_LOOP('',(#9409,#9410,#9411,#9412));
#1793=EDGE_LOOP('',(#9413,#9414,#9415,#9416));
#1794=EDGE_LOOP('',(#9417,#9418,#9419,#9420));
#1795=EDGE_LOOP('',(#9421,#9422,#9423,#9424));
#1796=EDGE_LOOP('',(#9425,#9426,#9427,#9428));
#1797=EDGE_LOOP('',(#9429,#9430,#9431,#9432,#9433,#9434,#9435,#9436));
#1798=EDGE_LOOP('',(#9437,#9438,#9439,#9440));
#1799=EDGE_LOOP('',(#9441,#9442,#9443,#9444));
#1800=EDGE_LOOP('',(#9445,#9446,#9447,#9448));
#1801=EDGE_LOOP('',(#9449,#9450,#9451,#9452));
#1802=EDGE_LOOP('',(#9453));
#1803=EDGE_LOOP('',(#9454,#9455,#9456,#9457,#9458));
#1804=EDGE_LOOP('',(#9459,#9460,#9461,#9462));
#1805=EDGE_LOOP('',(#9463,#9464,#9465,#9466));
#1806=EDGE_LOOP('',(#9467,#9468,#9469,#9470));
#1807=EDGE_LOOP('',(#9471,#9472,#9473,#9474,#9475,#9476,#9477,#9478));
#1808=EDGE_LOOP('',(#9479,#9480,#9481,#9482,#9483,#9484,#9485,#9486,#9487,
#9488,#9489,#9490,#9491,#9492,#9493,#9494,#9495,#9496,#9497,#9498,#9499,
#9500));
#1809=EDGE_LOOP('',(#9501,#9502,#9503,#9504));
#1810=EDGE_LOOP('',(#9505,#9506,#9507,#9508));
#1811=EDGE_LOOP('',(#9509,#9510,#9511,#9512));
#1812=EDGE_LOOP('',(#9513,#9514,#9515,#9516));
#1813=EDGE_LOOP('',(#9517,#9518,#9519,#9520,#9521,#9522));
#1814=EDGE_LOOP('',(#9523));
#1815=EDGE_LOOP('',(#9524,#9525,#9526,#9527,#9528,#9529));
#1816=EDGE_LOOP('',(#9530));
#1817=EDGE_LOOP('',(#9531,#9532,#9533,#9534));
#1818=EDGE_LOOP('',(#9535,#9536,#9537,#9538));
#1819=EDGE_LOOP('',(#9539,#9540,#9541,#9542));
#1820=EDGE_LOOP('',(#9543,#9544,#9545,#9546));
#1821=EDGE_LOOP('',(#9547,#9548,#9549,#9550));
#1822=EDGE_LOOP('',(#9551,#9552,#9553,#9554));
#1823=EDGE_LOOP('',(#9555,#9556,#9557,#9558,#9559,#9560));
#1824=EDGE_LOOP('',(#9561));
#1825=EDGE_LOOP('',(#9562,#9563,#9564,#9565,#9566,#9567,#9568,#9569,#9570,
#9571));
#1826=EDGE_LOOP('',(#9572,#9573,#9574,#9575,#9576,#9577,#9578,#9579,#9580,
#9581,#9582,#9583,#9584,#9585,#9586,#9587,#9588,#9589,#9590,#9591,#9592,
#9593,#9594,#9595,#9596,#9597,#9598,#9599,#9600,#9601,#9602,#9603));
#1827=EDGE_LOOP('',(#9604,#9605,#9606,#9607));
#1828=EDGE_LOOP('',(#9608,#9609,#9610,#9611));
#1829=EDGE_LOOP('',(#9612,#9613,#9614,#9615));
#1830=EDGE_LOOP('',(#9616,#9617,#9618,#9619,#9620,#9621));
#1831=EDGE_LOOP('',(#9622));
#1832=EDGE_LOOP('',(#9623,#9624,#9625,#9626,#9627,#9628));
#1833=EDGE_LOOP('',(#9629));
#1834=EDGE_LOOP('',(#9630,#9631,#9632,#9633));
#1835=EDGE_LOOP('',(#9634,#9635,#9636,#9637));
#1836=EDGE_LOOP('',(#9638,#9639,#9640,#9641));
#1837=EDGE_LOOP('',(#9642,#9643,#9644,#9645,#9646));
#1838=EDGE_LOOP('',(#9647,#9648,#9649,#9650));
#1839=EDGE_LOOP('',(#9651,#9652,#9653,#9654));
#1840=EDGE_LOOP('',(#9655,#9656,#9657,#9658,#9659,#9660));
#1841=EDGE_LOOP('',(#9661));
#1842=EDGE_LOOP('',(#9662,#9663,#9664,#9665));
#1843=EDGE_LOOP('',(#9666,#9667,#9668,#9669));
#1844=EDGE_LOOP('',(#9670,#9671,#9672,#9673));
#1845=EDGE_LOOP('',(#9674,#9675,#9676,#9677));
#1846=EDGE_LOOP('',(#9678,#9679,#9680,#9681));
#1847=EDGE_LOOP('',(#9682,#9683,#9684,#9685));
#1848=EDGE_LOOP('',(#9686,#9687,#9688,#9689));
#1849=EDGE_LOOP('',(#9690,#9691,#9692,#9693));
#1850=EDGE_LOOP('',(#9694,#9695,#9696,#9697));
#1851=EDGE_LOOP('',(#9698,#9699,#9700,#9701));
#1852=EDGE_LOOP('',(#9702,#9703,#9704,#9705));
#1853=EDGE_LOOP('',(#9706,#9707,#9708,#9709));
#1854=EDGE_LOOP('',(#9710,#9711,#9712,#9713));
#1855=EDGE_LOOP('',(#9714,#9715,#9716,#9717));
#1856=EDGE_LOOP('',(#9718,#9719,#9720,#9721));
#1857=EDGE_LOOP('',(#9722,#9723,#9724,#9725));
#1858=EDGE_LOOP('',(#9726,#9727,#9728,#9729));
#1859=EDGE_LOOP('',(#9730,#9731,#9732,#9733));
#1860=EDGE_LOOP('',(#9734,#9735,#9736,#9737));
#1861=EDGE_LOOP('',(#9738,#9739,#9740,#9741,#9742,#9743,#9744,#9745,#9746,
#9747,#9748,#9749));
#1862=EDGE_LOOP('',(#9750,#9751,#9752,#9753,#9754,#9755,#9756,#9757,#9758,
#9759,#9760,#9761,#9762,#9763,#9764,#9765,#9766,#9767));
#1863=EDGE_LOOP('',(#9768));
#1864=EDGE_LOOP('',(#9769));
#1865=EDGE_LOOP('',(#9770));
#1866=EDGE_LOOP('',(#9771));
#1867=EDGE_LOOP('',(#9772));
#1868=EDGE_LOOP('',(#9773));
#1869=EDGE_LOOP('',(#9774,#9775,#9776,#9777));
#1870=EDGE_LOOP('',(#9778,#9779,#9780,#9781));
#1871=EDGE_LOOP('',(#9782,#9783,#9784,#9785));
#1872=EDGE_LOOP('',(#9786,#9787,#9788,#9789));
#1873=EDGE_LOOP('',(#9790,#9791,#9792,#9793));
#1874=EDGE_LOOP('',(#9794,#9795,#9796,#9797));
#1875=EDGE_LOOP('',(#9798,#9799,#9800,#9801));
#1876=EDGE_LOOP('',(#9802,#9803,#9804,#9805));
#1877=EDGE_LOOP('',(#9806,#9807,#9808,#9809));
#1878=EDGE_LOOP('',(#9810,#9811,#9812,#9813));
#1879=EDGE_LOOP('',(#9814,#9815,#9816,#9817));
#1880=EDGE_LOOP('',(#9818,#9819,#9820,#9821));
#1881=EDGE_LOOP('',(#9822,#9823,#9824,#9825));
#1882=EDGE_LOOP('',(#9826,#9827,#9828,#9829));
#1883=EDGE_LOOP('',(#9830,#9831,#9832,#9833));
#1884=EDGE_LOOP('',(#9834,#9835,#9836,#9837,#9838,#9839,#9840,#9841,#9842,
#9843,#9844,#9845));
#1885=EDGE_LOOP('',(#9846,#9847,#9848,#9849));
#1886=EDGE_LOOP('',(#9850,#9851,#9852,#9853));
#1887=EDGE_LOOP('',(#9854,#9855,#9856,#9857));
#1888=EDGE_LOOP('',(#9858,#9859,#9860,#9861));
#1889=EDGE_LOOP('',(#9862,#9863,#9864,#9865,#9866,#9867,#9868,#9869));
#1890=EDGE_LOOP('',(#9870,#9871,#9872,#9873,#9874,#9875,#9876,#9877,#9878,
#9879,#9880,#9881,#9882,#9883));
#1891=EDGE_LOOP('',(#9884));
#1892=EDGE_LOOP('',(#9885));
#1893=EDGE_LOOP('',(#9886));
#1894=EDGE_LOOP('',(#9887));
#1895=EDGE_LOOP('',(#9888));
#1896=EDGE_LOOP('',(#9889));
#1897=EDGE_LOOP('',(#9890,#9891,#9892,#9893));
#1898=EDGE_LOOP('',(#9894,#9895,#9896,#9897));
#1899=EDGE_LOOP('',(#9898,#9899,#9900,#9901));
#1900=EDGE_LOOP('',(#9902,#9903,#9904,#9905));
#1901=EDGE_LOOP('',(#9906,#9907,#9908,#9909));
#1902=EDGE_LOOP('',(#9910,#9911,#9912,#9913));
#1903=EDGE_LOOP('',(#9914,#9915,#9916,#9917));
#1904=EDGE_LOOP('',(#9918,#9919,#9920,#9921));
#1905=EDGE_LOOP('',(#9922,#9923,#9924,#9925));
#1906=EDGE_LOOP('',(#9926,#9927,#9928,#9929));
#1907=EDGE_LOOP('',(#9930,#9931,#9932,#9933,#9934,#9935,#9936,#9937,#9938,
#9939,#9940,#9941));
#1908=EDGE_LOOP('',(#9942,#9943,#9944,#9945,#9946,#9947,#9948,#9949));
#1909=EDGE_LOOP('',(#9950,#9951,#9952,#9953,#9954,#9955,#9956,#9957,#9958,
#9959,#9960,#9961));
#1910=EDGE_LOOP('',(#9962,#9963,#9964,#9965));
#1911=EDGE_LOOP('',(#9966,#9967,#9968,#9969));
#1912=EDGE_LOOP('',(#9970,#9971,#9972,#9973));
#1913=EDGE_LOOP('',(#9974,#9975,#9976,#9977));
#1914=EDGE_LOOP('',(#9978,#9979,#9980,#9981));
#1915=EDGE_LOOP('',(#9982,#9983,#9984,#9985));
#1916=EDGE_LOOP('',(#9986,#9987,#9988,#9989));
#1917=EDGE_LOOP('',(#9990,#9991,#9992,#9993));
#1918=EDGE_LOOP('',(#9994,#9995,#9996,#9997));
#1919=EDGE_LOOP('',(#9998,#9999,#10000,#10001,#10002,#10003,#10004,#10005,
#10006,#10007));
#1920=EDGE_LOOP('',(#10008));
#1921=EDGE_LOOP('',(#10009));
#1922=EDGE_LOOP('',(#10010));
#1923=EDGE_LOOP('',(#10011));
#1924=EDGE_LOOP('',(#10012,#10013,#10014,#10015,#10016,#10017));
#1925=EDGE_LOOP('',(#10018));
#1926=EDGE_LOOP('',(#10019));
#1927=EDGE_LOOP('',(#10020));
#1928=EDGE_LOOP('',(#10021));
#1929=EDGE_LOOP('',(#10022,#10023,#10024,#10025));
#1930=EDGE_LOOP('',(#10026));
#1931=EDGE_LOOP('',(#10027,#10028,#10029,#10030));
#1932=EDGE_LOOP('',(#10031));
#1933=EDGE_LOOP('',(#10032,#10033,#10034,#10035));
#1934=EDGE_LOOP('',(#10036));
#1935=EDGE_LOOP('',(#10037,#10038,#10039,#10040));
#1936=EDGE_LOOP('',(#10041));
#1937=EDGE_LOOP('',(#10042,#10043,#10044,#10045));
#1938=EDGE_LOOP('',(#10046,#10047,#10048,#10049));
#1939=EDGE_LOOP('',(#10050,#10051,#10052,#10053));
#1940=EDGE_LOOP('',(#10054,#10055,#10056,#10057));
#1941=EDGE_LOOP('',(#10058,#10059,#10060,#10061));
#1942=EDGE_LOOP('',(#10062,#10063,#10064,#10065));
#1943=EDGE_LOOP('',(#10066,#10067,#10068,#10069));
#1944=EDGE_LOOP('',(#10070,#10071,#10072,#10073));
#1945=EDGE_LOOP('',(#10074,#10075,#10076,#10077,#10078,#10079,#10080,#10081));
#1946=EDGE_LOOP('',(#10082));
#1947=EDGE_LOOP('',(#10083));
#1948=EDGE_LOOP('',(#10084));
#1949=EDGE_LOOP('',(#10085));
#1950=EDGE_LOOP('',(#10086));
#1951=EDGE_LOOP('',(#10087));
#1952=EDGE_LOOP('',(#10088,#10089,#10090,#10091));
#1953=EDGE_LOOP('',(#10092,#10093,#10094,#10095));
#1954=EDGE_LOOP('',(#10096,#10097,#10098,#10099));
#1955=EDGE_LOOP('',(#10100,#10101,#10102,#10103));
#1956=EDGE_LOOP('',(#10104,#10105,#10106,#10107));
#1957=EDGE_LOOP('',(#10108,#10109,#10110,#10111));
#1958=EDGE_LOOP('',(#10112,#10113,#10114,#10115));
#1959=EDGE_LOOP('',(#10116,#10117,#10118,#10119));
#1960=EDGE_LOOP('',(#10120,#10121,#10122,#10123));
#1961=EDGE_LOOP('',(#10124,#10125,#10126,#10127));
#1962=EDGE_LOOP('',(#10128,#10129,#10130,#10131));
#1963=EDGE_LOOP('',(#10132,#10133,#10134,#10135));
#1964=EDGE_LOOP('',(#10136,#10137,#10138,#10139));
#1965=EDGE_LOOP('',(#10140,#10141,#10142,#10143));
#1966=EDGE_LOOP('',(#10144,#10145,#10146,#10147));
#1967=EDGE_LOOP('',(#10148,#10149,#10150,#10151));
#1968=EDGE_LOOP('',(#10152,#10153,#10154,#10155));
#1969=EDGE_LOOP('',(#10156,#10157,#10158,#10159));
#1970=EDGE_LOOP('',(#10160,#10161,#10162,#10163));
#1971=EDGE_LOOP('',(#10164,#10165,#10166,#10167));
#1972=EDGE_LOOP('',(#10168,#10169,#10170,#10171));
#1973=EDGE_LOOP('',(#10172,#10173,#10174,#10175));
#1974=EDGE_LOOP('',(#10176,#10177,#10178,#10179));
#1975=EDGE_LOOP('',(#10180,#10181,#10182,#10183));
#1976=EDGE_LOOP('',(#10184,#10185,#10186,#10187));
#1977=EDGE_LOOP('',(#10188,#10189,#10190,#10191,#10192,#10193,#10194,#10195,
#10196,#10197,#10198,#10199,#10200));
#1978=EDGE_LOOP('',(#10201));
#1979=EDGE_LOOP('',(#10202));
#1980=EDGE_LOOP('',(#10203));
#1981=EDGE_LOOP('',(#10204));
#1982=EDGE_LOOP('',(#10205,#10206,#10207,#10208));
#1983=EDGE_LOOP('',(#10209,#10210,#10211,#10212));
#1984=EDGE_LOOP('',(#10213,#10214,#10215,#10216));
#1985=EDGE_LOOP('',(#10217,#10218,#10219,#10220));
#1986=EDGE_LOOP('',(#10221,#10222,#10223,#10224));
#1987=EDGE_LOOP('',(#10225,#10226,#10227,#10228));
#1988=EDGE_LOOP('',(#10229,#10230,#10231,#10232));
#1989=EDGE_LOOP('',(#10233,#10234,#10235,#10236));
#1990=EDGE_LOOP('',(#10237,#10238,#10239,#10240));
#1991=EDGE_LOOP('',(#10241,#10242,#10243,#10244));
#1992=EDGE_LOOP('',(#10245,#10246,#10247,#10248));
#1993=EDGE_LOOP('',(#10249,#10250,#10251,#10252));
#1994=EDGE_LOOP('',(#10253,#10254,#10255,#10256));
#1995=EDGE_LOOP('',(#10257,#10258,#10259,#10260));
#1996=EDGE_LOOP('',(#10261,#10262,#10263,#10264,#10265,#10266,#10267,#10268,
#10269));
#1997=EDGE_LOOP('',(#10270));
#1998=EDGE_LOOP('',(#10271));
#1999=EDGE_LOOP('',(#10272));
#2000=EDGE_LOOP('',(#10273));
#2001=EDGE_LOOP('',(#10274));
#2002=EDGE_LOOP('',(#10275));
#2003=EDGE_LOOP('',(#10276,#10277,#10278,#10279,#10280,#10281,#10282,#10283,
#10284,#10285,#10286,#10287,#10288));
#2004=EDGE_LOOP('',(#10289,#10290,#10291,#10292));
#2005=EDGE_LOOP('',(#10293,#10294,#10295,#10296));
#2006=EDGE_LOOP('',(#10297,#10298,#10299,#10300));
#2007=EDGE_LOOP('',(#10301,#10302,#10303,#10304));
#2008=EDGE_LOOP('',(#10305,#10306,#10307,#10308));
#2009=EDGE_LOOP('',(#10309,#10310,#10311,#10312));
#2010=EDGE_LOOP('',(#10313,#10314,#10315,#10316));
#2011=EDGE_LOOP('',(#10317,#10318,#10319,#10320));
#2012=EDGE_LOOP('',(#10321,#10322,#10323,#10324));
#2013=EDGE_LOOP('',(#10325,#10326,#10327,#10328));
#2014=EDGE_LOOP('',(#10329,#10330,#10331,#10332));
#2015=EDGE_LOOP('',(#10333,#10334,#10335,#10336));
#2016=EDGE_LOOP('',(#10337,#10338,#10339,#10340,#10341,#10342));
#2017=EDGE_LOOP('',(#10343));
#2018=EDGE_LOOP('',(#10344,#10345,#10346,#10347,#10348,#10349,#10350,#10351));
#2019=EDGE_LOOP('',(#10352,#10353,#10354,#10355));
#2020=EDGE_LOOP('',(#10356,#10357,#10358,#10359));
#2021=EDGE_LOOP('',(#10360,#10361,#10362,#10363));
#2022=EDGE_LOOP('',(#10364,#10365,#10366,#10367));
#2023=EDGE_LOOP('',(#10368,#10369,#10370,#10371));
#2024=EDGE_LOOP('',(#10372,#10373,#10374,#10375));
#2025=EDGE_LOOP('',(#10376,#10377,#10378,#10379));
#2026=EDGE_LOOP('',(#10380,#10381,#10382,#10383));
#2027=EDGE_LOOP('',(#10384,#10385,#10386,#10387));
#2028=EDGE_LOOP('',(#10388,#10389,#10390,#10391));
#2029=EDGE_LOOP('',(#10392,#10393,#10394,#10395));
#2030=EDGE_LOOP('',(#10396,#10397,#10398,#10399));
#2031=EDGE_LOOP('',(#10400,#10401,#10402,#10403));
#2032=EDGE_LOOP('',(#10404,#10405,#10406,#10407));
#2033=EDGE_LOOP('',(#10408,#10409,#10410,#10411,#10412,#10413,#10414,#10415,
#10416,#10417,#10418,#10419,#10420,#10421,#10422));
#2034=EDGE_LOOP('',(#10423));
#2035=EDGE_LOOP('',(#10424));
#2036=EDGE_LOOP('',(#10425));
#2037=EDGE_LOOP('',(#10426));
#2038=EDGE_LOOP('',(#10427));
#2039=EDGE_LOOP('',(#10428));
#2040=EDGE_LOOP('',(#10429));
#2041=EDGE_LOOP('',(#10430));
#2042=EDGE_LOOP('',(#10431));
#2043=EDGE_LOOP('',(#10432));
#2044=EDGE_LOOP('',(#10433));
#2045=EDGE_LOOP('',(#10434,#10435,#10436,#10437,#10438,#10439,#10440,#10441));
#2046=EDGE_LOOP('',(#10442,#10443,#10444,#10445));
#2047=EDGE_LOOP('',(#10446,#10447,#10448,#10449));
#2048=EDGE_LOOP('',(#10450,#10451,#10452,#10453));
#2049=EDGE_LOOP('',(#10454,#10455,#10456,#10457));
#2050=EDGE_LOOP('',(#10458,#10459,#10460,#10461,#10462,#10463,#10464,#10465,
#10466));
#2051=EDGE_LOOP('',(#10467,#10468,#10469,#10470,#10471,#10472,#10473,#10474,
#10475));
#2052=EDGE_LOOP('',(#10476,#10477,#10478,#10479));
#2053=EDGE_LOOP('',(#10480,#10481,#10482,#10483));
#2054=EDGE_LOOP('',(#10484,#10485,#10486,#10487));
#2055=EDGE_LOOP('',(#10488,#10489,#10490,#10491));
#2056=EDGE_LOOP('',(#10492));
#2057=EDGE_LOOP('',(#10493));
#2058=EDGE_LOOP('',(#10494));
#2059=EDGE_LOOP('',(#10495));
#2060=EDGE_LOOP('',(#10496,#10497,#10498,#10499));
#2061=EDGE_LOOP('',(#10500,#10501,#10502,#10503));
#2062=EDGE_LOOP('',(#10504));
#2063=EDGE_LOOP('',(#10505));
#2064=EDGE_LOOP('',(#10506));
#2065=EDGE_LOOP('',(#10507));
#2066=LINE('',#15733,#3187);
#2067=LINE('',#15739,#3188);
#2068=LINE('',#15745,#3189);
#2069=LINE('',#15751,#3190);
#2070=LINE('',#15757,#3191);
#2071=LINE('',#15763,#3192);
#2072=LINE('',#15770,#3193);
#2073=LINE('',#15773,#3194);
#2074=LINE('',#15776,#3195);
#2075=LINE('',#15778,#3196);
#2076=LINE('',#15779,#3197);
#2077=LINE('',#15782,#3198);
#2078=LINE('',#15786,#3199);
#2079=LINE('',#15790,#3200);
#2080=LINE('',#15794,#3201);
#2081=LINE('',#15798,#3202);
#2082=LINE('',#15802,#3203);
#2083=LINE('',#15806,#3204);
#2084=LINE('',#15810,#3205);
#2085=LINE('',#15814,#3206);
#2086=LINE('',#15818,#3207);
#2087=LINE('',#15822,#3208);
#2088=LINE('',#15826,#3209);
#2089=LINE('',#15830,#3210);
#2090=LINE('',#15833,#3211);
#2091=LINE('',#15844,#3212);
#2092=LINE('',#15846,#3213);
#2093=LINE('',#15848,#3214);
#2094=LINE('',#15849,#3215);
#2095=LINE('',#15852,#3216);
#2096=LINE('',#15854,#3217);
#2097=LINE('',#15856,#3218);
#2098=LINE('',#15857,#3219);
#2099=LINE('',#15862,#3220);
#2100=LINE('',#15864,#3221);
#2101=LINE('',#15866,#3222);
#2102=LINE('',#15867,#3223);
#2103=LINE('',#15870,#3224);
#2104=LINE('',#15872,#3225);
#2105=LINE('',#15874,#3226);
#2106=LINE('',#15875,#3227);
#2107=LINE('',#15878,#3228);
#2108=LINE('',#15880,#3229);
#2109=LINE('',#15882,#3230);
#2110=LINE('',#15883,#3231);
#2111=LINE('',#15886,#3232);
#2112=LINE('',#15888,#3233);
#2113=LINE('',#15890,#3234);
#2114=LINE('',#15891,#3235);
#2115=LINE('',#15894,#3236);
#2116=LINE('',#15896,#3237);
#2117=LINE('',#15898,#3238);
#2118=LINE('',#15899,#3239);
#2119=LINE('',#15902,#3240);
#2120=LINE('',#15904,#3241);
#2121=LINE('',#15906,#3242);
#2122=LINE('',#15907,#3243);
#2123=LINE('',#15910,#3244);
#2124=LINE('',#15912,#3245);
#2125=LINE('',#15914,#3246);
#2126=LINE('',#15915,#3247);
#2127=LINE('',#15942,#3248);
#2128=LINE('',#15944,#3249);
#2129=LINE('',#15946,#3250);
#2130=LINE('',#15947,#3251);
#2131=LINE('',#15950,#3252);
#2132=LINE('',#15952,#3253);
#2133=LINE('',#15954,#3254);
#2134=LINE('',#15955,#3255);
#2135=LINE('',#15958,#3256);
#2136=LINE('',#15960,#3257);
#2137=LINE('',#15962,#3258);
#2138=LINE('',#15963,#3259);
#2139=LINE('',#15966,#3260);
#2140=LINE('',#15968,#3261);
#2141=LINE('',#15970,#3262);
#2142=LINE('',#15971,#3263);
#2143=LINE('',#15974,#3264);
#2144=LINE('',#15976,#3265);
#2145=LINE('',#15978,#3266);
#2146=LINE('',#15979,#3267);
#2147=LINE('',#15982,#3268);
#2148=LINE('',#15984,#3269);
#2149=LINE('',#15986,#3270);
#2150=LINE('',#15987,#3271);
#2151=LINE('',#15990,#3272);
#2152=LINE('',#15992,#3273);
#2153=LINE('',#15994,#3274);
#2154=LINE('',#15995,#3275);
#2155=LINE('',#15998,#3276);
#2156=LINE('',#16000,#3277);
#2157=LINE('',#16002,#3278);
#2158=LINE('',#16003,#3279);
#2159=LINE('',#16008,#3280);
#2160=LINE('',#16010,#3281);
#2161=LINE('',#16012,#3282);
#2162=LINE('',#16013,#3283);
#2163=LINE('',#16016,#3284);
#2164=LINE('',#16018,#3285);
#2165=LINE('',#16020,#3286);
#2166=LINE('',#16021,#3287);
#2167=LINE('',#16026,#3288);
#2168=LINE('',#16028,#3289);
#2169=LINE('',#16030,#3290);
#2170=LINE('',#16031,#3291);
#2171=LINE('',#16034,#3292);
#2172=LINE('',#16036,#3293);
#2173=LINE('',#16038,#3294);
#2174=LINE('',#16039,#3295);
#2175=LINE('',#16054,#3296);
#2176=LINE('',#16055,#3297);
#2177=LINE('',#16058,#3298);
#2178=LINE('',#16059,#3299);
#2179=LINE('',#16064,#3300);
#2180=LINE('',#16065,#3301);
#2181=LINE('',#16068,#3302);
#2182=LINE('',#16069,#3303);
#2183=LINE('',#16074,#3304);
#2184=LINE('',#16075,#3305);
#2185=LINE('',#16078,#3306);
#2186=LINE('',#16079,#3307);
#2187=LINE('',#16083,#3308);
#2188=LINE('',#16086,#3309);
#2189=LINE('',#16089,#3310);
#2190=LINE('',#16093,#3311);
#2191=LINE('',#16097,#3312);
#2192=LINE('',#16103,#3313);
#2193=LINE('',#16106,#3314);
#2194=LINE('',#16108,#3315);
#2195=LINE('',#16109,#3316);
#2196=LINE('',#16112,#3317);
#2197=LINE('',#16113,#3318);
#2198=LINE('',#16116,#3319);
#2199=LINE('',#16117,#3320);
#2200=LINE('',#16119,#3321);
#2201=LINE('',#16122,#3322);
#2202=LINE('',#16124,#3323);
#2203=LINE('',#16125,#3324);
#2204=LINE('',#16128,#3325);
#2205=LINE('',#16129,#3326);
#2206=LINE('',#16132,#3327);
#2207=LINE('',#16133,#3328);
#2208=LINE('',#16135,#3329);
#2209=LINE('',#16139,#3330);
#2210=LINE('',#16142,#3331);
#2211=LINE('',#16144,#3332);
#2212=LINE('',#16145,#3333);
#2213=LINE('',#16148,#3334);
#2214=LINE('',#16149,#3335);
#2215=LINE('',#16152,#3336);
#2216=LINE('',#16153,#3337);
#2217=LINE('',#16155,#3338);
#2218=LINE('',#16158,#3339);
#2219=LINE('',#16160,#3340);
#2220=LINE('',#16161,#3341);
#2221=LINE('',#16164,#3342);
#2222=LINE('',#16165,#3343);
#2223=LINE('',#16168,#3344);
#2224=LINE('',#16169,#3345);
#2225=LINE('',#16171,#3346);
#2226=LINE('',#16175,#3347);
#2227=LINE('',#16178,#3348);
#2228=LINE('',#16180,#3349);
#2229=LINE('',#16181,#3350);
#2230=LINE('',#16184,#3351);
#2231=LINE('',#16185,#3352);
#2232=LINE('',#16188,#3353);
#2233=LINE('',#16189,#3354);
#2234=LINE('',#16191,#3355);
#2235=LINE('',#16194,#3356);
#2236=LINE('',#16196,#3357);
#2237=LINE('',#16197,#3358);
#2238=LINE('',#16200,#3359);
#2239=LINE('',#16201,#3360);
#2240=LINE('',#16204,#3361);
#2241=LINE('',#16205,#3362);
#2242=LINE('',#16207,#3363);
#2243=LINE('',#16210,#3364);
#2244=LINE('',#16212,#3365);
#2245=LINE('',#16213,#3366);
#2246=LINE('',#16216,#3367);
#2247=LINE('',#16217,#3368);
#2248=LINE('',#16220,#3369);
#2249=LINE('',#16221,#3370);
#2250=LINE('',#16223,#3371);
#2251=LINE('',#16226,#3372);
#2252=LINE('',#16228,#3373);
#2253=LINE('',#16229,#3374);
#2254=LINE('',#16232,#3375);
#2255=LINE('',#16233,#3376);
#2256=LINE('',#16236,#3377);
#2257=LINE('',#16237,#3378);
#2258=LINE('',#16239,#3379);
#2259=LINE('',#16242,#3380);
#2260=LINE('',#16244,#3381);
#2261=LINE('',#16245,#3382);
#2262=LINE('',#16248,#3383);
#2263=LINE('',#16249,#3384);
#2264=LINE('',#16252,#3385);
#2265=LINE('',#16253,#3386);
#2266=LINE('',#16255,#3387);
#2267=LINE('',#16258,#3388);
#2268=LINE('',#16260,#3389);
#2269=LINE('',#16261,#3390);
#2270=LINE('',#16264,#3391);
#2271=LINE('',#16265,#3392);
#2272=LINE('',#16268,#3393);
#2273=LINE('',#16269,#3394);
#2274=LINE('',#16271,#3395);
#2275=LINE('',#16274,#3396);
#2276=LINE('',#16276,#3397);
#2277=LINE('',#16277,#3398);
#2278=LINE('',#16280,#3399);
#2279=LINE('',#16281,#3400);
#2280=LINE('',#16284,#3401);
#2281=LINE('',#16285,#3402);
#2282=LINE('',#16287,#3403);
#2283=LINE('',#16290,#3404);
#2284=LINE('',#16292,#3405);
#2285=LINE('',#16293,#3406);
#2286=LINE('',#16296,#3407);
#2287=LINE('',#16297,#3408);
#2288=LINE('',#16300,#3409);
#2289=LINE('',#16301,#3410);
#2290=LINE('',#16303,#3411);
#2291=LINE('',#16306,#3412);
#2292=LINE('',#16309,#3413);
#2293=LINE('',#16313,#3414);
#2294=LINE('',#16317,#3415);
#2295=LINE('',#16322,#3416);
#2296=LINE('',#16325,#3417);
#2297=LINE('',#16329,#3418);
#2298=LINE('',#16333,#3419);
#2299=LINE('',#16338,#3420);
#2300=LINE('',#16341,#3421);
#2301=LINE('',#16345,#3422);
#2302=LINE('',#16349,#3423);
#2303=LINE('',#16354,#3424);
#2304=LINE('',#16356,#3425);
#2305=LINE('',#16357,#3426);
#2306=LINE('',#16360,#3427);
#2307=LINE('',#16361,#3428);
#2308=LINE('',#16364,#3429);
#2309=LINE('',#16365,#3430);
#2310=LINE('',#16367,#3431);
#2311=LINE('',#16370,#3432);
#2312=LINE('',#16372,#3433);
#2313=LINE('',#16373,#3434);
#2314=LINE('',#16376,#3435);
#2315=LINE('',#16377,#3436);
#2316=LINE('',#16380,#3437);
#2317=LINE('',#16381,#3438);
#2318=LINE('',#16383,#3439);
#2319=LINE('',#16386,#3440);
#2320=LINE('',#16388,#3441);
#2321=LINE('',#16389,#3442);
#2322=LINE('',#16392,#3443);
#2323=LINE('',#16393,#3444);
#2324=LINE('',#16396,#3445);
#2325=LINE('',#16397,#3446);
#2326=LINE('',#16399,#3447);
#2327=LINE('',#16402,#3448);
#2328=LINE('',#16404,#3449);
#2329=LINE('',#16405,#3450);
#2330=LINE('',#16408,#3451);
#2331=LINE('',#16409,#3452);
#2332=LINE('',#16412,#3453);
#2333=LINE('',#16413,#3454);
#2334=LINE('',#16415,#3455);
#2335=LINE('',#16418,#3456);
#2336=LINE('',#16420,#3457);
#2337=LINE('',#16421,#3458);
#2338=LINE('',#16424,#3459);
#2339=LINE('',#16425,#3460);
#2340=LINE('',#16428,#3461);
#2341=LINE('',#16429,#3462);
#2342=LINE('',#16431,#3463);
#2343=LINE('',#16434,#3464);
#2344=LINE('',#16436,#3465);
#2345=LINE('',#16437,#3466);
#2346=LINE('',#16440,#3467);
#2347=LINE('',#16441,#3468);
#2348=LINE('',#16444,#3469);
#2349=LINE('',#16445,#3470);
#2350=LINE('',#16447,#3471);
#2351=LINE('',#16450,#3472);
#2352=LINE('',#16452,#3473);
#2353=LINE('',#16453,#3474);
#2354=LINE('',#16456,#3475);
#2355=LINE('',#16457,#3476);
#2356=LINE('',#16460,#3477);
#2357=LINE('',#16461,#3478);
#2358=LINE('',#16463,#3479);
#2359=LINE('',#16467,#3480);
#2360=LINE('',#16470,#3481);
#2361=LINE('',#16472,#3482);
#2362=LINE('',#16473,#3483);
#2363=LINE('',#16476,#3484);
#2364=LINE('',#16477,#3485);
#2365=LINE('',#16480,#3486);
#2366=LINE('',#16481,#3487);
#2367=LINE('',#16483,#3488);
#2368=LINE('',#16486,#3489);
#2369=LINE('',#16488,#3490);
#2370=LINE('',#16489,#3491);
#2371=LINE('',#16492,#3492);
#2372=LINE('',#16493,#3493);
#2373=LINE('',#16496,#3494);
#2374=LINE('',#16497,#3495);
#2375=LINE('',#16499,#3496);
#2376=LINE('',#16502,#3497);
#2377=LINE('',#16505,#3498);
#2378=LINE('',#16509,#3499);
#2379=LINE('',#16513,#3500);
#2380=LINE('',#16518,#3501);
#2381=LINE('',#16520,#3502);
#2382=LINE('',#16521,#3503);
#2383=LINE('',#16525,#3504);
#2384=LINE('',#16528,#3505);
#2385=LINE('',#16529,#3506);
#2386=LINE('',#16533,#3507);
#2387=LINE('',#16536,#3508);
#2388=LINE('',#16537,#3509);
#2389=LINE('',#16541,#3510);
#2390=LINE('',#16544,#3511);
#2391=LINE('',#16545,#3512);
#2392=LINE('',#16550,#3513);
#2393=LINE('',#16551,#3514);
#2394=LINE('',#16555,#3515);
#2395=LINE('',#16558,#3516);
#2396=LINE('',#16559,#3517);
#2397=LINE('',#16563,#3518);
#2398=LINE('',#16566,#3519);
#2399=LINE('',#16567,#3520);
#2400=LINE('',#16571,#3521);
#2401=LINE('',#16573,#3522);
#2402=LINE('',#16576,#3523);
#2403=LINE('',#16577,#3524);
#2404=LINE('',#16581,#3525);
#2405=LINE('',#16584,#3526);
#2406=LINE('',#16585,#3527);
#2407=LINE('',#16594,#3528);
#2408=LINE('',#16600,#3529);
#2409=LINE('',#16606,#3530);
#2410=LINE('',#16612,#3531);
#2411=LINE('',#16619,#3532);
#2412=LINE('',#16622,#3533);
#2413=LINE('',#16625,#3534);
#2414=LINE('',#16627,#3535);
#2415=LINE('',#16628,#3536);
#2416=LINE('',#16631,#3537);
#2417=LINE('',#16635,#3538);
#2418=LINE('',#16639,#3539);
#2419=LINE('',#16643,#3540);
#2420=LINE('',#16647,#3541);
#2421=LINE('',#16649,#3542);
#2422=LINE('',#16653,#3543);
#2423=LINE('',#16657,#3544);
#2424=LINE('',#16661,#3545);
#2425=LINE('',#16665,#3546);
#2426=LINE('',#16669,#3547);
#2427=LINE('',#16673,#3548);
#2428=LINE('',#16677,#3549);
#2429=LINE('',#16681,#3550);
#2430=LINE('',#16697,#3551);
#2431=LINE('',#16699,#3552);
#2432=LINE('',#16701,#3553);
#2433=LINE('',#16702,#3554);
#2434=LINE('',#16705,#3555);
#2435=LINE('',#16707,#3556);
#2436=LINE('',#16709,#3557);
#2437=LINE('',#16710,#3558);
#2438=LINE('',#16713,#3559);
#2439=LINE('',#16715,#3560);
#2440=LINE('',#16717,#3561);
#2441=LINE('',#16718,#3562);
#2442=LINE('',#16740,#3563);
#2443=LINE('',#16743,#3564);
#2444=LINE('',#16744,#3565);
#2445=LINE('',#16749,#3566);
#2446=LINE('',#16750,#3567);
#2447=LINE('',#16753,#3568);
#2448=LINE('',#16754,#3569);
#2449=LINE('',#16759,#3570);
#2450=LINE('',#16760,#3571);
#2451=LINE('',#16763,#3572);
#2452=LINE('',#16764,#3573);
#2453=LINE('',#16769,#3574);
#2454=LINE('',#16770,#3575);
#2455=LINE('',#16772,#3576);
#2456=LINE('',#16776,#3577);
#2457=LINE('',#16779,#3578);
#2458=LINE('',#16782,#3579);
#2459=LINE('',#16786,#3580);
#2460=LINE('',#16790,#3581);
#2461=LINE('',#16795,#3582);
#2462=LINE('',#16798,#3583);
#2463=LINE('',#16802,#3584);
#2464=LINE('',#16806,#3585);
#2465=LINE('',#16811,#3586);
#2466=LINE('',#16813,#3587);
#2467=LINE('',#16814,#3588);
#2468=LINE('',#16817,#3589);
#2469=LINE('',#16818,#3590);
#2470=LINE('',#16821,#3591);
#2471=LINE('',#16822,#3592);
#2472=LINE('',#16824,#3593);
#2473=LINE('',#16827,#3594);
#2474=LINE('',#16829,#3595);
#2475=LINE('',#16830,#3596);
#2476=LINE('',#16833,#3597);
#2477=LINE('',#16834,#3598);
#2478=LINE('',#16837,#3599);
#2479=LINE('',#16838,#3600);
#2480=LINE('',#16840,#3601);
#2481=LINE('',#16843,#3602);
#2482=LINE('',#16845,#3603);
#2483=LINE('',#16846,#3604);
#2484=LINE('',#16849,#3605);
#2485=LINE('',#16850,#3606);
#2486=LINE('',#16853,#3607);
#2487=LINE('',#16854,#3608);
#2488=LINE('',#16856,#3609);
#2489=LINE('',#16860,#3610);
#2490=LINE('',#16864,#3611);
#2491=LINE('',#16867,#3612);
#2492=LINE('',#16870,#3613);
#2493=LINE('',#16874,#3614);
#2494=LINE('',#16878,#3615);
#2495=LINE('',#16883,#3616);
#2496=LINE('',#16886,#3617);
#2497=LINE('',#16889,#3618);
#2498=LINE('',#16890,#3619);
#2499=LINE('',#16894,#3620);
#2500=LINE('',#16897,#3621);
#2501=LINE('',#16898,#3622);
#2502=LINE('',#16902,#3623);
#2503=LINE('',#16904,#3624);
#2504=LINE('',#16907,#3625);
#2505=LINE('',#16908,#3626);
#2506=LINE('',#16912,#3627);
#2507=LINE('',#16915,#3628);
#2508=LINE('',#16916,#3629);
#2509=LINE('',#16920,#3630);
#2510=LINE('',#16923,#3631);
#2511=LINE('',#16924,#3632);
#2512=LINE('',#16929,#3633);
#2513=LINE('',#16930,#3634);
#2514=LINE('',#16934,#3635);
#2515=LINE('',#16937,#3636);
#2516=LINE('',#16938,#3637);
#2517=LINE('',#16942,#3638);
#2518=LINE('',#16945,#3639);
#2519=LINE('',#16946,#3640);
#2520=LINE('',#16950,#3641);
#2521=LINE('',#16957,#3642);
#2522=LINE('',#16966,#3643);
#2523=LINE('',#16973,#3644);
#2524=LINE('',#16978,#3645);
#2525=LINE('',#16985,#3646);
#2526=LINE('',#16988,#3647);
#2527=LINE('',#16990,#3648);
#2528=LINE('',#16993,#3649);
#2529=LINE('',#16998,#3650);
#2530=LINE('',#17007,#3651);
#2531=LINE('',#17016,#3652);
#2532=LINE('',#17025,#3653);
#2533=LINE('',#17034,#3654);
#2534=LINE('',#17043,#3655);
#2535=LINE('',#17052,#3656);
#2536=LINE('',#17061,#3657);
#2537=LINE('',#17070,#3658);
#2538=LINE('',#17079,#3659);
#2539=LINE('',#17088,#3660);
#2540=LINE('',#17097,#3661);
#2541=LINE('',#17106,#3662);
#2542=LINE('',#17114,#3663);
#2543=LINE('',#17116,#3664);
#2544=LINE('',#17118,#3665);
#2545=LINE('',#17119,#3666);
#2546=LINE('',#17125,#3667);
#2547=LINE('',#17128,#3668);
#2548=LINE('',#17130,#3669);
#2549=LINE('',#17131,#3670);
#2550=LINE('',#17138,#3671);
#2551=LINE('',#17140,#3672);
#2552=LINE('',#17142,#3673);
#2553=LINE('',#17143,#3674);
#2554=LINE('',#17149,#3675);
#2555=LINE('',#17152,#3676);
#2556=LINE('',#17154,#3677);
#2557=LINE('',#17155,#3678);
#2558=LINE('',#17161,#3679);
#2559=LINE('',#17166,#3680);
#2560=LINE('',#17171,#3681);
#2561=LINE('',#17176,#3682);
#2562=LINE('',#17181,#3683);
#2563=LINE('',#17186,#3684);
#2564=LINE('',#17192,#3685);
#2565=LINE('',#17194,#3686);
#2566=LINE('',#17196,#3687);
#2567=LINE('',#17197,#3688);
#2568=LINE('',#17200,#3689);
#2569=LINE('',#17202,#3690);
#2570=LINE('',#17206,#3691);
#2571=LINE('',#17208,#3692);
#2572=LINE('',#17212,#3693);
#2573=LINE('',#17216,#3694);
#2574=LINE('',#17220,#3695);
#2575=LINE('',#17222,#3696);
#2576=LINE('',#17224,#3697);
#2577=LINE('',#17225,#3698);
#2578=LINE('',#17228,#3699);
#2579=LINE('',#17229,#3700);
#2580=LINE('',#17233,#3701);
#2581=LINE('',#17235,#3702);
#2582=LINE('',#17237,#3703);
#2583=LINE('',#17238,#3704);
#2584=LINE('',#17241,#3705);
#2585=LINE('',#17243,#3706);
#2586=LINE('',#17245,#3707);
#2587=LINE('',#17247,#3708);
#2588=LINE('',#17249,#3709);
#2589=LINE('',#17251,#3710);
#2590=LINE('',#17253,#3711);
#2591=LINE('',#17255,#3712);
#2592=LINE('',#17257,#3713);
#2593=LINE('',#17258,#3714);
#2594=LINE('',#17262,#3715);
#2595=LINE('',#17263,#3716);
#2596=LINE('',#17264,#3717);
#2597=LINE('',#17267,#3718);
#2598=LINE('',#17269,#3719);
#2599=LINE('',#17271,#3720);
#2600=LINE('',#17273,#3721);
#2601=LINE('',#17275,#3722);
#2602=LINE('',#17276,#3723);
#2603=LINE('',#17277,#3724);
#2604=LINE('',#17279,#3725);
#2605=LINE('',#17282,#3726);
#2606=LINE('',#17283,#3727);
#2607=LINE('',#17288,#3728);
#2608=LINE('',#17291,#3729);
#2609=LINE('',#17293,#3730);
#2610=LINE('',#17297,#3731);
#2611=LINE('',#17301,#3732);
#2612=LINE('',#17305,#3733);
#2613=LINE('',#17311,#3734);
#2614=LINE('',#17316,#3735);
#2615=LINE('',#17320,#3736);
#2616=LINE('',#17324,#3737);
#2617=LINE('',#17327,#3738);
#2618=LINE('',#17331,#3739);
#2619=LINE('',#17332,#3740);
#2620=LINE('',#17333,#3741);
#2621=LINE('',#17337,#3742);
#2622=LINE('',#17338,#3743);
#2623=LINE('',#17339,#3744);
#2624=LINE('',#17345,#3745);
#2625=LINE('',#17348,#3746);
#2626=LINE('',#17349,#3747);
#2627=LINE('',#17352,#3748);
#2628=LINE('',#17353,#3749);
#2629=LINE('',#17360,#3750);
#2630=LINE('',#17362,#3751);
#2631=LINE('',#17363,#3752);
#2632=LINE('',#17366,#3753);
#2633=LINE('',#17369,#3754);
#2634=LINE('',#17372,#3755);
#2635=LINE('',#17373,#3756);
#2636=LINE('',#17376,#3757);
#2637=LINE('',#17379,#3758);
#2638=LINE('',#17382,#3759);
#2639=LINE('',#17386,#3760);
#2640=LINE('',#17389,#3761);
#2641=LINE('',#17392,#3762);
#2642=LINE('',#17393,#3763);
#2643=LINE('',#17396,#3764);
#2644=LINE('',#17399,#3765);
#2645=LINE('',#17401,#3766);
#2646=LINE('',#17402,#3767);
#2647=LINE('',#17404,#3768);
#2648=LINE('',#17406,#3769);
#2649=LINE('',#17408,#3770);
#2650=LINE('',#17410,#3771);
#2651=LINE('',#17412,#3772);
#2652=LINE('',#17414,#3773);
#2653=LINE('',#17415,#3774);
#2654=LINE('',#17418,#3775);
#2655=LINE('',#17419,#3776);
#2656=LINE('',#17423,#3777);
#2657=LINE('',#17425,#3778);
#2658=LINE('',#17427,#3779);
#2659=LINE('',#17428,#3780);
#2660=LINE('',#17431,#3781);
#2661=LINE('',#17433,#3782);
#2662=LINE('',#17435,#3783);
#2663=LINE('',#17437,#3784);
#2664=LINE('',#17438,#3785);
#2665=LINE('',#17440,#3786);
#2666=LINE('',#17442,#3787);
#2667=LINE('',#17443,#3788);
#2668=LINE('',#17446,#3789);
#2669=LINE('',#17447,#3790);
#2670=LINE('',#17451,#3791);
#2671=LINE('',#17455,#3792);
#2672=LINE('',#17460,#3793);
#2673=LINE('',#17462,#3794);
#2674=LINE('',#17464,#3795);
#2675=LINE('',#17465,#3796);
#2676=LINE('',#17468,#3797);
#2677=LINE('',#17470,#3798);
#2678=LINE('',#17474,#3799);
#2679=LINE('',#17478,#3800);
#2680=LINE('',#17481,#3801);
#2681=LINE('',#17483,#3802);
#2682=LINE('',#17484,#3803);
#2683=LINE('',#17487,#3804);
#2684=LINE('',#17488,#3805);
#2685=LINE('',#17491,#3806);
#2686=LINE('',#17496,#3807);
#2687=LINE('',#17501,#3808);
#2688=LINE('',#17505,#3809);
#2689=LINE('',#17507,#3810);
#2690=LINE('',#17509,#3811);
#2691=LINE('',#17510,#3812);
#2692=LINE('',#17513,#3813);
#2693=LINE('',#17516,#3814);
#2694=LINE('',#17519,#3815);
#2695=LINE('',#17520,#3816);
#2696=LINE('',#17525,#3817);
#2697=LINE('',#17530,#3818);
#2698=LINE('',#17535,#3819);
#2699=LINE('',#17540,#3820);
#2700=LINE('',#17548,#3821);
#2701=LINE('',#17552,#3822);
#2702=LINE('',#17555,#3823);
#2703=LINE('',#17556,#3824);
#2704=LINE('',#17558,#3825);
#2705=LINE('',#17559,#3826);
#2706=LINE('',#17561,#3827);
#2707=LINE('',#17564,#3828);
#2708=LINE('',#17567,#3829);
#2709=LINE('',#17570,#3830);
#2710=LINE('',#17572,#3831);
#2711=LINE('',#17573,#3832);
#2712=LINE('',#17575,#3833);
#2713=LINE('',#17576,#3834);
#2714=LINE('',#17582,#3835);
#2715=LINE('',#17587,#3836);
#2716=LINE('',#17590,#3837);
#2717=LINE('',#17591,#3838);
#2718=LINE('',#17594,#3839);
#2719=LINE('',#17596,#3840);
#2720=LINE('',#17598,#3841);
#2721=LINE('',#17602,#3842);
#2722=LINE('',#17606,#3843);
#2723=LINE('',#17607,#3844);
#2724=LINE('',#17610,#3845);
#2725=LINE('',#17614,#3846);
#2726=LINE('',#17616,#3847);
#2727=LINE('',#17620,#3848);
#2728=LINE('',#17622,#3849);
#2729=LINE('',#17624,#3850);
#2730=LINE('',#17628,#3851);
#2731=LINE('',#17630,#3852);
#2732=LINE('',#17634,#3853);
#2733=LINE('',#17638,#3854);
#2734=LINE('',#17642,#3855);
#2735=LINE('',#17644,#3856);
#2736=LINE('',#17648,#3857);
#2737=LINE('',#17650,#3858);
#2738=LINE('',#17654,#3859);
#2739=LINE('',#17658,#3860);
#2740=LINE('',#17660,#3861);
#2741=LINE('',#17664,#3862);
#2742=LINE('',#17666,#3863);
#2743=LINE('',#17670,#3864);
#2744=LINE('',#17677,#3865);
#2745=LINE('',#17680,#3866);
#2746=LINE('',#17683,#3867);
#2747=LINE('',#17684,#3868);
#2748=LINE('',#17685,#3869);
#2749=LINE('',#17688,#3870);
#2750=LINE('',#17690,#3871);
#2751=LINE('',#17694,#3872);
#2752=LINE('',#17698,#3873);
#2753=LINE('',#17704,#3874);
#2754=LINE('',#17705,#3875);
#2755=LINE('',#17707,#3876);
#2756=LINE('',#17708,#3877);
#2757=LINE('',#17710,#3878);
#2758=LINE('',#17712,#3879);
#2759=LINE('',#17718,#3880);
#2760=LINE('',#17721,#3881);
#2761=LINE('',#17724,#3882);
#2762=LINE('',#17726,#3883);
#2763=LINE('',#17727,#3884);
#2764=LINE('',#17733,#3885);
#2765=LINE('',#17736,#3886);
#2766=LINE('',#17739,#3887);
#2767=LINE('',#17741,#3888);
#2768=LINE('',#17742,#3889);
#2769=LINE('',#17747,#3890);
#2770=LINE('',#17751,#3891);
#2771=LINE('',#17753,#3892);
#2772=LINE('',#17754,#3893);
#2773=LINE('',#17759,#3894);
#2774=LINE('',#17763,#3895);
#2775=LINE('',#17765,#3896);
#2776=LINE('',#17766,#3897);
#2777=LINE('',#17771,#3898);
#2778=LINE('',#17775,#3899);
#2779=LINE('',#17777,#3900);
#2780=LINE('',#17778,#3901);
#2781=LINE('',#17784,#3902);
#2782=LINE('',#17787,#3903);
#2783=LINE('',#17790,#3904);
#2784=LINE('',#17792,#3905);
#2785=LINE('',#17793,#3906);
#2786=LINE('',#17798,#3907);
#2787=LINE('',#17802,#3908);
#2788=LINE('',#17804,#3909);
#2789=LINE('',#17805,#3910);
#2790=LINE('',#17810,#3911);
#2791=LINE('',#17814,#3912);
#2792=LINE('',#17816,#3913);
#2793=LINE('',#17817,#3914);
#2794=LINE('',#17820,#3915);
#2795=LINE('',#17823,#3916);
#2796=LINE('',#17826,#3917);
#2797=LINE('',#17827,#3918);
#2798=LINE('',#17830,#3919);
#2799=LINE('',#17834,#3920);
#2800=LINE('',#17835,#3921);
#2801=LINE('',#17838,#3922);
#2802=LINE('',#17842,#3923);
#2803=LINE('',#17843,#3924);
#2804=LINE('',#17846,#3925);
#2805=LINE('',#17849,#3926);
#2806=LINE('',#17852,#3927);
#2807=LINE('',#17853,#3928);
#2808=LINE('',#17856,#3929);
#2809=LINE('',#17859,#3930);
#2810=LINE('',#17862,#3931);
#2811=LINE('',#17863,#3932);
#2812=LINE('',#17866,#3933);
#2813=LINE('',#17869,#3934);
#2814=LINE('',#17872,#3935);
#2815=LINE('',#17873,#3936);
#2816=LINE('',#17876,#3937);
#2817=LINE('',#17880,#3938);
#2818=LINE('',#17881,#3939);
#2819=LINE('',#17884,#3940);
#2820=LINE('',#17888,#3941);
#2821=LINE('',#17889,#3942);
#2822=LINE('',#17892,#3943);
#2823=LINE('',#17895,#3944);
#2824=LINE('',#17898,#3945);
#2825=LINE('',#17899,#3946);
#2826=LINE('',#17902,#3947);
#2827=LINE('',#17905,#3948);
#2828=LINE('',#17908,#3949);
#2829=LINE('',#17909,#3950);
#2830=LINE('',#17912,#3951);
#2831=LINE('',#17916,#3952);
#2832=LINE('',#17917,#3953);
#2833=LINE('',#17920,#3954);
#2834=LINE('',#17923,#3955);
#2835=LINE('',#17926,#3956);
#2836=LINE('',#17927,#3957);
#2837=LINE('',#17933,#3958);
#2838=LINE('',#17936,#3959);
#2839=LINE('',#17938,#3960);
#2840=LINE('',#17940,#3961);
#2841=LINE('',#17941,#3962);
#2842=LINE('',#17946,#3963);
#2843=LINE('',#17949,#3964);
#2844=LINE('',#17951,#3965);
#2845=LINE('',#17954,#3966);
#2846=LINE('',#17955,#3967);
#2847=LINE('',#17957,#3968);
#2848=LINE('',#17959,#3969);
#2849=LINE('',#17960,#3970);
#2850=LINE('',#17962,#3971);
#2851=LINE('',#17965,#3972);
#2852=LINE('',#17969,#3973);
#2853=LINE('',#17970,#3974);
#2854=LINE('',#17972,#3975);
#2855=LINE('',#17974,#3976);
#2856=LINE('',#17976,#3977);
#2857=LINE('',#17979,#3978);
#2858=LINE('',#17982,#3979);
#2859=LINE('',#17986,#3980);
#2860=LINE('',#17987,#3981);
#2861=LINE('',#17990,#3982);
#2862=LINE('',#17993,#3983);
#2863=LINE('',#17996,#3984);
#2864=LINE('',#17998,#3985);
#2865=LINE('',#18000,#3986);
#2866=LINE('',#18002,#3987);
#2867=LINE('',#18003,#3988);
#2868=LINE('',#18006,#3989);
#2869=LINE('',#18008,#3990);
#2870=LINE('',#18009,#3991);
#2871=LINE('',#18014,#3992);
#2872=LINE('',#18017,#3993);
#2873=LINE('',#18018,#3994);
#2874=LINE('',#18021,#3995);
#2875=LINE('',#18022,#3996);
#2876=LINE('',#18025,#3997);
#2877=LINE('',#18028,#3998);
#2878=LINE('',#18031,#3999);
#2879=LINE('',#18032,#4000);
#2880=LINE('',#18036,#4001);
#2881=LINE('',#18038,#4002);
#2882=LINE('',#18039,#4003);
#2883=LINE('',#18042,#4004);
#2884=LINE('',#18045,#4005);
#2885=LINE('',#18047,#4006);
#2886=LINE('',#18050,#4007);
#2887=LINE('',#18055,#4008);
#2888=LINE('',#18059,#4009);
#2889=LINE('',#18062,#4010);
#2890=LINE('',#18065,#4011);
#2891=LINE('',#18068,#4012);
#2892=LINE('',#18071,#4013);
#2893=LINE('',#18072,#4014);
#2894=LINE('',#18073,#4015);
#2895=LINE('',#18074,#4016);
#2896=LINE('',#18075,#4017);
#2897=LINE('',#18076,#4018);
#2898=LINE('',#18078,#4019);
#2899=LINE('',#18079,#4020);
#2900=LINE('',#18087,#4021);
#2901=LINE('',#18091,#4022);
#2902=LINE('',#18097,#4023);
#2903=LINE('',#18099,#4024);
#2904=LINE('',#18101,#4025);
#2905=LINE('',#18103,#4026);
#2906=LINE('',#18107,#4027);
#2907=LINE('',#18113,#4028);
#2908=LINE('',#18121,#4029);
#2909=LINE('',#18123,#4030);
#2910=LINE('',#18125,#4031);
#2911=LINE('',#18126,#4032);
#2912=LINE('',#18129,#4033);
#2913=LINE('',#18131,#4034);
#2914=LINE('',#18132,#4035);
#2915=LINE('',#18135,#4036);
#2916=LINE('',#18137,#4037);
#2917=LINE('',#18138,#4038);
#2918=LINE('',#18141,#4039);
#2919=LINE('',#18143,#4040);
#2920=LINE('',#18144,#4041);
#2921=LINE('',#18147,#4042);
#2922=LINE('',#18149,#4043);
#2923=LINE('',#18150,#4044);
#2924=LINE('',#18153,#4045);
#2925=LINE('',#18155,#4046);
#2926=LINE('',#18156,#4047);
#2927=LINE('',#18160,#4048);
#2928=LINE('',#18162,#4049);
#2929=LINE('',#18164,#4050);
#2930=LINE('',#18165,#4051);
#2931=LINE('',#18168,#4052);
#2932=LINE('',#18170,#4053);
#2933=LINE('',#18171,#4054);
#2934=LINE('',#18174,#4055);
#2935=LINE('',#18176,#4056);
#2936=LINE('',#18177,#4057);
#2937=LINE('',#18180,#4058);
#2938=LINE('',#18182,#4059);
#2939=LINE('',#18183,#4060);
#2940=LINE('',#18185,#4061);
#2941=LINE('',#18186,#4062);
#2942=LINE('',#18189,#4063);
#2943=LINE('',#18191,#4064);
#2944=LINE('',#18193,#4065);
#2945=LINE('',#18195,#4066);
#2946=LINE('',#18199,#4067);
#2947=LINE('',#18201,#4068);
#2948=LINE('',#18203,#4069);
#2949=LINE('',#18205,#4070);
#2950=LINE('',#18207,#4071);
#2951=LINE('',#18209,#4072);
#2952=LINE('',#18211,#4073);
#2953=LINE('',#18213,#4074);
#2954=LINE('',#18215,#4075);
#2955=LINE('',#18216,#4076);
#2956=LINE('',#18231,#4077);
#2957=LINE('',#18233,#4078);
#2958=LINE('',#18234,#4079);
#2959=LINE('',#18237,#4080);
#2960=LINE('',#18238,#4081);
#2961=LINE('',#18241,#4082);
#2962=LINE('',#18242,#4083);
#2963=LINE('',#18245,#4084);
#2964=LINE('',#18246,#4085);
#2965=LINE('',#18249,#4086);
#2966=LINE('',#18250,#4087);
#2967=LINE('',#18253,#4088);
#2968=LINE('',#18257,#4089);
#2969=LINE('',#18261,#4090);
#2970=LINE('',#18265,#4091);
#2971=LINE('',#18269,#4092);
#2972=LINE('',#18273,#4093);
#2973=LINE('',#18279,#4094);
#2974=LINE('',#18280,#4095);
#2975=LINE('',#18283,#4096);
#2976=LINE('',#18284,#4097);
#2977=LINE('',#18287,#4098);
#2978=LINE('',#18288,#4099);
#2979=LINE('',#18291,#4100);
#2980=LINE('',#18292,#4101);
#2981=LINE('',#18295,#4102);
#2982=LINE('',#18296,#4103);
#2983=LINE('',#18297,#4104);
#2984=LINE('',#18299,#4105);
#2985=LINE('',#18302,#4106);
#2986=LINE('',#18303,#4107);
#2987=LINE('',#18306,#4108);
#2988=LINE('',#18307,#4109);
#2989=LINE('',#18309,#4110);
#2990=LINE('',#18316,#4111);
#2991=LINE('',#18318,#4112);
#2992=LINE('',#18320,#4113);
#2993=LINE('',#18321,#4114);
#2994=LINE('',#18324,#4115);
#2995=LINE('',#18326,#4116);
#2996=LINE('',#18327,#4117);
#2997=LINE('',#18331,#4118);
#2998=LINE('',#18333,#4119);
#2999=LINE('',#18335,#4120);
#3000=LINE('',#18336,#4121);
#3001=LINE('',#18339,#4122);
#3002=LINE('',#18341,#4123);
#3003=LINE('',#18342,#4124);
#3004=LINE('',#18345,#4125);
#3005=LINE('',#18347,#4126);
#3006=LINE('',#18348,#4127);
#3007=LINE('',#18352,#4128);
#3008=LINE('',#18354,#4129);
#3009=LINE('',#18356,#4130);
#3010=LINE('',#18357,#4131);
#3011=LINE('',#18360,#4132);
#3012=LINE('',#18362,#4133);
#3013=LINE('',#18363,#4134);
#3014=LINE('',#18366,#4135);
#3015=LINE('',#18368,#4136);
#3016=LINE('',#18369,#4137);
#3017=LINE('',#18372,#4138);
#3018=LINE('',#18374,#4139);
#3019=LINE('',#18375,#4140);
#3020=LINE('',#18377,#4141);
#3021=LINE('',#18378,#4142);
#3022=LINE('',#18380,#4143);
#3023=LINE('',#18381,#4144);
#3024=LINE('',#18383,#4145);
#3025=LINE('',#18387,#4146);
#3026=LINE('',#18389,#4147);
#3027=LINE('',#18390,#4148);
#3028=LINE('',#18392,#4149);
#3029=LINE('',#18393,#4150);
#3030=LINE('',#18398,#4151);
#3031=LINE('',#18404,#4152);
#3032=LINE('',#18410,#4153);
#3033=LINE('',#18416,#4154);
#3034=LINE('',#18421,#4155);
#3035=LINE('',#18423,#4156);
#3036=LINE('',#18425,#4157);
#3037=LINE('',#18426,#4158);
#3038=LINE('',#18429,#4159);
#3039=LINE('',#18431,#4160);
#3040=LINE('',#18432,#4161);
#3041=LINE('',#18435,#4162);
#3042=LINE('',#18437,#4163);
#3043=LINE('',#18438,#4164);
#3044=LINE('',#18440,#4165);
#3045=LINE('',#18441,#4166);
#3046=LINE('',#18443,#4167);
#3047=LINE('',#18444,#4168);
#3048=LINE('',#18452,#4169);
#3049=LINE('',#18459,#4170);
#3050=LINE('',#18466,#4171);
#3051=LINE('',#18473,#4172);
#3052=LINE('',#18481,#4173);
#3053=LINE('',#18484,#4174);
#3054=LINE('',#18487,#4175);
#3055=LINE('',#18489,#4176);
#3056=LINE('',#18490,#4177);
#3057=LINE('',#18496,#4178);
#3058=LINE('',#18499,#4179);
#3059=LINE('',#18501,#4180);
#3060=LINE('',#18502,#4181);
#3061=LINE('',#18508,#4182);
#3062=LINE('',#18511,#4183);
#3063=LINE('',#18513,#4184);
#3064=LINE('',#18514,#4185);
#3065=LINE('',#18520,#4186);
#3066=LINE('',#18522,#4187);
#3067=LINE('',#18523,#4188);
#3068=LINE('',#18546,#4189);
#3069=LINE('',#18550,#4190);
#3070=LINE('',#18554,#4191);
#3071=LINE('',#18558,#4192);
#3072=LINE('',#18562,#4193);
#3073=LINE('',#18580,#4194);
#3074=LINE('',#18582,#4195);
#3075=LINE('',#18583,#4196);
#3076=LINE('',#18586,#4197);
#3077=LINE('',#18592,#4198);
#3078=LINE('',#18604,#4199);
#3079=LINE('',#18610,#4200);
#3080=LINE('',#18622,#4201);
#3081=LINE('',#18628,#4202);
#3082=LINE('',#18640,#4203);
#3083=LINE('',#18642,#4204);
#3084=LINE('',#18658,#4205);
#3085=LINE('',#18660,#4206);
#3086=LINE('',#18675,#4207);
#3087=LINE('',#18676,#4208);
#3088=LINE('',#18679,#4209);
#3089=LINE('',#18682,#4210);
#3090=LINE('',#18685,#4211);
#3091=LINE('',#18686,#4212);
#3092=LINE('',#18689,#4213);
#3093=LINE('',#18693,#4214);
#3094=LINE('',#18694,#4215);
#3095=LINE('',#18697,#4216);
#3096=LINE('',#18701,#4217);
#3097=LINE('',#18702,#4218);
#3098=LINE('',#18705,#4219);
#3099=LINE('',#18711,#4220);
#3100=LINE('',#18713,#4221);
#3101=LINE('',#18715,#4222);
#3102=LINE('',#18716,#4223);
#3103=LINE('',#18720,#4224);
#3104=LINE('',#18726,#4225);
#3105=LINE('',#18727,#4226);
#3106=LINE('',#18728,#4227);
#3107=LINE('',#18732,#4228);
#3108=LINE('',#18738,#4229);
#3109=LINE('',#18739,#4230);
#3110=LINE('',#18740,#4231);
#3111=LINE('',#18744,#4232);
#3112=LINE('',#18750,#4233);
#3113=LINE('',#18751,#4234);
#3114=LINE('',#18752,#4235);
#3115=LINE('',#18756,#4236);
#3116=LINE('',#18760,#4237);
#3117=LINE('',#18761,#4238);
#3118=LINE('',#18764,#4239);
#3119=LINE('',#18766,#4240);
#3120=LINE('',#18767,#4241);
#3121=LINE('',#18770,#4242);
#3122=LINE('',#18774,#4243);
#3123=LINE('',#18775,#4244);
#3124=LINE('',#18778,#4245);
#3125=LINE('',#18782,#4246);
#3126=LINE('',#18783,#4247);
#3127=LINE('',#18798,#4248);
#3128=LINE('',#18800,#4249);
#3129=LINE('',#18804,#4250);
#3130=LINE('',#18807,#4251);
#3131=LINE('',#18809,#4252);
#3132=LINE('',#18811,#4253);
#3133=LINE('',#18813,#4254);
#3134=LINE('',#18815,#4255);
#3135=LINE('',#18817,#4256);
#3136=LINE('',#18822,#4257);
#3137=LINE('',#18828,#4258);
#3138=LINE('',#18831,#4259);
#3139=LINE('',#18834,#4260);
#3140=LINE('',#18836,#4261);
#3141=LINE('',#18837,#4262);
#3142=LINE('',#18842,#4263);
#3143=LINE('',#18846,#4264);
#3144=LINE('',#18848,#4265);
#3145=LINE('',#18849,#4266);
#3146=LINE('',#18852,#4267);
#3147=LINE('',#18854,#4268);
#3148=LINE('',#18855,#4269);
#3149=LINE('',#18857,#4270);
#3150=LINE('',#18860,#4271);
#3151=LINE('',#18862,#4272);
#3152=LINE('',#18864,#4273);
#3153=LINE('',#18866,#4274);
#3154=LINE('',#18867,#4275);
#3155=LINE('',#18871,#4276);
#3156=LINE('',#18875,#4277);
#3157=LINE('',#18879,#4278);
#3158=LINE('',#18883,#4279);
#3159=LINE('',#18887,#4280);
#3160=LINE('',#18891,#4281);
#3161=LINE('',#18895,#4282);
#3162=LINE('',#18897,#4283);
#3163=LINE('',#18899,#4284);
#3164=LINE('',#18900,#4285);
#3165=LINE('',#18908,#4286);
#3166=LINE('',#18912,#4287);
#3167=LINE('',#18914,#4288);
#3168=LINE('',#18915,#4289);
#3169=LINE('',#18918,#4290);
#3170=LINE('',#18920,#4291);
#3171=LINE('',#18921,#4292);
#3172=LINE('',#18926,#4293);
#3173=LINE('',#18930,#4294);
#3174=LINE('',#18932,#4295);
#3175=LINE('',#18933,#4296);
#3176=LINE('',#18941,#4297);
#3177=LINE('',#18944,#4298);
#3178=LINE('',#18945,#4299);
#3179=LINE('',#18948,#4300);
#3180=LINE('',#18951,#4301);
#3181=LINE('',#18958,#4302);
#3182=LINE('',#18963,#4303);
#3183=LINE('',#18966,#4304);
#3184=LINE('',#18972,#4305);
#3185=LINE('',#18981,#4306);
#3186=LINE('',#18987,#4307);
#3187=VECTOR('',#12490,0.800000000000001);
#3188=VECTOR('',#12497,0.800000000000001);
#3189=VECTOR('',#12504,0.800000000000001);
#3190=VECTOR('',#12511,0.800000000000001);
#3191=VECTOR('',#12518,0.800000000000001);
#3192=VECTOR('',#12525,0.800000000000001);
#3193=VECTOR('',#12532,10.);
#3194=VECTOR('',#12535,10.);
#3195=VECTOR('',#12538,10.);
#3196=VECTOR('',#12539,10.);
#3197=VECTOR('',#12540,10.);
#3198=VECTOR('',#12543,10.);
#3199=VECTOR('',#12546,10.);
#3200=VECTOR('',#12549,10.);
#3201=VECTOR('',#12552,10.);
#3202=VECTOR('',#12555,10.);
#3203=VECTOR('',#12558,10.);
#3204=VECTOR('',#12561,10.);
#3205=VECTOR('',#12564,10.);
#3206=VECTOR('',#12567,10.);
#3207=VECTOR('',#12570,10.);
#3208=VECTOR('',#12573,10.);
#3209=VECTOR('',#12576,10.);
#3210=VECTOR('',#12579,10.);
#3211=VECTOR('',#12582,10.);
#3212=VECTOR('',#12591,10.);
#3213=VECTOR('',#12592,10.);
#3214=VECTOR('',#12593,10.);
#3215=VECTOR('',#12594,10.);
#3216=VECTOR('',#12595,10.);
#3217=VECTOR('',#12596,10.);
#3218=VECTOR('',#12597,10.);
#3219=VECTOR('',#12598,10.);
#3220=VECTOR('',#12601,10.);
#3221=VECTOR('',#12602,10.);
#3222=VECTOR('',#12603,10.);
#3223=VECTOR('',#12604,10.);
#3224=VECTOR('',#12605,10.);
#3225=VECTOR('',#12606,10.);
#3226=VECTOR('',#12607,10.);
#3227=VECTOR('',#12608,10.);
#3228=VECTOR('',#12609,10.);
#3229=VECTOR('',#12610,10.);
#3230=VECTOR('',#12611,10.);
#3231=VECTOR('',#12612,10.);
#3232=VECTOR('',#12613,10.);
#3233=VECTOR('',#12614,10.);
#3234=VECTOR('',#12615,10.);
#3235=VECTOR('',#12616,10.);
#3236=VECTOR('',#12617,10.);
#3237=VECTOR('',#12618,10.);
#3238=VECTOR('',#12619,10.);
#3239=VECTOR('',#12620,10.);
#3240=VECTOR('',#12621,10.);
#3241=VECTOR('',#12622,10.);
#3242=VECTOR('',#12623,10.);
#3243=VECTOR('',#12624,10.);
#3244=VECTOR('',#12625,10.);
#3245=VECTOR('',#12626,10.);
#3246=VECTOR('',#12627,10.);
#3247=VECTOR('',#12628,10.);
#3248=VECTOR('',#12653,10.);
#3249=VECTOR('',#12654,10.);
#3250=VECTOR('',#12655,10.);
#3251=VECTOR('',#12656,10.);
#3252=VECTOR('',#12657,10.);
#3253=VECTOR('',#12658,10.);
#3254=VECTOR('',#12659,10.);
#3255=VECTOR('',#12660,10.);
#3256=VECTOR('',#12661,10.);
#3257=VECTOR('',#12662,10.);
#3258=VECTOR('',#12663,10.);
#3259=VECTOR('',#12664,10.);
#3260=VECTOR('',#12665,10.);
#3261=VECTOR('',#12666,10.);
#3262=VECTOR('',#12667,10.);
#3263=VECTOR('',#12668,10.);
#3264=VECTOR('',#12669,10.);
#3265=VECTOR('',#12670,10.);
#3266=VECTOR('',#12671,10.);
#3267=VECTOR('',#12672,10.);
#3268=VECTOR('',#12673,10.);
#3269=VECTOR('',#12674,10.);
#3270=VECTOR('',#12675,10.);
#3271=VECTOR('',#12676,10.);
#3272=VECTOR('',#12677,10.);
#3273=VECTOR('',#12678,10.);
#3274=VECTOR('',#12679,10.);
#3275=VECTOR('',#12680,10.);
#3276=VECTOR('',#12681,10.);
#3277=VECTOR('',#12682,10.);
#3278=VECTOR('',#12683,10.);
#3279=VECTOR('',#12684,10.);
#3280=VECTOR('',#12687,10.);
#3281=VECTOR('',#12688,10.);
#3282=VECTOR('',#12689,10.);
#3283=VECTOR('',#12690,10.);
#3284=VECTOR('',#12691,10.);
#3285=VECTOR('',#12692,10.);
#3286=VECTOR('',#12693,10.);
#3287=VECTOR('',#12694,10.);
#3288=VECTOR('',#12697,10.);
#3289=VECTOR('',#12698,10.);
#3290=VECTOR('',#12699,10.);
#3291=VECTOR('',#12700,10.);
#3292=VECTOR('',#12701,10.);
#3293=VECTOR('',#12702,10.);
#3294=VECTOR('',#12703,10.);
#3295=VECTOR('',#12704,10.);
#3296=VECTOR('',#12719,10.);
#3297=VECTOR('',#12720,10.);
#3298=VECTOR('',#12723,10.);
#3299=VECTOR('',#12724,10.);
#3300=VECTOR('',#12729,10.);
#3301=VECTOR('',#12730,10.);
#3302=VECTOR('',#12733,10.);
#3303=VECTOR('',#12734,10.);
#3304=VECTOR('',#12739,10.);
#3305=VECTOR('',#12740,10.);
#3306=VECTOR('',#12743,10.);
#3307=VECTOR('',#12744,10.);
#3308=VECTOR('',#12749,10.);
#3309=VECTOR('',#12752,10.);
#3310=VECTOR('',#12755,10.);
#3311=VECTOR('',#12760,10.);
#3312=VECTOR('',#12765,10.);
#3313=VECTOR('',#12774,1.35);
#3314=VECTOR('',#12777,10.);
#3315=VECTOR('',#12778,10.);
#3316=VECTOR('',#12779,10.);
#3317=VECTOR('',#12782,10.);
#3318=VECTOR('',#12783,10.);
#3319=VECTOR('',#12786,10.);
#3320=VECTOR('',#12787,10.);
#3321=VECTOR('',#12790,10.);
#3322=VECTOR('',#12793,10.);
#3323=VECTOR('',#12794,10.);
#3324=VECTOR('',#12795,10.);
#3325=VECTOR('',#12798,10.);
#3326=VECTOR('',#12799,10.);
#3327=VECTOR('',#12802,10.);
#3328=VECTOR('',#12803,10.);
#3329=VECTOR('',#12806,10.);
#3330=VECTOR('',#12811,1.35);
#3331=VECTOR('',#12814,10.);
#3332=VECTOR('',#12815,10.);
#3333=VECTOR('',#12816,10.);
#3334=VECTOR('',#12819,10.);
#3335=VECTOR('',#12820,10.);
#3336=VECTOR('',#12823,10.);
#3337=VECTOR('',#12824,10.);
#3338=VECTOR('',#12827,10.);
#3339=VECTOR('',#12830,10.);
#3340=VECTOR('',#12831,10.);
#3341=VECTOR('',#12832,10.);
#3342=VECTOR('',#12835,10.);
#3343=VECTOR('',#12836,10.);
#3344=VECTOR('',#12839,10.);
#3345=VECTOR('',#12840,10.);
#3346=VECTOR('',#12843,10.);
#3347=VECTOR('',#12848,1.35);
#3348=VECTOR('',#12851,10.);
#3349=VECTOR('',#12852,10.);
#3350=VECTOR('',#12853,10.);
#3351=VECTOR('',#12856,10.);
#3352=VECTOR('',#12857,10.);
#3353=VECTOR('',#12860,10.);
#3354=VECTOR('',#12861,10.);
#3355=VECTOR('',#12864,10.);
#3356=VECTOR('',#12867,10.);
#3357=VECTOR('',#12868,10.);
#3358=VECTOR('',#12869,10.);
#3359=VECTOR('',#12872,10.);
#3360=VECTOR('',#12873,10.);
#3361=VECTOR('',#12876,10.);
#3362=VECTOR('',#12877,10.);
#3363=VECTOR('',#12880,10.);
#3364=VECTOR('',#12883,10.);
#3365=VECTOR('',#12884,10.);
#3366=VECTOR('',#12885,10.);
#3367=VECTOR('',#12888,10.);
#3368=VECTOR('',#12889,10.);
#3369=VECTOR('',#12892,10.);
#3370=VECTOR('',#12893,10.);
#3371=VECTOR('',#12896,10.);
#3372=VECTOR('',#12899,10.);
#3373=VECTOR('',#12900,10.);
#3374=VECTOR('',#12901,10.);
#3375=VECTOR('',#12904,10.);
#3376=VECTOR('',#12905,10.);
#3377=VECTOR('',#12908,10.);
#3378=VECTOR('',#12909,10.);
#3379=VECTOR('',#12912,10.);
#3380=VECTOR('',#12915,10.);
#3381=VECTOR('',#12916,10.);
#3382=VECTOR('',#12917,10.);
#3383=VECTOR('',#12920,10.);
#3384=VECTOR('',#12921,10.);
#3385=VECTOR('',#12924,10.);
#3386=VECTOR('',#12925,10.);
#3387=VECTOR('',#12928,10.);
#3388=VECTOR('',#12931,10.);
#3389=VECTOR('',#12932,10.);
#3390=VECTOR('',#12933,10.);
#3391=VECTOR('',#12936,10.);
#3392=VECTOR('',#12937,10.);
#3393=VECTOR('',#12940,10.);
#3394=VECTOR('',#12941,10.);
#3395=VECTOR('',#12944,10.);
#3396=VECTOR('',#12947,10.);
#3397=VECTOR('',#12948,10.);
#3398=VECTOR('',#12949,10.);
#3399=VECTOR('',#12952,10.);
#3400=VECTOR('',#12953,10.);
#3401=VECTOR('',#12956,10.);
#3402=VECTOR('',#12957,10.);
#3403=VECTOR('',#12960,10.);
#3404=VECTOR('',#12963,10.);
#3405=VECTOR('',#12964,10.);
#3406=VECTOR('',#12965,10.);
#3407=VECTOR('',#12968,10.);
#3408=VECTOR('',#12969,10.);
#3409=VECTOR('',#12972,10.);
#3410=VECTOR('',#12973,10.);
#3411=VECTOR('',#12976,10.);
#3412=VECTOR('',#12979,10.);
#3413=VECTOR('',#12982,10.);
#3414=VECTOR('',#12987,10.);
#3415=VECTOR('',#12992,10.);
#3416=VECTOR('',#12999,10.);
#3417=VECTOR('',#13002,10.);
#3418=VECTOR('',#13007,10.);
#3419=VECTOR('',#13012,10.);
#3420=VECTOR('',#13019,10.);
#3421=VECTOR('',#13022,10.);
#3422=VECTOR('',#13027,10.);
#3423=VECTOR('',#13032,10.);
#3424=VECTOR('',#13039,10.);
#3425=VECTOR('',#13040,10.);
#3426=VECTOR('',#13041,10.);
#3427=VECTOR('',#13044,10.);
#3428=VECTOR('',#13045,10.);
#3429=VECTOR('',#13048,10.);
#3430=VECTOR('',#13049,10.);
#3431=VECTOR('',#13052,10.);
#3432=VECTOR('',#13055,10.);
#3433=VECTOR('',#13056,10.);
#3434=VECTOR('',#13057,10.);
#3435=VECTOR('',#13060,10.);
#3436=VECTOR('',#13061,10.);
#3437=VECTOR('',#13064,10.);
#3438=VECTOR('',#13065,10.);
#3439=VECTOR('',#13068,10.);
#3440=VECTOR('',#13071,10.);
#3441=VECTOR('',#13072,10.);
#3442=VECTOR('',#13073,10.);
#3443=VECTOR('',#13076,10.);
#3444=VECTOR('',#13077,10.);
#3445=VECTOR('',#13080,10.);
#3446=VECTOR('',#13081,10.);
#3447=VECTOR('',#13084,10.);
#3448=VECTOR('',#13087,10.);
#3449=VECTOR('',#13088,10.);
#3450=VECTOR('',#13089,10.);
#3451=VECTOR('',#13092,10.);
#3452=VECTOR('',#13093,10.);
#3453=VECTOR('',#13096,10.);
#3454=VECTOR('',#13097,10.);
#3455=VECTOR('',#13100,10.);
#3456=VECTOR('',#13103,10.);
#3457=VECTOR('',#13104,10.);
#3458=VECTOR('',#13105,10.);
#3459=VECTOR('',#13108,10.);
#3460=VECTOR('',#13109,10.);
#3461=VECTOR('',#13112,10.);
#3462=VECTOR('',#13113,10.);
#3463=VECTOR('',#13116,10.);
#3464=VECTOR('',#13119,10.);
#3465=VECTOR('',#13120,10.);
#3466=VECTOR('',#13121,10.);
#3467=VECTOR('',#13124,10.);
#3468=VECTOR('',#13125,10.);
#3469=VECTOR('',#13128,10.);
#3470=VECTOR('',#13129,10.);
#3471=VECTOR('',#13132,10.);
#3472=VECTOR('',#13135,10.);
#3473=VECTOR('',#13136,10.);
#3474=VECTOR('',#13137,10.);
#3475=VECTOR('',#13140,10.);
#3476=VECTOR('',#13141,10.);
#3477=VECTOR('',#13144,10.);
#3478=VECTOR('',#13145,10.);
#3479=VECTOR('',#13148,10.);
#3480=VECTOR('',#13153,1.35);
#3481=VECTOR('',#13156,10.);
#3482=VECTOR('',#13157,10.);
#3483=VECTOR('',#13158,10.);
#3484=VECTOR('',#13161,10.);
#3485=VECTOR('',#13162,10.);
#3486=VECTOR('',#13165,10.);
#3487=VECTOR('',#13166,10.);
#3488=VECTOR('',#13169,10.);
#3489=VECTOR('',#13172,10.);
#3490=VECTOR('',#13173,10.);
#3491=VECTOR('',#13174,10.);
#3492=VECTOR('',#13177,10.);
#3493=VECTOR('',#13178,10.);
#3494=VECTOR('',#13181,10.);
#3495=VECTOR('',#13182,10.);
#3496=VECTOR('',#13185,10.);
#3497=VECTOR('',#13188,10.);
#3498=VECTOR('',#13191,10.);
#3499=VECTOR('',#13196,10.);
#3500=VECTOR('',#13201,10.);
#3501=VECTOR('',#13208,10.);
#3502=VECTOR('',#13209,10.);
#3503=VECTOR('',#13210,10.);
#3504=VECTOR('',#13217,10.);
#3505=VECTOR('',#13220,10.);
#3506=VECTOR('',#13221,10.);
#3507=VECTOR('',#13226,10.);
#3508=VECTOR('',#13229,10.);
#3509=VECTOR('',#13230,10.);
#3510=VECTOR('',#13235,10.);
#3511=VECTOR('',#13238,10.);
#3512=VECTOR('',#13239,10.);
#3513=VECTOR('',#13246,10.);
#3514=VECTOR('',#13247,10.);
#3515=VECTOR('',#13252,10.);
#3516=VECTOR('',#13255,10.);
#3517=VECTOR('',#13256,10.);
#3518=VECTOR('',#13261,10.);
#3519=VECTOR('',#13264,10.);
#3520=VECTOR('',#13265,10.);
#3521=VECTOR('',#13270,10.);
#3522=VECTOR('',#13273,10.);
#3523=VECTOR('',#13276,10.);
#3524=VECTOR('',#13277,10.);
#3525=VECTOR('',#13282,10.);
#3526=VECTOR('',#13285,10.);
#3527=VECTOR('',#13286,10.);
#3528=VECTOR('',#13299,0.8);
#3529=VECTOR('',#13306,0.8);
#3530=VECTOR('',#13313,0.800000000000001);
#3531=VECTOR('',#13320,0.800000000000001);
#3532=VECTOR('',#13327,10.);
#3533=VECTOR('',#13330,10.);
#3534=VECTOR('',#13333,10.);
#3535=VECTOR('',#13334,10.);
#3536=VECTOR('',#13335,10.);
#3537=VECTOR('',#13338,10.);
#3538=VECTOR('',#13341,10.);
#3539=VECTOR('',#13344,10.);
#3540=VECTOR('',#13347,10.);
#3541=VECTOR('',#13350,10.);
#3542=VECTOR('',#13351,10.);
#3543=VECTOR('',#13354,10.);
#3544=VECTOR('',#13357,10.);
#3545=VECTOR('',#13360,10.);
#3546=VECTOR('',#13363,10.);
#3547=VECTOR('',#13366,10.);
#3548=VECTOR('',#13369,10.);
#3549=VECTOR('',#13372,10.);
#3550=VECTOR('',#13375,10.);
#3551=VECTOR('',#13390,10.);
#3552=VECTOR('',#13391,10.);
#3553=VECTOR('',#13392,10.);
#3554=VECTOR('',#13393,10.);
#3555=VECTOR('',#13394,10.);
#3556=VECTOR('',#13395,10.);
#3557=VECTOR('',#13396,10.);
#3558=VECTOR('',#13397,10.);
#3559=VECTOR('',#13398,10.);
#3560=VECTOR('',#13399,10.);
#3561=VECTOR('',#13400,10.);
#3562=VECTOR('',#13401,10.);
#3563=VECTOR('',#13424,10.);
#3564=VECTOR('',#13427,10.);
#3565=VECTOR('',#13428,10.);
#3566=VECTOR('',#13433,10.);
#3567=VECTOR('',#13434,10.);
#3568=VECTOR('',#13437,10.);
#3569=VECTOR('',#13438,10.);
#3570=VECTOR('',#13443,10.);
#3571=VECTOR('',#13444,10.);
#3572=VECTOR('',#13447,10.);
#3573=VECTOR('',#13448,10.);
#3574=VECTOR('',#13453,10.);
#3575=VECTOR('',#13454,10.);
#3576=VECTOR('',#13457,10.);
#3577=VECTOR('',#13462,1.35);
#3578=VECTOR('',#13465,10.);
#3579=VECTOR('',#13468,10.);
#3580=VECTOR('',#13473,10.);
#3581=VECTOR('',#13478,10.);
#3582=VECTOR('',#13485,10.);
#3583=VECTOR('',#13488,10.);
#3584=VECTOR('',#13493,10.);
#3585=VECTOR('',#13498,10.);
#3586=VECTOR('',#13505,10.);
#3587=VECTOR('',#13506,10.);
#3588=VECTOR('',#13507,10.);
#3589=VECTOR('',#13510,10.);
#3590=VECTOR('',#13511,10.);
#3591=VECTOR('',#13514,10.);
#3592=VECTOR('',#13515,10.);
#3593=VECTOR('',#13518,10.);
#3594=VECTOR('',#13521,10.);
#3595=VECTOR('',#13522,10.);
#3596=VECTOR('',#13523,10.);
#3597=VECTOR('',#13526,10.);
#3598=VECTOR('',#13527,10.);
#3599=VECTOR('',#13530,10.);
#3600=VECTOR('',#13531,10.);
#3601=VECTOR('',#13534,10.);
#3602=VECTOR('',#13537,10.);
#3603=VECTOR('',#13538,10.);
#3604=VECTOR('',#13539,10.);
#3605=VECTOR('',#13542,10.);
#3606=VECTOR('',#13543,10.);
#3607=VECTOR('',#13546,10.);
#3608=VECTOR('',#13547,10.);
#3609=VECTOR('',#13550,10.);
#3610=VECTOR('',#13555,1.35);
#3611=VECTOR('',#13560,1.35);
#3612=VECTOR('',#13563,10.);
#3613=VECTOR('',#13566,10.);
#3614=VECTOR('',#13571,10.);
#3615=VECTOR('',#13576,10.);
#3616=VECTOR('',#13583,10.);
#3617=VECTOR('',#13586,10.);
#3618=VECTOR('',#13589,10.);
#3619=VECTOR('',#13590,10.);
#3620=VECTOR('',#13595,10.);
#3621=VECTOR('',#13598,10.);
#3622=VECTOR('',#13599,10.);
#3623=VECTOR('',#13604,10.);
#3624=VECTOR('',#13607,10.);
#3625=VECTOR('',#13610,10.);
#3626=VECTOR('',#13611,10.);
#3627=VECTOR('',#13616,10.);
#3628=VECTOR('',#13619,10.);
#3629=VECTOR('',#13620,10.);
#3630=VECTOR('',#13625,10.);
#3631=VECTOR('',#13628,10.);
#3632=VECTOR('',#13629,10.);
#3633=VECTOR('',#13636,10.);
#3634=VECTOR('',#13637,10.);
#3635=VECTOR('',#13642,10.);
#3636=VECTOR('',#13645,10.);
#3637=VECTOR('',#13646,10.);
#3638=VECTOR('',#13651,10.);
#3639=VECTOR('',#13654,10.);
#3640=VECTOR('',#13655,10.);
#3641=VECTOR('',#13662,10.);
#3642=VECTOR('',#13671,1.85);
#3643=VECTOR('',#13682,1.85);
#3644=VECTOR('',#13691,1.64999999999999);
#3645=VECTOR('',#13698,1.64999999999999);
#3646=VECTOR('',#13707,10.);
#3647=VECTOR('',#13710,10.);
#3648=VECTOR('',#13711,10.);
#3649=VECTOR('',#13716,10.);
#3650=VECTOR('',#13721,1.85);
#3651=VECTOR('',#13732,1.85);
#3652=VECTOR('',#13743,1.85);
#3653=VECTOR('',#13754,1.85);
#3654=VECTOR('',#13765,1.85);
#3655=VECTOR('',#13776,1.85000000000001);
#3656=VECTOR('',#13787,1.85000000000001);
#3657=VECTOR('',#13798,1.85);
#3658=VECTOR('',#13809,1.85);
#3659=VECTOR('',#13820,1.85);
#3660=VECTOR('',#13831,1.85);
#3661=VECTOR('',#13842,1.85);
#3662=VECTOR('',#13853,1.85);
#3663=VECTOR('',#13862,10.);
#3664=VECTOR('',#13863,10.);
#3665=VECTOR('',#13864,10.);
#3666=VECTOR('',#13865,10.);
#3667=VECTOR('',#13872,10.);
#3668=VECTOR('',#13875,10.);
#3669=VECTOR('',#13876,10.);
#3670=VECTOR('',#13877,10.);
#3671=VECTOR('',#13886,10.);
#3672=VECTOR('',#13887,10.);
#3673=VECTOR('',#13888,10.);
#3674=VECTOR('',#13889,10.);
#3675=VECTOR('',#13896,10.);
#3676=VECTOR('',#13899,10.);
#3677=VECTOR('',#13900,10.);
#3678=VECTOR('',#13901,10.);
#3679=VECTOR('',#13910,1.65);
#3680=VECTOR('',#13917,1.64999999999999);
#3681=VECTOR('',#13924,1.65);
#3682=VECTOR('',#13931,1.65);
#3683=VECTOR('',#13938,1.65);
#3684=VECTOR('',#13945,1.64999999999999);
#3685=VECTOR('',#13952,10.);
#3686=VECTOR('',#13953,10.);
#3687=VECTOR('',#13954,10.);
#3688=VECTOR('',#13955,10.);
#3689=VECTOR('',#13958,10.);
#3690=VECTOR('',#13959,10.);
#3691=VECTOR('',#13962,10.);
#3692=VECTOR('',#13963,10.);
#3693=VECTOR('',#13966,10.);
#3694=VECTOR('',#13969,10.);
#3695=VECTOR('',#13972,10.);
#3696=VECTOR('',#13973,10.);
#3697=VECTOR('',#13974,10.);
#3698=VECTOR('',#13975,10.);
#3699=VECTOR('',#13978,10.);
#3700=VECTOR('',#13979,10.);
#3701=VECTOR('',#13982,10.);
#3702=VECTOR('',#13983,10.);
#3703=VECTOR('',#13984,10.);
#3704=VECTOR('',#13985,10.);
#3705=VECTOR('',#13988,10.);
#3706=VECTOR('',#13989,10.);
#3707=VECTOR('',#13990,10.);
#3708=VECTOR('',#13991,10.);
#3709=VECTOR('',#13992,10.);
#3710=VECTOR('',#13993,10.);
#3711=VECTOR('',#13994,10.);
#3712=VECTOR('',#13995,10.);
#3713=VECTOR('',#13996,10.);
#3714=VECTOR('',#13997,10.);
#3715=VECTOR('',#14000,10.);
#3716=VECTOR('',#14001,10.);
#3717=VECTOR('',#14002,10.);
#3718=VECTOR('',#14005,10.);
#3719=VECTOR('',#14006,10.);
#3720=VECTOR('',#14007,10.);
#3721=VECTOR('',#14008,10.);
#3722=VECTOR('',#14009,10.);
#3723=VECTOR('',#14010,10.);
#3724=VECTOR('',#14011,10.);
#3725=VECTOR('',#14014,10.);
#3726=VECTOR('',#14017,10.);
#3727=VECTOR('',#14018,10.);
#3728=VECTOR('',#14023,10.);
#3729=VECTOR('',#14026,10.);
#3730=VECTOR('',#14027,10.);
#3731=VECTOR('',#14030,10.);
#3732=VECTOR('',#14033,10.);
#3733=VECTOR('',#14036,10.);
#3734=VECTOR('',#14043,10.);
#3735=VECTOR('',#14050,10.);
#3736=VECTOR('',#14053,10.);
#3737=VECTOR('',#14056,10.);
#3738=VECTOR('',#14059,10.);
#3739=VECTOR('',#14062,10.);
#3740=VECTOR('',#14063,10.);
#3741=VECTOR('',#14064,10.);
#3742=VECTOR('',#14067,10.);
#3743=VECTOR('',#14068,10.);
#3744=VECTOR('',#14069,10.);
#3745=VECTOR('',#14078,10.);
#3746=VECTOR('',#14081,10.);
#3747=VECTOR('',#14082,10.);
#3748=VECTOR('',#14085,10.);
#3749=VECTOR('',#14086,10.);
#3750=VECTOR('',#14097,10.);
#3751=VECTOR('',#14098,10.);
#3752=VECTOR('',#14099,10.);
#3753=VECTOR('',#14102,10.);
#3754=VECTOR('',#14105,10.);
#3755=VECTOR('',#14108,10.);
#3756=VECTOR('',#14109,10.);
#3757=VECTOR('',#14112,10.);
#3758=VECTOR('',#14115,10.);
#3759=VECTOR('',#14118,10.);
#3760=VECTOR('',#14123,10.);
#3761=VECTOR('',#14126,10.);
#3762=VECTOR('',#14129,10.);
#3763=VECTOR('',#14130,10.);
#3764=VECTOR('',#14133,10.);
#3765=VECTOR('',#14138,10.);
#3766=VECTOR('',#14139,10.);
#3767=VECTOR('',#14140,10.);
#3768=VECTOR('',#14141,10.);
#3769=VECTOR('',#14142,10.);
#3770=VECTOR('',#14143,10.);
#3771=VECTOR('',#14144,10.);
#3772=VECTOR('',#14145,10.);
#3773=VECTOR('',#14146,10.);
#3774=VECTOR('',#14147,10.);
#3775=VECTOR('',#14150,10.);
#3776=VECTOR('',#14151,10.);
#3777=VECTOR('',#14154,10.);
#3778=VECTOR('',#14155,10.);
#3779=VECTOR('',#14156,10.);
#3780=VECTOR('',#14157,10.);
#3781=VECTOR('',#14160,10.);
#3782=VECTOR('',#14161,10.);
#3783=VECTOR('',#14162,10.);
#3784=VECTOR('',#14163,10.);
#3785=VECTOR('',#14164,10.);
#3786=VECTOR('',#14165,10.);
#3787=VECTOR('',#14166,10.);
#3788=VECTOR('',#14167,10.);
#3789=VECTOR('',#14170,10.);
#3790=VECTOR('',#14171,10.);
#3791=VECTOR('',#14174,10.);
#3792=VECTOR('',#14177,10.);
#3793=VECTOR('',#14182,10.);
#3794=VECTOR('',#14183,10.);
#3795=VECTOR('',#14184,10.);
#3796=VECTOR('',#14185,10.);
#3797=VECTOR('',#14188,10.);
#3798=VECTOR('',#14189,10.);
#3799=VECTOR('',#14192,10.);
#3800=VECTOR('',#14195,10.);
#3801=VECTOR('',#14198,10.);
#3802=VECTOR('',#14199,10.);
#3803=VECTOR('',#14200,10.);
#3804=VECTOR('',#14203,10.);
#3805=VECTOR('',#14204,10.);
#3806=VECTOR('',#14207,1.65);
#3807=VECTOR('',#14214,1.65);
#3808=VECTOR('',#14221,1.65);
#3809=VECTOR('',#14228,10.);
#3810=VECTOR('',#14229,10.);
#3811=VECTOR('',#14230,10.);
#3812=VECTOR('',#14231,10.);
#3813=VECTOR('',#14234,10.);
#3814=VECTOR('',#14237,10.);
#3815=VECTOR('',#14240,10.);
#3816=VECTOR('',#14241,10.);
#3817=VECTOR('',#14248,1.64999999999999);
#3818=VECTOR('',#14255,1.64999999999999);
#3819=VECTOR('',#14262,1.65);
#3820=VECTOR('',#14269,1.65);
#3821=VECTOR('',#14278,10.);
#3822=VECTOR('',#14281,10.);
#3823=VECTOR('',#14284,10.);
#3824=VECTOR('',#14285,10.);
#3825=VECTOR('',#14286,10.);
#3826=VECTOR('',#14287,10.);
#3827=VECTOR('',#14290,10.);
#3828=VECTOR('',#14293,10.);
#3829=VECTOR('',#14296,10.);
#3830=VECTOR('',#14299,10.);
#3831=VECTOR('',#14300,10.);
#3832=VECTOR('',#14301,10.);
#3833=VECTOR('',#14302,10.);
#3834=VECTOR('',#14303,10.);
#3835=VECTOR('',#14308,10.);
#3836=VECTOR('',#14313,10.);
#3837=VECTOR('',#14316,10.);
#3838=VECTOR('',#14317,10.);
#3839=VECTOR('',#14320,10.);
#3840=VECTOR('',#14321,10.);
#3841=VECTOR('',#14322,10.);
#3842=VECTOR('',#14325,10.);
#3843=VECTOR('',#14328,10.);
#3844=VECTOR('',#14329,10.);
#3845=VECTOR('',#14330,10.);
#3846=VECTOR('',#14333,10.);
#3847=VECTOR('',#14334,10.);
#3848=VECTOR('',#14337,10.);
#3849=VECTOR('',#14338,10.);
#3850=VECTOR('',#14339,10.);
#3851=VECTOR('',#14342,10.);
#3852=VECTOR('',#14343,10.);
#3853=VECTOR('',#14346,10.);
#3854=VECTOR('',#14349,10.);
#3855=VECTOR('',#14352,10.);
#3856=VECTOR('',#14353,10.);
#3857=VECTOR('',#14356,10.);
#3858=VECTOR('',#14357,10.);
#3859=VECTOR('',#14360,10.);
#3860=VECTOR('',#14363,10.);
#3861=VECTOR('',#14364,10.);
#3862=VECTOR('',#14367,10.);
#3863=VECTOR('',#14368,10.);
#3864=VECTOR('',#14371,10.);
#3865=VECTOR('',#14378,10.);
#3866=VECTOR('',#14381,10.);
#3867=VECTOR('',#14384,10.);
#3868=VECTOR('',#14385,10.);
#3869=VECTOR('',#14386,10.);
#3870=VECTOR('',#14389,10.);
#3871=VECTOR('',#14390,10.);
#3872=VECTOR('',#14393,10.);
#3873=VECTOR('',#14396,10.);
#3874=VECTOR('',#14403,10.);
#3875=VECTOR('',#14404,10.);
#3876=VECTOR('',#14407,10.);
#3877=VECTOR('',#14408,10.);
#3878=VECTOR('',#14411,10.);
#3879=VECTOR('',#14414,10.);
#3880=VECTOR('',#14419,10.);
#3881=VECTOR('',#14422,10.);
#3882=VECTOR('',#14425,10.);
#3883=VECTOR('',#14426,10.);
#3884=VECTOR('',#14427,10.);
#3885=VECTOR('',#14432,10.);
#3886=VECTOR('',#14435,10.);
#3887=VECTOR('',#14438,10.);
#3888=VECTOR('',#14439,10.);
#3889=VECTOR('',#14440,10.);
#3890=VECTOR('',#14445,10.);
#3891=VECTOR('',#14450,10.);
#3892=VECTOR('',#14451,10.);
#3893=VECTOR('',#14452,10.);
#3894=VECTOR('',#14457,10.);
#3895=VECTOR('',#14462,10.);
#3896=VECTOR('',#14463,10.);
#3897=VECTOR('',#14464,10.);
#3898=VECTOR('',#14469,10.);
#3899=VECTOR('',#14474,10.);
#3900=VECTOR('',#14475,10.);
#3901=VECTOR('',#14476,10.);
#3902=VECTOR('',#14481,10.);
#3903=VECTOR('',#14484,10.);
#3904=VECTOR('',#14487,10.);
#3905=VECTOR('',#14488,10.);
#3906=VECTOR('',#14489,10.);
#3907=VECTOR('',#14494,10.);
#3908=VECTOR('',#14499,10.);
#3909=VECTOR('',#14500,10.);
#3910=VECTOR('',#14501,10.);
#3911=VECTOR('',#14506,10.);
#3912=VECTOR('',#14511,10.);
#3913=VECTOR('',#14512,10.);
#3914=VECTOR('',#14513,10.);
#3915=VECTOR('',#14516,10.);
#3916=VECTOR('',#14519,10.);
#3917=VECTOR('',#14522,10.);
#3918=VECTOR('',#14523,10.);
#3919=VECTOR('',#14526,10.);
#3920=VECTOR('',#14531,10.);
#3921=VECTOR('',#14532,10.);
#3922=VECTOR('',#14535,10.);
#3923=VECTOR('',#14540,10.);
#3924=VECTOR('',#14541,10.);
#3925=VECTOR('',#14544,10.);
#3926=VECTOR('',#14547,10.);
#3927=VECTOR('',#14550,10.);
#3928=VECTOR('',#14551,10.);
#3929=VECTOR('',#14554,10.);
#3930=VECTOR('',#14557,10.);
#3931=VECTOR('',#14560,10.);
#3932=VECTOR('',#14561,10.);
#3933=VECTOR('',#14564,10.);
#3934=VECTOR('',#14567,10.);
#3935=VECTOR('',#14570,10.);
#3936=VECTOR('',#14571,10.);
#3937=VECTOR('',#14574,10.);
#3938=VECTOR('',#14579,10.);
#3939=VECTOR('',#14580,10.);
#3940=VECTOR('',#14583,10.);
#3941=VECTOR('',#14588,10.);
#3942=VECTOR('',#14589,10.);
#3943=VECTOR('',#14592,10.);
#3944=VECTOR('',#14595,10.);
#3945=VECTOR('',#14598,10.);
#3946=VECTOR('',#14599,10.);
#3947=VECTOR('',#14602,10.);
#3948=VECTOR('',#14605,10.);
#3949=VECTOR('',#14608,10.);
#3950=VECTOR('',#14609,10.);
#3951=VECTOR('',#14612,10.);
#3952=VECTOR('',#14617,10.);
#3953=VECTOR('',#14618,10.);
#3954=VECTOR('',#14621,10.);
#3955=VECTOR('',#14624,10.);
#3956=VECTOR('',#14627,10.);
#3957=VECTOR('',#14628,10.);
#3958=VECTOR('',#14633,10.);
#3959=VECTOR('',#14636,10.);
#3960=VECTOR('',#14639,10.);
#3961=VECTOR('',#14640,10.);
#3962=VECTOR('',#14641,10.);
#3963=VECTOR('',#14646,10.);
#3964=VECTOR('',#14649,10.);
#3965=VECTOR('',#14652,10.);
#3966=VECTOR('',#14655,10.);
#3967=VECTOR('',#14656,10.);
#3968=VECTOR('',#14659,10.);
#3969=VECTOR('',#14660,10.);
#3970=VECTOR('',#14661,10.);
#3971=VECTOR('',#14662,10.);
#3972=VECTOR('',#14665,10.);
#3973=VECTOR('',#14670,10.);
#3974=VECTOR('',#14671,10.);
#3975=VECTOR('',#14674,10.);
#3976=VECTOR('',#14677,10.);
#3977=VECTOR('',#14680,10.);
#3978=VECTOR('',#14685,10.);
#3979=VECTOR('',#14688,10.);
#3980=VECTOR('',#14693,10.);
#3981=VECTOR('',#14694,10.);
#3982=VECTOR('',#14697,10.);
#3983=VECTOR('',#14702,10.);
#3984=VECTOR('',#14705,10.);
#3985=VECTOR('',#14706,10.);
#3986=VECTOR('',#14707,10.);
#3987=VECTOR('',#14708,10.);
#3988=VECTOR('',#14709,10.);
#3989=VECTOR('',#14712,10.);
#3990=VECTOR('',#14713,10.);
#3991=VECTOR('',#14714,10.);
#3992=VECTOR('',#14719,10.);
#3993=VECTOR('',#14724,10.);
#3994=VECTOR('',#14725,10.);
#3995=VECTOR('',#14730,10.);
#3996=VECTOR('',#14731,10.);
#3997=VECTOR('',#14734,10.);
#3998=VECTOR('',#14737,10.);
#3999=VECTOR('',#14740,10.);
#4000=VECTOR('',#14741,10.);
#4001=VECTOR('',#14748,10.);
#4002=VECTOR('',#14749,10.);
#4003=VECTOR('',#14750,10.);
#4004=VECTOR('',#14753,10.);
#4005=VECTOR('',#14756,10.);
#4006=VECTOR('',#14759,10.);
#4007=VECTOR('',#14764,10.);
#4008=VECTOR('',#14771,10.);
#4009=VECTOR('',#14776,10.);
#4010=VECTOR('',#14781,10.);
#4011=VECTOR('',#14786,10.);
#4012=VECTOR('',#14791,10.);
#4013=VECTOR('',#14796,10.);
#4014=VECTOR('',#14797,10.);
#4015=VECTOR('',#14798,10.);
#4016=VECTOR('',#14799,10.);
#4017=VECTOR('',#14800,10.);
#4018=VECTOR('',#14801,10.);
#4019=VECTOR('',#14802,10.);
#4020=VECTOR('',#14803,10.);
#4021=VECTOR('',#14814,10.);
#4022=VECTOR('',#14817,10.);
#4023=VECTOR('',#14828,10.);
#4024=VECTOR('',#14831,10.);
#4025=VECTOR('',#14834,10.);
#4026=VECTOR('',#14837,10.);
#4027=VECTOR('',#14844,10.);
#4028=VECTOR('',#14855,10.);
#4029=VECTOR('',#14866,10.);
#4030=VECTOR('',#14867,10.);
#4031=VECTOR('',#14868,10.);
#4032=VECTOR('',#14869,10.);
#4033=VECTOR('',#14872,10.);
#4034=VECTOR('',#14873,10.);
#4035=VECTOR('',#14874,10.);
#4036=VECTOR('',#14877,10.);
#4037=VECTOR('',#14878,10.);
#4038=VECTOR('',#14879,10.);
#4039=VECTOR('',#14882,10.);
#4040=VECTOR('',#14883,10.);
#4041=VECTOR('',#14884,10.);
#4042=VECTOR('',#14887,10.);
#4043=VECTOR('',#14888,10.);
#4044=VECTOR('',#14889,10.);
#4045=VECTOR('',#14892,10.);
#4046=VECTOR('',#14893,10.);
#4047=VECTOR('',#14894,10.);
#4048=VECTOR('',#14897,10.);
#4049=VECTOR('',#14898,10.);
#4050=VECTOR('',#14899,10.);
#4051=VECTOR('',#14900,10.);
#4052=VECTOR('',#14903,10.);
#4053=VECTOR('',#14904,10.);
#4054=VECTOR('',#14905,10.);
#4055=VECTOR('',#14908,10.);
#4056=VECTOR('',#14909,10.);
#4057=VECTOR('',#14910,10.);
#4058=VECTOR('',#14913,10.);
#4059=VECTOR('',#14914,10.);
#4060=VECTOR('',#14915,10.);
#4061=VECTOR('',#14918,10.);
#4062=VECTOR('',#14919,10.);
#4063=VECTOR('',#14922,10.);
#4064=VECTOR('',#14923,10.);
#4065=VECTOR('',#14924,10.);
#4066=VECTOR('',#14925,10.);
#4067=VECTOR('',#14928,10.);
#4068=VECTOR('',#14929,10.);
#4069=VECTOR('',#14930,10.);
#4070=VECTOR('',#14931,10.);
#4071=VECTOR('',#14932,10.);
#4072=VECTOR('',#14933,10.);
#4073=VECTOR('',#14934,10.);
#4074=VECTOR('',#14935,10.);
#4075=VECTOR('',#14936,10.);
#4076=VECTOR('',#14937,10.);
#4077=VECTOR('',#14952,10.);
#4078=VECTOR('',#14953,10.);
#4079=VECTOR('',#14954,10.);
#4080=VECTOR('',#14957,10.);
#4081=VECTOR('',#14958,10.);
#4082=VECTOR('',#14961,10.);
#4083=VECTOR('',#14962,10.);
#4084=VECTOR('',#14965,10.);
#4085=VECTOR('',#14966,10.);
#4086=VECTOR('',#14969,10.);
#4087=VECTOR('',#14970,10.);
#4088=VECTOR('',#14973,0.800000000000001);
#4089=VECTOR('',#14978,0.800000000000001);
#4090=VECTOR('',#14983,0.800000000000001);
#4091=VECTOR('',#14988,0.800000000000001);
#4092=VECTOR('',#14993,0.800000000000001);
#4093=VECTOR('',#14998,0.800000000000001);
#4094=VECTOR('',#15005,10.);
#4095=VECTOR('',#15006,10.);
#4096=VECTOR('',#15009,10.);
#4097=VECTOR('',#15010,10.);
#4098=VECTOR('',#15013,10.);
#4099=VECTOR('',#15014,10.);
#4100=VECTOR('',#15017,10.);
#4101=VECTOR('',#15018,10.);
#4102=VECTOR('',#15021,10.);
#4103=VECTOR('',#15022,10.);
#4104=VECTOR('',#15023,10.);
#4105=VECTOR('',#15026,10.);
#4106=VECTOR('',#15029,10.);
#4107=VECTOR('',#15030,10.);
#4108=VECTOR('',#15033,10.);
#4109=VECTOR('',#15034,10.);
#4110=VECTOR('',#15037,10.);
#4111=VECTOR('',#15046,10.);
#4112=VECTOR('',#15047,10.);
#4113=VECTOR('',#15048,10.);
#4114=VECTOR('',#15049,10.);
#4115=VECTOR('',#15052,10.);
#4116=VECTOR('',#15053,10.);
#4117=VECTOR('',#15054,10.);
#4118=VECTOR('',#15057,10.);
#4119=VECTOR('',#15058,10.);
#4120=VECTOR('',#15059,10.);
#4121=VECTOR('',#15060,10.);
#4122=VECTOR('',#15063,10.);
#4123=VECTOR('',#15064,10.);
#4124=VECTOR('',#15065,10.);
#4125=VECTOR('',#15068,10.);
#4126=VECTOR('',#15069,10.);
#4127=VECTOR('',#15070,10.);
#4128=VECTOR('',#15073,10.);
#4129=VECTOR('',#15074,10.);
#4130=VECTOR('',#15075,10.);
#4131=VECTOR('',#15076,10.);
#4132=VECTOR('',#15079,10.);
#4133=VECTOR('',#15080,10.);
#4134=VECTOR('',#15081,10.);
#4135=VECTOR('',#15084,10.);
#4136=VECTOR('',#15085,10.);
#4137=VECTOR('',#15086,10.);
#4138=VECTOR('',#15089,10.);
#4139=VECTOR('',#15090,10.);
#4140=VECTOR('',#15091,10.);
#4141=VECTOR('',#15094,10.);
#4142=VECTOR('',#15095,10.);
#4143=VECTOR('',#15098,10.);
#4144=VECTOR('',#15099,10.);
#4145=VECTOR('',#15102,10.);
#4146=VECTOR('',#15105,10.);
#4147=VECTOR('',#15106,10.);
#4148=VECTOR('',#15107,10.);
#4149=VECTOR('',#15108,10.);
#4150=VECTOR('',#15109,10.);
#4151=VECTOR('',#15114,0.8);
#4152=VECTOR('',#15121,0.800000000000001);
#4153=VECTOR('',#15128,0.8);
#4154=VECTOR('',#15135,0.800000000000001);
#4155=VECTOR('',#15140,10.);
#4156=VECTOR('',#15141,10.);
#4157=VECTOR('',#15142,10.);
#4158=VECTOR('',#15143,10.);
#4159=VECTOR('',#15146,10.);
#4160=VECTOR('',#15147,10.);
#4161=VECTOR('',#15148,10.);
#4162=VECTOR('',#15151,10.);
#4163=VECTOR('',#15152,10.);
#4164=VECTOR('',#15153,10.);
#4165=VECTOR('',#15156,10.);
#4166=VECTOR('',#15157,10.);
#4167=VECTOR('',#15160,10.);
#4168=VECTOR('',#15161,10.);
#4169=VECTOR('',#15172,8.2);
#4170=VECTOR('',#15181,8.2);
#4171=VECTOR('',#15190,8.2);
#4172=VECTOR('',#15199,8.2);
#4173=VECTOR('',#15208,10.);
#4174=VECTOR('',#15211,10.);
#4175=VECTOR('',#15214,10.);
#4176=VECTOR('',#15215,10.);
#4177=VECTOR('',#15216,10.);
#4178=VECTOR('',#15221,10.);
#4179=VECTOR('',#15224,10.);
#4180=VECTOR('',#15227,10.);
#4181=VECTOR('',#15228,10.);
#4182=VECTOR('',#15233,10.);
#4183=VECTOR('',#15236,10.);
#4184=VECTOR('',#15239,10.);
#4185=VECTOR('',#15240,10.);
#4186=VECTOR('',#15247,10.);
#4187=VECTOR('',#15250,10.);
#4188=VECTOR('',#15251,10.);
#4189=VECTOR('',#15282,1.02499999999999);
#4190=VECTOR('',#15287,1.025);
#4191=VECTOR('',#15292,1.02499999999999);
#4192=VECTOR('',#15297,1.025);
#4193=VECTOR('',#15302,1.025);
#4194=VECTOR('',#15311,10.);
#4195=VECTOR('',#15312,10.);
#4196=VECTOR('',#15313,10.);
#4197=VECTOR('',#15316,10.);
#4198=VECTOR('',#15317,10.);
#4199=VECTOR('',#15326,10.);
#4200=VECTOR('',#15327,10.);
#4201=VECTOR('',#15336,10.);
#4202=VECTOR('',#15337,10.);
#4203=VECTOR('',#15346,10.);
#4204=VECTOR('',#15347,10.);
#4205=VECTOR('',#15356,10.);
#4206=VECTOR('',#15357,10.);
#4207=VECTOR('',#15366,10.);
#4208=VECTOR('',#15367,10.);
#4209=VECTOR('',#15370,10.);
#4210=VECTOR('',#15373,10.);
#4211=VECTOR('',#15376,10.);
#4212=VECTOR('',#15377,10.);
#4213=VECTOR('',#15380,10.);
#4214=VECTOR('',#15385,10.);
#4215=VECTOR('',#15386,10.);
#4216=VECTOR('',#15389,10.);
#4217=VECTOR('',#15394,10.);
#4218=VECTOR('',#15395,10.);
#4219=VECTOR('',#15398,10.);
#4220=VECTOR('',#15405,10.);
#4221=VECTOR('',#15406,10.);
#4222=VECTOR('',#15407,10.);
#4223=VECTOR('',#15408,10.);
#4224=VECTOR('',#15411,10.);
#4225=VECTOR('',#15418,10.);
#4226=VECTOR('',#15419,10.);
#4227=VECTOR('',#15420,10.);
#4228=VECTOR('',#15423,10.);
#4229=VECTOR('',#15430,10.);
#4230=VECTOR('',#15431,10.);
#4231=VECTOR('',#15432,10.);
#4232=VECTOR('',#15435,10.);
#4233=VECTOR('',#15442,10.);
#4234=VECTOR('',#15443,10.);
#4235=VECTOR('',#15444,10.);
#4236=VECTOR('',#15447,10.);
#4237=VECTOR('',#15454,10.);
#4238=VECTOR('',#15455,10.);
#4239=VECTOR('',#15458,10.);
#4240=VECTOR('',#15459,10.);
#4241=VECTOR('',#15460,10.);
#4242=VECTOR('',#15463,10.);
#4243=VECTOR('',#15468,10.);
#4244=VECTOR('',#15469,10.);
#4245=VECTOR('',#15472,10.);
#4246=VECTOR('',#15477,10.);
#4247=VECTOR('',#15478,10.);
#4248=VECTOR('',#15493,10.);
#4249=VECTOR('',#15494,10.);
#4250=VECTOR('',#15497,10.);
#4251=VECTOR('',#15500,10.);
#4252=VECTOR('',#15503,10.);
#4253=VECTOR('',#15506,10.);
#4254=VECTOR('',#15509,10.);
#4255=VECTOR('',#15512,10.);
#4256=VECTOR('',#15515,10.);
#4257=VECTOR('',#15522,0.800000000000001);
#4258=VECTOR('',#15527,10.);
#4259=VECTOR('',#15530,10.);
#4260=VECTOR('',#15533,10.);
#4261=VECTOR('',#15534,10.);
#4262=VECTOR('',#15535,10.);
#4263=VECTOR('',#15540,10.);
#4264=VECTOR('',#15545,10.);
#4265=VECTOR('',#15546,10.);
#4266=VECTOR('',#15547,10.);
#4267=VECTOR('',#15550,10.);
#4268=VECTOR('',#15551,10.);
#4269=VECTOR('',#15552,10.);
#4270=VECTOR('',#15555,10.);
#4271=VECTOR('',#15558,10.);
#4272=VECTOR('',#15559,10.);
#4273=VECTOR('',#15560,10.);
#4274=VECTOR('',#15561,10.);
#4275=VECTOR('',#15562,10.);
#4276=VECTOR('',#15567,1.35);
#4277=VECTOR('',#15572,1.35);
#4278=VECTOR('',#15577,1.35);
#4279=VECTOR('',#15582,1.35);
#4280=VECTOR('',#15587,1.35);
#4281=VECTOR('',#15592,1.35);
#4282=VECTOR('',#15595,10.);
#4283=VECTOR('',#15596,10.);
#4284=VECTOR('',#15597,10.);
#4285=VECTOR('',#15598,10.);
#4286=VECTOR('',#15609,10.);
#4287=VECTOR('',#15614,10.);
#4288=VECTOR('',#15615,10.);
#4289=VECTOR('',#15616,10.);
#4290=VECTOR('',#15619,10.);
#4291=VECTOR('',#15620,10.);
#4292=VECTOR('',#15621,10.);
#4293=VECTOR('',#15626,10.);
#4294=VECTOR('',#15631,10.);
#4295=VECTOR('',#15632,10.);
#4296=VECTOR('',#15633,10.);
#4297=VECTOR('',#15646,10.);
#4298=VECTOR('',#15649,10.);
#4299=VECTOR('',#15650,10.);
#4300=VECTOR('',#15653,10.);
#4301=VECTOR('',#15658,10.);
#4302=VECTOR('',#15667,2.775);
#4303=VECTOR('',#15674,2.35);
#4304=VECTOR('',#15677,3.2);
#4305=VECTOR('',#15684,1.35);
#4306=VECTOR('',#15697,1.35);
#4307=VECTOR('',#15704,2.75);
#4308=CIRCLE('',#11423,0.800000000000001);
#4309=CIRCLE('',#11424,0.800000000000001);
#4310=CIRCLE('',#11426,0.800000000000001);
#4311=CIRCLE('',#11427,0.800000000000001);
#4312=CIRCLE('',#11429,0.800000000000001);
#4313=CIRCLE('',#11430,0.800000000000001);
#4314=CIRCLE('',#11432,0.800000000000001);
#4315=CIRCLE('',#11433,0.800000000000001);
#4316=CIRCLE('',#11435,0.800000000000001);
#4317=CIRCLE('',#11436,0.800000000000001);
#4318=CIRCLE('',#11438,0.800000000000001);
#4319=CIRCLE('',#11439,0.800000000000001);
#4320=CIRCLE('',#11441,2.);
#4321=CIRCLE('',#11442,2.);
#4322=CIRCLE('',#11445,1.99999999999999);
#4323=CIRCLE('',#11446,3.);
#4324=CIRCLE('',#11447,2.00000000000001);
#4325=CIRCLE('',#11448,2.);
#4326=CIRCLE('',#11449,1.99999999999999);
#4327=CIRCLE('',#11450,2.99999999999997);
#4328=CIRCLE('',#11451,1.99999999999999);
#4329=CIRCLE('',#11452,2.);
#4330=CIRCLE('',#11453,2.);
#4331=CIRCLE('',#11454,1.99999999999999);
#4332=CIRCLE('',#11455,3.);
#4333=CIRCLE('',#11456,1.99999999999999);
#4334=CIRCLE('',#11457,2.);
#4335=CIRCLE('',#11458,0.799999999999985);
#4336=CIRCLE('',#11459,4.60000000003077);
#4337=CIRCLE('',#11460,0.800000000000023);
#4338=CIRCLE('',#11461,3.00000000003079);
#4339=CIRCLE('',#11462,1.35);
#4340=CIRCLE('',#11463,0.800000000000086);
#4341=CIRCLE('',#11464,5.29999999999807);
#4342=CIRCLE('',#11465,0.800000000000089);
#4343=CIRCLE('',#11466,3.69999999999789);
#4344=CIRCLE('',#11467,0.800000000000062);
#4345=CIRCLE('',#11468,5.29999999999928);
#4346=CIRCLE('',#11469,0.799999999998766);
#4347=CIRCLE('',#11470,3.6999999999992);
#4348=CIRCLE('',#11471,0.799999999998791);
#4349=CIRCLE('',#11472,5.29999999999801);
#4350=CIRCLE('',#11473,0.799999999998756);
#4351=CIRCLE('',#11474,3.70000000000048);
#4352=CIRCLE('',#11475,1.35);
#4353=CIRCLE('',#11476,1.35);
#4354=CIRCLE('',#11477,1.35);
#4355=CIRCLE('',#11478,0.800000000000007);
#4356=CIRCLE('',#11479,4.60000000003081);
#4357=CIRCLE('',#11480,0.800000000000057);
#4358=CIRCLE('',#11481,3.00000000003078);
#4359=CIRCLE('',#11483,2.);
#4360=CIRCLE('',#11486,2.);
#4361=CIRCLE('',#11489,2.);
#4362=CIRCLE('',#11492,2.);
#4363=CIRCLE('',#11494,4.60000000003081);
#4364=CIRCLE('',#11496,0.800000000000057);
#4365=CIRCLE('',#11498,3.00000000003078);
#4366=CIRCLE('',#11500,0.800000000000007);
#4367=CIRCLE('',#11502,1.35);
#4368=CIRCLE('',#11512,1.35);
#4369=CIRCLE('',#11522,1.35);
#4370=CIRCLE('',#11556,5.29999999999801);
#4371=CIRCLE('',#11558,0.799999999998756);
#4372=CIRCLE('',#11560,3.70000000000048);
#4373=CIRCLE('',#11562,0.799999999998791);
#4374=CIRCLE('',#11564,5.29999999999929);
#4375=CIRCLE('',#11566,0.799999999998766);
#4376=CIRCLE('',#11568,3.6999999999992);
#4377=CIRCLE('',#11570,0.800000000000062);
#4378=CIRCLE('',#11572,5.29999999999807);
#4379=CIRCLE('',#11574,0.800000000000089);
#4380=CIRCLE('',#11576,3.69999999999789);
#4381=CIRCLE('',#11578,0.800000000000086);
#4382=CIRCLE('',#11608,1.35);
#4383=CIRCLE('',#11618,4.60000000003077);
#4384=CIRCLE('',#11620,0.800000000000023);
#4385=CIRCLE('',#11622,3.00000000003079);
#4386=CIRCLE('',#11624,0.799999999999986);
#4387=CIRCLE('',#11627,1.99999999999999);
#4388=CIRCLE('',#11631,1.99999999999999);
#4389=CIRCLE('',#11634,3.);
#4390=CIRCLE('',#11637,2.00000000000001);
#4391=CIRCLE('',#11640,1.99999999999999);
#4392=CIRCLE('',#11643,2.99999999999997);
#4393=CIRCLE('',#11646,1.99999999999999);
#4394=CIRCLE('',#11650,1.99999999999999);
#4395=CIRCLE('',#11653,3.);
#4396=CIRCLE('',#11657,0.8);
#4397=CIRCLE('',#11658,0.8);
#4398=CIRCLE('',#11660,0.8);
#4399=CIRCLE('',#11661,0.8);
#4400=CIRCLE('',#11663,0.800000000000001);
#4401=CIRCLE('',#11664,0.800000000000001);
#4402=CIRCLE('',#11666,0.800000000000001);
#4403=CIRCLE('',#11667,0.800000000000001);
#4404=CIRCLE('',#11669,2.);
#4405=CIRCLE('',#11670,2.);
#4406=CIRCLE('',#11673,1.99999999999935);
#4407=CIRCLE('',#11674,3.00000000000004);
#4408=CIRCLE('',#11675,1.99999999999934);
#4409=CIRCLE('',#11676,2.);
#4410=CIRCLE('',#11677,2.);
#4411=CIRCLE('',#11678,1.9974461098225);
#4412=CIRCLE('',#11679,3.);
#4413=CIRCLE('',#11680,1.9974461098225);
#4414=CIRCLE('',#11681,2.);
#4415=CIRCLE('',#11682,1.99999999990149);
#4416=CIRCLE('',#11683,2.99999936347536);
#4417=CIRCLE('',#11684,1.99999999990149);
#4418=CIRCLE('',#11685,2.);
#4419=CIRCLE('',#11686,0.799999999999987);
#4420=CIRCLE('',#11687,5.30000000000001);
#4421=CIRCLE('',#11688,0.799999999999962);
#4422=CIRCLE('',#11689,3.70000000000004);
#4423=CIRCLE('',#11690,1.35);
#4424=CIRCLE('',#11691,1.35);
#4425=CIRCLE('',#11692,0.799999999999998);
#4426=CIRCLE('',#11693,5.30000000000034);
#4427=CIRCLE('',#11694,0.799999999999964);
#4428=CIRCLE('',#11695,3.69999999999977);
#4429=CIRCLE('',#11696,0.800000000000014);
#4430=CIRCLE('',#11697,5.30000000000083);
#4431=CIRCLE('',#11698,0.799999999999998);
#4432=CIRCLE('',#11699,3.7000000000008);
#4433=CIRCLE('',#11700,1.35);
#4434=CIRCLE('',#11702,2.);
#4435=CIRCLE('',#11705,2.);
#4436=CIRCLE('',#11708,2.);
#4437=CIRCLE('',#11711,2.);
#4438=CIRCLE('',#11714,1.35);
#4439=CIRCLE('',#11716,5.30000000000083);
#4440=CIRCLE('',#11718,0.799999999999998);
#4441=CIRCLE('',#11720,3.7000000000008);
#4442=CIRCLE('',#11722,0.800000000000014);
#4443=CIRCLE('',#11724,5.30000000000034);
#4444=CIRCLE('',#11726,0.799999999999964);
#4445=CIRCLE('',#11728,3.69999999999977);
#4446=CIRCLE('',#11730,0.799999999999998);
#4447=CIRCLE('',#11744,1.35);
#4448=CIRCLE('',#11746,1.35);
#4449=CIRCLE('',#11748,5.30000000000001);
#4450=CIRCLE('',#11750,0.799999999999962);
#4451=CIRCLE('',#11752,3.70000000000004);
#4452=CIRCLE('',#11754,0.799999999999987);
#4453=CIRCLE('',#11756,1.99999999999935);
#4454=CIRCLE('',#11759,3.00000000000004);
#4455=CIRCLE('',#11762,1.99999999999934);
#4456=CIRCLE('',#11766,1.9974461098225);
#4457=CIRCLE('',#11769,3.);
#4458=CIRCLE('',#11772,1.9974461098225);
#4459=CIRCLE('',#11775,1.99999999990149);
#4460=CIRCLE('',#11778,2.99999936347536);
#4461=CIRCLE('',#11781,1.99999999990149);
#4462=CIRCLE('',#11786,1.85);
#4463=CIRCLE('',#11787,1.85);
#4464=CIRCLE('',#11789,1.64999999999999);
#4465=CIRCLE('',#11791,1.85);
#4466=CIRCLE('',#11792,1.85);
#4467=CIRCLE('',#11794,1.64999999999999);
#4468=CIRCLE('',#11796,1.64999999999999);
#4469=CIRCLE('',#11799,1.64999999999999);
#4470=CIRCLE('',#11802,14.6877528329991);
#4471=CIRCLE('',#11804,14.6877528329991);
#4472=CIRCLE('',#11807,1.85);
#4473=CIRCLE('',#11808,1.85);
#4474=CIRCLE('',#11810,1.65);
#4475=CIRCLE('',#11812,1.85);
#4476=CIRCLE('',#11813,1.85);
#4477=CIRCLE('',#11815,1.65);
#4478=CIRCLE('',#11817,1.85);
#4479=CIRCLE('',#11818,1.85);
#4480=CIRCLE('',#11820,1.65);
#4481=CIRCLE('',#11822,1.85);
#4482=CIRCLE('',#11823,1.85);
#4483=CIRCLE('',#11825,1.65);
#4484=CIRCLE('',#11827,1.85);
#4485=CIRCLE('',#11828,1.85);
#4486=CIRCLE('',#11830,1.65);
#4487=CIRCLE('',#11832,1.85);
#4488=CIRCLE('',#11833,1.85);
#4489=CIRCLE('',#11835,1.64999999999999);
#4490=CIRCLE('',#11837,1.85);
#4491=CIRCLE('',#11838,1.85);
#4492=CIRCLE('',#11840,1.64999999999999);
#4493=CIRCLE('',#11842,1.85);
#4494=CIRCLE('',#11843,1.85);
#4495=CIRCLE('',#11845,1.65);
#4496=CIRCLE('',#11847,1.85);
#4497=CIRCLE('',#11848,1.85);
#4498=CIRCLE('',#11850,1.64999999999999);
#4499=CIRCLE('',#11852,1.85);
#4500=CIRCLE('',#11853,1.85);
#4501=CIRCLE('',#11855,1.65);
#4502=CIRCLE('',#11857,1.85);
#4503=CIRCLE('',#11858,1.85);
#4504=CIRCLE('',#11860,1.65);
#4505=CIRCLE('',#11862,1.85);
#4506=CIRCLE('',#11863,1.85);
#4507=CIRCLE('',#11865,1.65);
#4508=CIRCLE('',#11867,1.85);
#4509=CIRCLE('',#11868,1.85);
#4510=CIRCLE('',#11870,1.64999999999999);
#4511=CIRCLE('',#11873,1.55);
#4512=CIRCLE('',#11874,1.55);
#4513=CIRCLE('',#11877,1.55);
#4514=CIRCLE('',#11878,1.55);
#4515=CIRCLE('',#11881,1.55);
#4516=CIRCLE('',#11882,1.55);
#4517=CIRCLE('',#11885,1.55);
#4518=CIRCLE('',#11886,1.55);
#4519=CIRCLE('',#11888,1.65);
#4520=CIRCLE('',#11891,1.64999999999999);
#4521=CIRCLE('',#11894,1.65);
#4522=CIRCLE('',#11897,1.65);
#4523=CIRCLE('',#11900,1.65);
#4524=CIRCLE('',#11903,1.64999999999999);
#4525=CIRCLE('',#11907,2.60000000000102);
#4526=CIRCLE('',#11908,2.60000000000126);
#4527=CIRCLE('',#11923,2.60000000000101);
#4528=CIRCLE('',#11924,2.60000000000102);
#4529=CIRCLE('',#11936,2.60000000000102);
#4530=CIRCLE('',#11938,2.60000000000102);
#4531=CIRCLE('',#11942,2.60000000000126);
#4532=CIRCLE('',#11944,2.60000000000101);
#4533=CIRCLE('',#11947,1.3999999999015);
#4534=CIRCLE('',#11950,1.39999999990153);
#4535=CIRCLE('',#11952,3.59999936347536);
#4536=CIRCLE('',#11954,1.39999999999999);
#4537=CIRCLE('',#11957,3.6);
#4538=CIRCLE('',#11963,1.39999999999933);
#4539=CIRCLE('',#11964,3.5999999999986);
#4540=CIRCLE('',#11965,1.39999999999934);
#4541=CIRCLE('',#11968,1.39744610982252);
#4542=CIRCLE('',#11969,3.6);
#4543=CIRCLE('',#11970,1.39744610982249);
#4544=CIRCLE('',#11973,1.65);
#4545=CIRCLE('',#11976,1.65);
#4546=CIRCLE('',#11979,1.65);
#4547=CIRCLE('',#11983,3.5999999999986);
#4548=CIRCLE('',#11986,1.39999999999933);
#4549=CIRCLE('',#11988,1.64999999999999);
#4550=CIRCLE('',#11991,1.64999999999999);
#4551=CIRCLE('',#11994,1.65);
#4552=CIRCLE('',#11997,1.65);
#4553=CIRCLE('',#12005,1.40000000000002);
#4554=CIRCLE('',#12008,4.);
#4555=CIRCLE('',#12015,1.);
#4556=CIRCLE('',#12016,1.);
#4557=CIRCLE('',#12017,1.);
#4558=CIRCLE('',#12018,1.);
#4559=CIRCLE('',#12019,1.);
#4560=CIRCLE('',#12020,1.);
#4561=CIRCLE('',#12021,1.);
#4562=CIRCLE('',#12022,1.);
#4563=CIRCLE('',#12023,1.);
#4564=CIRCLE('',#12024,1.);
#4565=CIRCLE('',#12025,1.);
#4566=CIRCLE('',#12026,1.);
#4567=CIRCLE('',#12029,4.);
#4568=CIRCLE('',#12032,4.);
#4569=CIRCLE('',#12033,4.);
#4570=CIRCLE('',#12034,4.);
#4571=CIRCLE('',#12041,1.);
#4572=CIRCLE('',#12042,1.);
#4573=CIRCLE('',#12045,1.);
#4574=CIRCLE('',#12046,1.);
#4575=CIRCLE('',#12049,1.);
#4576=CIRCLE('',#12050,1.);
#4577=CIRCLE('',#12053,1.);
#4578=CIRCLE('',#12054,1.);
#4579=CIRCLE('',#12057,1.);
#4580=CIRCLE('',#12058,1.);
#4581=CIRCLE('',#12061,1.);
#4582=CIRCLE('',#12062,1.);
#4583=CIRCLE('',#12065,1.);
#4584=CIRCLE('',#12066,1.);
#4585=CIRCLE('',#12069,1.);
#4586=CIRCLE('',#12070,1.);
#4587=CIRCLE('',#12073,1.);
#4588=CIRCLE('',#12076,1.);
#4589=CIRCLE('',#12079,1.);
#4590=CIRCLE('',#12082,1.);
#4591=CIRCLE('',#12085,1.);
#4592=CIRCLE('',#12088,1.);
#4593=CIRCLE('',#12091,1.);
#4594=CIRCLE('',#12094,1.);
#4595=CIRCLE('',#12097,1.);
#4596=CIRCLE('',#12100,1.);
#4597=CIRCLE('',#12103,1.);
#4598=CIRCLE('',#12106,1.);
#4599=CIRCLE('',#12109,2.);
#4600=CIRCLE('',#12118,1.);
#4601=CIRCLE('',#12119,1.);
#4602=CIRCLE('',#12127,1.39999999999992);
#4603=CIRCLE('',#12130,3.59999999999999);
#4604=CIRCLE('',#12135,3.00000000000001);
#4605=CIRCLE('',#12136,3.00000000000001);
#4606=CIRCLE('',#12141,3.6);
#4607=CIRCLE('',#12144,1.39744610982252);
#4608=CIRCLE('',#12146,1.);
#4609=CIRCLE('',#12147,1.);
#4610=CIRCLE('',#12153,1.39999999999934);
#4611=CIRCLE('',#12155,1.39744610982249);
#4612=CIRCLE('',#12168,1.39999999999999);
#4613=CIRCLE('',#12169,3.59999999999997);
#4614=CIRCLE('',#12170,1.40000000000002);
#4615=CIRCLE('',#12172,1.39999999999999);
#4616=CIRCLE('',#12202,3.00000000000001);
#4617=CIRCLE('',#12203,0.800000000000001);
#4618=CIRCLE('',#12204,0.800000000000001);
#4619=CIRCLE('',#12205,0.800000000000001);
#4620=CIRCLE('',#12206,0.800000000000001);
#4621=CIRCLE('',#12207,0.800000000000001);
#4622=CIRCLE('',#12208,0.800000000000001);
#4623=CIRCLE('',#12215,0.800000000000001);
#4624=CIRCLE('',#12217,0.800000000000001);
#4625=CIRCLE('',#12219,0.800000000000001);
#4626=CIRCLE('',#12221,0.800000000000001);
#4627=CIRCLE('',#12223,0.800000000000001);
#4628=CIRCLE('',#12225,0.800000000000001);
#4629=CIRCLE('',#12227,3.00000000000001);
#4630=CIRCLE('',#12253,0.8);
#4631=CIRCLE('',#12254,0.8);
#4632=CIRCLE('',#12256,0.800000000000001);
#4633=CIRCLE('',#12257,0.800000000000001);
#4634=CIRCLE('',#12259,0.8);
#4635=CIRCLE('',#12260,0.8);
#4636=CIRCLE('',#12262,0.800000000000001);
#4637=CIRCLE('',#12263,0.800000000000001);
#4638=CIRCLE('',#12273,8.2);
#4639=CIRCLE('',#12274,8.2);
#4640=CIRCLE('',#12277,8.2);
#4641=CIRCLE('',#12278,8.2);
#4642=CIRCLE('',#12281,8.2);
#4643=CIRCLE('',#12282,8.2);
#4644=CIRCLE('',#12285,8.2);
#4645=CIRCLE('',#12286,8.2);
#4646=CIRCLE('',#12289,2.);
#4647=CIRCLE('',#12290,2.);
#4648=CIRCLE('',#12293,2.);
#4649=CIRCLE('',#12294,2.);
#4650=CIRCLE('',#12297,2.);
#4651=CIRCLE('',#12298,2.);
#4652=CIRCLE('',#12301,2.);
#4653=CIRCLE('',#12302,2.);
#4654=CIRCLE('',#12306,0.800000000000001);
#4655=CIRCLE('',#12308,1.025);
#4656=CIRCLE('',#12310,1.02499999999999);
#4657=CIRCLE('',#12312,1.02499999999999);
#4658=CIRCLE('',#12314,1.025);
#4659=CIRCLE('',#12316,1.025);
#4660=CIRCLE('',#12318,1.02499999999999);
#4661=CIRCLE('',#12320,1.025);
#4662=CIRCLE('',#12322,1.02499999999999);
#4663=CIRCLE('',#12324,1.025);
#4664=CIRCLE('',#12326,1.025);
#4665=CIRCLE('',#12328,4.40000000000002);
#4666=CIRCLE('',#12329,4.00000000000002);
#4667=CIRCLE('',#12333,4.40000000000001);
#4668=CIRCLE('',#12334,4.00000000000002);
#4669=CIRCLE('',#12337,4.40000000000001);
#4670=CIRCLE('',#12338,4.00000000000002);
#4671=CIRCLE('',#12341,4.00000000000002);
#4672=CIRCLE('',#12342,4.40000000000001);
#4673=CIRCLE('',#12345,3.99999999999999);
#4674=CIRCLE('',#12346,4.39999999999999);
#4675=CIRCLE('',#12349,4.);
#4676=CIRCLE('',#12350,4.4);
#4677=CIRCLE('',#12353,4.00000000000002);
#4678=CIRCLE('',#12356,3.99999999999999);
#4679=CIRCLE('',#12359,4.);
#4680=CIRCLE('',#12362,4.00000000000002);
#4681=CIRCLE('',#12366,3.60000000000002);
#4682=CIRCLE('',#12367,4.00000000000002);
#4683=CIRCLE('',#12370,3.59999999999999);
#4684=CIRCLE('',#12371,3.99999999999999);
#4685=CIRCLE('',#12374,3.60000000000003);
#4686=CIRCLE('',#12375,4.00000000000002);
#4687=CIRCLE('',#12378,3.60000000000002);
#4688=CIRCLE('',#12379,4.00000000000002);
#4689=CIRCLE('',#12383,3.99999999999999);
#4690=CIRCLE('',#12386,4.00000000000002);
#4691=CIRCLE('',#12389,1.35);
#4692=CIRCLE('',#12390,1.35);
#4693=CIRCLE('',#12391,1.35);
#4694=CIRCLE('',#12392,1.35);
#4695=CIRCLE('',#12393,1.35);
#4696=CIRCLE('',#12394,1.35);
#4697=CIRCLE('',#12395,4.00000000000002);
#4698=CIRCLE('',#12396,4.00000000000002);
#4699=CIRCLE('',#12404,0.800000000000001);
#4700=CIRCLE('',#12406,1.99999999999999);
#4701=CIRCLE('',#12407,1.99999999999999);
#4702=CIRCLE('',#12410,1.99999999999999);
#4703=CIRCLE('',#12411,1.99999999999999);
#4704=CIRCLE('',#12417,1.35);
#4705=CIRCLE('',#12419,1.35);
#4706=CIRCLE('',#12421,1.35);
#4707=CIRCLE('',#12423,1.35);
#4708=CIRCLE('',#12425,1.35);
#4709=CIRCLE('',#12427,1.35);
#4710=CIRCLE('',#12430,2.40000000000102);
#4711=CIRCLE('',#12431,2.40000000000102);
#4712=CIRCLE('',#12433,2.40000000000113);
#4713=CIRCLE('',#12434,2.40000000000113);
#4714=CIRCLE('',#12438,2.40000000000134);
#4715=CIRCLE('',#12439,2.40000000000134);
#4716=CIRCLE('',#12442,2.40000000000109);
#4717=CIRCLE('',#12443,2.40000000000109);
#4718=CIRCLE('',#12446,4.00000000000002);
#4719=CIRCLE('',#12449,4.00000000000002);
#4720=CIRCLE('',#12454,2.35);
#4721=CIRCLE('',#12455,3.2);
#4722=CIRCLE('',#12457,2.35);
#4723=CIRCLE('',#12459,3.2);
#4724=CIRCLE('',#12461,1.35);
#4725=CIRCLE('',#12462,1.35);
#4726=CIRCLE('',#12467,1.35);
#4727=CIRCLE('',#12468,1.35);
#4728=CIRCLE('',#12470,2.75);
#4729=CIRCLE('',#12471,2.75);
#4730=VERTEX_POINT('',#15730);
#4731=VERTEX_POINT('',#15732);
#4732=VERTEX_POINT('',#15736);
#4733=VERTEX_POINT('',#15738);
#4734=VERTEX_POINT('',#15742);
#4735=VERTEX_POINT('',#15744);
#4736=VERTEX_POINT('',#15748);
#4737=VERTEX_POINT('',#15750);
#4738=VERTEX_POINT('',#15754);
#4739=VERTEX_POINT('',#15756);
#4740=VERTEX_POINT('',#15760);
#4741=VERTEX_POINT('',#15762);
#4742=VERTEX_POINT('',#15766);
#4743=VERTEX_POINT('',#15767);
#4744=VERTEX_POINT('',#15769);
#4745=VERTEX_POINT('',#15771);
#4746=VERTEX_POINT('',#15775);
#4747=VERTEX_POINT('',#15777);
#4748=VERTEX_POINT('',#15781);
#4749=VERTEX_POINT('',#15783);
#4750=VERTEX_POINT('',#15785);
#4751=VERTEX_POINT('',#15787);
#4752=VERTEX_POINT('',#15789);
#4753=VERTEX_POINT('',#15791);
#4754=VERTEX_POINT('',#15793);
#4755=VERTEX_POINT('',#15795);
#4756=VERTEX_POINT('',#15797);
#4757=VERTEX_POINT('',#15799);
#4758=VERTEX_POINT('',#15801);
#4759=VERTEX_POINT('',#15803);
#4760=VERTEX_POINT('',#15805);
#4761=VERTEX_POINT('',#15807);
#4762=VERTEX_POINT('',#15809);
#4763=VERTEX_POINT('',#15811);
#4764=VERTEX_POINT('',#15813);
#4765=VERTEX_POINT('',#15815);
#4766=VERTEX_POINT('',#15817);
#4767=VERTEX_POINT('',#15819);
#4768=VERTEX_POINT('',#15821);
#4769=VERTEX_POINT('',#15823);
#4770=VERTEX_POINT('',#15825);
#4771=VERTEX_POINT('',#15827);
#4772=VERTEX_POINT('',#15829);
#4773=VERTEX_POINT('',#15831);
#4774=VERTEX_POINT('',#15834);
#4775=VERTEX_POINT('',#15835);
#4776=VERTEX_POINT('',#15837);
#4777=VERTEX_POINT('',#15839);
#4778=VERTEX_POINT('',#15842);
#4779=VERTEX_POINT('',#15843);
#4780=VERTEX_POINT('',#15845);
#4781=VERTEX_POINT('',#15847);
#4782=VERTEX_POINT('',#15850);
#4783=VERTEX_POINT('',#15851);
#4784=VERTEX_POINT('',#15853);
#4785=VERTEX_POINT('',#15855);
#4786=VERTEX_POINT('',#15858);
#4787=VERTEX_POINT('',#15860);
#4788=VERTEX_POINT('',#15861);
#4789=VERTEX_POINT('',#15863);
#4790=VERTEX_POINT('',#15865);
#4791=VERTEX_POINT('',#15868);
#4792=VERTEX_POINT('',#15869);
#4793=VERTEX_POINT('',#15871);
#4794=VERTEX_POINT('',#15873);
#4795=VERTEX_POINT('',#15876);
#4796=VERTEX_POINT('',#15877);
#4797=VERTEX_POINT('',#15879);
#4798=VERTEX_POINT('',#15881);
#4799=VERTEX_POINT('',#15884);
#4800=VERTEX_POINT('',#15885);
#4801=VERTEX_POINT('',#15887);
#4802=VERTEX_POINT('',#15889);
#4803=VERTEX_POINT('',#15892);
#4804=VERTEX_POINT('',#15893);
#4805=VERTEX_POINT('',#15895);
#4806=VERTEX_POINT('',#15897);
#4807=VERTEX_POINT('',#15900);
#4808=VERTEX_POINT('',#15901);
#4809=VERTEX_POINT('',#15903);
#4810=VERTEX_POINT('',#15905);
#4811=VERTEX_POINT('',#15908);
#4812=VERTEX_POINT('',#15909);
#4813=VERTEX_POINT('',#15911);
#4814=VERTEX_POINT('',#15913);
#4815=VERTEX_POINT('',#15916);
#4816=VERTEX_POINT('',#15917);
#4817=VERTEX_POINT('',#15919);
#4818=VERTEX_POINT('',#15921);
#4819=VERTEX_POINT('',#15924);
#4820=VERTEX_POINT('',#15925);
#4821=VERTEX_POINT('',#15927);
#4822=VERTEX_POINT('',#15929);
#4823=VERTEX_POINT('',#15932);
#4824=VERTEX_POINT('',#15933);
#4825=VERTEX_POINT('',#15935);
#4826=VERTEX_POINT('',#15937);
#4827=VERTEX_POINT('',#15940);
#4828=VERTEX_POINT('',#15941);
#4829=VERTEX_POINT('',#15943);
#4830=VERTEX_POINT('',#15945);
#4831=VERTEX_POINT('',#15948);
#4832=VERTEX_POINT('',#15949);
#4833=VERTEX_POINT('',#15951);
#4834=VERTEX_POINT('',#15953);
#4835=VERTEX_POINT('',#15956);
#4836=VERTEX_POINT('',#15957);
#4837=VERTEX_POINT('',#15959);
#4838=VERTEX_POINT('',#15961);
#4839=VERTEX_POINT('',#15964);
#4840=VERTEX_POINT('',#15965);
#4841=VERTEX_POINT('',#15967);
#4842=VERTEX_POINT('',#15969);
#4843=VERTEX_POINT('',#15972);
#4844=VERTEX_POINT('',#15973);
#4845=VERTEX_POINT('',#15975);
#4846=VERTEX_POINT('',#15977);
#4847=VERTEX_POINT('',#15980);
#4848=VERTEX_POINT('',#15981);
#4849=VERTEX_POINT('',#15983);
#4850=VERTEX_POINT('',#15985);
#4851=VERTEX_POINT('',#15988);
#4852=VERTEX_POINT('',#15989);
#4853=VERTEX_POINT('',#15991);
#4854=VERTEX_POINT('',#15993);
#4855=VERTEX_POINT('',#15996);
#4856=VERTEX_POINT('',#15997);
#4857=VERTEX_POINT('',#15999);
#4858=VERTEX_POINT('',#16001);
#4859=VERTEX_POINT('',#16004);
#4860=VERTEX_POINT('',#16006);
#4861=VERTEX_POINT('',#16007);
#4862=VERTEX_POINT('',#16009);
#4863=VERTEX_POINT('',#16011);
#4864=VERTEX_POINT('',#16014);
#4865=VERTEX_POINT('',#16015);
#4866=VERTEX_POINT('',#16017);
#4867=VERTEX_POINT('',#16019);
#4868=VERTEX_POINT('',#16022);
#4869=VERTEX_POINT('',#16024);
#4870=VERTEX_POINT('',#16025);
#4871=VERTEX_POINT('',#16027);
#4872=VERTEX_POINT('',#16029);
#4873=VERTEX_POINT('',#16032);
#4874=VERTEX_POINT('',#16033);
#4875=VERTEX_POINT('',#16035);
#4876=VERTEX_POINT('',#16037);
#4877=VERTEX_POINT('',#16040);
#4878=VERTEX_POINT('',#16042);
#4879=VERTEX_POINT('',#16043);
#4880=VERTEX_POINT('',#16045);
#4881=VERTEX_POINT('',#16047);
#4882=VERTEX_POINT('',#16051);
#4883=VERTEX_POINT('',#16052);
#4884=VERTEX_POINT('',#16057);
#4885=VERTEX_POINT('',#16061);
#4886=VERTEX_POINT('',#16062);
#4887=VERTEX_POINT('',#16067);
#4888=VERTEX_POINT('',#16071);
#4889=VERTEX_POINT('',#16072);
#4890=VERTEX_POINT('',#16077);
#4891=VERTEX_POINT('',#16081);
#4892=VERTEX_POINT('',#16085);
#4893=VERTEX_POINT('',#16087);
#4894=VERTEX_POINT('',#16091);
#4895=VERTEX_POINT('',#16095);
#4896=VERTEX_POINT('',#16101);
#4897=VERTEX_POINT('',#16105);
#4898=VERTEX_POINT('',#16107);
#4899=VERTEX_POINT('',#16111);
#4900=VERTEX_POINT('',#16115);
#4901=VERTEX_POINT('',#16121);
#4902=VERTEX_POINT('',#16123);
#4903=VERTEX_POINT('',#16127);
#4904=VERTEX_POINT('',#16131);
#4905=VERTEX_POINT('',#16137);
#4906=VERTEX_POINT('',#16141);
#4907=VERTEX_POINT('',#16143);
#4908=VERTEX_POINT('',#16147);
#4909=VERTEX_POINT('',#16151);
#4910=VERTEX_POINT('',#16157);
#4911=VERTEX_POINT('',#16159);
#4912=VERTEX_POINT('',#16163);
#4913=VERTEX_POINT('',#16167);
#4914=VERTEX_POINT('',#16173);
#4915=VERTEX_POINT('',#16177);
#4916=VERTEX_POINT('',#16179);
#4917=VERTEX_POINT('',#16183);
#4918=VERTEX_POINT('',#16187);
#4919=VERTEX_POINT('',#16193);
#4920=VERTEX_POINT('',#16195);
#4921=VERTEX_POINT('',#16199);
#4922=VERTEX_POINT('',#16203);
#4923=VERTEX_POINT('',#16209);
#4924=VERTEX_POINT('',#16211);
#4925=VERTEX_POINT('',#16215);
#4926=VERTEX_POINT('',#16219);
#4927=VERTEX_POINT('',#16225);
#4928=VERTEX_POINT('',#16227);
#4929=VERTEX_POINT('',#16231);
#4930=VERTEX_POINT('',#16235);
#4931=VERTEX_POINT('',#16241);
#4932=VERTEX_POINT('',#16243);
#4933=VERTEX_POINT('',#16247);
#4934=VERTEX_POINT('',#16251);
#4935=VERTEX_POINT('',#16257);
#4936=VERTEX_POINT('',#16259);
#4937=VERTEX_POINT('',#16263);
#4938=VERTEX_POINT('',#16267);
#4939=VERTEX_POINT('',#16273);
#4940=VERTEX_POINT('',#16275);
#4941=VERTEX_POINT('',#16279);
#4942=VERTEX_POINT('',#16283);
#4943=VERTEX_POINT('',#16289);
#4944=VERTEX_POINT('',#16291);
#4945=VERTEX_POINT('',#16295);
#4946=VERTEX_POINT('',#16299);
#4947=VERTEX_POINT('',#16305);
#4948=VERTEX_POINT('',#16307);
#4949=VERTEX_POINT('',#16311);
#4950=VERTEX_POINT('',#16315);
#4951=VERTEX_POINT('',#16321);
#4952=VERTEX_POINT('',#16323);
#4953=VERTEX_POINT('',#16327);
#4954=VERTEX_POINT('',#16331);
#4955=VERTEX_POINT('',#16337);
#4956=VERTEX_POINT('',#16339);
#4957=VERTEX_POINT('',#16343);
#4958=VERTEX_POINT('',#16347);
#4959=VERTEX_POINT('',#16353);
#4960=VERTEX_POINT('',#16355);
#4961=VERTEX_POINT('',#16359);
#4962=VERTEX_POINT('',#16363);
#4963=VERTEX_POINT('',#16369);
#4964=VERTEX_POINT('',#16371);
#4965=VERTEX_POINT('',#16375);
#4966=VERTEX_POINT('',#16379);
#4967=VERTEX_POINT('',#16385);
#4968=VERTEX_POINT('',#16387);
#4969=VERTEX_POINT('',#16391);
#4970=VERTEX_POINT('',#16395);
#4971=VERTEX_POINT('',#16401);
#4972=VERTEX_POINT('',#16403);
#4973=VERTEX_POINT('',#16407);
#4974=VERTEX_POINT('',#16411);
#4975=VERTEX_POINT('',#16417);
#4976=VERTEX_POINT('',#16419);
#4977=VERTEX_POINT('',#16423);
#4978=VERTEX_POINT('',#16427);
#4979=VERTEX_POINT('',#16433);
#4980=VERTEX_POINT('',#16435);
#4981=VERTEX_POINT('',#16439);
#4982=VERTEX_POINT('',#16443);
#4983=VERTEX_POINT('',#16449);
#4984=VERTEX_POINT('',#16451);
#4985=VERTEX_POINT('',#16455);
#4986=VERTEX_POINT('',#16459);
#4987=VERTEX_POINT('',#16465);
#4988=VERTEX_POINT('',#16469);
#4989=VERTEX_POINT('',#16471);
#4990=VERTEX_POINT('',#16475);
#4991=VERTEX_POINT('',#16479);
#4992=VERTEX_POINT('',#16485);
#4993=VERTEX_POINT('',#16487);
#4994=VERTEX_POINT('',#16491);
#4995=VERTEX_POINT('',#16495);
#4996=VERTEX_POINT('',#16501);
#4997=VERTEX_POINT('',#16503);
#4998=VERTEX_POINT('',#16507);
#4999=VERTEX_POINT('',#16511);
#5000=VERTEX_POINT('',#16517);
#5001=VERTEX_POINT('',#16519);
#5002=VERTEX_POINT('',#16527);
#5003=VERTEX_POINT('',#16531);
#5004=VERTEX_POINT('',#16535);
#5005=VERTEX_POINT('',#16539);
#5006=VERTEX_POINT('',#16543);
#5007=VERTEX_POINT('',#16549);
#5008=VERTEX_POINT('',#16553);
#5009=VERTEX_POINT('',#16557);
#5010=VERTEX_POINT('',#16561);
#5011=VERTEX_POINT('',#16565);
#5012=VERTEX_POINT('',#16569);
#5013=VERTEX_POINT('',#16575);
#5014=VERTEX_POINT('',#16579);
#5015=VERTEX_POINT('',#16583);
#5016=VERTEX_POINT('',#16591);
#5017=VERTEX_POINT('',#16593);
#5018=VERTEX_POINT('',#16597);
#5019=VERTEX_POINT('',#16599);
#5020=VERTEX_POINT('',#16603);
#5021=VERTEX_POINT('',#16605);
#5022=VERTEX_POINT('',#16609);
#5023=VERTEX_POINT('',#16611);
#5024=VERTEX_POINT('',#16615);
#5025=VERTEX_POINT('',#16616);
#5026=VERTEX_POINT('',#16618);
#5027=VERTEX_POINT('',#16620);
#5028=VERTEX_POINT('',#16624);
#5029=VERTEX_POINT('',#16626);
#5030=VERTEX_POINT('',#16630);
#5031=VERTEX_POINT('',#16632);
#5032=VERTEX_POINT('',#16634);
#5033=VERTEX_POINT('',#16636);
#5034=VERTEX_POINT('',#16638);
#5035=VERTEX_POINT('',#16640);
#5036=VERTEX_POINT('',#16642);
#5037=VERTEX_POINT('',#16644);
#5038=VERTEX_POINT('',#16646);
#5039=VERTEX_POINT('',#16648);
#5040=VERTEX_POINT('',#16650);
#5041=VERTEX_POINT('',#16652);
#5042=VERTEX_POINT('',#16654);
#5043=VERTEX_POINT('',#16656);
#5044=VERTEX_POINT('',#16658);
#5045=VERTEX_POINT('',#16660);
#5046=VERTEX_POINT('',#16662);
#5047=VERTEX_POINT('',#16664);
#5048=VERTEX_POINT('',#16666);
#5049=VERTEX_POINT('',#16668);
#5050=VERTEX_POINT('',#16670);
#5051=VERTEX_POINT('',#16672);
#5052=VERTEX_POINT('',#16674);
#5053=VERTEX_POINT('',#16676);
#5054=VERTEX_POINT('',#16678);
#5055=VERTEX_POINT('',#16680);
#5056=VERTEX_POINT('',#16683);
#5057=VERTEX_POINT('',#16684);
#5058=VERTEX_POINT('',#16686);
#5059=VERTEX_POINT('',#16688);
#5060=VERTEX_POINT('',#16691);
#5061=VERTEX_POINT('',#16693);
#5062=VERTEX_POINT('',#16695);
#5063=VERTEX_POINT('',#16696);
#5064=VERTEX_POINT('',#16698);
#5065=VERTEX_POINT('',#16700);
#5066=VERTEX_POINT('',#16703);
#5067=VERTEX_POINT('',#16704);
#5068=VERTEX_POINT('',#16706);
#5069=VERTEX_POINT('',#16708);
#5070=VERTEX_POINT('',#16711);
#5071=VERTEX_POINT('',#16712);
#5072=VERTEX_POINT('',#16714);
#5073=VERTEX_POINT('',#16716);
#5074=VERTEX_POINT('',#16719);
#5075=VERTEX_POINT('',#16720);
#5076=VERTEX_POINT('',#16722);
#5077=VERTEX_POINT('',#16724);
#5078=VERTEX_POINT('',#16727);
#5079=VERTEX_POINT('',#16728);
#5080=VERTEX_POINT('',#16730);
#5081=VERTEX_POINT('',#16732);
#5082=VERTEX_POINT('',#16735);
#5083=VERTEX_POINT('',#16738);
#5084=VERTEX_POINT('',#16742);
#5085=VERTEX_POINT('',#16746);
#5086=VERTEX_POINT('',#16747);
#5087=VERTEX_POINT('',#16752);
#5088=VERTEX_POINT('',#16756);
#5089=VERTEX_POINT('',#16757);
#5090=VERTEX_POINT('',#16762);
#5091=VERTEX_POINT('',#16766);
#5092=VERTEX_POINT('',#16767);
#5093=VERTEX_POINT('',#16774);
#5094=VERTEX_POINT('',#16778);
#5095=VERTEX_POINT('',#16780);
#5096=VERTEX_POINT('',#16784);
#5097=VERTEX_POINT('',#16788);
#5098=VERTEX_POINT('',#16794);
#5099=VERTEX_POINT('',#16796);
#5100=VERTEX_POINT('',#16800);
#5101=VERTEX_POINT('',#16804);
#5102=VERTEX_POINT('',#16810);
#5103=VERTEX_POINT('',#16812);
#5104=VERTEX_POINT('',#16816);
#5105=VERTEX_POINT('',#16820);
#5106=VERTEX_POINT('',#16826);
#5107=VERTEX_POINT('',#16828);
#5108=VERTEX_POINT('',#16832);
#5109=VERTEX_POINT('',#16836);
#5110=VERTEX_POINT('',#16842);
#5111=VERTEX_POINT('',#16844);
#5112=VERTEX_POINT('',#16848);
#5113=VERTEX_POINT('',#16852);
#5114=VERTEX_POINT('',#16858);
#5115=VERTEX_POINT('',#16862);
#5116=VERTEX_POINT('',#16866);
#5117=VERTEX_POINT('',#16868);
#5118=VERTEX_POINT('',#16872);
#5119=VERTEX_POINT('',#16876);
#5120=VERTEX_POINT('',#16882);
#5121=VERTEX_POINT('',#16884);
#5122=VERTEX_POINT('',#16888);
#5123=VERTEX_POINT('',#16892);
#5124=VERTEX_POINT('',#16896);
#5125=VERTEX_POINT('',#16900);
#5126=VERTEX_POINT('',#16906);
#5127=VERTEX_POINT('',#16910);
#5128=VERTEX_POINT('',#16914);
#5129=VERTEX_POINT('',#16918);
#5130=VERTEX_POINT('',#16922);
#5131=VERTEX_POINT('',#16928);
#5132=VERTEX_POINT('',#16932);
#5133=VERTEX_POINT('',#16936);
#5134=VERTEX_POINT('',#16940);
#5135=VERTEX_POINT('',#16944);
#5136=VERTEX_POINT('',#16954);
#5137=VERTEX_POINT('',#16956);
#5138=VERTEX_POINT('',#16960);
#5139=VERTEX_POINT('',#16963);
#5140=VERTEX_POINT('',#16965);
#5141=VERTEX_POINT('',#16969);
#5142=VERTEX_POINT('',#16972);
#5143=VERTEX_POINT('',#16977);
#5144=VERTEX_POINT('',#16982);
#5145=VERTEX_POINT('',#16983);
#5146=VERTEX_POINT('',#16987);
#5147=VERTEX_POINT('',#16989);
#5148=VERTEX_POINT('',#16995);
#5149=VERTEX_POINT('',#16997);
#5150=VERTEX_POINT('',#17001);
#5151=VERTEX_POINT('',#17004);
#5152=VERTEX_POINT('',#17006);
#5153=VERTEX_POINT('',#17010);
#5154=VERTEX_POINT('',#17013);
#5155=VERTEX_POINT('',#17015);
#5156=VERTEX_POINT('',#17019);
#5157=VERTEX_POINT('',#17022);
#5158=VERTEX_POINT('',#17024);
#5159=VERTEX_POINT('',#17028);
#5160=VERTEX_POINT('',#17031);
#5161=VERTEX_POINT('',#17033);
#5162=VERTEX_POINT('',#17037);
#5163=VERTEX_POINT('',#17040);
#5164=VERTEX_POINT('',#17042);
#5165=VERTEX_POINT('',#17046);
#5166=VERTEX_POINT('',#17049);
#5167=VERTEX_POINT('',#17051);
#5168=VERTEX_POINT('',#17055);
#5169=VERTEX_POINT('',#17058);
#5170=VERTEX_POINT('',#17060);
#5171=VERTEX_POINT('',#17064);
#5172=VERTEX_POINT('',#17067);
#5173=VERTEX_POINT('',#17069);
#5174=VERTEX_POINT('',#17073);
#5175=VERTEX_POINT('',#17076);
#5176=VERTEX_POINT('',#17078);
#5177=VERTEX_POINT('',#17082);
#5178=VERTEX_POINT('',#17085);
#5179=VERTEX_POINT('',#17087);
#5180=VERTEX_POINT('',#17091);
#5181=VERTEX_POINT('',#17094);
#5182=VERTEX_POINT('',#17096);
#5183=VERTEX_POINT('',#17100);
#5184=VERTEX_POINT('',#17103);
#5185=VERTEX_POINT('',#17105);
#5186=VERTEX_POINT('',#17109);
#5187=VERTEX_POINT('',#17112);
#5188=VERTEX_POINT('',#17113);
#5189=VERTEX_POINT('',#17115);
#5190=VERTEX_POINT('',#17117);
#5191=VERTEX_POINT('',#17121);
#5192=VERTEX_POINT('',#17123);
#5193=VERTEX_POINT('',#17127);
#5194=VERTEX_POINT('',#17129);
#5195=VERTEX_POINT('',#17136);
#5196=VERTEX_POINT('',#17137);
#5197=VERTEX_POINT('',#17139);
#5198=VERTEX_POINT('',#17141);
#5199=VERTEX_POINT('',#17145);
#5200=VERTEX_POINT('',#17147);
#5201=VERTEX_POINT('',#17151);
#5202=VERTEX_POINT('',#17153);
#5203=VERTEX_POINT('',#17160);
#5204=VERTEX_POINT('',#17165);
#5205=VERTEX_POINT('',#17170);
#5206=VERTEX_POINT('',#17175);
#5207=VERTEX_POINT('',#17180);
#5208=VERTEX_POINT('',#17185);
#5209=VERTEX_POINT('',#17190);
#5210=VERTEX_POINT('',#17191);
#5211=VERTEX_POINT('',#17193);
#5212=VERTEX_POINT('',#17195);
#5213=VERTEX_POINT('',#17199);
#5214=VERTEX_POINT('',#17201);
#5215=VERTEX_POINT('',#17203);
#5216=VERTEX_POINT('',#17205);
#5217=VERTEX_POINT('',#17207);
#5218=VERTEX_POINT('',#17209);
#5219=VERTEX_POINT('',#17211);
#5220=VERTEX_POINT('',#17213);
#5221=VERTEX_POINT('',#17215);
#5222=VERTEX_POINT('',#17217);
#5223=VERTEX_POINT('',#17219);
#5224=VERTEX_POINT('',#17221);
#5225=VERTEX_POINT('',#17223);
#5226=VERTEX_POINT('',#17227);
#5227=VERTEX_POINT('',#17231);
#5228=VERTEX_POINT('',#17232);
#5229=VERTEX_POINT('',#17234);
#5230=VERTEX_POINT('',#17236);
#5231=VERTEX_POINT('',#17240);
#5232=VERTEX_POINT('',#17242);
#5233=VERTEX_POINT('',#17244);
#5234=VERTEX_POINT('',#17246);
#5235=VERTEX_POINT('',#17248);
#5236=VERTEX_POINT('',#17250);
#5237=VERTEX_POINT('',#17252);
#5238=VERTEX_POINT('',#17254);
#5239=VERTEX_POINT('',#17256);
#5240=VERTEX_POINT('',#17260);
#5241=VERTEX_POINT('',#17261);
#5242=VERTEX_POINT('',#17266);
#5243=VERTEX_POINT('',#17268);
#5244=VERTEX_POINT('',#17270);
#5245=VERTEX_POINT('',#17272);
#5246=VERTEX_POINT('',#17274);
#5247=VERTEX_POINT('',#17281);
#5248=VERTEX_POINT('',#17285);
#5249=VERTEX_POINT('',#17287);
#5250=VERTEX_POINT('',#17290);
#5251=VERTEX_POINT('',#17292);
#5252=VERTEX_POINT('',#17294);
#5253=VERTEX_POINT('',#17296);
#5254=VERTEX_POINT('',#17298);
#5255=VERTEX_POINT('',#17300);
#5256=VERTEX_POINT('',#17302);
#5257=VERTEX_POINT('',#17304);
#5258=VERTEX_POINT('',#17308);
#5259=VERTEX_POINT('',#17310);
#5260=VERTEX_POINT('',#17314);
#5261=VERTEX_POINT('',#17317);
#5262=VERTEX_POINT('',#17319);
#5263=VERTEX_POINT('',#17321);
#5264=VERTEX_POINT('',#17323);
#5265=VERTEX_POINT('',#17325);
#5266=VERTEX_POINT('',#17329);
#5267=VERTEX_POINT('',#17330);
#5268=VERTEX_POINT('',#17335);
#5269=VERTEX_POINT('',#17336);
#5270=VERTEX_POINT('',#17343);
#5271=VERTEX_POINT('',#17347);
#5272=VERTEX_POINT('',#17351);
#5273=VERTEX_POINT('',#17359);
#5274=VERTEX_POINT('',#17361);
#5275=VERTEX_POINT('',#17365);
#5276=VERTEX_POINT('',#17367);
#5277=VERTEX_POINT('',#17371);
#5278=VERTEX_POINT('',#17375);
#5279=VERTEX_POINT('',#17377);
#5280=VERTEX_POINT('',#17381);
#5281=VERTEX_POINT('',#17385);
#5282=VERTEX_POINT('',#17387);
#5283=VERTEX_POINT('',#17391);
#5284=VERTEX_POINT('',#17395);
#5285=VERTEX_POINT('',#17400);
#5286=VERTEX_POINT('',#17403);
#5287=VERTEX_POINT('',#17405);
#5288=VERTEX_POINT('',#17407);
#5289=VERTEX_POINT('',#17409);
#5290=VERTEX_POINT('',#17411);
#5291=VERTEX_POINT('',#17413);
#5292=VERTEX_POINT('',#17417);
#5293=VERTEX_POINT('',#17421);
#5294=VERTEX_POINT('',#17422);
#5295=VERTEX_POINT('',#17424);
#5296=VERTEX_POINT('',#17426);
#5297=VERTEX_POINT('',#17430);
#5298=VERTEX_POINT('',#17432);
#5299=VERTEX_POINT('',#17434);
#5300=VERTEX_POINT('',#17436);
#5301=VERTEX_POINT('',#17439);
#5302=VERTEX_POINT('',#17441);
#5303=VERTEX_POINT('',#17445);
#5304=VERTEX_POINT('',#17448);
#5305=VERTEX_POINT('',#17450);
#5306=VERTEX_POINT('',#17452);
#5307=VERTEX_POINT('',#17454);
#5308=VERTEX_POINT('',#17458);
#5309=VERTEX_POINT('',#17459);
#5310=VERTEX_POINT('',#17461);
#5311=VERTEX_POINT('',#17463);
#5312=VERTEX_POINT('',#17467);
#5313=VERTEX_POINT('',#17469);
#5314=VERTEX_POINT('',#17471);
#5315=VERTEX_POINT('',#17473);
#5316=VERTEX_POINT('',#17475);
#5317=VERTEX_POINT('',#17477);
#5318=VERTEX_POINT('',#17479);
#5319=VERTEX_POINT('',#17482);
#5320=VERTEX_POINT('',#17486);
#5321=VERTEX_POINT('',#17490);
#5322=VERTEX_POINT('',#17495);
#5323=VERTEX_POINT('',#17500);
#5324=VERTEX_POINT('',#17506);
#5325=VERTEX_POINT('',#17508);
#5326=VERTEX_POINT('',#17512);
#5327=VERTEX_POINT('',#17514);
#5328=VERTEX_POINT('',#17518);
#5329=VERTEX_POINT('',#17524);
#5330=VERTEX_POINT('',#17529);
#5331=VERTEX_POINT('',#17534);
#5332=VERTEX_POINT('',#17539);
#5333=VERTEX_POINT('',#17544);
#5334=VERTEX_POINT('',#17545);
#5335=VERTEX_POINT('',#17547);
#5336=VERTEX_POINT('',#17549);
#5337=VERTEX_POINT('',#17551);
#5338=VERTEX_POINT('',#17553);
#5339=VERTEX_POINT('',#17557);
#5340=VERTEX_POINT('',#17563);
#5341=VERTEX_POINT('',#17565);
#5342=VERTEX_POINT('',#17569);
#5343=VERTEX_POINT('',#17571);
#5344=VERTEX_POINT('',#17574);
#5345=VERTEX_POINT('',#17578);
#5346=VERTEX_POINT('',#17579);
#5347=VERTEX_POINT('',#17581);
#5348=VERTEX_POINT('',#17583);
#5349=VERTEX_POINT('',#17585);
#5350=VERTEX_POINT('',#17589);
#5351=VERTEX_POINT('',#17593);
#5352=VERTEX_POINT('',#17595);
#5353=VERTEX_POINT('',#17597);
#5354=VERTEX_POINT('',#17599);
#5355=VERTEX_POINT('',#17601);
#5356=VERTEX_POINT('',#17603);
#5357=VERTEX_POINT('',#17605);
#5358=VERTEX_POINT('',#17608);
#5359=VERTEX_POINT('',#17609);
#5360=VERTEX_POINT('',#17611);
#5361=VERTEX_POINT('',#17613);
#5362=VERTEX_POINT('',#17615);
#5363=VERTEX_POINT('',#17617);
#5364=VERTEX_POINT('',#17619);
#5365=VERTEX_POINT('',#17621);
#5366=VERTEX_POINT('',#17623);
#5367=VERTEX_POINT('',#17625);
#5368=VERTEX_POINT('',#17627);
#5369=VERTEX_POINT('',#17629);
#5370=VERTEX_POINT('',#17631);
#5371=VERTEX_POINT('',#17633);
#5372=VERTEX_POINT('',#17635);
#5373=VERTEX_POINT('',#17637);
#5374=VERTEX_POINT('',#17639);
#5375=VERTEX_POINT('',#17641);
#5376=VERTEX_POINT('',#17643);
#5377=VERTEX_POINT('',#17645);
#5378=VERTEX_POINT('',#17647);
#5379=VERTEX_POINT('',#17649);
#5380=VERTEX_POINT('',#17651);
#5381=VERTEX_POINT('',#17653);
#5382=VERTEX_POINT('',#17655);
#5383=VERTEX_POINT('',#17657);
#5384=VERTEX_POINT('',#17659);
#5385=VERTEX_POINT('',#17661);
#5386=VERTEX_POINT('',#17663);
#5387=VERTEX_POINT('',#17665);
#5388=VERTEX_POINT('',#17667);
#5389=VERTEX_POINT('',#17669);
#5390=VERTEX_POINT('',#17673);
#5391=VERTEX_POINT('',#17674);
#5392=VERTEX_POINT('',#17676);
#5393=VERTEX_POINT('',#17678);
#5394=VERTEX_POINT('',#17682);
#5395=VERTEX_POINT('',#17687);
#5396=VERTEX_POINT('',#17689);
#5397=VERTEX_POINT('',#17691);
#5398=VERTEX_POINT('',#17693);
#5399=VERTEX_POINT('',#17695);
#5400=VERTEX_POINT('',#17697);
#5401=VERTEX_POINT('',#17701);
#5402=VERTEX_POINT('',#17702);
#5403=VERTEX_POINT('',#17714);
#5404=VERTEX_POINT('',#17715);
#5405=VERTEX_POINT('',#17717);
#5406=VERTEX_POINT('',#17719);
#5407=VERTEX_POINT('',#17723);
#5408=VERTEX_POINT('',#17725);
#5409=VERTEX_POINT('',#17729);
#5410=VERTEX_POINT('',#17730);
#5411=VERTEX_POINT('',#17732);
#5412=VERTEX_POINT('',#17734);
#5413=VERTEX_POINT('',#17738);
#5414=VERTEX_POINT('',#17740);
#5415=VERTEX_POINT('',#17744);
#5416=VERTEX_POINT('',#17746);
#5417=VERTEX_POINT('',#17750);
#5418=VERTEX_POINT('',#17752);
#5419=VERTEX_POINT('',#17756);
#5420=VERTEX_POINT('',#17758);
#5421=VERTEX_POINT('',#17762);
#5422=VERTEX_POINT('',#17764);
#5423=VERTEX_POINT('',#17768);
#5424=VERTEX_POINT('',#17770);
#5425=VERTEX_POINT('',#17774);
#5426=VERTEX_POINT('',#17776);
#5427=VERTEX_POINT('',#17780);
#5428=VERTEX_POINT('',#17781);
#5429=VERTEX_POINT('',#17783);
#5430=VERTEX_POINT('',#17785);
#5431=VERTEX_POINT('',#17789);
#5432=VERTEX_POINT('',#17791);
#5433=VERTEX_POINT('',#17795);
#5434=VERTEX_POINT('',#17797);
#5435=VERTEX_POINT('',#17801);
#5436=VERTEX_POINT('',#17803);
#5437=VERTEX_POINT('',#17807);
#5438=VERTEX_POINT('',#17809);
#5439=VERTEX_POINT('',#17813);
#5440=VERTEX_POINT('',#17815);
#5441=VERTEX_POINT('',#17819);
#5442=VERTEX_POINT('',#17821);
#5443=VERTEX_POINT('',#17825);
#5444=VERTEX_POINT('',#17829);
#5445=VERTEX_POINT('',#17833);
#5446=VERTEX_POINT('',#17837);
#5447=VERTEX_POINT('',#17841);
#5448=VERTEX_POINT('',#17845);
#5449=VERTEX_POINT('',#17847);
#5450=VERTEX_POINT('',#17851);
#5451=VERTEX_POINT('',#17855);
#5452=VERTEX_POINT('',#17857);
#5453=VERTEX_POINT('',#17861);
#5454=VERTEX_POINT('',#17865);
#5455=VERTEX_POINT('',#17867);
#5456=VERTEX_POINT('',#17871);
#5457=VERTEX_POINT('',#17875);
#5458=VERTEX_POINT('',#17879);
#5459=VERTEX_POINT('',#17883);
#5460=VERTEX_POINT('',#17887);
#5461=VERTEX_POINT('',#17891);
#5462=VERTEX_POINT('',#17893);
#5463=VERTEX_POINT('',#17897);
#5464=VERTEX_POINT('',#17901);
#5465=VERTEX_POINT('',#17903);
#5466=VERTEX_POINT('',#17907);
#5467=VERTEX_POINT('',#17911);
#5468=VERTEX_POINT('',#17915);
#5469=VERTEX_POINT('',#17919);
#5470=VERTEX_POINT('',#17921);
#5471=VERTEX_POINT('',#17925);
#5472=VERTEX_POINT('',#17929);
#5473=VERTEX_POINT('',#17930);
#5474=VERTEX_POINT('',#17932);
#5475=VERTEX_POINT('',#17934);
#5476=VERTEX_POINT('',#17939);
#5477=VERTEX_POINT('',#17943);
#5478=VERTEX_POINT('',#17945);
#5479=VERTEX_POINT('',#17947);
#5480=VERTEX_POINT('',#17953);
#5481=VERTEX_POINT('',#17958);
#5482=VERTEX_POINT('',#17961);
#5483=VERTEX_POINT('',#17964);
#5484=VERTEX_POINT('',#17968);
#5485=VERTEX_POINT('',#17981);
#5486=VERTEX_POINT('',#17985);
#5487=VERTEX_POINT('',#17989);
#5488=VERTEX_POINT('',#17995);
#5489=VERTEX_POINT('',#17997);
#5490=VERTEX_POINT('',#17999);
#5491=VERTEX_POINT('',#18001);
#5492=VERTEX_POINT('',#18005);
#5493=VERTEX_POINT('',#18007);
#5494=VERTEX_POINT('',#18011);
#5495=VERTEX_POINT('',#18013);
#5496=VERTEX_POINT('',#18024);
#5497=VERTEX_POINT('',#18026);
#5498=VERTEX_POINT('',#18030);
#5499=VERTEX_POINT('',#18037);
#5500=VERTEX_POINT('',#18040);
#5501=VERTEX_POINT('',#18043);
#5502=VERTEX_POINT('',#18053);
#5503=VERTEX_POINT('',#18057);
#5504=VERTEX_POINT('',#18077);
#5505=VERTEX_POINT('',#18084);
#5506=VERTEX_POINT('',#18086);
#5507=VERTEX_POINT('',#18088);
#5508=VERTEX_POINT('',#18090);
#5509=VERTEX_POINT('',#18119);
#5510=VERTEX_POINT('',#18120);
#5511=VERTEX_POINT('',#18122);
#5512=VERTEX_POINT('',#18124);
#5513=VERTEX_POINT('',#18128);
#5514=VERTEX_POINT('',#18130);
#5515=VERTEX_POINT('',#18134);
#5516=VERTEX_POINT('',#18136);
#5517=VERTEX_POINT('',#18140);
#5518=VERTEX_POINT('',#18142);
#5519=VERTEX_POINT('',#18146);
#5520=VERTEX_POINT('',#18148);
#5521=VERTEX_POINT('',#18152);
#5522=VERTEX_POINT('',#18154);
#5523=VERTEX_POINT('',#18158);
#5524=VERTEX_POINT('',#18159);
#5525=VERTEX_POINT('',#18161);
#5526=VERTEX_POINT('',#18163);
#5527=VERTEX_POINT('',#18167);
#5528=VERTEX_POINT('',#18169);
#5529=VERTEX_POINT('',#18173);
#5530=VERTEX_POINT('',#18175);
#5531=VERTEX_POINT('',#18179);
#5532=VERTEX_POINT('',#18181);
#5533=VERTEX_POINT('',#18188);
#5534=VERTEX_POINT('',#18190);
#5535=VERTEX_POINT('',#18192);
#5536=VERTEX_POINT('',#18194);
#5537=VERTEX_POINT('',#18196);
#5538=VERTEX_POINT('',#18198);
#5539=VERTEX_POINT('',#18200);
#5540=VERTEX_POINT('',#18202);
#5541=VERTEX_POINT('',#18204);
#5542=VERTEX_POINT('',#18206);
#5543=VERTEX_POINT('',#18208);
#5544=VERTEX_POINT('',#18210);
#5545=VERTEX_POINT('',#18212);
#5546=VERTEX_POINT('',#18214);
#5547=VERTEX_POINT('',#18217);
#5548=VERTEX_POINT('',#18219);
#5549=VERTEX_POINT('',#18221);
#5550=VERTEX_POINT('',#18223);
#5551=VERTEX_POINT('',#18225);
#5552=VERTEX_POINT('',#18227);
#5553=VERTEX_POINT('',#18230);
#5554=VERTEX_POINT('',#18232);
#5555=VERTEX_POINT('',#18236);
#5556=VERTEX_POINT('',#18240);
#5557=VERTEX_POINT('',#18244);
#5558=VERTEX_POINT('',#18248);
#5559=VERTEX_POINT('',#18252);
#5560=VERTEX_POINT('',#18256);
#5561=VERTEX_POINT('',#18260);
#5562=VERTEX_POINT('',#18264);
#5563=VERTEX_POINT('',#18268);
#5564=VERTEX_POINT('',#18272);
#5565=VERTEX_POINT('',#18276);
#5566=VERTEX_POINT('',#18277);
#5567=VERTEX_POINT('',#18282);
#5568=VERTEX_POINT('',#18286);
#5569=VERTEX_POINT('',#18290);
#5570=VERTEX_POINT('',#18294);
#5571=VERTEX_POINT('',#18301);
#5572=VERTEX_POINT('',#18305);
#5573=VERTEX_POINT('',#18314);
#5574=VERTEX_POINT('',#18315);
#5575=VERTEX_POINT('',#18317);
#5576=VERTEX_POINT('',#18319);
#5577=VERTEX_POINT('',#18323);
#5578=VERTEX_POINT('',#18325);
#5579=VERTEX_POINT('',#18329);
#5580=VERTEX_POINT('',#18330);
#5581=VERTEX_POINT('',#18332);
#5582=VERTEX_POINT('',#18334);
#5583=VERTEX_POINT('',#18338);
#5584=VERTEX_POINT('',#18340);
#5585=VERTEX_POINT('',#18344);
#5586=VERTEX_POINT('',#18346);
#5587=VERTEX_POINT('',#18350);
#5588=VERTEX_POINT('',#18351);
#5589=VERTEX_POINT('',#18353);
#5590=VERTEX_POINT('',#18355);
#5591=VERTEX_POINT('',#18359);
#5592=VERTEX_POINT('',#18361);
#5593=VERTEX_POINT('',#18365);
#5594=VERTEX_POINT('',#18367);
#5595=VERTEX_POINT('',#18371);
#5596=VERTEX_POINT('',#18373);
#5597=VERTEX_POINT('',#18385);
#5598=VERTEX_POINT('',#18386);
#5599=VERTEX_POINT('',#18388);
#5600=VERTEX_POINT('',#18391);
#5601=VERTEX_POINT('',#18395);
#5602=VERTEX_POINT('',#18397);
#5603=VERTEX_POINT('',#18401);
#5604=VERTEX_POINT('',#18403);
#5605=VERTEX_POINT('',#18407);
#5606=VERTEX_POINT('',#18409);
#5607=VERTEX_POINT('',#18413);
#5608=VERTEX_POINT('',#18415);
#5609=VERTEX_POINT('',#18419);
#5610=VERTEX_POINT('',#18420);
#5611=VERTEX_POINT('',#18422);
#5612=VERTEX_POINT('',#18424);
#5613=VERTEX_POINT('',#18428);
#5614=VERTEX_POINT('',#18430);
#5615=VERTEX_POINT('',#18434);
#5616=VERTEX_POINT('',#18436);
#5617=VERTEX_POINT('',#18449);
#5618=VERTEX_POINT('',#18451);
#5619=VERTEX_POINT('',#18456);
#5620=VERTEX_POINT('',#18458);
#5621=VERTEX_POINT('',#18463);
#5622=VERTEX_POINT('',#18465);
#5623=VERTEX_POINT('',#18470);
#5624=VERTEX_POINT('',#18472);
#5625=VERTEX_POINT('',#18477);
#5626=VERTEX_POINT('',#18478);
#5627=VERTEX_POINT('',#18480);
#5628=VERTEX_POINT('',#18482);
#5629=VERTEX_POINT('',#18486);
#5630=VERTEX_POINT('',#18488);
#5631=VERTEX_POINT('',#18492);
#5632=VERTEX_POINT('',#18493);
#5633=VERTEX_POINT('',#18495);
#5634=VERTEX_POINT('',#18497);
#5635=VERTEX_POINT('',#18504);
#5636=VERTEX_POINT('',#18505);
#5637=VERTEX_POINT('',#18507);
#5638=VERTEX_POINT('',#18509);
#5639=VERTEX_POINT('',#18516);
#5640=VERTEX_POINT('',#18518);
#5641=VERTEX_POINT('',#18526);
#5642=VERTEX_POINT('',#18529);
#5643=VERTEX_POINT('',#18532);
#5644=VERTEX_POINT('',#18535);
#5645=VERTEX_POINT('',#18538);
#5646=VERTEX_POINT('',#18541);
#5647=VERTEX_POINT('',#18544);
#5648=VERTEX_POINT('',#18548);
#5649=VERTEX_POINT('',#18552);
#5650=VERTEX_POINT('',#18556);
#5651=VERTEX_POINT('',#18560);
#5652=VERTEX_POINT('',#18564);
#5653=VERTEX_POINT('',#18565);
#5654=VERTEX_POINT('',#18567);
#5655=VERTEX_POINT('',#18572);
#5656=VERTEX_POINT('',#18579);
#5657=VERTEX_POINT('',#18581);
#5658=VERTEX_POINT('',#18585);
#5659=VERTEX_POINT('',#18587);
#5660=VERTEX_POINT('',#18594);
#5661=VERTEX_POINT('',#18596);
#5662=VERTEX_POINT('',#18603);
#5663=VERTEX_POINT('',#18605);
#5664=VERTEX_POINT('',#18612);
#5665=VERTEX_POINT('',#18614);
#5666=VERTEX_POINT('',#18621);
#5667=VERTEX_POINT('',#18623);
#5668=VERTEX_POINT('',#18630);
#5669=VERTEX_POINT('',#18632);
#5670=VERTEX_POINT('',#18639);
#5671=VERTEX_POINT('',#18641);
#5672=VERTEX_POINT('',#18648);
#5673=VERTEX_POINT('',#18650);
#5674=VERTEX_POINT('',#18657);
#5675=VERTEX_POINT('',#18659);
#5676=VERTEX_POINT('',#18666);
#5677=VERTEX_POINT('',#18668);
#5678=VERTEX_POINT('',#18678);
#5679=VERTEX_POINT('',#18680);
#5680=VERTEX_POINT('',#18684);
#5681=VERTEX_POINT('',#18688);
#5682=VERTEX_POINT('',#18692);
#5683=VERTEX_POINT('',#18696);
#5684=VERTEX_POINT('',#18700);
#5685=VERTEX_POINT('',#18704);
#5686=VERTEX_POINT('',#18709);
#5687=VERTEX_POINT('',#18710);
#5688=VERTEX_POINT('',#18712);
#5689=VERTEX_POINT('',#18714);
#5690=VERTEX_POINT('',#18718);
#5691=VERTEX_POINT('',#18719);
#5692=VERTEX_POINT('',#18724);
#5693=VERTEX_POINT('',#18725);
#5694=VERTEX_POINT('',#18730);
#5695=VERTEX_POINT('',#18731);
#5696=VERTEX_POINT('',#18736);
#5697=VERTEX_POINT('',#18737);
#5698=VERTEX_POINT('',#18742);
#5699=VERTEX_POINT('',#18743);
#5700=VERTEX_POINT('',#18748);
#5701=VERTEX_POINT('',#18749);
#5702=VERTEX_POINT('',#18754);
#5703=VERTEX_POINT('',#18755);
#5704=VERTEX_POINT('',#18763);
#5705=VERTEX_POINT('',#18765);
#5706=VERTEX_POINT('',#18769);
#5707=VERTEX_POINT('',#18773);
#5708=VERTEX_POINT('',#18777);
#5709=VERTEX_POINT('',#18781);
#5710=VERTEX_POINT('',#18785);
#5711=VERTEX_POINT('',#18787);
#5712=VERTEX_POINT('',#18789);
#5713=VERTEX_POINT('',#18791);
#5714=VERTEX_POINT('',#18793);
#5715=VERTEX_POINT('',#18795);
#5716=VERTEX_POINT('',#18797);
#5717=VERTEX_POINT('',#18799);
#5718=VERTEX_POINT('',#18801);
#5719=VERTEX_POINT('',#18803);
#5720=VERTEX_POINT('',#18805);
#5721=VERTEX_POINT('',#18820);
#5722=VERTEX_POINT('',#18824);
#5723=VERTEX_POINT('',#18825);
#5724=VERTEX_POINT('',#18827);
#5725=VERTEX_POINT('',#18829);
#5726=VERTEX_POINT('',#18833);
#5727=VERTEX_POINT('',#18835);
#5728=VERTEX_POINT('',#18839);
#5729=VERTEX_POINT('',#18841);
#5730=VERTEX_POINT('',#18845);
#5731=VERTEX_POINT('',#18847);
#5732=VERTEX_POINT('',#18851);
#5733=VERTEX_POINT('',#18853);
#5734=VERTEX_POINT('',#18859);
#5735=VERTEX_POINT('',#18861);
#5736=VERTEX_POINT('',#18863);
#5737=VERTEX_POINT('',#18865);
#5738=VERTEX_POINT('',#18869);
#5739=VERTEX_POINT('',#18873);
#5740=VERTEX_POINT('',#18877);
#5741=VERTEX_POINT('',#18881);
#5742=VERTEX_POINT('',#18885);
#5743=VERTEX_POINT('',#18889);
#5744=VERTEX_POINT('',#18893);
#5745=VERTEX_POINT('',#18894);
#5746=VERTEX_POINT('',#18896);
#5747=VERTEX_POINT('',#18898);
#5748=VERTEX_POINT('',#18905);
#5749=VERTEX_POINT('',#18907);
#5750=VERTEX_POINT('',#18911);
#5751=VERTEX_POINT('',#18913);
#5752=VERTEX_POINT('',#18917);
#5753=VERTEX_POINT('',#18919);
#5754=VERTEX_POINT('',#18923);
#5755=VERTEX_POINT('',#18925);
#5756=VERTEX_POINT('',#18929);
#5757=VERTEX_POINT('',#18931);
#5758=VERTEX_POINT('',#18939);
#5759=VERTEX_POINT('',#18943);
#5760=VERTEX_POINT('',#18947);
#5761=VERTEX_POINT('',#18955);
#5762=VERTEX_POINT('',#18957);
#5763=VERTEX_POINT('',#18961);
#5764=VERTEX_POINT('',#18965);
#5765=VERTEX_POINT('',#18969);
#5766=VERTEX_POINT('',#18971);
#5767=VERTEX_POINT('',#18978);
#5768=VERTEX_POINT('',#18980);
#5769=VERTEX_POINT('',#18984);
#5770=VERTEX_POINT('',#18986);
#5771=EDGE_CURVE('',#4730,#4730,#4308,.T.);
#5772=EDGE_CURVE('',#4730,#4731,#2066,.T.);
#5773=EDGE_CURVE('',#4731,#4731,#4309,.T.);
#5774=EDGE_CURVE('',#4732,#4732,#4310,.T.);
#5775=EDGE_CURVE('',#4732,#4733,#2067,.T.);
#5776=EDGE_CURVE('',#4733,#4733,#4311,.T.);
#5777=EDGE_CURVE('',#4734,#4734,#4312,.T.);
#5778=EDGE_CURVE('',#4734,#4735,#2068,.T.);
#5779=EDGE_CURVE('',#4735,#4735,#4313,.T.);
#5780=EDGE_CURVE('',#4736,#4736,#4314,.T.);
#5781=EDGE_CURVE('',#4736,#4737,#2069,.T.);
#5782=EDGE_CURVE('',#4737,#4737,#4315,.T.);
#5783=EDGE_CURVE('',#4738,#4738,#4316,.T.);
#5784=EDGE_CURVE('',#4738,#4739,#2070,.T.);
#5785=EDGE_CURVE('',#4739,#4739,#4317,.T.);
#5786=EDGE_CURVE('',#4740,#4740,#4318,.T.);
#5787=EDGE_CURVE('',#4740,#4741,#2071,.T.);
#5788=EDGE_CURVE('',#4741,#4741,#4319,.T.);
#5789=EDGE_CURVE('',#4742,#4743,#4320,.T.);
#5790=EDGE_CURVE('',#4743,#4744,#2072,.T.);
#5791=EDGE_CURVE('',#4744,#4745,#4321,.T.);
#5792=EDGE_CURVE('',#4745,#4742,#2073,.T.);
#5793=EDGE_CURVE('',#4746,#4745,#2074,.T.);
#5794=EDGE_CURVE('',#4746,#4747,#2075,.T.);
#5795=EDGE_CURVE('',#4742,#4747,#2076,.T.);
#5796=EDGE_CURVE('',#4744,#4748,#2077,.T.);
#5797=EDGE_CURVE('',#4748,#4749,#4322,.T.);
#5798=EDGE_CURVE('',#4749,#4750,#2078,.T.);
#5799=EDGE_CURVE('',#4751,#4750,#4323,.T.);
#5800=EDGE_CURVE('',#4752,#4751,#2079,.T.);
#5801=EDGE_CURVE('',#4752,#4753,#4324,.T.);
#5802=EDGE_CURVE('',#4753,#4754,#2080,.T.);
#5803=EDGE_CURVE('',#4755,#4754,#4325,.T.);
#5804=EDGE_CURVE('',#4755,#4756,#2081,.T.);
#5805=EDGE_CURVE('',#4756,#4757,#4326,.T.);
#5806=EDGE_CURVE('',#4757,#4758,#2082,.T.);
#5807=EDGE_CURVE('',#4759,#4758,#4327,.T.);
#5808=EDGE_CURVE('',#4760,#4759,#2083,.T.);
#5809=EDGE_CURVE('',#4760,#4761,#4328,.T.);
#5810=EDGE_CURVE('',#4761,#4762,#2084,.T.);
#5811=EDGE_CURVE('',#4763,#4762,#4329,.T.);
#5812=EDGE_CURVE('',#4763,#4764,#2085,.T.);
#5813=EDGE_CURVE('',#4765,#4764,#4330,.T.);
#5814=EDGE_CURVE('',#4765,#4766,#2086,.T.);
#5815=EDGE_CURVE('',#4766,#4767,#4331,.T.);
#5816=EDGE_CURVE('',#4767,#4768,#2087,.T.);
#5817=EDGE_CURVE('',#4769,#4768,#4332,.T.);
#5818=EDGE_CURVE('',#4770,#4769,#2088,.T.);
#5819=EDGE_CURVE('',#4770,#4771,#4333,.T.);
#5820=EDGE_CURVE('',#4771,#4772,#2089,.T.);
#5821=EDGE_CURVE('',#4773,#4772,#4334,.T.);
#5822=EDGE_CURVE('',#4773,#4746,#2090,.T.);
#5823=EDGE_CURVE('',#4774,#4775,#4335,.T.);
#5824=EDGE_CURVE('',#4776,#4774,#4336,.T.);
#5825=EDGE_CURVE('',#4777,#4776,#4337,.T.);
#5826=EDGE_CURVE('',#4775,#4777,#4338,.T.);
#5827=EDGE_CURVE('',#4778,#4779,#2091,.T.);
#5828=EDGE_CURVE('',#4780,#4778,#2092,.T.);
#5829=EDGE_CURVE('',#4781,#4780,#2093,.T.);
#5830=EDGE_CURVE('',#4779,#4781,#2094,.T.);
#5831=EDGE_CURVE('',#4782,#4783,#2095,.T.);
#5832=EDGE_CURVE('',#4784,#4782,#2096,.T.);
#5833=EDGE_CURVE('',#4785,#4784,#2097,.T.);
#5834=EDGE_CURVE('',#4783,#4785,#2098,.T.);
#5835=EDGE_CURVE('',#4786,#4786,#4339,.T.);
#5836=EDGE_CURVE('',#4787,#4788,#2099,.T.);
#5837=EDGE_CURVE('',#4789,#4787,#2100,.T.);
#5838=EDGE_CURVE('',#4790,#4789,#2101,.T.);
#5839=EDGE_CURVE('',#4788,#4790,#2102,.T.);
#5840=EDGE_CURVE('',#4791,#4792,#2103,.T.);
#5841=EDGE_CURVE('',#4793,#4791,#2104,.T.);
#5842=EDGE_CURVE('',#4794,#4793,#2105,.T.);
#5843=EDGE_CURVE('',#4792,#4794,#2106,.T.);
#5844=EDGE_CURVE('',#4795,#4796,#2107,.T.);
#5845=EDGE_CURVE('',#4797,#4795,#2108,.T.);
#5846=EDGE_CURVE('',#4798,#4797,#2109,.T.);
#5847=EDGE_CURVE('',#4796,#4798,#2110,.T.);
#5848=EDGE_CURVE('',#4799,#4800,#2111,.T.);
#5849=EDGE_CURVE('',#4801,#4799,#2112,.T.);
#5850=EDGE_CURVE('',#4802,#4801,#2113,.T.);
#5851=EDGE_CURVE('',#4800,#4802,#2114,.T.);
#5852=EDGE_CURVE('',#4803,#4804,#2115,.T.);
#5853=EDGE_CURVE('',#4805,#4803,#2116,.T.);
#5854=EDGE_CURVE('',#4806,#4805,#2117,.T.);
#5855=EDGE_CURVE('',#4804,#4806,#2118,.T.);
#5856=EDGE_CURVE('',#4807,#4808,#2119,.T.);
#5857=EDGE_CURVE('',#4809,#4807,#2120,.T.);
#5858=EDGE_CURVE('',#4810,#4809,#2121,.T.);
#5859=EDGE_CURVE('',#4808,#4810,#2122,.T.);
#5860=EDGE_CURVE('',#4811,#4812,#2123,.T.);
#5861=EDGE_CURVE('',#4813,#4811,#2124,.T.);
#5862=EDGE_CURVE('',#4814,#4813,#2125,.T.);
#5863=EDGE_CURVE('',#4812,#4814,#2126,.T.);
#5864=EDGE_CURVE('',#4815,#4816,#4340,.T.);
#5865=EDGE_CURVE('',#4817,#4815,#4341,.T.);
#5866=EDGE_CURVE('',#4818,#4817,#4342,.T.);
#5867=EDGE_CURVE('',#4816,#4818,#4343,.T.);
#5868=EDGE_CURVE('',#4819,#4820,#4344,.T.);
#5869=EDGE_CURVE('',#4821,#4819,#4345,.T.);
#5870=EDGE_CURVE('',#4822,#4821,#4346,.T.);
#5871=EDGE_CURVE('',#4820,#4822,#4347,.T.);
#5872=EDGE_CURVE('',#4823,#4824,#4348,.T.);
#5873=EDGE_CURVE('',#4825,#4823,#4349,.T.);
#5874=EDGE_CURVE('',#4826,#4825,#4350,.T.);
#5875=EDGE_CURVE('',#4824,#4826,#4351,.T.);
#5876=EDGE_CURVE('',#4827,#4828,#2127,.T.);
#5877=EDGE_CURVE('',#4829,#4827,#2128,.T.);
#5878=EDGE_CURVE('',#4830,#4829,#2129,.T.);
#5879=EDGE_CURVE('',#4828,#4830,#2130,.T.);
#5880=EDGE_CURVE('',#4831,#4832,#2131,.T.);
#5881=EDGE_CURVE('',#4833,#4831,#2132,.T.);
#5882=EDGE_CURVE('',#4834,#4833,#2133,.T.);
#5883=EDGE_CURVE('',#4832,#4834,#2134,.T.);
#5884=EDGE_CURVE('',#4835,#4836,#2135,.T.);
#5885=EDGE_CURVE('',#4837,#4835,#2136,.T.);
#5886=EDGE_CURVE('',#4838,#4837,#2137,.T.);
#5887=EDGE_CURVE('',#4836,#4838,#2138,.T.);
#5888=EDGE_CURVE('',#4839,#4840,#2139,.T.);
#5889=EDGE_CURVE('',#4841,#4839,#2140,.T.);
#5890=EDGE_CURVE('',#4842,#4841,#2141,.T.);
#5891=EDGE_CURVE('',#4840,#4842,#2142,.T.);
#5892=EDGE_CURVE('',#4843,#4844,#2143,.T.);
#5893=EDGE_CURVE('',#4845,#4843,#2144,.T.);
#5894=EDGE_CURVE('',#4846,#4845,#2145,.T.);
#5895=EDGE_CURVE('',#4844,#4846,#2146,.T.);
#5896=EDGE_CURVE('',#4847,#4848,#2147,.T.);
#5897=EDGE_CURVE('',#4849,#4847,#2148,.T.);
#5898=EDGE_CURVE('',#4850,#4849,#2149,.T.);
#5899=EDGE_CURVE('',#4848,#4850,#2150,.T.);
#5900=EDGE_CURVE('',#4851,#4852,#2151,.T.);
#5901=EDGE_CURVE('',#4853,#4851,#2152,.T.);
#5902=EDGE_CURVE('',#4854,#4853,#2153,.T.);
#5903=EDGE_CURVE('',#4852,#4854,#2154,.T.);
#5904=EDGE_CURVE('',#4855,#4856,#2155,.T.);
#5905=EDGE_CURVE('',#4857,#4855,#2156,.T.);
#5906=EDGE_CURVE('',#4858,#4857,#2157,.T.);
#5907=EDGE_CURVE('',#4856,#4858,#2158,.T.);
#5908=EDGE_CURVE('',#4859,#4859,#4352,.T.);
#5909=EDGE_CURVE('',#4860,#4861,#2159,.T.);
#5910=EDGE_CURVE('',#4862,#4860,#2160,.T.);
#5911=EDGE_CURVE('',#4863,#4862,#2161,.T.);
#5912=EDGE_CURVE('',#4861,#4863,#2162,.T.);
#5913=EDGE_CURVE('',#4864,#4865,#2163,.T.);
#5914=EDGE_CURVE('',#4866,#4864,#2164,.T.);
#5915=EDGE_CURVE('',#4867,#4866,#2165,.T.);
#5916=EDGE_CURVE('',#4865,#4867,#2166,.T.);
#5917=EDGE_CURVE('',#4868,#4868,#4353,.T.);
#5918=EDGE_CURVE('',#4869,#4870,#2167,.T.);
#5919=EDGE_CURVE('',#4871,#4869,#2168,.T.);
#5920=EDGE_CURVE('',#4872,#4871,#2169,.T.);
#5921=EDGE_CURVE('',#4870,#4872,#2170,.T.);
#5922=EDGE_CURVE('',#4873,#4874,#2171,.T.);
#5923=EDGE_CURVE('',#4875,#4873,#2172,.T.);
#5924=EDGE_CURVE('',#4876,#4875,#2173,.T.);
#5925=EDGE_CURVE('',#4874,#4876,#2174,.T.);
#5926=EDGE_CURVE('',#4877,#4877,#4354,.T.);
#5927=EDGE_CURVE('',#4878,#4879,#4355,.T.);
#5928=EDGE_CURVE('',#4880,#4878,#4356,.T.);
#5929=EDGE_CURVE('',#4881,#4880,#4357,.T.);
#5930=EDGE_CURVE('',#4879,#4881,#4358,.T.);
#5931=EDGE_CURVE('',#4882,#4883,#4359,.T.);
#5932=EDGE_CURVE('',#4883,#4773,#2175,.T.);
#5933=EDGE_CURVE('',#4772,#4882,#2176,.T.);
#5934=EDGE_CURVE('',#4771,#4884,#2177,.T.);
#5935=EDGE_CURVE('',#4882,#4884,#2178,.T.);
#5936=EDGE_CURVE('',#4885,#4886,#4360,.T.);
#5937=EDGE_CURVE('',#4886,#4765,#2179,.T.);
#5938=EDGE_CURVE('',#4764,#4885,#2180,.T.);
#5939=EDGE_CURVE('',#4887,#4763,#2181,.T.);
#5940=EDGE_CURVE('',#4885,#4887,#2182,.T.);
#5941=EDGE_CURVE('',#4888,#4889,#4361,.T.);
#5942=EDGE_CURVE('',#4889,#4755,#2183,.T.);
#5943=EDGE_CURVE('',#4754,#4888,#2184,.T.);
#5944=EDGE_CURVE('',#4753,#4890,#2185,.T.);
#5945=EDGE_CURVE('',#4888,#4890,#2186,.T.);
#5946=EDGE_CURVE('',#4891,#4887,#4362,.T.);
#5947=EDGE_CURVE('',#4762,#4891,#2187,.T.);
#5948=EDGE_CURVE('',#4878,#4892,#2188,.T.);
#5949=EDGE_CURVE('',#4893,#4892,#4363,.T.);
#5950=EDGE_CURVE('',#4880,#4893,#2189,.T.);
#5951=EDGE_CURVE('',#4894,#4893,#4364,.T.);
#5952=EDGE_CURVE('',#4881,#4894,#2190,.T.);
#5953=EDGE_CURVE('',#4895,#4894,#4365,.T.);
#5954=EDGE_CURVE('',#4879,#4895,#2191,.T.);
#5955=EDGE_CURVE('',#4892,#4895,#4366,.T.);
#5956=EDGE_CURVE('',#4896,#4896,#4367,.T.);
#5957=EDGE_CURVE('',#4896,#4877,#2192,.T.);
#5958=EDGE_CURVE('',#4873,#4897,#2193,.T.);
#5959=EDGE_CURVE('',#4898,#4897,#2194,.T.);
#5960=EDGE_CURVE('',#4875,#4898,#2195,.T.);
#5961=EDGE_CURVE('',#4899,#4898,#2196,.T.);
#5962=EDGE_CURVE('',#4876,#4899,#2197,.T.);
#5963=EDGE_CURVE('',#4900,#4899,#2198,.T.);
#5964=EDGE_CURVE('',#4874,#4900,#2199,.T.);
#5965=EDGE_CURVE('',#4897,#4900,#2200,.T.);
#5966=EDGE_CURVE('',#4869,#4901,#2201,.T.);
#5967=EDGE_CURVE('',#4902,#4901,#2202,.T.);
#5968=EDGE_CURVE('',#4871,#4902,#2203,.T.);
#5969=EDGE_CURVE('',#4903,#4902,#2204,.T.);
#5970=EDGE_CURVE('',#4872,#4903,#2205,.T.);
#5971=EDGE_CURVE('',#4904,#4903,#2206,.T.);
#5972=EDGE_CURVE('',#4870,#4904,#2207,.T.);
#5973=EDGE_CURVE('',#4901,#4904,#2208,.T.);
#5974=EDGE_CURVE('',#4905,#4905,#4368,.T.);
#5975=EDGE_CURVE('',#4905,#4868,#2209,.T.);
#5976=EDGE_CURVE('',#4864,#4906,#2210,.T.);
#5977=EDGE_CURVE('',#4907,#4906,#2211,.T.);
#5978=EDGE_CURVE('',#4866,#4907,#2212,.T.);
#5979=EDGE_CURVE('',#4908,#4907,#2213,.T.);
#5980=EDGE_CURVE('',#4867,#4908,#2214,.T.);
#5981=EDGE_CURVE('',#4909,#4908,#2215,.T.);
#5982=EDGE_CURVE('',#4865,#4909,#2216,.T.);
#5983=EDGE_CURVE('',#4906,#4909,#2217,.T.);
#5984=EDGE_CURVE('',#4860,#4910,#2218,.T.);
#5985=EDGE_CURVE('',#4911,#4910,#2219,.T.);
#5986=EDGE_CURVE('',#4862,#4911,#2220,.T.);
#5987=EDGE_CURVE('',#4912,#4911,#2221,.T.);
#5988=EDGE_CURVE('',#4863,#4912,#2222,.T.);
#5989=EDGE_CURVE('',#4913,#4912,#2223,.T.);
#5990=EDGE_CURVE('',#4861,#4913,#2224,.T.);
#5991=EDGE_CURVE('',#4910,#4913,#2225,.T.);
#5992=EDGE_CURVE('',#4914,#4914,#4369,.T.);
#5993=EDGE_CURVE('',#4914,#4859,#2226,.T.);
#5994=EDGE_CURVE('',#4855,#4915,#2227,.T.);
#5995=EDGE_CURVE('',#4916,#4915,#2228,.T.);
#5996=EDGE_CURVE('',#4857,#4916,#2229,.T.);
#5997=EDGE_CURVE('',#4917,#4916,#2230,.T.);
#5998=EDGE_CURVE('',#4858,#4917,#2231,.T.);
#5999=EDGE_CURVE('',#4918,#4917,#2232,.T.);
#6000=EDGE_CURVE('',#4856,#4918,#2233,.T.);
#6001=EDGE_CURVE('',#4915,#4918,#2234,.T.);
#6002=EDGE_CURVE('',#4851,#4919,#2235,.T.);
#6003=EDGE_CURVE('',#4920,#4919,#2236,.T.);
#6004=EDGE_CURVE('',#4853,#4920,#2237,.T.);
#6005=EDGE_CURVE('',#4921,#4920,#2238,.T.);
#6006=EDGE_CURVE('',#4854,#4921,#2239,.T.);
#6007=EDGE_CURVE('',#4922,#4921,#2240,.T.);
#6008=EDGE_CURVE('',#4852,#4922,#2241,.T.);
#6009=EDGE_CURVE('',#4919,#4922,#2242,.T.);
#6010=EDGE_CURVE('',#4847,#4923,#2243,.T.);
#6011=EDGE_CURVE('',#4924,#4923,#2244,.T.);
#6012=EDGE_CURVE('',#4849,#4924,#2245,.T.);
#6013=EDGE_CURVE('',#4925,#4924,#2246,.T.);
#6014=EDGE_CURVE('',#4850,#4925,#2247,.T.);
#6015=EDGE_CURVE('',#4926,#4925,#2248,.T.);
#6016=EDGE_CURVE('',#4848,#4926,#2249,.T.);
#6017=EDGE_CURVE('',#4923,#4926,#2250,.T.);
#6018=EDGE_CURVE('',#4843,#4927,#2251,.T.);
#6019=EDGE_CURVE('',#4928,#4927,#2252,.T.);
#6020=EDGE_CURVE('',#4845,#4928,#2253,.T.);
#6021=EDGE_CURVE('',#4929,#4928,#2254,.T.);
#6022=EDGE_CURVE('',#4846,#4929,#2255,.T.);
#6023=EDGE_CURVE('',#4930,#4929,#2256,.T.);
#6024=EDGE_CURVE('',#4844,#4930,#2257,.T.);
#6025=EDGE_CURVE('',#4927,#4930,#2258,.T.);
#6026=EDGE_CURVE('',#4839,#4931,#2259,.T.);
#6027=EDGE_CURVE('',#4932,#4931,#2260,.T.);
#6028=EDGE_CURVE('',#4841,#4932,#2261,.T.);
#6029=EDGE_CURVE('',#4933,#4932,#2262,.T.);
#6030=EDGE_CURVE('',#4842,#4933,#2263,.T.);
#6031=EDGE_CURVE('',#4934,#4933,#2264,.T.);
#6032=EDGE_CURVE('',#4840,#4934,#2265,.T.);
#6033=EDGE_CURVE('',#4931,#4934,#2266,.T.);
#6034=EDGE_CURVE('',#4835,#4935,#2267,.T.);
#6035=EDGE_CURVE('',#4936,#4935,#2268,.T.);
#6036=EDGE_CURVE('',#4837,#4936,#2269,.T.);
#6037=EDGE_CURVE('',#4937,#4936,#2270,.T.);
#6038=EDGE_CURVE('',#4838,#4937,#2271,.T.);
#6039=EDGE_CURVE('',#4938,#4937,#2272,.T.);
#6040=EDGE_CURVE('',#4836,#4938,#2273,.T.);
#6041=EDGE_CURVE('',#4935,#4938,#2274,.T.);
#6042=EDGE_CURVE('',#4831,#4939,#2275,.T.);
#6043=EDGE_CURVE('',#4940,#4939,#2276,.T.);
#6044=EDGE_CURVE('',#4833,#4940,#2277,.T.);
#6045=EDGE_CURVE('',#4941,#4940,#2278,.T.);
#6046=EDGE_CURVE('',#4834,#4941,#2279,.T.);
#6047=EDGE_CURVE('',#4942,#4941,#2280,.T.);
#6048=EDGE_CURVE('',#4832,#4942,#2281,.T.);
#6049=EDGE_CURVE('',#4939,#4942,#2282,.T.);
#6050=EDGE_CURVE('',#4827,#4943,#2283,.T.);
#6051=EDGE_CURVE('',#4944,#4943,#2284,.T.);
#6052=EDGE_CURVE('',#4829,#4944,#2285,.T.);
#6053=EDGE_CURVE('',#4945,#4944,#2286,.T.);
#6054=EDGE_CURVE('',#4830,#4945,#2287,.T.);
#6055=EDGE_CURVE('',#4946,#4945,#2288,.T.);
#6056=EDGE_CURVE('',#4828,#4946,#2289,.T.);
#6057=EDGE_CURVE('',#4943,#4946,#2290,.T.);
#6058=EDGE_CURVE('',#4823,#4947,#2291,.T.);
#6059=EDGE_CURVE('',#4948,#4947,#4370,.T.);
#6060=EDGE_CURVE('',#4825,#4948,#2292,.T.);
#6061=EDGE_CURVE('',#4949,#4948,#4371,.T.);
#6062=EDGE_CURVE('',#4826,#4949,#2293,.T.);
#6063=EDGE_CURVE('',#4950,#4949,#4372,.T.);
#6064=EDGE_CURVE('',#4824,#4950,#2294,.T.);
#6065=EDGE_CURVE('',#4947,#4950,#4373,.T.);
#6066=EDGE_CURVE('',#4819,#4951,#2295,.T.);
#6067=EDGE_CURVE('',#4952,#4951,#4374,.T.);
#6068=EDGE_CURVE('',#4821,#4952,#2296,.T.);
#6069=EDGE_CURVE('',#4953,#4952,#4375,.T.);
#6070=EDGE_CURVE('',#4822,#4953,#2297,.T.);
#6071=EDGE_CURVE('',#4954,#4953,#4376,.T.);
#6072=EDGE_CURVE('',#4820,#4954,#2298,.T.);
#6073=EDGE_CURVE('',#4951,#4954,#4377,.T.);
#6074=EDGE_CURVE('',#4815,#4955,#2299,.T.);
#6075=EDGE_CURVE('',#4956,#4955,#4378,.T.);
#6076=EDGE_CURVE('',#4817,#4956,#2300,.T.);
#6077=EDGE_CURVE('',#4957,#4956,#4379,.T.);
#6078=EDGE_CURVE('',#4818,#4957,#2301,.T.);
#6079=EDGE_CURVE('',#4958,#4957,#4380,.T.);
#6080=EDGE_CURVE('',#4816,#4958,#2302,.T.);
#6081=EDGE_CURVE('',#4955,#4958,#4381,.T.);
#6082=EDGE_CURVE('',#4811,#4959,#2303,.T.);
#6083=EDGE_CURVE('',#4960,#4959,#2304,.T.);
#6084=EDGE_CURVE('',#4813,#4960,#2305,.T.);
#6085=EDGE_CURVE('',#4961,#4960,#2306,.T.);
#6086=EDGE_CURVE('',#4814,#4961,#2307,.T.);
#6087=EDGE_CURVE('',#4962,#4961,#2308,.T.);
#6088=EDGE_CURVE('',#4812,#4962,#2309,.T.);
#6089=EDGE_CURVE('',#4959,#4962,#2310,.T.);
#6090=EDGE_CURVE('',#4807,#4963,#2311,.T.);
#6091=EDGE_CURVE('',#4964,#4963,#2312,.T.);
#6092=EDGE_CURVE('',#4809,#4964,#2313,.T.);
#6093=EDGE_CURVE('',#4965,#4964,#2314,.T.);
#6094=EDGE_CURVE('',#4810,#4965,#2315,.T.);
#6095=EDGE_CURVE('',#4966,#4965,#2316,.T.);
#6096=EDGE_CURVE('',#4808,#4966,#2317,.T.);
#6097=EDGE_CURVE('',#4963,#4966,#2318,.T.);
#6098=EDGE_CURVE('',#4803,#4967,#2319,.T.);
#6099=EDGE_CURVE('',#4968,#4967,#2320,.T.);
#6100=EDGE_CURVE('',#4805,#4968,#2321,.T.);
#6101=EDGE_CURVE('',#4969,#4968,#2322,.T.);
#6102=EDGE_CURVE('',#4806,#4969,#2323,.T.);
#6103=EDGE_CURVE('',#4970,#4969,#2324,.T.);
#6104=EDGE_CURVE('',#4804,#4970,#2325,.T.);
#6105=EDGE_CURVE('',#4967,#4970,#2326,.T.);
#6106=EDGE_CURVE('',#4799,#4971,#2327,.T.);
#6107=EDGE_CURVE('',#4972,#4971,#2328,.T.);
#6108=EDGE_CURVE('',#4801,#4972,#2329,.T.);
#6109=EDGE_CURVE('',#4973,#4972,#2330,.T.);
#6110=EDGE_CURVE('',#4802,#4973,#2331,.T.);
#6111=EDGE_CURVE('',#4974,#4973,#2332,.T.);
#6112=EDGE_CURVE('',#4800,#4974,#2333,.T.);
#6113=EDGE_CURVE('',#4971,#4974,#2334,.T.);
#6114=EDGE_CURVE('',#4795,#4975,#2335,.T.);
#6115=EDGE_CURVE('',#4976,#4975,#2336,.T.);
#6116=EDGE_CURVE('',#4797,#4976,#2337,.T.);
#6117=EDGE_CURVE('',#4977,#4976,#2338,.T.);
#6118=EDGE_CURVE('',#4798,#4977,#2339,.T.);
#6119=EDGE_CURVE('',#4978,#4977,#2340,.T.);
#6120=EDGE_CURVE('',#4796,#4978,#2341,.T.);
#6121=EDGE_CURVE('',#4975,#4978,#2342,.T.);
#6122=EDGE_CURVE('',#4791,#4979,#2343,.T.);
#6123=EDGE_CURVE('',#4980,#4979,#2344,.T.);
#6124=EDGE_CURVE('',#4793,#4980,#2345,.T.);
#6125=EDGE_CURVE('',#4981,#4980,#2346,.T.);
#6126=EDGE_CURVE('',#4794,#4981,#2347,.T.);
#6127=EDGE_CURVE('',#4982,#4981,#2348,.T.);
#6128=EDGE_CURVE('',#4792,#4982,#2349,.T.);
#6129=EDGE_CURVE('',#4979,#4982,#2350,.T.);
#6130=EDGE_CURVE('',#4787,#4983,#2351,.T.);
#6131=EDGE_CURVE('',#4984,#4983,#2352,.T.);
#6132=EDGE_CURVE('',#4789,#4984,#2353,.T.);
#6133=EDGE_CURVE('',#4985,#4984,#2354,.T.);
#6134=EDGE_CURVE('',#4790,#4985,#2355,.T.);
#6135=EDGE_CURVE('',#4986,#4985,#2356,.T.);
#6136=EDGE_CURVE('',#4788,#4986,#2357,.T.);
#6137=EDGE_CURVE('',#4983,#4986,#2358,.T.);
#6138=EDGE_CURVE('',#4987,#4987,#4382,.T.);
#6139=EDGE_CURVE('',#4987,#4786,#2359,.T.);
#6140=EDGE_CURVE('',#4782,#4988,#2360,.T.);
#6141=EDGE_CURVE('',#4989,#4988,#2361,.T.);
#6142=EDGE_CURVE('',#4784,#4989,#2362,.T.);
#6143=EDGE_CURVE('',#4990,#4989,#2363,.T.);
#6144=EDGE_CURVE('',#4785,#4990,#2364,.T.);
#6145=EDGE_CURVE('',#4991,#4990,#2365,.T.);
#6146=EDGE_CURVE('',#4783,#4991,#2366,.T.);
#6147=EDGE_CURVE('',#4988,#4991,#2367,.T.);
#6148=EDGE_CURVE('',#4778,#4992,#2368,.T.);
#6149=EDGE_CURVE('',#4993,#4992,#2369,.T.);
#6150=EDGE_CURVE('',#4780,#4993,#2370,.T.);
#6151=EDGE_CURVE('',#4994,#4993,#2371,.T.);
#6152=EDGE_CURVE('',#4781,#4994,#2372,.T.);
#6153=EDGE_CURVE('',#4995,#4994,#2373,.T.);
#6154=EDGE_CURVE('',#4779,#4995,#2374,.T.);
#6155=EDGE_CURVE('',#4992,#4995,#2375,.T.);
#6156=EDGE_CURVE('',#4774,#4996,#2376,.T.);
#6157=EDGE_CURVE('',#4997,#4996,#4383,.T.);
#6158=EDGE_CURVE('',#4776,#4997,#2377,.T.);
#6159=EDGE_CURVE('',#4998,#4997,#4384,.T.);
#6160=EDGE_CURVE('',#4777,#4998,#2378,.T.);
#6161=EDGE_CURVE('',#4999,#4998,#4385,.T.);
#6162=EDGE_CURVE('',#4775,#4999,#2379,.T.);
#6163=EDGE_CURVE('',#4996,#4999,#4386,.T.);
#6164=EDGE_CURVE('',#4769,#5000,#2380,.T.);
#6165=EDGE_CURVE('',#5001,#5000,#2381,.T.);
#6166=EDGE_CURVE('',#4770,#5001,#2382,.T.);
#6167=EDGE_CURVE('',#4884,#5001,#4387,.T.);
#6168=EDGE_CURVE('',#4747,#4883,#2383,.T.);
#6169=EDGE_CURVE('',#5002,#4743,#2384,.T.);
#6170=EDGE_CURVE('',#4748,#5002,#2385,.T.);
#6171=EDGE_CURVE('',#5003,#5002,#4388,.T.);
#6172=EDGE_CURVE('',#4749,#5003,#2386,.T.);
#6173=EDGE_CURVE('',#5004,#5003,#2387,.T.);
#6174=EDGE_CURVE('',#4750,#5004,#2388,.T.);
#6175=EDGE_CURVE('',#5005,#5004,#4389,.T.);
#6176=EDGE_CURVE('',#4751,#5005,#2389,.T.);
#6177=EDGE_CURVE('',#5006,#5005,#2390,.T.);
#6178=EDGE_CURVE('',#4752,#5006,#2391,.T.);
#6179=EDGE_CURVE('',#4890,#5006,#4390,.T.);
#6180=EDGE_CURVE('',#5007,#4889,#2392,.T.);
#6181=EDGE_CURVE('',#4756,#5007,#2393,.T.);
#6182=EDGE_CURVE('',#5008,#5007,#4391,.T.);
#6183=EDGE_CURVE('',#4757,#5008,#2394,.T.);
#6184=EDGE_CURVE('',#5009,#5008,#2395,.T.);
#6185=EDGE_CURVE('',#4758,#5009,#2396,.T.);
#6186=EDGE_CURVE('',#5010,#5009,#4392,.T.);
#6187=EDGE_CURVE('',#4759,#5010,#2397,.T.);
#6188=EDGE_CURVE('',#5011,#5010,#2398,.T.);
#6189=EDGE_CURVE('',#4760,#5011,#2399,.T.);
#6190=EDGE_CURVE('',#5012,#5011,#4393,.T.);
#6191=EDGE_CURVE('',#4761,#5012,#2400,.T.);
#6192=EDGE_CURVE('',#4891,#5012,#2401,.T.);
#6193=EDGE_CURVE('',#5013,#4886,#2402,.T.);
#6194=EDGE_CURVE('',#4766,#5013,#2403,.T.);
#6195=EDGE_CURVE('',#5014,#5013,#4394,.T.);
#6196=EDGE_CURVE('',#4767,#5014,#2404,.T.);
#6197=EDGE_CURVE('',#5015,#5014,#2405,.T.);
#6198=EDGE_CURVE('',#4768,#5015,#2406,.T.);
#6199=EDGE_CURVE('',#5000,#5015,#4395,.T.);
#6200=EDGE_CURVE('',#5016,#5016,#4396,.T.);
#6201=EDGE_CURVE('',#5016,#5017,#2407,.T.);
#6202=EDGE_CURVE('',#5017,#5017,#4397,.T.);
#6203=EDGE_CURVE('',#5018,#5018,#4398,.T.);
#6204=EDGE_CURVE('',#5018,#5019,#2408,.T.);
#6205=EDGE_CURVE('',#5019,#5019,#4399,.T.);
#6206=EDGE_CURVE('',#5020,#5020,#4400,.T.);
#6207=EDGE_CURVE('',#5020,#5021,#2409,.T.);
#6208=EDGE_CURVE('',#5021,#5021,#4401,.T.);
#6209=EDGE_CURVE('',#5022,#5022,#4402,.T.);
#6210=EDGE_CURVE('',#5022,#5023,#2410,.T.);
#6211=EDGE_CURVE('',#5023,#5023,#4403,.T.);
#6212=EDGE_CURVE('',#5024,#5025,#4404,.T.);
#6213=EDGE_CURVE('',#5025,#5026,#2411,.T.);
#6214=EDGE_CURVE('',#5026,#5027,#4405,.T.);
#6215=EDGE_CURVE('',#5027,#5024,#2412,.T.);
#6216=EDGE_CURVE('',#5028,#5027,#2413,.T.);
#6217=EDGE_CURVE('',#5029,#5028,#2414,.T.);
#6218=EDGE_CURVE('',#5024,#5029,#2415,.T.);
#6219=EDGE_CURVE('',#5026,#5030,#2416,.T.);
#6220=EDGE_CURVE('',#5030,#5031,#4406,.T.);
#6221=EDGE_CURVE('',#5031,#5032,#2417,.T.);
#6222=EDGE_CURVE('',#5033,#5032,#4407,.T.);
#6223=EDGE_CURVE('',#5034,#5033,#2418,.T.);
#6224=EDGE_CURVE('',#5034,#5035,#4408,.T.);
#6225=EDGE_CURVE('',#5035,#5036,#2419,.T.);
#6226=EDGE_CURVE('',#5037,#5036,#4409,.T.);
#6227=EDGE_CURVE('',#5038,#5037,#2420,.T.);
#6228=EDGE_CURVE('',#5038,#5039,#2421,.T.);
#6229=EDGE_CURVE('',#5040,#5039,#4410,.T.);
#6230=EDGE_CURVE('',#5040,#5041,#2422,.T.);
#6231=EDGE_CURVE('',#5041,#5042,#4411,.T.);
#6232=EDGE_CURVE('',#5042,#5043,#2423,.T.);
#6233=EDGE_CURVE('',#5044,#5043,#4412,.T.);
#6234=EDGE_CURVE('',#5045,#5044,#2424,.T.);
#6235=EDGE_CURVE('',#5045,#5046,#4413,.T.);
#6236=EDGE_CURVE('',#5046,#5047,#2425,.T.);
#6237=EDGE_CURVE('',#5048,#5047,#4414,.T.);
#6238=EDGE_CURVE('',#5049,#5048,#2426,.T.);
#6239=EDGE_CURVE('',#5049,#5050,#4415,.T.);
#6240=EDGE_CURVE('',#5050,#5051,#2427,.T.);
#6241=EDGE_CURVE('',#5052,#5051,#4416,.T.);
#6242=EDGE_CURVE('',#5053,#5052,#2428,.T.);
#6243=EDGE_CURVE('',#5053,#5054,#4417,.T.);
#6244=EDGE_CURVE('',#5055,#5054,#2429,.T.);
#6245=EDGE_CURVE('',#5028,#5055,#4418,.T.);
#6246=EDGE_CURVE('',#5056,#5057,#4419,.T.);
#6247=EDGE_CURVE('',#5057,#5058,#4420,.T.);
#6248=EDGE_CURVE('',#5058,#5059,#4421,.T.);
#6249=EDGE_CURVE('',#5056,#5059,#4422,.T.);
#6250=EDGE_CURVE('',#5060,#5060,#4423,.T.);
#6251=EDGE_CURVE('',#5061,#5061,#4424,.T.);
#6252=EDGE_CURVE('',#5062,#5063,#2430,.T.);
#6253=EDGE_CURVE('',#5064,#5062,#2431,.T.);
#6254=EDGE_CURVE('',#5065,#5064,#2432,.T.);
#6255=EDGE_CURVE('',#5063,#5065,#2433,.T.);
#6256=EDGE_CURVE('',#5066,#5067,#2434,.T.);
#6257=EDGE_CURVE('',#5068,#5066,#2435,.T.);
#6258=EDGE_CURVE('',#5069,#5068,#2436,.T.);
#6259=EDGE_CURVE('',#5067,#5069,#2437,.T.);
#6260=EDGE_CURVE('',#5070,#5071,#2438,.T.);
#6261=EDGE_CURVE('',#5072,#5070,#2439,.T.);
#6262=EDGE_CURVE('',#5073,#5072,#2440,.T.);
#6263=EDGE_CURVE('',#5071,#5073,#2441,.T.);
#6264=EDGE_CURVE('',#5074,#5075,#4425,.T.);
#6265=EDGE_CURVE('',#5075,#5076,#4426,.T.);
#6266=EDGE_CURVE('',#5076,#5077,#4427,.T.);
#6267=EDGE_CURVE('',#5074,#5077,#4428,.T.);
#6268=EDGE_CURVE('',#5078,#5079,#4429,.T.);
#6269=EDGE_CURVE('',#5079,#5080,#4430,.T.);
#6270=EDGE_CURVE('',#5080,#5081,#4431,.T.);
#6271=EDGE_CURVE('',#5078,#5081,#4432,.T.);
#6272=EDGE_CURVE('',#5082,#5082,#4433,.T.);
#6273=EDGE_CURVE('',#5083,#5029,#4434,.T.);
#6274=EDGE_CURVE('',#5055,#5083,#2442,.T.);
#6275=EDGE_CURVE('',#5054,#5084,#2443,.T.);
#6276=EDGE_CURVE('',#5083,#5084,#2444,.T.);
#6277=EDGE_CURVE('',#5085,#5086,#4435,.T.);
#6278=EDGE_CURVE('',#5086,#5048,#2445,.T.);
#6279=EDGE_CURVE('',#5047,#5085,#2446,.T.);
#6280=EDGE_CURVE('',#5046,#5087,#2447,.T.);
#6281=EDGE_CURVE('',#5085,#5087,#2448,.T.);
#6282=EDGE_CURVE('',#5088,#5089,#4436,.T.);
#6283=EDGE_CURVE('',#5089,#5040,#2449,.T.);
#6284=EDGE_CURVE('',#5039,#5088,#2450,.T.);
#6285=EDGE_CURVE('',#5038,#5090,#2451,.T.);
#6286=EDGE_CURVE('',#5088,#5090,#2452,.T.);
#6287=EDGE_CURVE('',#5091,#5092,#4437,.T.);
#6288=EDGE_CURVE('',#5092,#5037,#2453,.T.);
#6289=EDGE_CURVE('',#5036,#5091,#2454,.T.);
#6290=EDGE_CURVE('',#5090,#5092,#2455,.T.);
#6291=EDGE_CURVE('',#5093,#5093,#4438,.T.);
#6292=EDGE_CURVE('',#5093,#5082,#2456,.T.);
#6293=EDGE_CURVE('',#5079,#5094,#2457,.T.);
#6294=EDGE_CURVE('',#5095,#5094,#4439,.T.);
#6295=EDGE_CURVE('',#5080,#5095,#2458,.T.);
#6296=EDGE_CURVE('',#5096,#5095,#4440,.T.);
#6297=EDGE_CURVE('',#5081,#5096,#2459,.T.);
#6298=EDGE_CURVE('',#5097,#5096,#4441,.T.);
#6299=EDGE_CURVE('',#5078,#5097,#2460,.T.);
#6300=EDGE_CURVE('',#5094,#5097,#4442,.T.);
#6301=EDGE_CURVE('',#5075,#5098,#2461,.T.);
#6302=EDGE_CURVE('',#5099,#5098,#4443,.T.);
#6303=EDGE_CURVE('',#5076,#5099,#2462,.T.);
#6304=EDGE_CURVE('',#5100,#5099,#4444,.T.);
#6305=EDGE_CURVE('',#5077,#5100,#2463,.T.);
#6306=EDGE_CURVE('',#5101,#5100,#4445,.T.);
#6307=EDGE_CURVE('',#5074,#5101,#2464,.T.);
#6308=EDGE_CURVE('',#5098,#5101,#4446,.T.);
#6309=EDGE_CURVE('',#5070,#5102,#2465,.T.);
#6310=EDGE_CURVE('',#5103,#5102,#2466,.T.);
#6311=EDGE_CURVE('',#5072,#5103,#2467,.T.);
#6312=EDGE_CURVE('',#5104,#5103,#2468,.T.);
#6313=EDGE_CURVE('',#5073,#5104,#2469,.T.);
#6314=EDGE_CURVE('',#5105,#5104,#2470,.T.);
#6315=EDGE_CURVE('',#5071,#5105,#2471,.T.);
#6316=EDGE_CURVE('',#5102,#5105,#2472,.T.);
#6317=EDGE_CURVE('',#5066,#5106,#2473,.T.);
#6318=EDGE_CURVE('',#5107,#5106,#2474,.T.);
#6319=EDGE_CURVE('',#5068,#5107,#2475,.T.);
#6320=EDGE_CURVE('',#5108,#5107,#2476,.T.);
#6321=EDGE_CURVE('',#5069,#5108,#2477,.T.);
#6322=EDGE_CURVE('',#5109,#5108,#2478,.T.);
#6323=EDGE_CURVE('',#5067,#5109,#2479,.T.);
#6324=EDGE_CURVE('',#5106,#5109,#2480,.T.);
#6325=EDGE_CURVE('',#5062,#5110,#2481,.T.);
#6326=EDGE_CURVE('',#5111,#5110,#2482,.T.);
#6327=EDGE_CURVE('',#5064,#5111,#2483,.T.);
#6328=EDGE_CURVE('',#5112,#5111,#2484,.T.);
#6329=EDGE_CURVE('',#5065,#5112,#2485,.T.);
#6330=EDGE_CURVE('',#5113,#5112,#2486,.T.);
#6331=EDGE_CURVE('',#5063,#5113,#2487,.T.);
#6332=EDGE_CURVE('',#5110,#5113,#2488,.T.);
#6333=EDGE_CURVE('',#5114,#5114,#4447,.T.);
#6334=EDGE_CURVE('',#5114,#5061,#2489,.T.);
#6335=EDGE_CURVE('',#5115,#5115,#4448,.T.);
#6336=EDGE_CURVE('',#5115,#5060,#2490,.T.);
#6337=EDGE_CURVE('',#5057,#5116,#2491,.T.);
#6338=EDGE_CURVE('',#5117,#5116,#4449,.T.);
#6339=EDGE_CURVE('',#5058,#5117,#2492,.T.);
#6340=EDGE_CURVE('',#5118,#5117,#4450,.T.);
#6341=EDGE_CURVE('',#5059,#5118,#2493,.T.);
#6342=EDGE_CURVE('',#5119,#5118,#4451,.T.);
#6343=EDGE_CURVE('',#5056,#5119,#2494,.T.);
#6344=EDGE_CURVE('',#5116,#5119,#4452,.T.);
#6345=EDGE_CURVE('',#5030,#5120,#2495,.T.);
#6346=EDGE_CURVE('',#5121,#5120,#4453,.T.);
#6347=EDGE_CURVE('',#5031,#5121,#2496,.T.);
#6348=EDGE_CURVE('',#5122,#5121,#2497,.T.);
#6349=EDGE_CURVE('',#5032,#5122,#2498,.T.);
#6350=EDGE_CURVE('',#5123,#5122,#4454,.T.);
#6351=EDGE_CURVE('',#5033,#5123,#2499,.T.);
#6352=EDGE_CURVE('',#5124,#5123,#2500,.T.);
#6353=EDGE_CURVE('',#5034,#5124,#2501,.T.);
#6354=EDGE_CURVE('',#5125,#5124,#4455,.T.);
#6355=EDGE_CURVE('',#5035,#5125,#2502,.T.);
#6356=EDGE_CURVE('',#5091,#5125,#2503,.T.);
#6357=EDGE_CURVE('',#5126,#5089,#2504,.T.);
#6358=EDGE_CURVE('',#5041,#5126,#2505,.T.);
#6359=EDGE_CURVE('',#5127,#5126,#4456,.T.);
#6360=EDGE_CURVE('',#5042,#5127,#2506,.T.);
#6361=EDGE_CURVE('',#5128,#5127,#2507,.T.);
#6362=EDGE_CURVE('',#5043,#5128,#2508,.T.);
#6363=EDGE_CURVE('',#5129,#5128,#4457,.T.);
#6364=EDGE_CURVE('',#5044,#5129,#2509,.T.);
#6365=EDGE_CURVE('',#5130,#5129,#2510,.T.);
#6366=EDGE_CURVE('',#5045,#5130,#2511,.T.);
#6367=EDGE_CURVE('',#5087,#5130,#4458,.T.);
#6368=EDGE_CURVE('',#5131,#5086,#2512,.T.);
#6369=EDGE_CURVE('',#5049,#5131,#2513,.T.);
#6370=EDGE_CURVE('',#5132,#5131,#4459,.T.);
#6371=EDGE_CURVE('',#5050,#5132,#2514,.T.);
#6372=EDGE_CURVE('',#5133,#5132,#2515,.T.);
#6373=EDGE_CURVE('',#5051,#5133,#2516,.T.);
#6374=EDGE_CURVE('',#5134,#5133,#4460,.T.);
#6375=EDGE_CURVE('',#5052,#5134,#2517,.T.);
#6376=EDGE_CURVE('',#5135,#5134,#2518,.T.);
#6377=EDGE_CURVE('',#5053,#5135,#2519,.T.);
#6378=EDGE_CURVE('',#5084,#5135,#4461,.T.);
#6379=EDGE_CURVE('',#5120,#5025,#2520,.T.);
#6380=EDGE_CURVE('',#5136,#5136,#4462,.T.);
#6381=EDGE_CURVE('',#5136,#5137,#2521,.T.);
#6382=EDGE_CURVE('',#5137,#5137,#4463,.T.);
#6383=EDGE_CURVE('',#5138,#5138,#4464,.T.);
#6384=EDGE_CURVE('',#5139,#5139,#4465,.T.);
#6385=EDGE_CURVE('',#5139,#5140,#2522,.T.);
#6386=EDGE_CURVE('',#5140,#5140,#4466,.T.);
#6387=EDGE_CURVE('',#5141,#5141,#4467,.T.);
#6388=EDGE_CURVE('',#5138,#5142,#2523,.T.);
#6389=EDGE_CURVE('',#5142,#5142,#4468,.T.);
#6390=EDGE_CURVE('',#5141,#5143,#2524,.T.);
#6391=EDGE_CURVE('',#5143,#5143,#4469,.T.);
#6392=EDGE_CURVE('',#5144,#5145,#4470,.T.);
#6393=EDGE_CURVE('',#5145,#5144,#2525,.T.);
#6394=EDGE_CURVE('',#5144,#5146,#2526,.T.);
#6395=EDGE_CURVE('',#5147,#5145,#2527,.T.);
#6396=EDGE_CURVE('',#5147,#5146,#4471,.T.);
#6397=EDGE_CURVE('',#5146,#5147,#2528,.T.);
#6398=EDGE_CURVE('',#5148,#5148,#4472,.T.);
#6399=EDGE_CURVE('',#5148,#5149,#2529,.T.);
#6400=EDGE_CURVE('',#5149,#5149,#4473,.T.);
#6401=EDGE_CURVE('',#5150,#5150,#4474,.T.);
#6402=EDGE_CURVE('',#5151,#5151,#4475,.T.);
#6403=EDGE_CURVE('',#5151,#5152,#2530,.T.);
#6404=EDGE_CURVE('',#5152,#5152,#4476,.T.);
#6405=EDGE_CURVE('',#5153,#5153,#4477,.T.);
#6406=EDGE_CURVE('',#5154,#5154,#4478,.T.);
#6407=EDGE_CURVE('',#5154,#5155,#2531,.T.);
#6408=EDGE_CURVE('',#5155,#5155,#4479,.T.);
#6409=EDGE_CURVE('',#5156,#5156,#4480,.T.);
#6410=EDGE_CURVE('',#5157,#5157,#4481,.T.);
#6411=EDGE_CURVE('',#5157,#5158,#2532,.T.);
#6412=EDGE_CURVE('',#5158,#5158,#4482,.T.);
#6413=EDGE_CURVE('',#5159,#5159,#4483,.T.);
#6414=EDGE_CURVE('',#5160,#5160,#4484,.T.);
#6415=EDGE_CURVE('',#5160,#5161,#2533,.T.);
#6416=EDGE_CURVE('',#5161,#5161,#4485,.T.);
#6417=EDGE_CURVE('',#5162,#5162,#4486,.T.);
#6418=EDGE_CURVE('',#5163,#5163,#4487,.T.);
#6419=EDGE_CURVE('',#5163,#5164,#2534,.T.);
#6420=EDGE_CURVE('',#5164,#5164,#4488,.T.);
#6421=EDGE_CURVE('',#5165,#5165,#4489,.T.);
#6422=EDGE_CURVE('',#5166,#5166,#4490,.T.);
#6423=EDGE_CURVE('',#5166,#5167,#2535,.T.);
#6424=EDGE_CURVE('',#5167,#5167,#4491,.T.);
#6425=EDGE_CURVE('',#5168,#5168,#4492,.T.);
#6426=EDGE_CURVE('',#5169,#5169,#4493,.T.);
#6427=EDGE_CURVE('',#5169,#5170,#2536,.T.);
#6428=EDGE_CURVE('',#5170,#5170,#4494,.T.);
#6429=EDGE_CURVE('',#5171,#5171,#4495,.T.);
#6430=EDGE_CURVE('',#5172,#5172,#4496,.T.);
#6431=EDGE_CURVE('',#5172,#5173,#2537,.T.);
#6432=EDGE_CURVE('',#5173,#5173,#4497,.T.);
#6433=EDGE_CURVE('',#5174,#5174,#4498,.T.);
#6434=EDGE_CURVE('',#5175,#5175,#4499,.T.);
#6435=EDGE_CURVE('',#5175,#5176,#2538,.T.);
#6436=EDGE_CURVE('',#5176,#5176,#4500,.T.);
#6437=EDGE_CURVE('',#5177,#5177,#4501,.T.);
#6438=EDGE_CURVE('',#5178,#5178,#4502,.T.);
#6439=EDGE_CURVE('',#5178,#5179,#2539,.T.);
#6440=EDGE_CURVE('',#5179,#5179,#4503,.T.);
#6441=EDGE_CURVE('',#5180,#5180,#4504,.T.);
#6442=EDGE_CURVE('',#5181,#5181,#4505,.T.);
#6443=EDGE_CURVE('',#5181,#5182,#2540,.T.);
#6444=EDGE_CURVE('',#5182,#5182,#4506,.T.);
#6445=EDGE_CURVE('',#5183,#5183,#4507,.T.);
#6446=EDGE_CURVE('',#5184,#5184,#4508,.T.);
#6447=EDGE_CURVE('',#5184,#5185,#2541,.T.);
#6448=EDGE_CURVE('',#5185,#5185,#4509,.T.);
#6449=EDGE_CURVE('',#5186,#5186,#4510,.T.);
#6450=EDGE_CURVE('',#5187,#5188,#2542,.T.);
#6451=EDGE_CURVE('',#5189,#5187,#2543,.T.);
#6452=EDGE_CURVE('',#5190,#5189,#2544,.T.);
#6453=EDGE_CURVE('',#5190,#5188,#2545,.T.);
#6454=EDGE_CURVE('',#5188,#5191,#4511,.T.);
#6455=EDGE_CURVE('',#5192,#5190,#4512,.T.);
#6456=EDGE_CURVE('',#5192,#5191,#2546,.T.);
#6457=EDGE_CURVE('',#5191,#5193,#2547,.T.);
#6458=EDGE_CURVE('',#5194,#5192,#2548,.T.);
#6459=EDGE_CURVE('',#5194,#5193,#2549,.T.);
#6460=EDGE_CURVE('',#5193,#5187,#4513,.T.);
#6461=EDGE_CURVE('',#5189,#5194,#4514,.T.);
#6462=EDGE_CURVE('',#5195,#5196,#2550,.T.);
#6463=EDGE_CURVE('',#5197,#5195,#2551,.T.);
#6464=EDGE_CURVE('',#5198,#5197,#2552,.T.);
#6465=EDGE_CURVE('',#5198,#5196,#2553,.T.);
#6466=EDGE_CURVE('',#5196,#5199,#4515,.T.);
#6467=EDGE_CURVE('',#5200,#5198,#4516,.T.);
#6468=EDGE_CURVE('',#5200,#5199,#2554,.T.);
#6469=EDGE_CURVE('',#5199,#5201,#2555,.T.);
#6470=EDGE_CURVE('',#5202,#5200,#2556,.T.);
#6471=EDGE_CURVE('',#5202,#5201,#2557,.T.);
#6472=EDGE_CURVE('',#5201,#5195,#4517,.T.);
#6473=EDGE_CURVE('',#5197,#5202,#4518,.T.);
#6474=EDGE_CURVE('',#5171,#5203,#2558,.T.);
#6475=EDGE_CURVE('',#5203,#5203,#4519,.T.);
#6476=EDGE_CURVE('',#5174,#5204,#2559,.T.);
#6477=EDGE_CURVE('',#5204,#5204,#4520,.T.);
#6478=EDGE_CURVE('',#5177,#5205,#2560,.T.);
#6479=EDGE_CURVE('',#5205,#5205,#4521,.T.);
#6480=EDGE_CURVE('',#5180,#5206,#2561,.T.);
#6481=EDGE_CURVE('',#5206,#5206,#4522,.T.);
#6482=EDGE_CURVE('',#5183,#5207,#2562,.T.);
#6483=EDGE_CURVE('',#5207,#5207,#4523,.T.);
#6484=EDGE_CURVE('',#5186,#5208,#2563,.T.);
#6485=EDGE_CURVE('',#5208,#5208,#4524,.T.);
#6486=EDGE_CURVE('',#5209,#5210,#2564,.T.);
#6487=EDGE_CURVE('',#5210,#5211,#2565,.T.);
#6488=EDGE_CURVE('',#5211,#5212,#2566,.F.);
#6489=EDGE_CURVE('',#5212,#5209,#2567,.T.);
#6490=EDGE_CURVE('',#5209,#5213,#2568,.T.);
#6491=EDGE_CURVE('',#5214,#5213,#2569,.T.);
#6492=EDGE_CURVE('',#5215,#5214,#4525,.T.);
#6493=EDGE_CURVE('',#5216,#5215,#2570,.T.);
#6494=EDGE_CURVE('',#5217,#5216,#2571,.T.);
#6495=EDGE_CURVE('',#5218,#5217,#4526,.T.);
#6496=EDGE_CURVE('',#5219,#5218,#2572,.T.);
#6497=EDGE_CURVE('',#5220,#5219,#66,.T.);
#6498=EDGE_CURVE('',#5221,#5220,#2573,.T.);
#6499=EDGE_CURVE('',#5222,#5221,#67,.T.);
#6500=EDGE_CURVE('',#5223,#5222,#2574,.T.);
#6501=EDGE_CURVE('',#5224,#5223,#2575,.T.);
#6502=EDGE_CURVE('',#5225,#5224,#2576,.T.);
#6503=EDGE_CURVE('',#5210,#5225,#2577,.T.);
#6504=EDGE_CURVE('',#5212,#5226,#2578,.T.);
#6505=EDGE_CURVE('',#5213,#5226,#2579,.T.);
#6506=EDGE_CURVE('',#5227,#5228,#2580,.T.);
#6507=EDGE_CURVE('',#5228,#5229,#2581,.T.);
#6508=EDGE_CURVE('',#5229,#5230,#2582,.F.);
#6509=EDGE_CURVE('',#5230,#5227,#2583,.T.);
#6510=EDGE_CURVE('',#5231,#5230,#2584,.T.);
#6511=EDGE_CURVE('',#5232,#5231,#2585,.T.);
#6512=EDGE_CURVE('',#5232,#5233,#2586,.T.);
#6513=EDGE_CURVE('',#5233,#5234,#2587,.T.);
#6514=EDGE_CURVE('',#5234,#5235,#2588,.T.);
#6515=EDGE_CURVE('',#5235,#5236,#2589,.T.);
#6516=EDGE_CURVE('',#5237,#5236,#2590,.T.);
#6517=EDGE_CURVE('',#5238,#5237,#2591,.T.);
#6518=EDGE_CURVE('',#5238,#5239,#2592,.T.);
#6519=EDGE_CURVE('',#5239,#5227,#2593,.T.);
#6520=EDGE_CURVE('',#5240,#5241,#2594,.T.);
#6521=EDGE_CURVE('',#5240,#5231,#2595,.T.);
#6522=EDGE_CURVE('',#5241,#5229,#2596,.T.);
#6523=EDGE_CURVE('',#5242,#5241,#2597,.T.);
#6524=EDGE_CURVE('',#5242,#5243,#2598,.T.);
#6525=EDGE_CURVE('',#5243,#5244,#2599,.T.);
#6526=EDGE_CURVE('',#5245,#5244,#2600,.T.);
#6527=EDGE_CURVE('',#5246,#5245,#2601,.T.);
#6528=EDGE_CURVE('',#5246,#5214,#2602,.T.);
#6529=EDGE_CURVE('',#5226,#5240,#2603,.T.);
#6530=EDGE_CURVE('',#5242,#5228,#2604,.T.);
#6531=EDGE_CURVE('',#5247,#5225,#2605,.T.);
#6532=EDGE_CURVE('',#5247,#5211,#2606,.T.);
#6533=EDGE_CURVE('',#5248,#5243,#68,.T.);
#6534=EDGE_CURVE('',#5249,#5248,#2607,.T.);
#6535=EDGE_CURVE('',#5236,#5249,#69,.T.);
#6536=EDGE_CURVE('',#5250,#5235,#2608,.T.);
#6537=EDGE_CURVE('',#5251,#5250,#2609,.T.);
#6538=EDGE_CURVE('',#5252,#5251,#70,.T.);
#6539=EDGE_CURVE('',#5253,#5252,#2610,.T.);
#6540=EDGE_CURVE('',#5254,#5253,#71,.T.);
#6541=EDGE_CURVE('',#5255,#5254,#2611,.T.);
#6542=EDGE_CURVE('',#5256,#5255,#4527,.T.);
#6543=EDGE_CURVE('',#5257,#5256,#2612,.T.);
#6544=EDGE_CURVE('',#5244,#5257,#4528,.T.);
#6545=EDGE_CURVE('',#5258,#5239,#72,.T.);
#6546=EDGE_CURVE('',#5259,#5258,#2613,.T.);
#6547=EDGE_CURVE('',#5243,#5259,#73,.T.);
#6548=EDGE_CURVE('',#5219,#5260,#74,.T.);
#6549=EDGE_CURVE('',#5254,#5219,#2614,.T.);
#6550=EDGE_CURVE('',#5261,#5254,#75,.T.);
#6551=EDGE_CURVE('',#5262,#5261,#2615,.T.);
#6552=EDGE_CURVE('',#5263,#5262,#76,.T.);
#6553=EDGE_CURVE('',#5264,#5263,#2616,.T.);
#6554=EDGE_CURVE('',#5265,#5264,#77,.T.);
#6555=EDGE_CURVE('',#5260,#5265,#2617,.T.);
#6556=EDGE_CURVE('',#5266,#5267,#2618,.T.);
#6557=EDGE_CURVE('',#5266,#5255,#2619,.T.);
#6558=EDGE_CURVE('',#5267,#5218,#2620,.T.);
#6559=EDGE_CURVE('',#5268,#5269,#2621,.T.);
#6560=EDGE_CURVE('',#5268,#5257,#2622,.T.);
#6561=EDGE_CURVE('',#5269,#5256,#2623,.T.);
#6562=EDGE_CURVE('',#5245,#5268,#4529,.T.);
#6563=EDGE_CURVE('',#5270,#5246,#4530,.T.);
#6564=EDGE_CURVE('',#5270,#5215,#2624,.T.);
#6565=EDGE_CURVE('',#5271,#5270,#2625,.T.);
#6566=EDGE_CURVE('',#5271,#5216,#2626,.T.);
#6567=EDGE_CURVE('',#5272,#5271,#2627,.T.);
#6568=EDGE_CURVE('',#5272,#5217,#2628,.T.);
#6569=EDGE_CURVE('',#5267,#5272,#4531,.T.);
#6570=EDGE_CURVE('',#5269,#5266,#4532,.T.);
#6571=EDGE_CURVE('',#5273,#5223,#2629,.T.);
#6572=EDGE_CURVE('',#5274,#5273,#2630,.T.);
#6573=EDGE_CURVE('',#5274,#5224,#2631,.T.);
#6574=EDGE_CURVE('',#5275,#5221,#2632,.T.);
#6575=EDGE_CURVE('',#5276,#5275,#4533,.T.);
#6576=EDGE_CURVE('',#5276,#5222,#2633,.T.);
#6577=EDGE_CURVE('',#5277,#5220,#2634,.T.);
#6578=EDGE_CURVE('',#5275,#5277,#2635,.T.);
#6579=EDGE_CURVE('',#5278,#5264,#2636,.T.);
#6580=EDGE_CURVE('',#5279,#5278,#4534,.T.);
#6581=EDGE_CURVE('',#5279,#5265,#2637,.T.);
#6582=EDGE_CURVE('',#5280,#5260,#2638,.T.);
#6583=EDGE_CURVE('',#5280,#5277,#4535,.T.);
#6584=EDGE_CURVE('',#5281,#5262,#2639,.T.);
#6585=EDGE_CURVE('',#5282,#5281,#4536,.T.);
#6586=EDGE_CURVE('',#5282,#5263,#2640,.T.);
#6587=EDGE_CURVE('',#5283,#5261,#2641,.T.);
#6588=EDGE_CURVE('',#5281,#5283,#2642,.T.);
#6589=EDGE_CURVE('',#5284,#5253,#2643,.T.);
#6590=EDGE_CURVE('',#5284,#5283,#4537,.T.);
#6591=EDGE_CURVE('',#5278,#5276,#2644,.T.);
#6592=EDGE_CURVE('',#5285,#5282,#2645,.T.);
#6593=EDGE_CURVE('',#5285,#5251,#2646,.T.);
#6594=EDGE_CURVE('',#5286,#5250,#2647,.T.);
#6595=EDGE_CURVE('',#5287,#5286,#2648,.T.);
#6596=EDGE_CURVE('',#5287,#5288,#2649,.T.);
#6597=EDGE_CURVE('',#5289,#5288,#2650,.T.);
#6598=EDGE_CURVE('',#5290,#5289,#2651,.T.);
#6599=EDGE_CURVE('',#5290,#5291,#2652,.T.);
#6600=EDGE_CURVE('',#5291,#5273,#2653,.T.);
#6601=EDGE_CURVE('',#5292,#5252,#2654,.T.);
#6602=EDGE_CURVE('',#5292,#5284,#2655,.T.);
#6603=EDGE_CURVE('',#5293,#5294,#2656,.T.);
#6604=EDGE_CURVE('',#5294,#5295,#2657,.T.);
#6605=EDGE_CURVE('',#5295,#5296,#2658,.T.);
#6606=EDGE_CURVE('',#5296,#5293,#2659,.T.);
#6607=EDGE_CURVE('',#5293,#5297,#2660,.T.);
#6608=EDGE_CURVE('',#5298,#5297,#2661,.T.);
#6609=EDGE_CURVE('',#5299,#5298,#2662,.T.);
#6610=EDGE_CURVE('',#5299,#5300,#2663,.T.);
#6611=EDGE_CURVE('',#5300,#5274,#2664,.T.);
#6612=EDGE_CURVE('',#5301,#5274,#2665,.T.);
#6613=EDGE_CURVE('',#5301,#5302,#2666,.T.);
#6614=EDGE_CURVE('',#5294,#5302,#2667,.T.);
#6615=EDGE_CURVE('',#5303,#5296,#2668,.T.);
#6616=EDGE_CURVE('',#5303,#5274,#2669,.T.);
#6617=EDGE_CURVE('',#5304,#5300,#4538,.T.);
#6618=EDGE_CURVE('',#5305,#5304,#2670,.T.);
#6619=EDGE_CURVE('',#5306,#5305,#4539,.T.);
#6620=EDGE_CURVE('',#5307,#5306,#2671,.T.);
#6621=EDGE_CURVE('',#5297,#5307,#4540,.T.);
#6622=EDGE_CURVE('',#5308,#5309,#2672,.T.);
#6623=EDGE_CURVE('',#5310,#5308,#2673,.T.);
#6624=EDGE_CURVE('',#5311,#5310,#2674,.T.);
#6625=EDGE_CURVE('',#5311,#5309,#2675,.T.);
#6626=EDGE_CURVE('',#5312,#5308,#2676,.T.);
#6627=EDGE_CURVE('',#5313,#5312,#2677,.T.);
#6628=EDGE_CURVE('',#5314,#5313,#4541,.T.);
#6629=EDGE_CURVE('',#5315,#5314,#2678,.T.);
#6630=EDGE_CURVE('',#5316,#5315,#4542,.T.);
#6631=EDGE_CURVE('',#5317,#5316,#2679,.T.);
#6632=EDGE_CURVE('',#5318,#5317,#4543,.T.);
#6633=EDGE_CURVE('',#5289,#5318,#2680,.T.);
#6634=EDGE_CURVE('',#5288,#5319,#2681,.T.);
#6635=EDGE_CURVE('',#5310,#5319,#2682,.T.);
#6636=EDGE_CURVE('',#5309,#5320,#2683,.T.);
#6637=EDGE_CURVE('',#5320,#5312,#2684,.T.);
#6638=EDGE_CURVE('',#5156,#5321,#2685,.T.);
#6639=EDGE_CURVE('',#5321,#5321,#4544,.T.);
#6640=EDGE_CURVE('',#5153,#5322,#2686,.T.);
#6641=EDGE_CURVE('',#5322,#5322,#4545,.T.);
#6642=EDGE_CURVE('',#5150,#5323,#2687,.T.);
#6643=EDGE_CURVE('',#5323,#5323,#4546,.T.);
#6644=EDGE_CURVE('',#5320,#5290,#2688,.T.);
#6645=EDGE_CURVE('',#5324,#5318,#2689,.T.);
#6646=EDGE_CURVE('',#5325,#5324,#2690,.T.);
#6647=EDGE_CURVE('',#5325,#5313,#2691,.T.);
#6648=EDGE_CURVE('',#5326,#5305,#2692,.T.);
#6649=EDGE_CURVE('',#5326,#5327,#4547,.T.);
#6650=EDGE_CURVE('',#5327,#5306,#2693,.T.);
#6651=EDGE_CURVE('',#5328,#5304,#2694,.T.);
#6652=EDGE_CURVE('',#5328,#5326,#2695,.T.);
#6653=EDGE_CURVE('',#5328,#5299,#4548,.T.);
#6654=EDGE_CURVE('',#5168,#5329,#2696,.T.);
#6655=EDGE_CURVE('',#5329,#5329,#4549,.T.);
#6656=EDGE_CURVE('',#5165,#5330,#2697,.T.);
#6657=EDGE_CURVE('',#5330,#5330,#4550,.T.);
#6658=EDGE_CURVE('',#5162,#5331,#2698,.T.);
#6659=EDGE_CURVE('',#5331,#5331,#4551,.T.);
#6660=EDGE_CURVE('',#5159,#5332,#2699,.T.);
#6661=EDGE_CURVE('',#5332,#5332,#4552,.T.);
#6662=EDGE_CURVE('',#5333,#5334,#78,.T.);
#6663=EDGE_CURVE('',#5335,#5333,#2700,.T.);
#6664=EDGE_CURVE('',#5336,#5335,#79,.T.);
#6665=EDGE_CURVE('',#5337,#5336,#2701,.T.);
#6666=EDGE_CURVE('',#5338,#5337,#80,.T.);
#6667=EDGE_CURVE('',#5231,#5338,#2702,.T.);
#6668=EDGE_CURVE('',#5247,#5303,#2703,.T.);
#6669=EDGE_CURVE('',#5303,#5339,#2704,.T.);
#6670=EDGE_CURVE('',#5334,#5339,#2705,.T.);
#6671=EDGE_CURVE('',#5339,#5295,#2706,.T.);
#6672=EDGE_CURVE('',#5340,#5334,#2707,.T.);
#6673=EDGE_CURVE('',#5341,#5340,#4553,.T.);
#6674=EDGE_CURVE('',#5341,#5333,#2708,.T.);
#6675=EDGE_CURVE('',#5302,#5342,#2709,.T.);
#6676=EDGE_CURVE('',#5343,#5342,#2710,.T.);
#6677=EDGE_CURVE('',#5343,#5232,#2711,.T.);
#6678=EDGE_CURVE('',#5344,#5338,#2712,.T.);
#6679=EDGE_CURVE('',#5340,#5344,#2713,.T.);
#6680=EDGE_CURVE('',#5345,#5346,#4554,.T.);
#6681=EDGE_CURVE('',#5346,#5347,#2714,.T.);
#6682=EDGE_CURVE('',#5347,#5348,#81,.F.);
#6683=EDGE_CURVE('',#5348,#5349,#82,.T.);
#6684=EDGE_CURVE('',#5349,#5345,#2715,.T.);
#6685=EDGE_CURVE('',#5350,#5346,#2716,.T.);
#6686=EDGE_CURVE('',#5350,#5347,#2717,.T.);
#6687=EDGE_CURVE('',#5345,#5351,#2718,.T.);
#6688=EDGE_CURVE('',#5351,#5352,#2719,.T.);
#6689=EDGE_CURVE('',#5353,#5352,#2720,.T.);
#6690=EDGE_CURVE('',#5354,#5353,#83,.T.);
#6691=EDGE_CURVE('',#5355,#5354,#2721,.T.);
#6692=EDGE_CURVE('',#5356,#5355,#84,.T.);
#6693=EDGE_CURVE('',#5357,#5356,#2722,.T.);
#6694=EDGE_CURVE('',#5357,#5350,#2723,.T.);
#6695=EDGE_CURVE('',#5358,#5359,#2724,.T.);
#6696=EDGE_CURVE('',#5360,#5359,#4555,.T.);
#6697=EDGE_CURVE('',#5360,#5361,#2725,.T.);
#6698=EDGE_CURVE('',#5361,#5362,#2726,.T.);
#6699=EDGE_CURVE('',#5363,#5362,#4556,.T.);
#6700=EDGE_CURVE('',#5363,#5364,#2727,.T.);
#6701=EDGE_CURVE('',#5364,#5365,#2728,.T.);
#6702=EDGE_CURVE('',#5365,#5366,#2729,.T.);
#6703=EDGE_CURVE('',#5367,#5366,#4557,.T.);
#6704=EDGE_CURVE('',#5367,#5368,#2730,.T.);
#6705=EDGE_CURVE('',#5368,#5369,#2731,.T.);
#6706=EDGE_CURVE('',#5370,#5369,#4558,.T.);
#6707=EDGE_CURVE('',#5370,#5371,#2732,.T.);
#6708=EDGE_CURVE('',#5372,#5371,#4559,.T.);
#6709=EDGE_CURVE('',#5372,#5373,#2733,.T.);
#6710=EDGE_CURVE('',#5374,#5373,#4560,.T.);
#6711=EDGE_CURVE('',#5374,#5375,#2734,.T.);
#6712=EDGE_CURVE('',#5375,#5376,#2735,.T.);
#6713=EDGE_CURVE('',#5377,#5376,#4561,.T.);
#6714=EDGE_CURVE('',#5377,#5378,#2736,.T.);
#6715=EDGE_CURVE('',#5378,#5379,#2737,.T.);
#6716=EDGE_CURVE('',#5380,#5379,#4562,.T.);
#6717=EDGE_CURVE('',#5380,#5381,#2738,.T.);
#6718=EDGE_CURVE('',#5382,#5381,#4563,.T.);
#6719=EDGE_CURVE('',#5382,#5383,#2739,.T.);
#6720=EDGE_CURVE('',#5383,#5384,#2740,.T.);
#6721=EDGE_CURVE('',#5385,#5384,#4564,.T.);
#6722=EDGE_CURVE('',#5385,#5386,#2741,.T.);
#6723=EDGE_CURVE('',#5386,#5387,#2742,.T.);
#6724=EDGE_CURVE('',#5388,#5387,#4565,.T.);
#6725=EDGE_CURVE('',#5388,#5389,#2743,.T.);
#6726=EDGE_CURVE('',#5358,#5389,#4566,.T.);
#6727=EDGE_CURVE('',#5390,#5391,#85,.T.);
#6728=EDGE_CURVE('',#5391,#5392,#2744,.T.);
#6729=EDGE_CURVE('',#5392,#5393,#4567,.T.);
#6730=EDGE_CURVE('',#5393,#5390,#2745,.T.);
#6731=EDGE_CURVE('',#5394,#5393,#2746,.T.);
#6732=EDGE_CURVE('',#5353,#5394,#2747,.T.);
#6733=EDGE_CURVE('',#5352,#5390,#2748,.T.);
#6734=EDGE_CURVE('',#5392,#5395,#2749,.T.);
#6735=EDGE_CURVE('',#5395,#5396,#2750,.T.);
#6736=EDGE_CURVE('',#5397,#5396,#4568,.T.);
#6737=EDGE_CURVE('',#5397,#5398,#2751,.T.);
#6738=EDGE_CURVE('',#5399,#5398,#4569,.T.);
#6739=EDGE_CURVE('',#5399,#5400,#2752,.T.);
#6740=EDGE_CURVE('',#5394,#5400,#4570,.T.);
#6741=EDGE_CURVE('',#5401,#5402,#86,.T.);
#6742=EDGE_CURVE('',#5402,#5397,#2753,.T.);
#6743=EDGE_CURVE('',#5396,#5401,#2754,.T.);
#6744=EDGE_CURVE('',#5402,#5357,#2755,.T.);
#6745=EDGE_CURVE('',#5398,#5356,#2756,.T.);
#6746=EDGE_CURVE('',#5355,#5399,#2757,.T.);
#6747=EDGE_CURVE('',#5400,#5354,#2758,.T.);
#6748=EDGE_CURVE('',#5403,#5404,#4571,.T.);
#6749=EDGE_CURVE('',#5404,#5405,#2759,.T.);
#6750=EDGE_CURVE('',#5405,#5406,#4572,.T.);
#6751=EDGE_CURVE('',#5406,#5403,#2760,.T.);
#6752=EDGE_CURVE('',#5407,#5404,#2761,.T.);
#6753=EDGE_CURVE('',#5408,#5407,#2762,.T.);
#6754=EDGE_CURVE('',#5408,#5405,#2763,.T.);
#6755=EDGE_CURVE('',#5409,#5410,#4573,.T.);
#6756=EDGE_CURVE('',#5410,#5411,#2764,.T.);
#6757=EDGE_CURVE('',#5411,#5412,#4574,.T.);
#6758=EDGE_CURVE('',#5412,#5409,#2765,.T.);
#6759=EDGE_CURVE('',#5413,#5410,#2766,.T.);
#6760=EDGE_CURVE('',#5414,#5413,#2767,.T.);
#6761=EDGE_CURVE('',#5414,#5411,#2768,.T.);
#6762=EDGE_CURVE('',#5413,#5415,#4575,.T.);
#6763=EDGE_CURVE('',#5415,#5416,#2769,.T.);
#6764=EDGE_CURVE('',#5416,#5414,#4576,.T.);
#6765=EDGE_CURVE('',#5417,#5415,#2770,.T.);
#6766=EDGE_CURVE('',#5417,#5418,#2771,.T.);
#6767=EDGE_CURVE('',#5418,#5416,#2772,.T.);
#6768=EDGE_CURVE('',#5407,#5419,#4577,.T.);
#6769=EDGE_CURVE('',#5419,#5420,#2773,.T.);
#6770=EDGE_CURVE('',#5420,#5408,#4578,.T.);
#6771=EDGE_CURVE('',#5421,#5419,#2774,.T.);
#6772=EDGE_CURVE('',#5422,#5421,#2775,.T.);
#6773=EDGE_CURVE('',#5422,#5420,#2776,.T.);
#6774=EDGE_CURVE('',#5421,#5423,#4579,.T.);
#6775=EDGE_CURVE('',#5423,#5424,#2777,.T.);
#6776=EDGE_CURVE('',#5424,#5422,#4580,.T.);
#6777=EDGE_CURVE('',#5425,#5423,#2778,.T.);
#6778=EDGE_CURVE('',#5425,#5426,#2779,.T.);
#6779=EDGE_CURVE('',#5426,#5424,#2780,.T.);
#6780=EDGE_CURVE('',#5427,#5428,#4581,.T.);
#6781=EDGE_CURVE('',#5428,#5429,#2781,.T.);
#6782=EDGE_CURVE('',#5429,#5430,#4582,.T.);
#6783=EDGE_CURVE('',#5430,#5427,#2782,.T.);
#6784=EDGE_CURVE('',#5431,#5428,#2783,.T.);
#6785=EDGE_CURVE('',#5432,#5431,#2784,.T.);
#6786=EDGE_CURVE('',#5432,#5429,#2785,.T.);
#6787=EDGE_CURVE('',#5431,#5433,#4583,.T.);
#6788=EDGE_CURVE('',#5433,#5434,#2786,.T.);
#6789=EDGE_CURVE('',#5434,#5432,#4584,.T.);
#6790=EDGE_CURVE('',#5435,#5433,#2787,.T.);
#6791=EDGE_CURVE('',#5436,#5435,#2788,.T.);
#6792=EDGE_CURVE('',#5436,#5434,#2789,.T.);
#6793=EDGE_CURVE('',#5435,#5437,#4585,.T.);
#6794=EDGE_CURVE('',#5437,#5438,#2790,.T.);
#6795=EDGE_CURVE('',#5438,#5436,#4586,.T.);
#6796=EDGE_CURVE('',#5439,#5437,#2791,.T.);
#6797=EDGE_CURVE('',#5439,#5440,#2792,.T.);
#6798=EDGE_CURVE('',#5440,#5438,#2793,.T.);
#6799=EDGE_CURVE('',#5373,#5441,#2794,.T.);
#6800=EDGE_CURVE('',#5441,#5442,#4587,.T.);
#6801=EDGE_CURVE('',#5442,#5374,#2795,.T.);
#6802=EDGE_CURVE('',#5443,#5372,#2796,.T.);
#6803=EDGE_CURVE('',#5443,#5441,#2797,.T.);
#6804=EDGE_CURVE('',#5371,#5444,#2798,.T.);
#6805=EDGE_CURVE('',#5444,#5443,#4588,.T.);
#6806=EDGE_CURVE('',#5445,#5370,#2799,.T.);
#6807=EDGE_CURVE('',#5445,#5444,#2800,.T.);
#6808=EDGE_CURVE('',#5369,#5446,#2801,.T.);
#6809=EDGE_CURVE('',#5446,#5445,#4589,.T.);
#6810=EDGE_CURVE('',#5368,#5447,#2802,.T.);
#6811=EDGE_CURVE('',#5447,#5446,#2803,.T.);
#6812=EDGE_CURVE('',#5366,#5448,#2804,.T.);
#6813=EDGE_CURVE('',#5448,#5449,#4590,.T.);
#6814=EDGE_CURVE('',#5449,#5367,#2805,.T.);
#6815=EDGE_CURVE('',#5365,#5450,#2806,.T.);
#6816=EDGE_CURVE('',#5450,#5448,#2807,.T.);
#6817=EDGE_CURVE('',#5362,#5451,#2808,.T.);
#6818=EDGE_CURVE('',#5451,#5452,#4591,.T.);
#6819=EDGE_CURVE('',#5452,#5363,#2809,.T.);
#6820=EDGE_CURVE('',#5361,#5453,#2810,.T.);
#6821=EDGE_CURVE('',#5453,#5451,#2811,.T.);
#6822=EDGE_CURVE('',#5359,#5454,#2812,.T.);
#6823=EDGE_CURVE('',#5454,#5455,#4592,.T.);
#6824=EDGE_CURVE('',#5455,#5360,#2813,.T.);
#6825=EDGE_CURVE('',#5456,#5358,#2814,.T.);
#6826=EDGE_CURVE('',#5456,#5454,#2815,.T.);
#6827=EDGE_CURVE('',#5389,#5457,#2816,.T.);
#6828=EDGE_CURVE('',#5457,#5456,#4593,.T.);
#6829=EDGE_CURVE('',#5458,#5388,#2817,.T.);
#6830=EDGE_CURVE('',#5458,#5457,#2818,.T.);
#6831=EDGE_CURVE('',#5387,#5459,#2819,.T.);
#6832=EDGE_CURVE('',#5459,#5458,#4594,.T.);
#6833=EDGE_CURVE('',#5386,#5460,#2820,.T.);
#6834=EDGE_CURVE('',#5460,#5459,#2821,.T.);
#6835=EDGE_CURVE('',#5384,#5461,#2822,.T.);
#6836=EDGE_CURVE('',#5461,#5462,#4595,.T.);
#6837=EDGE_CURVE('',#5462,#5385,#2823,.T.);
#6838=EDGE_CURVE('',#5383,#5463,#2824,.T.);
#6839=EDGE_CURVE('',#5463,#5461,#2825,.T.);
#6840=EDGE_CURVE('',#5381,#5464,#2826,.T.);
#6841=EDGE_CURVE('',#5464,#5465,#4596,.T.);
#6842=EDGE_CURVE('',#5465,#5382,#2827,.T.);
#6843=EDGE_CURVE('',#5466,#5380,#2828,.T.);
#6844=EDGE_CURVE('',#5466,#5464,#2829,.T.);
#6845=EDGE_CURVE('',#5379,#5467,#2830,.T.);
#6846=EDGE_CURVE('',#5467,#5466,#4597,.T.);
#6847=EDGE_CURVE('',#5378,#5468,#2831,.T.);
#6848=EDGE_CURVE('',#5468,#5467,#2832,.T.);
#6849=EDGE_CURVE('',#5376,#5469,#2833,.T.);
#6850=EDGE_CURVE('',#5469,#5470,#4598,.T.);
#6851=EDGE_CURVE('',#5470,#5377,#2834,.T.);
#6852=EDGE_CURVE('',#5375,#5471,#2835,.T.);
#6853=EDGE_CURVE('',#5471,#5469,#2836,.T.);
#6854=EDGE_CURVE('',#5472,#5473,#4599,.T.);
#6855=EDGE_CURVE('',#5472,#5474,#2837,.T.);
#6856=EDGE_CURVE('',#5474,#5475,#87,.T.);
#6857=EDGE_CURVE('',#5475,#5473,#2838,.T.);
#6858=EDGE_CURVE('',#5348,#5473,#2839,.T.);
#6859=EDGE_CURVE('',#5475,#5476,#2840,.T.);
#6860=EDGE_CURVE('',#5476,#5349,#2841,.T.);
#6861=EDGE_CURVE('',#5351,#5477,#88,.F.);
#6862=EDGE_CURVE('',#5351,#5478,#2842,.T.);
#6863=EDGE_CURVE('',#5479,#5478,#89,.T.);
#6864=EDGE_CURVE('',#5479,#5477,#2843,.T.);
#6865=EDGE_CURVE('',#5476,#5478,#2844,.T.);
#6866=EDGE_CURVE('',#5480,#5472,#2845,.T.);
#6867=EDGE_CURVE('',#5480,#5474,#2846,.T.);
#6868=EDGE_CURVE('',#5480,#5401,#2847,.T.);
#6869=EDGE_CURVE('',#5427,#5481,#2848,.T.);
#6870=EDGE_CURVE('',#5481,#5425,#2849,.T.);
#6871=EDGE_CURVE('',#5403,#5482,#2850,.T.);
#6872=EDGE_CURVE('',#5482,#5417,#4600,.T.);
#6873=EDGE_CURVE('',#5409,#5483,#2851,.T.);
#6874=EDGE_CURVE('',#5483,#5439,#4601,.T.);
#6875=EDGE_CURVE('',#5479,#5484,#2852,.T.);
#6876=EDGE_CURVE('',#5477,#5484,#2853,.T.);
#6877=EDGE_CURVE('',#5484,#5480,#2854,.T.);
#6878=EDGE_CURVE('',#5391,#5484,#2855,.T.);
#6879=EDGE_CURVE('',#5395,#5480,#2856,.T.);
#6880=EDGE_CURVE('',#5286,#5234,#2857,.T.);
#6881=EDGE_CURVE('',#5485,#5337,#2858,.T.);
#6882=EDGE_CURVE('',#5344,#5485,#4602,.T.);
#6883=EDGE_CURVE('',#5486,#5336,#2859,.T.);
#6884=EDGE_CURVE('',#5485,#5486,#2860,.T.);
#6885=EDGE_CURVE('',#5487,#5335,#2861,.T.);
#6886=EDGE_CURVE('',#5487,#5486,#4603,.T.);
#6887=EDGE_CURVE('',#5341,#5487,#2862,.T.);
#6888=EDGE_CURVE('',#5233,#5488,#2863,.T.);
#6889=EDGE_CURVE('',#5488,#5489,#2864,.T.);
#6890=EDGE_CURVE('',#5489,#5490,#2865,.T.);
#6891=EDGE_CURVE('',#5490,#5491,#2866,.T.);
#6892=EDGE_CURVE('',#5491,#5287,#2867,.T.);
#6893=EDGE_CURVE('',#5490,#5492,#2868,.T.);
#6894=EDGE_CURVE('',#5493,#5492,#2869,.T.);
#6895=EDGE_CURVE('',#5491,#5493,#2870,.T.);
#6896=EDGE_CURVE('',#5492,#5494,#4604,.T.);
#6897=EDGE_CURVE('',#5495,#5494,#2871,.T.);
#6898=EDGE_CURVE('',#5493,#5495,#4605,.T.);
#6899=EDGE_CURVE('',#5494,#5489,#2872,.T.);
#6900=EDGE_CURVE('',#5495,#5488,#2873,.T.);
#6901=EDGE_CURVE('',#5319,#5343,#2874,.T.);
#6902=EDGE_CURVE('',#5342,#5311,#2875,.T.);
#6903=EDGE_CURVE('',#5496,#5315,#2876,.T.);
#6904=EDGE_CURVE('',#5496,#5497,#4606,.T.);
#6905=EDGE_CURVE('',#5497,#5316,#2877,.T.);
#6906=EDGE_CURVE('',#5498,#5314,#2878,.T.);
#6907=EDGE_CURVE('',#5498,#5496,#2879,.T.);
#6908=EDGE_CURVE('',#5498,#5325,#4607,.T.);
#6909=EDGE_CURVE('',#5291,#5301,#2880,.T.);
#6910=EDGE_CURVE('',#5499,#5426,#2881,.T.);
#6911=EDGE_CURVE('',#5430,#5499,#2882,.T.);
#6912=EDGE_CURVE('',#5500,#5440,#4608,.T.);
#6913=EDGE_CURVE('',#5412,#5500,#2883,.T.);
#6914=EDGE_CURVE('',#5501,#5418,#4609,.T.);
#6915=EDGE_CURVE('',#5406,#5501,#2884,.T.);
#6916=EDGE_CURVE('',#5483,#5500,#2885,.T.);
#6917=EDGE_CURVE('',#5481,#5499,#2886,.T.);
#6918=EDGE_CURVE('',#5298,#5502,#4610,.T.);
#6919=EDGE_CURVE('',#5502,#5327,#2887,.T.);
#6920=EDGE_CURVE('',#5324,#5503,#4611,.T.);
#6921=EDGE_CURVE('',#5503,#5497,#2888,.T.);
#6922=EDGE_CURVE('',#5502,#5307,#2889,.T.);
#6923=EDGE_CURVE('',#5503,#5317,#2890,.T.);
#6924=EDGE_CURVE('',#5279,#5280,#2891,.T.);
#6925=EDGE_CURVE('',#5455,#5453,#2892,.T.);
#6926=EDGE_CURVE('',#5462,#5460,#2893,.T.);
#6927=EDGE_CURVE('',#5465,#5463,#2894,.T.);
#6928=EDGE_CURVE('',#5470,#5468,#2895,.T.);
#6929=EDGE_CURVE('',#5442,#5471,#2896,.T.);
#6930=EDGE_CURVE('',#5449,#5447,#2897,.T.);
#6931=EDGE_CURVE('',#5504,#5450,#2898,.T.);
#6932=EDGE_CURVE('',#5452,#5504,#2899,.T.);
#6933=EDGE_CURVE('',#5237,#5505,#4612,.T.);
#6934=EDGE_CURVE('',#5505,#5506,#2900,.T.);
#6935=EDGE_CURVE('',#5507,#5506,#4613,.T.);
#6936=EDGE_CURVE('',#5508,#5507,#2901,.T.);
#6937=EDGE_CURVE('',#5508,#5238,#4614,.T.);
#6938=EDGE_CURVE('',#5292,#5285,#4615,.T.);
#6939=EDGE_CURVE('',#5508,#5258,#2902,.T.);
#6940=EDGE_CURVE('',#5507,#5259,#2903,.T.);
#6941=EDGE_CURVE('',#5506,#5248,#2904,.T.);
#6942=EDGE_CURVE('',#5505,#5249,#2905,.T.);
#6943=EDGE_CURVE('',#5482,#5501,#2906,.T.);
#6944=EDGE_CURVE('',#5364,#5504,#2907,.T.);
#6945=EDGE_CURVE('',#5509,#5510,#2908,.T.);
#6946=EDGE_CURVE('',#5509,#5511,#2909,.T.);
#6947=EDGE_CURVE('',#5512,#5511,#2910,.T.);
#6948=EDGE_CURVE('',#5510,#5512,#2911,.T.);
#6949=EDGE_CURVE('',#5510,#5513,#2912,.T.);
#6950=EDGE_CURVE('',#5514,#5512,#2913,.T.);
#6951=EDGE_CURVE('',#5513,#5514,#2914,.T.);
#6952=EDGE_CURVE('',#5513,#5515,#2915,.T.);
#6953=EDGE_CURVE('',#5516,#5514,#2916,.T.);
#6954=EDGE_CURVE('',#5515,#5516,#2917,.T.);
#6955=EDGE_CURVE('',#5515,#5517,#2918,.T.);
#6956=EDGE_CURVE('',#5518,#5516,#2919,.T.);
#6957=EDGE_CURVE('',#5517,#5518,#2920,.T.);
#6958=EDGE_CURVE('',#5517,#5519,#2921,.T.);
#6959=EDGE_CURVE('',#5520,#5518,#2922,.T.);
#6960=EDGE_CURVE('',#5519,#5520,#2923,.T.);
#6961=EDGE_CURVE('',#5519,#5521,#2924,.T.);
#6962=EDGE_CURVE('',#5522,#5520,#2925,.T.);
#6963=EDGE_CURVE('',#5521,#5522,#2926,.T.);
#6964=EDGE_CURVE('',#5523,#5524,#2927,.T.);
#6965=EDGE_CURVE('',#5523,#5525,#2928,.T.);
#6966=EDGE_CURVE('',#5526,#5525,#2929,.T.);
#6967=EDGE_CURVE('',#5524,#5526,#2930,.T.);
#6968=EDGE_CURVE('',#5524,#5527,#2931,.T.);
#6969=EDGE_CURVE('',#5528,#5526,#2932,.T.);
#6970=EDGE_CURVE('',#5527,#5528,#2933,.T.);
#6971=EDGE_CURVE('',#5527,#5529,#2934,.T.);
#6972=EDGE_CURVE('',#5530,#5528,#2935,.T.);
#6973=EDGE_CURVE('',#5529,#5530,#2936,.T.);
#6974=EDGE_CURVE('',#5531,#5509,#2937,.T.);
#6975=EDGE_CURVE('',#5531,#5532,#2938,.T.);
#6976=EDGE_CURVE('',#5511,#5532,#2939,.T.);
#6977=EDGE_CURVE('',#5532,#5530,#2940,.T.);
#6978=EDGE_CURVE('',#5525,#5522,#2941,.T.);
#6979=EDGE_CURVE('',#5529,#5533,#2942,.T.);
#6980=EDGE_CURVE('',#5533,#5534,#2943,.T.);
#6981=EDGE_CURVE('',#5534,#5535,#2944,.T.);
#6982=EDGE_CURVE('',#5535,#5536,#2945,.T.);
#6983=EDGE_CURVE('',#5536,#5537,#4616,.T.);
#6984=EDGE_CURVE('',#5537,#5538,#2946,.T.);
#6985=EDGE_CURVE('',#5538,#5539,#2947,.T.);
#6986=EDGE_CURVE('',#5539,#5540,#2948,.T.);
#6987=EDGE_CURVE('',#5540,#5541,#2949,.T.);
#6988=EDGE_CURVE('',#5542,#5541,#2950,.T.);
#6989=EDGE_CURVE('',#5543,#5542,#2951,.T.);
#6990=EDGE_CURVE('',#5544,#5543,#2952,.T.);
#6991=EDGE_CURVE('',#5544,#5545,#2953,.T.);
#6992=EDGE_CURVE('',#5545,#5546,#2954,.T.);
#6993=EDGE_CURVE('',#5546,#5523,#2955,.T.);
#6994=EDGE_CURVE('',#5547,#5547,#4617,.T.);
#6995=EDGE_CURVE('',#5548,#5548,#4618,.T.);
#6996=EDGE_CURVE('',#5549,#5549,#4619,.T.);
#6997=EDGE_CURVE('',#5550,#5550,#4620,.T.);
#6998=EDGE_CURVE('',#5551,#5551,#4621,.T.);
#6999=EDGE_CURVE('',#5552,#5552,#4622,.T.);
#7000=EDGE_CURVE('',#5553,#5543,#2956,.T.);
#7001=EDGE_CURVE('',#5553,#5554,#2957,.T.);
#7002=EDGE_CURVE('',#5544,#5554,#2958,.T.);
#7003=EDGE_CURVE('',#5555,#5542,#2959,.T.);
#7004=EDGE_CURVE('',#5555,#5553,#2960,.T.);
#7005=EDGE_CURVE('',#5556,#5541,#2961,.T.);
#7006=EDGE_CURVE('',#5556,#5555,#2962,.T.);
#7007=EDGE_CURVE('',#5557,#5540,#2963,.T.);
#7008=EDGE_CURVE('',#5556,#5557,#2964,.T.);
#7009=EDGE_CURVE('',#5558,#5554,#2965,.T.);
#7010=EDGE_CURVE('',#5558,#5545,#2966,.T.);
#7011=EDGE_CURVE('',#5552,#5559,#2967,.T.);
#7012=EDGE_CURVE('',#5559,#5559,#4623,.T.);
#7013=EDGE_CURVE('',#5551,#5560,#2968,.T.);
#7014=EDGE_CURVE('',#5560,#5560,#4624,.T.);
#7015=EDGE_CURVE('',#5550,#5561,#2969,.T.);
#7016=EDGE_CURVE('',#5561,#5561,#4625,.T.);
#7017=EDGE_CURVE('',#5549,#5562,#2970,.T.);
#7018=EDGE_CURVE('',#5562,#5562,#4626,.T.);
#7019=EDGE_CURVE('',#5548,#5563,#2971,.T.);
#7020=EDGE_CURVE('',#5563,#5563,#4627,.T.);
#7021=EDGE_CURVE('',#5547,#5564,#2972,.T.);
#7022=EDGE_CURVE('',#5564,#5564,#4628,.T.);
#7023=EDGE_CURVE('',#5565,#5566,#4629,.T.);
#7024=EDGE_CURVE('',#5565,#5537,#2973,.T.);
#7025=EDGE_CURVE('',#5566,#5536,#2974,.T.);
#7026=EDGE_CURVE('',#5566,#5567,#2975,.T.);
#7027=EDGE_CURVE('',#5567,#5535,#2976,.T.);
#7028=EDGE_CURVE('',#5567,#5568,#2977,.T.);
#7029=EDGE_CURVE('',#5568,#5534,#2978,.T.);
#7030=EDGE_CURVE('',#5568,#5569,#2979,.T.);
#7031=EDGE_CURVE('',#5569,#5533,#2980,.T.);
#7032=EDGE_CURVE('',#5569,#5570,#2981,.T.);
#7033=EDGE_CURVE('',#5521,#5531,#2982,.T.);
#7034=EDGE_CURVE('',#5570,#5546,#2983,.T.);
#7035=EDGE_CURVE('',#5570,#5558,#2984,.T.);
#7036=EDGE_CURVE('',#5557,#5571,#2985,.T.);
#7037=EDGE_CURVE('',#5571,#5539,#2986,.T.);
#7038=EDGE_CURVE('',#5571,#5572,#2987,.T.);
#7039=EDGE_CURVE('',#5572,#5538,#2988,.T.);
#7040=EDGE_CURVE('',#5565,#5572,#2989,.T.);
#7041=EDGE_CURVE('',#5573,#5574,#2990,.T.);
#7042=EDGE_CURVE('',#5573,#5575,#2991,.T.);
#7043=EDGE_CURVE('',#5576,#5575,#2992,.T.);
#7044=EDGE_CURVE('',#5574,#5576,#2993,.T.);
#7045=EDGE_CURVE('',#5574,#5577,#2994,.T.);
#7046=EDGE_CURVE('',#5578,#5576,#2995,.T.);
#7047=EDGE_CURVE('',#5577,#5578,#2996,.T.);
#7048=EDGE_CURVE('',#5579,#5580,#2997,.T.);
#7049=EDGE_CURVE('',#5579,#5581,#2998,.T.);
#7050=EDGE_CURVE('',#5582,#5581,#2999,.T.);
#7051=EDGE_CURVE('',#5580,#5582,#3000,.T.);
#7052=EDGE_CURVE('',#5580,#5583,#3001,.T.);
#7053=EDGE_CURVE('',#5584,#5582,#3002,.T.);
#7054=EDGE_CURVE('',#5583,#5584,#3003,.T.);
#7055=EDGE_CURVE('',#5583,#5585,#3004,.T.);
#7056=EDGE_CURVE('',#5586,#5584,#3005,.T.);
#7057=EDGE_CURVE('',#5585,#5586,#3006,.T.);
#7058=EDGE_CURVE('',#5587,#5588,#3007,.T.);
#7059=EDGE_CURVE('',#5587,#5589,#3008,.T.);
#7060=EDGE_CURVE('',#5590,#5589,#3009,.T.);
#7061=EDGE_CURVE('',#5588,#5590,#3010,.T.);
#7062=EDGE_CURVE('',#5588,#5591,#3011,.T.);
#7063=EDGE_CURVE('',#5592,#5590,#3012,.T.);
#7064=EDGE_CURVE('',#5591,#5592,#3013,.T.);
#7065=EDGE_CURVE('',#5591,#5593,#3014,.T.);
#7066=EDGE_CURVE('',#5594,#5592,#3015,.T.);
#7067=EDGE_CURVE('',#5593,#5594,#3016,.T.);
#7068=EDGE_CURVE('',#5593,#5595,#3017,.T.);
#7069=EDGE_CURVE('',#5596,#5594,#3018,.T.);
#7070=EDGE_CURVE('',#5595,#5596,#3019,.T.);
#7071=EDGE_CURVE('',#5595,#5573,#3020,.T.);
#7072=EDGE_CURVE('',#5575,#5596,#3021,.T.);
#7073=EDGE_CURVE('',#5589,#5586,#3022,.T.);
#7074=EDGE_CURVE('',#5581,#5578,#3023,.T.);
#7075=EDGE_CURVE('',#5587,#5577,#3024,.T.);
#7076=EDGE_CURVE('',#5597,#5598,#3025,.T.);
#7077=EDGE_CURVE('',#5598,#5599,#3026,.T.);
#7078=EDGE_CURVE('',#5599,#5585,#3027,.T.);
#7079=EDGE_CURVE('',#5579,#5600,#3028,.T.);
#7080=EDGE_CURVE('',#5600,#5597,#3029,.T.);
#7081=EDGE_CURVE('',#5601,#5601,#4630,.T.);
#7082=EDGE_CURVE('',#5601,#5602,#3030,.T.);
#7083=EDGE_CURVE('',#5602,#5602,#4631,.T.);
#7084=EDGE_CURVE('',#5603,#5603,#4632,.T.);
#7085=EDGE_CURVE('',#5603,#5604,#3031,.T.);
#7086=EDGE_CURVE('',#5604,#5604,#4633,.T.);
#7087=EDGE_CURVE('',#5605,#5605,#4634,.T.);
#7088=EDGE_CURVE('',#5605,#5606,#3032,.T.);
#7089=EDGE_CURVE('',#5606,#5606,#4635,.T.);
#7090=EDGE_CURVE('',#5607,#5607,#4636,.T.);
#7091=EDGE_CURVE('',#5607,#5608,#3033,.T.);
#7092=EDGE_CURVE('',#5608,#5608,#4637,.T.);
#7093=EDGE_CURVE('',#5609,#5610,#3034,.T.);
#7094=EDGE_CURVE('',#5609,#5611,#3035,.T.);
#7095=EDGE_CURVE('',#5612,#5611,#3036,.T.);
#7096=EDGE_CURVE('',#5610,#5612,#3037,.T.);
#7097=EDGE_CURVE('',#5610,#5613,#3038,.T.);
#7098=EDGE_CURVE('',#5614,#5612,#3039,.T.);
#7099=EDGE_CURVE('',#5613,#5614,#3040,.T.);
#7100=EDGE_CURVE('',#5615,#5613,#3041,.T.);
#7101=EDGE_CURVE('',#5616,#5614,#3042,.T.);
#7102=EDGE_CURVE('',#5615,#5616,#3043,.T.);
#7103=EDGE_CURVE('',#5615,#5598,#3044,.T.);
#7104=EDGE_CURVE('',#5616,#5599,#3045,.T.);
#7105=EDGE_CURVE('',#5609,#5597,#3046,.T.);
#7106=EDGE_CURVE('',#5611,#5600,#3047,.T.);
#7107=EDGE_CURVE('',#5617,#5617,#4638,.T.);
#7108=EDGE_CURVE('',#5617,#5618,#3048,.T.);
#7109=EDGE_CURVE('',#5618,#5618,#4639,.T.);
#7110=EDGE_CURVE('',#5619,#5619,#4640,.T.);
#7111=EDGE_CURVE('',#5619,#5620,#3049,.T.);
#7112=EDGE_CURVE('',#5620,#5620,#4641,.T.);
#7113=EDGE_CURVE('',#5621,#5621,#4642,.T.);
#7114=EDGE_CURVE('',#5621,#5622,#3050,.T.);
#7115=EDGE_CURVE('',#5622,#5622,#4643,.T.);
#7116=EDGE_CURVE('',#5623,#5623,#4644,.T.);
#7117=EDGE_CURVE('',#5623,#5624,#3051,.T.);
#7118=EDGE_CURVE('',#5624,#5624,#4645,.T.);
#7119=EDGE_CURVE('',#5625,#5626,#4646,.T.);
#7120=EDGE_CURVE('',#5625,#5627,#3052,.T.);
#7121=EDGE_CURVE('',#5627,#5628,#4647,.T.);
#7122=EDGE_CURVE('',#5628,#5626,#3053,.T.);
#7123=EDGE_CURVE('',#5629,#5628,#3054,.T.);
#7124=EDGE_CURVE('',#5630,#5629,#3055,.T.);
#7125=EDGE_CURVE('',#5630,#5626,#3056,.T.);
#7126=EDGE_CURVE('',#5631,#5632,#4648,.T.);
#7127=EDGE_CURVE('',#5631,#5633,#3057,.T.);
#7128=EDGE_CURVE('',#5633,#5634,#4649,.T.);
#7129=EDGE_CURVE('',#5634,#5632,#3058,.T.);
#7130=EDGE_CURVE('',#5625,#5632,#3059,.T.);
#7131=EDGE_CURVE('',#5627,#5634,#3060,.T.);
#7132=EDGE_CURVE('',#5635,#5636,#4650,.T.);
#7133=EDGE_CURVE('',#5635,#5637,#3061,.T.);
#7134=EDGE_CURVE('',#5637,#5638,#4651,.T.);
#7135=EDGE_CURVE('',#5638,#5636,#3062,.T.);
#7136=EDGE_CURVE('',#5631,#5636,#3063,.T.);
#7137=EDGE_CURVE('',#5633,#5638,#3064,.T.);
#7138=EDGE_CURVE('',#5630,#5639,#4652,.T.);
#7139=EDGE_CURVE('',#5629,#5640,#4653,.T.);
#7140=EDGE_CURVE('',#5640,#5639,#3065,.T.);
#7141=EDGE_CURVE('',#5635,#5639,#3066,.T.);
#7142=EDGE_CURVE('',#5637,#5640,#3067,.T.);
#7143=EDGE_CURVE('',#5641,#5641,#4654,.F.);
#7144=EDGE_CURVE('',#5642,#5642,#4655,.F.);
#7145=EDGE_CURVE('',#5643,#5643,#4656,.F.);
#7146=EDGE_CURVE('',#5644,#5644,#4657,.F.);
#7147=EDGE_CURVE('',#5645,#5645,#4658,.F.);
#7148=EDGE_CURVE('',#5646,#5646,#4659,.F.);
#7149=EDGE_CURVE('',#5647,#5647,#4660,.T.);
#7150=EDGE_CURVE('',#5647,#5643,#3068,.T.);
#7151=EDGE_CURVE('',#5648,#5648,#4661,.T.);
#7152=EDGE_CURVE('',#5648,#5646,#3069,.T.);
#7153=EDGE_CURVE('',#5649,#5649,#4662,.T.);
#7154=EDGE_CURVE('',#5649,#5644,#3070,.T.);
#7155=EDGE_CURVE('',#5650,#5650,#4663,.T.);
#7156=EDGE_CURVE('',#5650,#5642,#3071,.T.);
#7157=EDGE_CURVE('',#5651,#5651,#4664,.T.);
#7158=EDGE_CURVE('',#5651,#5645,#3072,.T.);
#7159=EDGE_CURVE('',#5652,#5653,#4665,.T.);
#7160=EDGE_CURVE('',#5653,#5654,#43,.T.);
#7161=EDGE_CURVE('',#5654,#5655,#4666,.T.);
#7162=EDGE_CURVE('',#5652,#5655,#44,.T.);
#7163=EDGE_CURVE('',#5653,#5656,#3073,.T.);
#7164=EDGE_CURVE('',#5656,#5657,#3074,.T.);
#7165=EDGE_CURVE('',#5657,#5654,#3075,.T.);
#7166=EDGE_CURVE('',#5656,#5658,#3076,.T.);
#7167=EDGE_CURVE('',#5658,#5659,#45,.T.);
#7168=EDGE_CURVE('',#5659,#5657,#3077,.T.);
#7169=EDGE_CURVE('',#5658,#5660,#4667,.T.);
#7170=EDGE_CURVE('',#5660,#5661,#46,.T.);
#7171=EDGE_CURVE('',#5661,#5659,#4668,.T.);
#7172=EDGE_CURVE('',#5660,#5662,#3078,.T.);
#7173=EDGE_CURVE('',#5662,#5663,#47,.T.);
#7174=EDGE_CURVE('',#5663,#5661,#3079,.T.);
#7175=EDGE_CURVE('',#5662,#5664,#4669,.T.);
#7176=EDGE_CURVE('',#5664,#5665,#48,.T.);
#7177=EDGE_CURVE('',#5665,#5663,#4670,.T.);
#7178=EDGE_CURVE('',#5664,#5666,#3080,.T.);
#7179=EDGE_CURVE('',#5666,#5667,#49,.T.);
#7180=EDGE_CURVE('',#5667,#5665,#3081,.T.);
#7181=EDGE_CURVE('',#5668,#5667,#4671,.T.);
#7182=EDGE_CURVE('',#5666,#5669,#4672,.T.);
#7183=EDGE_CURVE('',#5669,#5668,#50,.T.);
#7184=EDGE_CURVE('',#5670,#5668,#3082,.T.);
#7185=EDGE_CURVE('',#5669,#5671,#3083,.T.);
#7186=EDGE_CURVE('',#5671,#5670,#51,.T.);
#7187=EDGE_CURVE('',#5672,#5670,#4673,.T.);
#7188=EDGE_CURVE('',#5671,#5673,#4674,.T.);
#7189=EDGE_CURVE('',#5673,#5672,#52,.T.);
#7190=EDGE_CURVE('',#5674,#5672,#3084,.T.);
#7191=EDGE_CURVE('',#5673,#5675,#3085,.T.);
#7192=EDGE_CURVE('',#5675,#5674,#53,.T.);
#7193=EDGE_CURVE('',#5676,#5674,#4675,.T.);
#7194=EDGE_CURVE('',#5675,#5677,#4676,.T.);
#7195=EDGE_CURVE('',#5677,#5676,#54,.T.);
#7196=EDGE_CURVE('',#5655,#5676,#3086,.T.);
#7197=EDGE_CURVE('',#5677,#5652,#3087,.T.);
#7198=EDGE_CURVE('',#5678,#5668,#3088,.T.);
#7199=EDGE_CURVE('',#5679,#5678,#4677,.T.);
#7200=EDGE_CURVE('',#5679,#5667,#3089,.T.);
#7201=EDGE_CURVE('',#5680,#5670,#3090,.T.);
#7202=EDGE_CURVE('',#5678,#5680,#3091,.T.);
#7203=EDGE_CURVE('',#5681,#5672,#3092,.T.);
#7204=EDGE_CURVE('',#5680,#5681,#4678,.T.);
#7205=EDGE_CURVE('',#5682,#5674,#3093,.T.);
#7206=EDGE_CURVE('',#5681,#5682,#3094,.T.);
#7207=EDGE_CURVE('',#5683,#5676,#3095,.T.);
#7208=EDGE_CURVE('',#5682,#5683,#4679,.T.);
#7209=EDGE_CURVE('',#5684,#5655,#3096,.T.);
#7210=EDGE_CURVE('',#5683,#5684,#3097,.T.);
#7211=EDGE_CURVE('',#5685,#5654,#3098,.T.);
#7212=EDGE_CURVE('',#5684,#5685,#4680,.T.);
#7213=EDGE_CURVE('',#5686,#5687,#3099,.T.);
#7214=EDGE_CURVE('',#5687,#5688,#3100,.T.);
#7215=EDGE_CURVE('',#5688,#5689,#3101,.T.);
#7216=EDGE_CURVE('',#5689,#5686,#3102,.T.);
#7217=EDGE_CURVE('',#5690,#5691,#3103,.T.);
#7218=EDGE_CURVE('',#5691,#5688,#4681,.T.);
#7219=EDGE_CURVE('',#5687,#5690,#4682,.T.);
#7220=EDGE_CURVE('',#5692,#5693,#3104,.T.);
#7221=EDGE_CURVE('',#5693,#5691,#3105,.T.);
#7222=EDGE_CURVE('',#5690,#5692,#3106,.T.);
#7223=EDGE_CURVE('',#5694,#5695,#3107,.T.);
#7224=EDGE_CURVE('',#5695,#5693,#4683,.T.);
#7225=EDGE_CURVE('',#5692,#5694,#4684,.T.);
#7226=EDGE_CURVE('',#5696,#5697,#3108,.T.);
#7227=EDGE_CURVE('',#5697,#5695,#3109,.T.);
#7228=EDGE_CURVE('',#5694,#5696,#3110,.T.);
#7229=EDGE_CURVE('',#5698,#5699,#3111,.T.);
#7230=EDGE_CURVE('',#5699,#5697,#4685,.T.);
#7231=EDGE_CURVE('',#5696,#5698,#4686,.T.);
#7232=EDGE_CURVE('',#5700,#5701,#3112,.T.);
#7233=EDGE_CURVE('',#5701,#5699,#3113,.T.);
#7234=EDGE_CURVE('',#5698,#5700,#3114,.T.);
#7235=EDGE_CURVE('',#5702,#5703,#3115,.T.);
#7236=EDGE_CURVE('',#5703,#5701,#4687,.T.);
#7237=EDGE_CURVE('',#5700,#5702,#4688,.T.);
#7238=EDGE_CURVE('',#5689,#5703,#3116,.T.);
#7239=EDGE_CURVE('',#5702,#5686,#3117,.T.);
#7240=EDGE_CURVE('',#5704,#5694,#3118,.T.);
#7241=EDGE_CURVE('',#5704,#5705,#3119,.T.);
#7242=EDGE_CURVE('',#5705,#5696,#3120,.T.);
#7243=EDGE_CURVE('',#5706,#5692,#3121,.T.);
#7244=EDGE_CURVE('',#5706,#5704,#4689,.T.);
#7245=EDGE_CURVE('',#5707,#5690,#3122,.T.);
#7246=EDGE_CURVE('',#5707,#5706,#3123,.T.);
#7247=EDGE_CURVE('',#5708,#5687,#3124,.T.);
#7248=EDGE_CURVE('',#5708,#5707,#4690,.T.);
#7249=EDGE_CURVE('',#5709,#5686,#3125,.T.);
#7250=EDGE_CURVE('',#5709,#5708,#3126,.T.);
#7251=EDGE_CURVE('',#5710,#5710,#4691,.T.);
#7252=EDGE_CURVE('',#5711,#5711,#4692,.T.);
#7253=EDGE_CURVE('',#5712,#5712,#4693,.T.);
#7254=EDGE_CURVE('',#5713,#5713,#4694,.T.);
#7255=EDGE_CURVE('',#5714,#5714,#4695,.T.);
#7256=EDGE_CURVE('',#5715,#5715,#4696,.T.);
#7257=EDGE_CURVE('',#5685,#5716,#3127,.T.);
#7258=EDGE_CURVE('',#5716,#5717,#3128,.T.);
#7259=EDGE_CURVE('',#5717,#5718,#4697,.T.);
#7260=EDGE_CURVE('',#5718,#5719,#3129,.T.);
#7261=EDGE_CURVE('',#5719,#5720,#4698,.T.);
#7262=EDGE_CURVE('',#5720,#5679,#3130,.T.);
#7263=EDGE_CURVE('',#5716,#5657,#3131,.T.);
#7264=EDGE_CURVE('',#5717,#5659,#3132,.T.);
#7265=EDGE_CURVE('',#5718,#5661,#3133,.T.);
#7266=EDGE_CURVE('',#5719,#5663,#3134,.T.);
#7267=EDGE_CURVE('',#5720,#5665,#3135,.T.);
#7268=EDGE_CURVE('',#5721,#5721,#4699,.T.);
#7269=EDGE_CURVE('',#5721,#5641,#3136,.T.);
#7270=EDGE_CURVE('',#5722,#5723,#4700,.T.);
#7271=EDGE_CURVE('',#5722,#5724,#3137,.T.);
#7272=EDGE_CURVE('',#5724,#5725,#4701,.T.);
#7273=EDGE_CURVE('',#5723,#5725,#3138,.T.);
#7274=EDGE_CURVE('',#5726,#5722,#3139,.T.);
#7275=EDGE_CURVE('',#5726,#5727,#3140,.T.);
#7276=EDGE_CURVE('',#5727,#5724,#3141,.T.);
#7277=EDGE_CURVE('',#5728,#5726,#4702,.T.);
#7278=EDGE_CURVE('',#5728,#5729,#3142,.T.);
#7279=EDGE_CURVE('',#5729,#5727,#4703,.T.);
#7280=EDGE_CURVE('',#5730,#5728,#3143,.T.);
#7281=EDGE_CURVE('',#5731,#5730,#3144,.T.);
#7282=EDGE_CURVE('',#5731,#5729,#3145,.T.);
#7283=EDGE_CURVE('',#5723,#5732,#3146,.T.);
#7284=EDGE_CURVE('',#5725,#5733,#3147,.T.);
#7285=EDGE_CURVE('',#5732,#5733,#3148,.T.);
#7286=EDGE_CURVE('',#5733,#5731,#3149,.T.);
#7287=EDGE_CURVE('',#5734,#5730,#3150,.T.);
#7288=EDGE_CURVE('',#5735,#5734,#3151,.T.);
#7289=EDGE_CURVE('',#5736,#5735,#3152,.T.);
#7290=EDGE_CURVE('',#5736,#5737,#3153,.T.);
#7291=EDGE_CURVE('',#5732,#5737,#3154,.T.);
#7292=EDGE_CURVE('',#5738,#5738,#4704,.T.);
#7293=EDGE_CURVE('',#5738,#5710,#3155,.T.);
#7294=EDGE_CURVE('',#5739,#5739,#4705,.T.);
#7295=EDGE_CURVE('',#5739,#5711,#3156,.T.);
#7296=EDGE_CURVE('',#5740,#5740,#4706,.T.);
#7297=EDGE_CURVE('',#5740,#5712,#3157,.T.);
#7298=EDGE_CURVE('',#5741,#5741,#4707,.T.);
#7299=EDGE_CURVE('',#5741,#5713,#3158,.T.);
#7300=EDGE_CURVE('',#5742,#5742,#4708,.T.);
#7301=EDGE_CURVE('',#5742,#5714,#3159,.T.);
#7302=EDGE_CURVE('',#5743,#5743,#4709,.T.);
#7303=EDGE_CURVE('',#5743,#5715,#3160,.T.);
#7304=EDGE_CURVE('',#5744,#5745,#3161,.T.);
#7305=EDGE_CURVE('',#5746,#5744,#3162,.T.);
#7306=EDGE_CURVE('',#5747,#5746,#3163,.T.);
#7307=EDGE_CURVE('',#5747,#5745,#3164,.T.);
#7308=EDGE_CURVE('',#5737,#5744,#4710,.T.);
#7309=EDGE_CURVE('',#5746,#5736,#4711,.T.);
#7310=EDGE_CURVE('',#5748,#5734,#4712,.T.);
#7311=EDGE_CURVE('',#5749,#5748,#3165,.T.);
#7312=EDGE_CURVE('',#5735,#5749,#4713,.T.);
#7313=EDGE_CURVE('',#5750,#5748,#3166,.T.);
#7314=EDGE_CURVE('',#5751,#5750,#3167,.T.);
#7315=EDGE_CURVE('',#5749,#5751,#3168,.T.);
#7316=EDGE_CURVE('',#5752,#5750,#3169,.T.);
#7317=EDGE_CURVE('',#5753,#5752,#3170,.T.);
#7318=EDGE_CURVE('',#5751,#5753,#3171,.T.);
#7319=EDGE_CURVE('',#5754,#5752,#4714,.T.);
#7320=EDGE_CURVE('',#5755,#5754,#3172,.T.);
#7321=EDGE_CURVE('',#5753,#5755,#4715,.T.);
#7322=EDGE_CURVE('',#5756,#5754,#3173,.T.);
#7323=EDGE_CURVE('',#5757,#5756,#3174,.T.);
#7324=EDGE_CURVE('',#5755,#5757,#3175,.T.);
#7325=EDGE_CURVE('',#5745,#5756,#4716,.T.);
#7326=EDGE_CURVE('',#5757,#5747,#4717,.T.);
#7327=EDGE_CURVE('',#5705,#5758,#4718,.T.);
#7328=EDGE_CURVE('',#5758,#5698,#3176,.T.);
#7329=EDGE_CURVE('',#5759,#5702,#3177,.T.);
#7330=EDGE_CURVE('',#5759,#5709,#3178,.T.);
#7331=EDGE_CURVE('',#5760,#5700,#3179,.T.);
#7332=EDGE_CURVE('',#5760,#5759,#4719,.T.);
#7333=EDGE_CURVE('',#5758,#5760,#3180,.T.);
#7334=EDGE_CURVE('',#5761,#5761,#4720,.T.);
#7335=EDGE_CURVE('',#5761,#5762,#3181,.T.);
#7336=EDGE_CURVE('',#5762,#5762,#4721,.T.);
#7337=EDGE_CURVE('',#5763,#5763,#4722,.T.);
#7338=EDGE_CURVE('',#5763,#5761,#3182,.T.);
#7339=EDGE_CURVE('',#5762,#5764,#3183,.T.);
#7340=EDGE_CURVE('',#5764,#5764,#4723,.T.);
#7341=EDGE_CURVE('',#5765,#5765,#4724,.T.);
#7342=EDGE_CURVE('',#5765,#5766,#3184,.T.);
#7343=EDGE_CURVE('',#5766,#5766,#4725,.T.);
#7344=EDGE_CURVE('',#5767,#5767,#4726,.T.);
#7345=EDGE_CURVE('',#5767,#5768,#3185,.T.);
#7346=EDGE_CURVE('',#5768,#5768,#4727,.T.);
#7347=EDGE_CURVE('',#5769,#5769,#4728,.T.);
#7348=EDGE_CURVE('',#5769,#5770,#3186,.T.);
#7349=EDGE_CURVE('',#5770,#5770,#4729,.T.);
#7350=ORIENTED_EDGE('',*,*,#5771,.F.);
#7351=ORIENTED_EDGE('',*,*,#5772,.T.);
#7352=ORIENTED_EDGE('',*,*,#5773,.F.);
#7353=ORIENTED_EDGE('',*,*,#5772,.F.);
#7354=ORIENTED_EDGE('',*,*,#5774,.F.);
#7355=ORIENTED_EDGE('',*,*,#5775,.T.);
#7356=ORIENTED_EDGE('',*,*,#5776,.F.);
#7357=ORIENTED_EDGE('',*,*,#5775,.F.);
#7358=ORIENTED_EDGE('',*,*,#5777,.F.);
#7359=ORIENTED_EDGE('',*,*,#5778,.T.);
#7360=ORIENTED_EDGE('',*,*,#5779,.F.);
#7361=ORIENTED_EDGE('',*,*,#5778,.F.);
#7362=ORIENTED_EDGE('',*,*,#5780,.F.);
#7363=ORIENTED_EDGE('',*,*,#5781,.T.);
#7364=ORIENTED_EDGE('',*,*,#5782,.F.);
#7365=ORIENTED_EDGE('',*,*,#5781,.F.);
#7366=ORIENTED_EDGE('',*,*,#5783,.F.);
#7367=ORIENTED_EDGE('',*,*,#5784,.T.);
#7368=ORIENTED_EDGE('',*,*,#5785,.F.);
#7369=ORIENTED_EDGE('',*,*,#5784,.F.);
#7370=ORIENTED_EDGE('',*,*,#5786,.F.);
#7371=ORIENTED_EDGE('',*,*,#5787,.T.);
#7372=ORIENTED_EDGE('',*,*,#5788,.F.);
#7373=ORIENTED_EDGE('',*,*,#5787,.F.);
#7374=ORIENTED_EDGE('',*,*,#5789,.T.);
#7375=ORIENTED_EDGE('',*,*,#5790,.T.);
#7376=ORIENTED_EDGE('',*,*,#5791,.T.);
#7377=ORIENTED_EDGE('',*,*,#5792,.T.);
#7378=ORIENTED_EDGE('',*,*,#5792,.F.);
#7379=ORIENTED_EDGE('',*,*,#5793,.F.);
#7380=ORIENTED_EDGE('',*,*,#5794,.T.);
#7381=ORIENTED_EDGE('',*,*,#5795,.F.);
#7382=ORIENTED_EDGE('',*,*,#5791,.F.);
#7383=ORIENTED_EDGE('',*,*,#5796,.T.);
#7384=ORIENTED_EDGE('',*,*,#5797,.T.);
#7385=ORIENTED_EDGE('',*,*,#5798,.T.);
#7386=ORIENTED_EDGE('',*,*,#5799,.F.);
#7387=ORIENTED_EDGE('',*,*,#5800,.F.);
#7388=ORIENTED_EDGE('',*,*,#5801,.T.);
#7389=ORIENTED_EDGE('',*,*,#5802,.T.);
#7390=ORIENTED_EDGE('',*,*,#5803,.F.);
#7391=ORIENTED_EDGE('',*,*,#5804,.T.);
#7392=ORIENTED_EDGE('',*,*,#5805,.T.);
#7393=ORIENTED_EDGE('',*,*,#5806,.T.);
#7394=ORIENTED_EDGE('',*,*,#5807,.F.);
#7395=ORIENTED_EDGE('',*,*,#5808,.F.);
#7396=ORIENTED_EDGE('',*,*,#5809,.T.);
#7397=ORIENTED_EDGE('',*,*,#5810,.T.);
#7398=ORIENTED_EDGE('',*,*,#5811,.F.);
#7399=ORIENTED_EDGE('',*,*,#5812,.T.);
#7400=ORIENTED_EDGE('',*,*,#5813,.F.);
#7401=ORIENTED_EDGE('',*,*,#5814,.T.);
#7402=ORIENTED_EDGE('',*,*,#5815,.T.);
#7403=ORIENTED_EDGE('',*,*,#5816,.T.);
#7404=ORIENTED_EDGE('',*,*,#5817,.F.);
#7405=ORIENTED_EDGE('',*,*,#5818,.F.);
#7406=ORIENTED_EDGE('',*,*,#5819,.T.);
#7407=ORIENTED_EDGE('',*,*,#5820,.T.);
#7408=ORIENTED_EDGE('',*,*,#5821,.F.);
#7409=ORIENTED_EDGE('',*,*,#5822,.T.);
#7410=ORIENTED_EDGE('',*,*,#5793,.T.);
#7411=ORIENTED_EDGE('',*,*,#5823,.F.);
#7412=ORIENTED_EDGE('',*,*,#5824,.F.);
#7413=ORIENTED_EDGE('',*,*,#5825,.F.);
#7414=ORIENTED_EDGE('',*,*,#5826,.F.);
#7415=ORIENTED_EDGE('',*,*,#5827,.F.);
#7416=ORIENTED_EDGE('',*,*,#5828,.F.);
#7417=ORIENTED_EDGE('',*,*,#5829,.F.);
#7418=ORIENTED_EDGE('',*,*,#5830,.F.);
#7419=ORIENTED_EDGE('',*,*,#5831,.F.);
#7420=ORIENTED_EDGE('',*,*,#5832,.F.);
#7421=ORIENTED_EDGE('',*,*,#5833,.F.);
#7422=ORIENTED_EDGE('',*,*,#5834,.F.);
#7423=ORIENTED_EDGE('',*,*,#5835,.F.);
#7424=ORIENTED_EDGE('',*,*,#5836,.F.);
#7425=ORIENTED_EDGE('',*,*,#5837,.F.);
#7426=ORIENTED_EDGE('',*,*,#5838,.F.);
#7427=ORIENTED_EDGE('',*,*,#5839,.F.);
#7428=ORIENTED_EDGE('',*,*,#5840,.F.);
#7429=ORIENTED_EDGE('',*,*,#5841,.F.);
#7430=ORIENTED_EDGE('',*,*,#5842,.F.);
#7431=ORIENTED_EDGE('',*,*,#5843,.F.);
#7432=ORIENTED_EDGE('',*,*,#5844,.F.);
#7433=ORIENTED_EDGE('',*,*,#5845,.F.);
#7434=ORIENTED_EDGE('',*,*,#5846,.F.);
#7435=ORIENTED_EDGE('',*,*,#5847,.F.);
#7436=ORIENTED_EDGE('',*,*,#5848,.F.);
#7437=ORIENTED_EDGE('',*,*,#5849,.F.);
#7438=ORIENTED_EDGE('',*,*,#5850,.F.);
#7439=ORIENTED_EDGE('',*,*,#5851,.F.);
#7440=ORIENTED_EDGE('',*,*,#5852,.F.);
#7441=ORIENTED_EDGE('',*,*,#5853,.F.);
#7442=ORIENTED_EDGE('',*,*,#5854,.F.);
#7443=ORIENTED_EDGE('',*,*,#5855,.F.);
#7444=ORIENTED_EDGE('',*,*,#5856,.F.);
#7445=ORIENTED_EDGE('',*,*,#5857,.F.);
#7446=ORIENTED_EDGE('',*,*,#5858,.F.);
#7447=ORIENTED_EDGE('',*,*,#5859,.F.);
#7448=ORIENTED_EDGE('',*,*,#5860,.F.);
#7449=ORIENTED_EDGE('',*,*,#5861,.F.);
#7450=ORIENTED_EDGE('',*,*,#5862,.F.);
#7451=ORIENTED_EDGE('',*,*,#5863,.F.);
#7452=ORIENTED_EDGE('',*,*,#5864,.F.);
#7453=ORIENTED_EDGE('',*,*,#5865,.F.);
#7454=ORIENTED_EDGE('',*,*,#5866,.F.);
#7455=ORIENTED_EDGE('',*,*,#5867,.F.);
#7456=ORIENTED_EDGE('',*,*,#5868,.F.);
#7457=ORIENTED_EDGE('',*,*,#5869,.F.);
#7458=ORIENTED_EDGE('',*,*,#5870,.F.);
#7459=ORIENTED_EDGE('',*,*,#5871,.F.);
#7460=ORIENTED_EDGE('',*,*,#5872,.F.);
#7461=ORIENTED_EDGE('',*,*,#5873,.F.);
#7462=ORIENTED_EDGE('',*,*,#5874,.F.);
#7463=ORIENTED_EDGE('',*,*,#5875,.F.);
#7464=ORIENTED_EDGE('',*,*,#5876,.F.);
#7465=ORIENTED_EDGE('',*,*,#5877,.F.);
#7466=ORIENTED_EDGE('',*,*,#5878,.F.);
#7467=ORIENTED_EDGE('',*,*,#5879,.F.);
#7468=ORIENTED_EDGE('',*,*,#5880,.F.);
#7469=ORIENTED_EDGE('',*,*,#5881,.F.);
#7470=ORIENTED_EDGE('',*,*,#5882,.F.);
#7471=ORIENTED_EDGE('',*,*,#5883,.F.);
#7472=ORIENTED_EDGE('',*,*,#5884,.F.);
#7473=ORIENTED_EDGE('',*,*,#5885,.F.);
#7474=ORIENTED_EDGE('',*,*,#5886,.F.);
#7475=ORIENTED_EDGE('',*,*,#5887,.F.);
#7476=ORIENTED_EDGE('',*,*,#5888,.F.);
#7477=ORIENTED_EDGE('',*,*,#5889,.F.);
#7478=ORIENTED_EDGE('',*,*,#5890,.F.);
#7479=ORIENTED_EDGE('',*,*,#5891,.F.);
#7480=ORIENTED_EDGE('',*,*,#5892,.F.);
#7481=ORIENTED_EDGE('',*,*,#5893,.F.);
#7482=ORIENTED_EDGE('',*,*,#5894,.F.);
#7483=ORIENTED_EDGE('',*,*,#5895,.F.);
#7484=ORIENTED_EDGE('',*,*,#5896,.F.);
#7485=ORIENTED_EDGE('',*,*,#5897,.F.);
#7486=ORIENTED_EDGE('',*,*,#5898,.F.);
#7487=ORIENTED_EDGE('',*,*,#5899,.F.);
#7488=ORIENTED_EDGE('',*,*,#5900,.F.);
#7489=ORIENTED_EDGE('',*,*,#5901,.F.);
#7490=ORIENTED_EDGE('',*,*,#5902,.F.);
#7491=ORIENTED_EDGE('',*,*,#5903,.F.);
#7492=ORIENTED_EDGE('',*,*,#5904,.F.);
#7493=ORIENTED_EDGE('',*,*,#5905,.F.);
#7494=ORIENTED_EDGE('',*,*,#5906,.F.);
#7495=ORIENTED_EDGE('',*,*,#5907,.F.);
#7496=ORIENTED_EDGE('',*,*,#5908,.F.);
#7497=ORIENTED_EDGE('',*,*,#5909,.F.);
#7498=ORIENTED_EDGE('',*,*,#5910,.F.);
#7499=ORIENTED_EDGE('',*,*,#5911,.F.);
#7500=ORIENTED_EDGE('',*,*,#5912,.F.);
#7501=ORIENTED_EDGE('',*,*,#5913,.F.);
#7502=ORIENTED_EDGE('',*,*,#5914,.F.);
#7503=ORIENTED_EDGE('',*,*,#5915,.F.);
#7504=ORIENTED_EDGE('',*,*,#5916,.F.);
#7505=ORIENTED_EDGE('',*,*,#5917,.F.);
#7506=ORIENTED_EDGE('',*,*,#5918,.F.);
#7507=ORIENTED_EDGE('',*,*,#5919,.F.);
#7508=ORIENTED_EDGE('',*,*,#5920,.F.);
#7509=ORIENTED_EDGE('',*,*,#5921,.F.);
#7510=ORIENTED_EDGE('',*,*,#5922,.F.);
#7511=ORIENTED_EDGE('',*,*,#5923,.F.);
#7512=ORIENTED_EDGE('',*,*,#5924,.F.);
#7513=ORIENTED_EDGE('',*,*,#5925,.F.);
#7514=ORIENTED_EDGE('',*,*,#5926,.F.);
#7515=ORIENTED_EDGE('',*,*,#5927,.F.);
#7516=ORIENTED_EDGE('',*,*,#5928,.F.);
#7517=ORIENTED_EDGE('',*,*,#5929,.F.);
#7518=ORIENTED_EDGE('',*,*,#5930,.F.);
#7519=ORIENTED_EDGE('',*,*,#5786,.T.);
#7520=ORIENTED_EDGE('',*,*,#5783,.T.);
#7521=ORIENTED_EDGE('',*,*,#5780,.T.);
#7522=ORIENTED_EDGE('',*,*,#5777,.T.);
#7523=ORIENTED_EDGE('',*,*,#5774,.T.);
#7524=ORIENTED_EDGE('',*,*,#5771,.T.);
#7525=ORIENTED_EDGE('',*,*,#5931,.T.);
#7526=ORIENTED_EDGE('',*,*,#5932,.T.);
#7527=ORIENTED_EDGE('',*,*,#5821,.T.);
#7528=ORIENTED_EDGE('',*,*,#5933,.T.);
#7529=ORIENTED_EDGE('',*,*,#5933,.F.);
#7530=ORIENTED_EDGE('',*,*,#5820,.F.);
#7531=ORIENTED_EDGE('',*,*,#5934,.T.);
#7532=ORIENTED_EDGE('',*,*,#5935,.F.);
#7533=ORIENTED_EDGE('',*,*,#5936,.T.);
#7534=ORIENTED_EDGE('',*,*,#5937,.T.);
#7535=ORIENTED_EDGE('',*,*,#5813,.T.);
#7536=ORIENTED_EDGE('',*,*,#5938,.T.);
#7537=ORIENTED_EDGE('',*,*,#5938,.F.);
#7538=ORIENTED_EDGE('',*,*,#5812,.F.);
#7539=ORIENTED_EDGE('',*,*,#5939,.F.);
#7540=ORIENTED_EDGE('',*,*,#5940,.F.);
#7541=ORIENTED_EDGE('',*,*,#5941,.T.);
#7542=ORIENTED_EDGE('',*,*,#5942,.T.);
#7543=ORIENTED_EDGE('',*,*,#5803,.T.);
#7544=ORIENTED_EDGE('',*,*,#5943,.T.);
#7545=ORIENTED_EDGE('',*,*,#5943,.F.);
#7546=ORIENTED_EDGE('',*,*,#5802,.F.);
#7547=ORIENTED_EDGE('',*,*,#5944,.T.);
#7548=ORIENTED_EDGE('',*,*,#5945,.F.);
#7549=ORIENTED_EDGE('',*,*,#5946,.T.);
#7550=ORIENTED_EDGE('',*,*,#5939,.T.);
#7551=ORIENTED_EDGE('',*,*,#5811,.T.);
#7552=ORIENTED_EDGE('',*,*,#5947,.T.);
#7553=ORIENTED_EDGE('',*,*,#5928,.T.);
#7554=ORIENTED_EDGE('',*,*,#5948,.T.);
#7555=ORIENTED_EDGE('',*,*,#5949,.F.);
#7556=ORIENTED_EDGE('',*,*,#5950,.F.);
#7557=ORIENTED_EDGE('',*,*,#5929,.T.);
#7558=ORIENTED_EDGE('',*,*,#5950,.T.);
#7559=ORIENTED_EDGE('',*,*,#5951,.F.);
#7560=ORIENTED_EDGE('',*,*,#5952,.F.);
#7561=ORIENTED_EDGE('',*,*,#5930,.T.);
#7562=ORIENTED_EDGE('',*,*,#5952,.T.);
#7563=ORIENTED_EDGE('',*,*,#5953,.F.);
#7564=ORIENTED_EDGE('',*,*,#5954,.F.);
#7565=ORIENTED_EDGE('',*,*,#5927,.T.);
#7566=ORIENTED_EDGE('',*,*,#5954,.T.);
#7567=ORIENTED_EDGE('',*,*,#5955,.F.);
#7568=ORIENTED_EDGE('',*,*,#5948,.F.);
#7569=ORIENTED_EDGE('',*,*,#5956,.F.);
#7570=ORIENTED_EDGE('',*,*,#5957,.T.);
#7571=ORIENTED_EDGE('',*,*,#5926,.T.);
#7572=ORIENTED_EDGE('',*,*,#5957,.F.);
#7573=ORIENTED_EDGE('',*,*,#5923,.T.);
#7574=ORIENTED_EDGE('',*,*,#5958,.T.);
#7575=ORIENTED_EDGE('',*,*,#5959,.F.);
#7576=ORIENTED_EDGE('',*,*,#5960,.F.);
#7577=ORIENTED_EDGE('',*,*,#5924,.T.);
#7578=ORIENTED_EDGE('',*,*,#5960,.T.);
#7579=ORIENTED_EDGE('',*,*,#5961,.F.);
#7580=ORIENTED_EDGE('',*,*,#5962,.F.);
#7581=ORIENTED_EDGE('',*,*,#5925,.T.);
#7582=ORIENTED_EDGE('',*,*,#5962,.T.);
#7583=ORIENTED_EDGE('',*,*,#5963,.F.);
#7584=ORIENTED_EDGE('',*,*,#5964,.F.);
#7585=ORIENTED_EDGE('',*,*,#5922,.T.);
#7586=ORIENTED_EDGE('',*,*,#5964,.T.);
#7587=ORIENTED_EDGE('',*,*,#5965,.F.);
#7588=ORIENTED_EDGE('',*,*,#5958,.F.);
#7589=ORIENTED_EDGE('',*,*,#5919,.T.);
#7590=ORIENTED_EDGE('',*,*,#5966,.T.);
#7591=ORIENTED_EDGE('',*,*,#5967,.F.);
#7592=ORIENTED_EDGE('',*,*,#5968,.F.);
#7593=ORIENTED_EDGE('',*,*,#5920,.T.);
#7594=ORIENTED_EDGE('',*,*,#5968,.T.);
#7595=ORIENTED_EDGE('',*,*,#5969,.F.);
#7596=ORIENTED_EDGE('',*,*,#5970,.F.);
#7597=ORIENTED_EDGE('',*,*,#5921,.T.);
#7598=ORIENTED_EDGE('',*,*,#5970,.T.);
#7599=ORIENTED_EDGE('',*,*,#5971,.F.);
#7600=ORIENTED_EDGE('',*,*,#5972,.F.);
#7601=ORIENTED_EDGE('',*,*,#5918,.T.);
#7602=ORIENTED_EDGE('',*,*,#5972,.T.);
#7603=ORIENTED_EDGE('',*,*,#5973,.F.);
#7604=ORIENTED_EDGE('',*,*,#5966,.F.);
#7605=ORIENTED_EDGE('',*,*,#5974,.F.);
#7606=ORIENTED_EDGE('',*,*,#5975,.T.);
#7607=ORIENTED_EDGE('',*,*,#5917,.T.);
#7608=ORIENTED_EDGE('',*,*,#5975,.F.);
#7609=ORIENTED_EDGE('',*,*,#5914,.T.);
#7610=ORIENTED_EDGE('',*,*,#5976,.T.);
#7611=ORIENTED_EDGE('',*,*,#5977,.F.);
#7612=ORIENTED_EDGE('',*,*,#5978,.F.);
#7613=ORIENTED_EDGE('',*,*,#5915,.T.);
#7614=ORIENTED_EDGE('',*,*,#5978,.T.);
#7615=ORIENTED_EDGE('',*,*,#5979,.F.);
#7616=ORIENTED_EDGE('',*,*,#5980,.F.);
#7617=ORIENTED_EDGE('',*,*,#5916,.T.);
#7618=ORIENTED_EDGE('',*,*,#5980,.T.);
#7619=ORIENTED_EDGE('',*,*,#5981,.F.);
#7620=ORIENTED_EDGE('',*,*,#5982,.F.);
#7621=ORIENTED_EDGE('',*,*,#5913,.T.);
#7622=ORIENTED_EDGE('',*,*,#5982,.T.);
#7623=ORIENTED_EDGE('',*,*,#5983,.F.);
#7624=ORIENTED_EDGE('',*,*,#5976,.F.);
#7625=ORIENTED_EDGE('',*,*,#5910,.T.);
#7626=ORIENTED_EDGE('',*,*,#5984,.T.);
#7627=ORIENTED_EDGE('',*,*,#5985,.F.);
#7628=ORIENTED_EDGE('',*,*,#5986,.F.);
#7629=ORIENTED_EDGE('',*,*,#5911,.T.);
#7630=ORIENTED_EDGE('',*,*,#5986,.T.);
#7631=ORIENTED_EDGE('',*,*,#5987,.F.);
#7632=ORIENTED_EDGE('',*,*,#5988,.F.);
#7633=ORIENTED_EDGE('',*,*,#5912,.T.);
#7634=ORIENTED_EDGE('',*,*,#5988,.T.);
#7635=ORIENTED_EDGE('',*,*,#5989,.F.);
#7636=ORIENTED_EDGE('',*,*,#5990,.F.);
#7637=ORIENTED_EDGE('',*,*,#5909,.T.);
#7638=ORIENTED_EDGE('',*,*,#5990,.T.);
#7639=ORIENTED_EDGE('',*,*,#5991,.F.);
#7640=ORIENTED_EDGE('',*,*,#5984,.F.);
#7641=ORIENTED_EDGE('',*,*,#5992,.F.);
#7642=ORIENTED_EDGE('',*,*,#5993,.T.);
#7643=ORIENTED_EDGE('',*,*,#5908,.T.);
#7644=ORIENTED_EDGE('',*,*,#5993,.F.);
#7645=ORIENTED_EDGE('',*,*,#5905,.T.);
#7646=ORIENTED_EDGE('',*,*,#5994,.T.);
#7647=ORIENTED_EDGE('',*,*,#5995,.F.);
#7648=ORIENTED_EDGE('',*,*,#5996,.F.);
#7649=ORIENTED_EDGE('',*,*,#5906,.T.);
#7650=ORIENTED_EDGE('',*,*,#5996,.T.);
#7651=ORIENTED_EDGE('',*,*,#5997,.F.);
#7652=ORIENTED_EDGE('',*,*,#5998,.F.);
#7653=ORIENTED_EDGE('',*,*,#5907,.T.);
#7654=ORIENTED_EDGE('',*,*,#5998,.T.);
#7655=ORIENTED_EDGE('',*,*,#5999,.F.);
#7656=ORIENTED_EDGE('',*,*,#6000,.F.);
#7657=ORIENTED_EDGE('',*,*,#5904,.T.);
#7658=ORIENTED_EDGE('',*,*,#6000,.T.);
#7659=ORIENTED_EDGE('',*,*,#6001,.F.);
#7660=ORIENTED_EDGE('',*,*,#5994,.F.);
#7661=ORIENTED_EDGE('',*,*,#5901,.T.);
#7662=ORIENTED_EDGE('',*,*,#6002,.T.);
#7663=ORIENTED_EDGE('',*,*,#6003,.F.);
#7664=ORIENTED_EDGE('',*,*,#6004,.F.);
#7665=ORIENTED_EDGE('',*,*,#5902,.T.);
#7666=ORIENTED_EDGE('',*,*,#6004,.T.);
#7667=ORIENTED_EDGE('',*,*,#6005,.F.);
#7668=ORIENTED_EDGE('',*,*,#6006,.F.);
#7669=ORIENTED_EDGE('',*,*,#5903,.T.);
#7670=ORIENTED_EDGE('',*,*,#6006,.T.);
#7671=ORIENTED_EDGE('',*,*,#6007,.F.);
#7672=ORIENTED_EDGE('',*,*,#6008,.F.);
#7673=ORIENTED_EDGE('',*,*,#5900,.T.);
#7674=ORIENTED_EDGE('',*,*,#6008,.T.);
#7675=ORIENTED_EDGE('',*,*,#6009,.F.);
#7676=ORIENTED_EDGE('',*,*,#6002,.F.);
#7677=ORIENTED_EDGE('',*,*,#5897,.T.);
#7678=ORIENTED_EDGE('',*,*,#6010,.T.);
#7679=ORIENTED_EDGE('',*,*,#6011,.F.);
#7680=ORIENTED_EDGE('',*,*,#6012,.F.);
#7681=ORIENTED_EDGE('',*,*,#5898,.T.);
#7682=ORIENTED_EDGE('',*,*,#6012,.T.);
#7683=ORIENTED_EDGE('',*,*,#6013,.F.);
#7684=ORIENTED_EDGE('',*,*,#6014,.F.);
#7685=ORIENTED_EDGE('',*,*,#5899,.T.);
#7686=ORIENTED_EDGE('',*,*,#6014,.T.);
#7687=ORIENTED_EDGE('',*,*,#6015,.F.);
#7688=ORIENTED_EDGE('',*,*,#6016,.F.);
#7689=ORIENTED_EDGE('',*,*,#5896,.T.);
#7690=ORIENTED_EDGE('',*,*,#6016,.T.);
#7691=ORIENTED_EDGE('',*,*,#6017,.F.);
#7692=ORIENTED_EDGE('',*,*,#6010,.F.);
#7693=ORIENTED_EDGE('',*,*,#5893,.T.);
#7694=ORIENTED_EDGE('',*,*,#6018,.T.);
#7695=ORIENTED_EDGE('',*,*,#6019,.F.);
#7696=ORIENTED_EDGE('',*,*,#6020,.F.);
#7697=ORIENTED_EDGE('',*,*,#5894,.T.);
#7698=ORIENTED_EDGE('',*,*,#6020,.T.);
#7699=ORIENTED_EDGE('',*,*,#6021,.F.);
#7700=ORIENTED_EDGE('',*,*,#6022,.F.);
#7701=ORIENTED_EDGE('',*,*,#5895,.T.);
#7702=ORIENTED_EDGE('',*,*,#6022,.T.);
#7703=ORIENTED_EDGE('',*,*,#6023,.F.);
#7704=ORIENTED_EDGE('',*,*,#6024,.F.);
#7705=ORIENTED_EDGE('',*,*,#5892,.T.);
#7706=ORIENTED_EDGE('',*,*,#6024,.T.);
#7707=ORIENTED_EDGE('',*,*,#6025,.F.);
#7708=ORIENTED_EDGE('',*,*,#6018,.F.);
#7709=ORIENTED_EDGE('',*,*,#5889,.T.);
#7710=ORIENTED_EDGE('',*,*,#6026,.T.);
#7711=ORIENTED_EDGE('',*,*,#6027,.F.);
#7712=ORIENTED_EDGE('',*,*,#6028,.F.);
#7713=ORIENTED_EDGE('',*,*,#5890,.T.);
#7714=ORIENTED_EDGE('',*,*,#6028,.T.);
#7715=ORIENTED_EDGE('',*,*,#6029,.F.);
#7716=ORIENTED_EDGE('',*,*,#6030,.F.);
#7717=ORIENTED_EDGE('',*,*,#5891,.T.);
#7718=ORIENTED_EDGE('',*,*,#6030,.T.);
#7719=ORIENTED_EDGE('',*,*,#6031,.F.);
#7720=ORIENTED_EDGE('',*,*,#6032,.F.);
#7721=ORIENTED_EDGE('',*,*,#5888,.T.);
#7722=ORIENTED_EDGE('',*,*,#6032,.T.);
#7723=ORIENTED_EDGE('',*,*,#6033,.F.);
#7724=ORIENTED_EDGE('',*,*,#6026,.F.);
#7725=ORIENTED_EDGE('',*,*,#5885,.T.);
#7726=ORIENTED_EDGE('',*,*,#6034,.T.);
#7727=ORIENTED_EDGE('',*,*,#6035,.F.);
#7728=ORIENTED_EDGE('',*,*,#6036,.F.);
#7729=ORIENTED_EDGE('',*,*,#5886,.T.);
#7730=ORIENTED_EDGE('',*,*,#6036,.T.);
#7731=ORIENTED_EDGE('',*,*,#6037,.F.);
#7732=ORIENTED_EDGE('',*,*,#6038,.F.);
#7733=ORIENTED_EDGE('',*,*,#5887,.T.);
#7734=ORIENTED_EDGE('',*,*,#6038,.T.);
#7735=ORIENTED_EDGE('',*,*,#6039,.F.);
#7736=ORIENTED_EDGE('',*,*,#6040,.F.);
#7737=ORIENTED_EDGE('',*,*,#5884,.T.);
#7738=ORIENTED_EDGE('',*,*,#6040,.T.);
#7739=ORIENTED_EDGE('',*,*,#6041,.F.);
#7740=ORIENTED_EDGE('',*,*,#6034,.F.);
#7741=ORIENTED_EDGE('',*,*,#5881,.T.);
#7742=ORIENTED_EDGE('',*,*,#6042,.T.);
#7743=ORIENTED_EDGE('',*,*,#6043,.F.);
#7744=ORIENTED_EDGE('',*,*,#6044,.F.);
#7745=ORIENTED_EDGE('',*,*,#5882,.T.);
#7746=ORIENTED_EDGE('',*,*,#6044,.T.);
#7747=ORIENTED_EDGE('',*,*,#6045,.F.);
#7748=ORIENTED_EDGE('',*,*,#6046,.F.);
#7749=ORIENTED_EDGE('',*,*,#5883,.T.);
#7750=ORIENTED_EDGE('',*,*,#6046,.T.);
#7751=ORIENTED_EDGE('',*,*,#6047,.F.);
#7752=ORIENTED_EDGE('',*,*,#6048,.F.);
#7753=ORIENTED_EDGE('',*,*,#5880,.T.);
#7754=ORIENTED_EDGE('',*,*,#6048,.T.);
#7755=ORIENTED_EDGE('',*,*,#6049,.F.);
#7756=ORIENTED_EDGE('',*,*,#6042,.F.);
#7757=ORIENTED_EDGE('',*,*,#5877,.T.);
#7758=ORIENTED_EDGE('',*,*,#6050,.T.);
#7759=ORIENTED_EDGE('',*,*,#6051,.F.);
#7760=ORIENTED_EDGE('',*,*,#6052,.F.);
#7761=ORIENTED_EDGE('',*,*,#5878,.T.);
#7762=ORIENTED_EDGE('',*,*,#6052,.T.);
#7763=ORIENTED_EDGE('',*,*,#6053,.F.);
#7764=ORIENTED_EDGE('',*,*,#6054,.F.);
#7765=ORIENTED_EDGE('',*,*,#5879,.T.);
#7766=ORIENTED_EDGE('',*,*,#6054,.T.);
#7767=ORIENTED_EDGE('',*,*,#6055,.F.);
#7768=ORIENTED_EDGE('',*,*,#6056,.F.);
#7769=ORIENTED_EDGE('',*,*,#5876,.T.);
#7770=ORIENTED_EDGE('',*,*,#6056,.T.);
#7771=ORIENTED_EDGE('',*,*,#6057,.F.);
#7772=ORIENTED_EDGE('',*,*,#6050,.F.);
#7773=ORIENTED_EDGE('',*,*,#5873,.T.);
#7774=ORIENTED_EDGE('',*,*,#6058,.T.);
#7775=ORIENTED_EDGE('',*,*,#6059,.F.);
#7776=ORIENTED_EDGE('',*,*,#6060,.F.);
#7777=ORIENTED_EDGE('',*,*,#5874,.T.);
#7778=ORIENTED_EDGE('',*,*,#6060,.T.);
#7779=ORIENTED_EDGE('',*,*,#6061,.F.);
#7780=ORIENTED_EDGE('',*,*,#6062,.F.);
#7781=ORIENTED_EDGE('',*,*,#5875,.T.);
#7782=ORIENTED_EDGE('',*,*,#6062,.T.);
#7783=ORIENTED_EDGE('',*,*,#6063,.F.);
#7784=ORIENTED_EDGE('',*,*,#6064,.F.);
#7785=ORIENTED_EDGE('',*,*,#5872,.T.);
#7786=ORIENTED_EDGE('',*,*,#6064,.T.);
#7787=ORIENTED_EDGE('',*,*,#6065,.F.);
#7788=ORIENTED_EDGE('',*,*,#6058,.F.);
#7789=ORIENTED_EDGE('',*,*,#5869,.T.);
#7790=ORIENTED_EDGE('',*,*,#6066,.T.);
#7791=ORIENTED_EDGE('',*,*,#6067,.F.);
#7792=ORIENTED_EDGE('',*,*,#6068,.F.);
#7793=ORIENTED_EDGE('',*,*,#5870,.T.);
#7794=ORIENTED_EDGE('',*,*,#6068,.T.);
#7795=ORIENTED_EDGE('',*,*,#6069,.F.);
#7796=ORIENTED_EDGE('',*,*,#6070,.F.);
#7797=ORIENTED_EDGE('',*,*,#5871,.T.);
#7798=ORIENTED_EDGE('',*,*,#6070,.T.);
#7799=ORIENTED_EDGE('',*,*,#6071,.F.);
#7800=ORIENTED_EDGE('',*,*,#6072,.F.);
#7801=ORIENTED_EDGE('',*,*,#5868,.T.);
#7802=ORIENTED_EDGE('',*,*,#6072,.T.);
#7803=ORIENTED_EDGE('',*,*,#6073,.F.);
#7804=ORIENTED_EDGE('',*,*,#6066,.F.);
#7805=ORIENTED_EDGE('',*,*,#5865,.T.);
#7806=ORIENTED_EDGE('',*,*,#6074,.T.);
#7807=ORIENTED_EDGE('',*,*,#6075,.F.);
#7808=ORIENTED_EDGE('',*,*,#6076,.F.);
#7809=ORIENTED_EDGE('',*,*,#5866,.T.);
#7810=ORIENTED_EDGE('',*,*,#6076,.T.);
#7811=ORIENTED_EDGE('',*,*,#6077,.F.);
#7812=ORIENTED_EDGE('',*,*,#6078,.F.);
#7813=ORIENTED_EDGE('',*,*,#5867,.T.);
#7814=ORIENTED_EDGE('',*,*,#6078,.T.);
#7815=ORIENTED_EDGE('',*,*,#6079,.F.);
#7816=ORIENTED_EDGE('',*,*,#6080,.F.);
#7817=ORIENTED_EDGE('',*,*,#5864,.T.);
#7818=ORIENTED_EDGE('',*,*,#6080,.T.);
#7819=ORIENTED_EDGE('',*,*,#6081,.F.);
#7820=ORIENTED_EDGE('',*,*,#6074,.F.);
#7821=ORIENTED_EDGE('',*,*,#5861,.T.);
#7822=ORIENTED_EDGE('',*,*,#6082,.T.);
#7823=ORIENTED_EDGE('',*,*,#6083,.F.);
#7824=ORIENTED_EDGE('',*,*,#6084,.F.);
#7825=ORIENTED_EDGE('',*,*,#5862,.T.);
#7826=ORIENTED_EDGE('',*,*,#6084,.T.);
#7827=ORIENTED_EDGE('',*,*,#6085,.F.);
#7828=ORIENTED_EDGE('',*,*,#6086,.F.);
#7829=ORIENTED_EDGE('',*,*,#5863,.T.);
#7830=ORIENTED_EDGE('',*,*,#6086,.T.);
#7831=ORIENTED_EDGE('',*,*,#6087,.F.);
#7832=ORIENTED_EDGE('',*,*,#6088,.F.);
#7833=ORIENTED_EDGE('',*,*,#5860,.T.);
#7834=ORIENTED_EDGE('',*,*,#6088,.T.);
#7835=ORIENTED_EDGE('',*,*,#6089,.F.);
#7836=ORIENTED_EDGE('',*,*,#6082,.F.);
#7837=ORIENTED_EDGE('',*,*,#5857,.T.);
#7838=ORIENTED_EDGE('',*,*,#6090,.T.);
#7839=ORIENTED_EDGE('',*,*,#6091,.F.);
#7840=ORIENTED_EDGE('',*,*,#6092,.F.);
#7841=ORIENTED_EDGE('',*,*,#5858,.T.);
#7842=ORIENTED_EDGE('',*,*,#6092,.T.);
#7843=ORIENTED_EDGE('',*,*,#6093,.F.);
#7844=ORIENTED_EDGE('',*,*,#6094,.F.);
#7845=ORIENTED_EDGE('',*,*,#5859,.T.);
#7846=ORIENTED_EDGE('',*,*,#6094,.T.);
#7847=ORIENTED_EDGE('',*,*,#6095,.F.);
#7848=ORIENTED_EDGE('',*,*,#6096,.F.);
#7849=ORIENTED_EDGE('',*,*,#5856,.T.);
#7850=ORIENTED_EDGE('',*,*,#6096,.T.);
#7851=ORIENTED_EDGE('',*,*,#6097,.F.);
#7852=ORIENTED_EDGE('',*,*,#6090,.F.);
#7853=ORIENTED_EDGE('',*,*,#5853,.T.);
#7854=ORIENTED_EDGE('',*,*,#6098,.T.);
#7855=ORIENTED_EDGE('',*,*,#6099,.F.);
#7856=ORIENTED_EDGE('',*,*,#6100,.F.);
#7857=ORIENTED_EDGE('',*,*,#5854,.T.);
#7858=ORIENTED_EDGE('',*,*,#6100,.T.);
#7859=ORIENTED_EDGE('',*,*,#6101,.F.);
#7860=ORIENTED_EDGE('',*,*,#6102,.F.);
#7861=ORIENTED_EDGE('',*,*,#5855,.T.);
#7862=ORIENTED_EDGE('',*,*,#6102,.T.);
#7863=ORIENTED_EDGE('',*,*,#6103,.F.);
#7864=ORIENTED_EDGE('',*,*,#6104,.F.);
#7865=ORIENTED_EDGE('',*,*,#5852,.T.);
#7866=ORIENTED_EDGE('',*,*,#6104,.T.);
#7867=ORIENTED_EDGE('',*,*,#6105,.F.);
#7868=ORIENTED_EDGE('',*,*,#6098,.F.);
#7869=ORIENTED_EDGE('',*,*,#5849,.T.);
#7870=ORIENTED_EDGE('',*,*,#6106,.T.);
#7871=ORIENTED_EDGE('',*,*,#6107,.F.);
#7872=ORIENTED_EDGE('',*,*,#6108,.F.);
#7873=ORIENTED_EDGE('',*,*,#5850,.T.);
#7874=ORIENTED_EDGE('',*,*,#6108,.T.);
#7875=ORIENTED_EDGE('',*,*,#6109,.F.);
#7876=ORIENTED_EDGE('',*,*,#6110,.F.);
#7877=ORIENTED_EDGE('',*,*,#5851,.T.);
#7878=ORIENTED_EDGE('',*,*,#6110,.T.);
#7879=ORIENTED_EDGE('',*,*,#6111,.F.);
#7880=ORIENTED_EDGE('',*,*,#6112,.F.);
#7881=ORIENTED_EDGE('',*,*,#5848,.T.);
#7882=ORIENTED_EDGE('',*,*,#6112,.T.);
#7883=ORIENTED_EDGE('',*,*,#6113,.F.);
#7884=ORIENTED_EDGE('',*,*,#6106,.F.);
#7885=ORIENTED_EDGE('',*,*,#5845,.T.);
#7886=ORIENTED_EDGE('',*,*,#6114,.T.);
#7887=ORIENTED_EDGE('',*,*,#6115,.F.);
#7888=ORIENTED_EDGE('',*,*,#6116,.F.);
#7889=ORIENTED_EDGE('',*,*,#5846,.T.);
#7890=ORIENTED_EDGE('',*,*,#6116,.T.);
#7891=ORIENTED_EDGE('',*,*,#6117,.F.);
#7892=ORIENTED_EDGE('',*,*,#6118,.F.);
#7893=ORIENTED_EDGE('',*,*,#5847,.T.);
#7894=ORIENTED_EDGE('',*,*,#6118,.T.);
#7895=ORIENTED_EDGE('',*,*,#6119,.F.);
#7896=ORIENTED_EDGE('',*,*,#6120,.F.);
#7897=ORIENTED_EDGE('',*,*,#5844,.T.);
#7898=ORIENTED_EDGE('',*,*,#6120,.T.);
#7899=ORIENTED_EDGE('',*,*,#6121,.F.);
#7900=ORIENTED_EDGE('',*,*,#6114,.F.);
#7901=ORIENTED_EDGE('',*,*,#5841,.T.);
#7902=ORIENTED_EDGE('',*,*,#6122,.T.);
#7903=ORIENTED_EDGE('',*,*,#6123,.F.);
#7904=ORIENTED_EDGE('',*,*,#6124,.F.);
#7905=ORIENTED_EDGE('',*,*,#5842,.T.);
#7906=ORIENTED_EDGE('',*,*,#6124,.T.);
#7907=ORIENTED_EDGE('',*,*,#6125,.F.);
#7908=ORIENTED_EDGE('',*,*,#6126,.F.);
#7909=ORIENTED_EDGE('',*,*,#5843,.T.);
#7910=ORIENTED_EDGE('',*,*,#6126,.T.);
#7911=ORIENTED_EDGE('',*,*,#6127,.F.);
#7912=ORIENTED_EDGE('',*,*,#6128,.F.);
#7913=ORIENTED_EDGE('',*,*,#5840,.T.);
#7914=ORIENTED_EDGE('',*,*,#6128,.T.);
#7915=ORIENTED_EDGE('',*,*,#6129,.F.);
#7916=ORIENTED_EDGE('',*,*,#6122,.F.);
#7917=ORIENTED_EDGE('',*,*,#5837,.T.);
#7918=ORIENTED_EDGE('',*,*,#6130,.T.);
#7919=ORIENTED_EDGE('',*,*,#6131,.F.);
#7920=ORIENTED_EDGE('',*,*,#6132,.F.);
#7921=ORIENTED_EDGE('',*,*,#5838,.T.);
#7922=ORIENTED_EDGE('',*,*,#6132,.T.);
#7923=ORIENTED_EDGE('',*,*,#6133,.F.);
#7924=ORIENTED_EDGE('',*,*,#6134,.F.);
#7925=ORIENTED_EDGE('',*,*,#5839,.T.);
#7926=ORIENTED_EDGE('',*,*,#6134,.T.);
#7927=ORIENTED_EDGE('',*,*,#6135,.F.);
#7928=ORIENTED_EDGE('',*,*,#6136,.F.);
#7929=ORIENTED_EDGE('',*,*,#5836,.T.);
#7930=ORIENTED_EDGE('',*,*,#6136,.T.);
#7931=ORIENTED_EDGE('',*,*,#6137,.F.);
#7932=ORIENTED_EDGE('',*,*,#6130,.F.);
#7933=ORIENTED_EDGE('',*,*,#6138,.F.);
#7934=ORIENTED_EDGE('',*,*,#6139,.T.);
#7935=ORIENTED_EDGE('',*,*,#5835,.T.);
#7936=ORIENTED_EDGE('',*,*,#6139,.F.);
#7937=ORIENTED_EDGE('',*,*,#5832,.T.);
#7938=ORIENTED_EDGE('',*,*,#6140,.T.);
#7939=ORIENTED_EDGE('',*,*,#6141,.F.);
#7940=ORIENTED_EDGE('',*,*,#6142,.F.);
#7941=ORIENTED_EDGE('',*,*,#5833,.T.);
#7942=ORIENTED_EDGE('',*,*,#6142,.T.);
#7943=ORIENTED_EDGE('',*,*,#6143,.F.);
#7944=ORIENTED_EDGE('',*,*,#6144,.F.);
#7945=ORIENTED_EDGE('',*,*,#5834,.T.);
#7946=ORIENTED_EDGE('',*,*,#6144,.T.);
#7947=ORIENTED_EDGE('',*,*,#6145,.F.);
#7948=ORIENTED_EDGE('',*,*,#6146,.F.);
#7949=ORIENTED_EDGE('',*,*,#5831,.T.);
#7950=ORIENTED_EDGE('',*,*,#6146,.T.);
#7951=ORIENTED_EDGE('',*,*,#6147,.F.);
#7952=ORIENTED_EDGE('',*,*,#6140,.F.);
#7953=ORIENTED_EDGE('',*,*,#5828,.T.);
#7954=ORIENTED_EDGE('',*,*,#6148,.T.);
#7955=ORIENTED_EDGE('',*,*,#6149,.F.);
#7956=ORIENTED_EDGE('',*,*,#6150,.F.);
#7957=ORIENTED_EDGE('',*,*,#5829,.T.);
#7958=ORIENTED_EDGE('',*,*,#6150,.T.);
#7959=ORIENTED_EDGE('',*,*,#6151,.F.);
#7960=ORIENTED_EDGE('',*,*,#6152,.F.);
#7961=ORIENTED_EDGE('',*,*,#5830,.T.);
#7962=ORIENTED_EDGE('',*,*,#6152,.T.);
#7963=ORIENTED_EDGE('',*,*,#6153,.F.);
#7964=ORIENTED_EDGE('',*,*,#6154,.F.);
#7965=ORIENTED_EDGE('',*,*,#5827,.T.);
#7966=ORIENTED_EDGE('',*,*,#6154,.T.);
#7967=ORIENTED_EDGE('',*,*,#6155,.F.);
#7968=ORIENTED_EDGE('',*,*,#6148,.F.);
#7969=ORIENTED_EDGE('',*,*,#5824,.T.);
#7970=ORIENTED_EDGE('',*,*,#6156,.T.);
#7971=ORIENTED_EDGE('',*,*,#6157,.F.);
#7972=ORIENTED_EDGE('',*,*,#6158,.F.);
#7973=ORIENTED_EDGE('',*,*,#5825,.T.);
#7974=ORIENTED_EDGE('',*,*,#6158,.T.);
#7975=ORIENTED_EDGE('',*,*,#6159,.F.);
#7976=ORIENTED_EDGE('',*,*,#6160,.F.);
#7977=ORIENTED_EDGE('',*,*,#5826,.T.);
#7978=ORIENTED_EDGE('',*,*,#6160,.T.);
#7979=ORIENTED_EDGE('',*,*,#6161,.F.);
#7980=ORIENTED_EDGE('',*,*,#6162,.F.);
#7981=ORIENTED_EDGE('',*,*,#5823,.T.);
#7982=ORIENTED_EDGE('',*,*,#6162,.T.);
#7983=ORIENTED_EDGE('',*,*,#6163,.F.);
#7984=ORIENTED_EDGE('',*,*,#6156,.F.);
#7985=ORIENTED_EDGE('',*,*,#5818,.T.);
#7986=ORIENTED_EDGE('',*,*,#6164,.T.);
#7987=ORIENTED_EDGE('',*,*,#6165,.F.);
#7988=ORIENTED_EDGE('',*,*,#6166,.F.);
#7989=ORIENTED_EDGE('',*,*,#5819,.F.);
#7990=ORIENTED_EDGE('',*,*,#6166,.T.);
#7991=ORIENTED_EDGE('',*,*,#6167,.F.);
#7992=ORIENTED_EDGE('',*,*,#5934,.F.);
#7993=ORIENTED_EDGE('',*,*,#5932,.F.);
#7994=ORIENTED_EDGE('',*,*,#6168,.F.);
#7995=ORIENTED_EDGE('',*,*,#5794,.F.);
#7996=ORIENTED_EDGE('',*,*,#5822,.F.);
#7997=ORIENTED_EDGE('',*,*,#5790,.F.);
#7998=ORIENTED_EDGE('',*,*,#6169,.F.);
#7999=ORIENTED_EDGE('',*,*,#6170,.F.);
#8000=ORIENTED_EDGE('',*,*,#5796,.F.);
#8001=ORIENTED_EDGE('',*,*,#5797,.F.);
#8002=ORIENTED_EDGE('',*,*,#6170,.T.);
#8003=ORIENTED_EDGE('',*,*,#6171,.F.);
#8004=ORIENTED_EDGE('',*,*,#6172,.F.);
#8005=ORIENTED_EDGE('',*,*,#5798,.F.);
#8006=ORIENTED_EDGE('',*,*,#6172,.T.);
#8007=ORIENTED_EDGE('',*,*,#6173,.F.);
#8008=ORIENTED_EDGE('',*,*,#6174,.F.);
#8009=ORIENTED_EDGE('',*,*,#5799,.T.);
#8010=ORIENTED_EDGE('',*,*,#6174,.T.);
#8011=ORIENTED_EDGE('',*,*,#6175,.F.);
#8012=ORIENTED_EDGE('',*,*,#6176,.F.);
#8013=ORIENTED_EDGE('',*,*,#5800,.T.);
#8014=ORIENTED_EDGE('',*,*,#6176,.T.);
#8015=ORIENTED_EDGE('',*,*,#6177,.F.);
#8016=ORIENTED_EDGE('',*,*,#6178,.F.);
#8017=ORIENTED_EDGE('',*,*,#5801,.F.);
#8018=ORIENTED_EDGE('',*,*,#6178,.T.);
#8019=ORIENTED_EDGE('',*,*,#6179,.F.);
#8020=ORIENTED_EDGE('',*,*,#5944,.F.);
#8021=ORIENTED_EDGE('',*,*,#5942,.F.);
#8022=ORIENTED_EDGE('',*,*,#6180,.F.);
#8023=ORIENTED_EDGE('',*,*,#6181,.F.);
#8024=ORIENTED_EDGE('',*,*,#5804,.F.);
#8025=ORIENTED_EDGE('',*,*,#5805,.F.);
#8026=ORIENTED_EDGE('',*,*,#6181,.T.);
#8027=ORIENTED_EDGE('',*,*,#6182,.F.);
#8028=ORIENTED_EDGE('',*,*,#6183,.F.);
#8029=ORIENTED_EDGE('',*,*,#5806,.F.);
#8030=ORIENTED_EDGE('',*,*,#6183,.T.);
#8031=ORIENTED_EDGE('',*,*,#6184,.F.);
#8032=ORIENTED_EDGE('',*,*,#6185,.F.);
#8033=ORIENTED_EDGE('',*,*,#5807,.T.);
#8034=ORIENTED_EDGE('',*,*,#6185,.T.);
#8035=ORIENTED_EDGE('',*,*,#6186,.F.);
#8036=ORIENTED_EDGE('',*,*,#6187,.F.);
#8037=ORIENTED_EDGE('',*,*,#5808,.T.);
#8038=ORIENTED_EDGE('',*,*,#6187,.T.);
#8039=ORIENTED_EDGE('',*,*,#6188,.F.);
#8040=ORIENTED_EDGE('',*,*,#6189,.F.);
#8041=ORIENTED_EDGE('',*,*,#5809,.F.);
#8042=ORIENTED_EDGE('',*,*,#6189,.T.);
#8043=ORIENTED_EDGE('',*,*,#6190,.F.);
#8044=ORIENTED_EDGE('',*,*,#6191,.F.);
#8045=ORIENTED_EDGE('',*,*,#5947,.F.);
#8046=ORIENTED_EDGE('',*,*,#5810,.F.);
#8047=ORIENTED_EDGE('',*,*,#6191,.T.);
#8048=ORIENTED_EDGE('',*,*,#6192,.F.);
#8049=ORIENTED_EDGE('',*,*,#5937,.F.);
#8050=ORIENTED_EDGE('',*,*,#6193,.F.);
#8051=ORIENTED_EDGE('',*,*,#6194,.F.);
#8052=ORIENTED_EDGE('',*,*,#5814,.F.);
#8053=ORIENTED_EDGE('',*,*,#5815,.F.);
#8054=ORIENTED_EDGE('',*,*,#6194,.T.);
#8055=ORIENTED_EDGE('',*,*,#6195,.F.);
#8056=ORIENTED_EDGE('',*,*,#6196,.F.);
#8057=ORIENTED_EDGE('',*,*,#5816,.F.);
#8058=ORIENTED_EDGE('',*,*,#6196,.T.);
#8059=ORIENTED_EDGE('',*,*,#6197,.F.);
#8060=ORIENTED_EDGE('',*,*,#6198,.F.);
#8061=ORIENTED_EDGE('',*,*,#5817,.T.);
#8062=ORIENTED_EDGE('',*,*,#6198,.T.);
#8063=ORIENTED_EDGE('',*,*,#6199,.F.);
#8064=ORIENTED_EDGE('',*,*,#6164,.F.);
#8065=ORIENTED_EDGE('',*,*,#5789,.F.);
#8066=ORIENTED_EDGE('',*,*,#5795,.T.);
#8067=ORIENTED_EDGE('',*,*,#6168,.T.);
#8068=ORIENTED_EDGE('',*,*,#5931,.F.);
#8069=ORIENTED_EDGE('',*,*,#5935,.T.);
#8070=ORIENTED_EDGE('',*,*,#6167,.T.);
#8071=ORIENTED_EDGE('',*,*,#6165,.T.);
#8072=ORIENTED_EDGE('',*,*,#6199,.T.);
#8073=ORIENTED_EDGE('',*,*,#6197,.T.);
#8074=ORIENTED_EDGE('',*,*,#6195,.T.);
#8075=ORIENTED_EDGE('',*,*,#6193,.T.);
#8076=ORIENTED_EDGE('',*,*,#5936,.F.);
#8077=ORIENTED_EDGE('',*,*,#5940,.T.);
#8078=ORIENTED_EDGE('',*,*,#5946,.F.);
#8079=ORIENTED_EDGE('',*,*,#6192,.T.);
#8080=ORIENTED_EDGE('',*,*,#6190,.T.);
#8081=ORIENTED_EDGE('',*,*,#6188,.T.);
#8082=ORIENTED_EDGE('',*,*,#6186,.T.);
#8083=ORIENTED_EDGE('',*,*,#6184,.T.);
#8084=ORIENTED_EDGE('',*,*,#6182,.T.);
#8085=ORIENTED_EDGE('',*,*,#6180,.T.);
#8086=ORIENTED_EDGE('',*,*,#5941,.F.);
#8087=ORIENTED_EDGE('',*,*,#5945,.T.);
#8088=ORIENTED_EDGE('',*,*,#6179,.T.);
#8089=ORIENTED_EDGE('',*,*,#6177,.T.);
#8090=ORIENTED_EDGE('',*,*,#6175,.T.);
#8091=ORIENTED_EDGE('',*,*,#6173,.T.);
#8092=ORIENTED_EDGE('',*,*,#6171,.T.);
#8093=ORIENTED_EDGE('',*,*,#6169,.T.);
#8094=ORIENTED_EDGE('',*,*,#5955,.T.);
#8095=ORIENTED_EDGE('',*,*,#5953,.T.);
#8096=ORIENTED_EDGE('',*,*,#5951,.T.);
#8097=ORIENTED_EDGE('',*,*,#5949,.T.);
#8098=ORIENTED_EDGE('',*,*,#5956,.T.);
#8099=ORIENTED_EDGE('',*,*,#5965,.T.);
#8100=ORIENTED_EDGE('',*,*,#5963,.T.);
#8101=ORIENTED_EDGE('',*,*,#5961,.T.);
#8102=ORIENTED_EDGE('',*,*,#5959,.T.);
#8103=ORIENTED_EDGE('',*,*,#5973,.T.);
#8104=ORIENTED_EDGE('',*,*,#5971,.T.);
#8105=ORIENTED_EDGE('',*,*,#5969,.T.);
#8106=ORIENTED_EDGE('',*,*,#5967,.T.);
#8107=ORIENTED_EDGE('',*,*,#5974,.T.);
#8108=ORIENTED_EDGE('',*,*,#5983,.T.);
#8109=ORIENTED_EDGE('',*,*,#5981,.T.);
#8110=ORIENTED_EDGE('',*,*,#5979,.T.);
#8111=ORIENTED_EDGE('',*,*,#5977,.T.);
#8112=ORIENTED_EDGE('',*,*,#5991,.T.);
#8113=ORIENTED_EDGE('',*,*,#5989,.T.);
#8114=ORIENTED_EDGE('',*,*,#5987,.T.);
#8115=ORIENTED_EDGE('',*,*,#5985,.T.);
#8116=ORIENTED_EDGE('',*,*,#5992,.T.);
#8117=ORIENTED_EDGE('',*,*,#6001,.T.);
#8118=ORIENTED_EDGE('',*,*,#5999,.T.);
#8119=ORIENTED_EDGE('',*,*,#5997,.T.);
#8120=ORIENTED_EDGE('',*,*,#5995,.T.);
#8121=ORIENTED_EDGE('',*,*,#6009,.T.);
#8122=ORIENTED_EDGE('',*,*,#6007,.T.);
#8123=ORIENTED_EDGE('',*,*,#6005,.T.);
#8124=ORIENTED_EDGE('',*,*,#6003,.T.);
#8125=ORIENTED_EDGE('',*,*,#6017,.T.);
#8126=ORIENTED_EDGE('',*,*,#6015,.T.);
#8127=ORIENTED_EDGE('',*,*,#6013,.T.);
#8128=ORIENTED_EDGE('',*,*,#6011,.T.);
#8129=ORIENTED_EDGE('',*,*,#6025,.T.);
#8130=ORIENTED_EDGE('',*,*,#6023,.T.);
#8131=ORIENTED_EDGE('',*,*,#6021,.T.);
#8132=ORIENTED_EDGE('',*,*,#6019,.T.);
#8133=ORIENTED_EDGE('',*,*,#6033,.T.);
#8134=ORIENTED_EDGE('',*,*,#6031,.T.);
#8135=ORIENTED_EDGE('',*,*,#6029,.T.);
#8136=ORIENTED_EDGE('',*,*,#6027,.T.);
#8137=ORIENTED_EDGE('',*,*,#6041,.T.);
#8138=ORIENTED_EDGE('',*,*,#6039,.T.);
#8139=ORIENTED_EDGE('',*,*,#6037,.T.);
#8140=ORIENTED_EDGE('',*,*,#6035,.T.);
#8141=ORIENTED_EDGE('',*,*,#6049,.T.);
#8142=ORIENTED_EDGE('',*,*,#6047,.T.);
#8143=ORIENTED_EDGE('',*,*,#6045,.T.);
#8144=ORIENTED_EDGE('',*,*,#6043,.T.);
#8145=ORIENTED_EDGE('',*,*,#6057,.T.);
#8146=ORIENTED_EDGE('',*,*,#6055,.T.);
#8147=ORIENTED_EDGE('',*,*,#6053,.T.);
#8148=ORIENTED_EDGE('',*,*,#6051,.T.);
#8149=ORIENTED_EDGE('',*,*,#6065,.T.);
#8150=ORIENTED_EDGE('',*,*,#6063,.T.);
#8151=ORIENTED_EDGE('',*,*,#6061,.T.);
#8152=ORIENTED_EDGE('',*,*,#6059,.T.);
#8153=ORIENTED_EDGE('',*,*,#6073,.T.);
#8154=ORIENTED_EDGE('',*,*,#6071,.T.);
#8155=ORIENTED_EDGE('',*,*,#6069,.T.);
#8156=ORIENTED_EDGE('',*,*,#6067,.T.);
#8157=ORIENTED_EDGE('',*,*,#6081,.T.);
#8158=ORIENTED_EDGE('',*,*,#6079,.T.);
#8159=ORIENTED_EDGE('',*,*,#6077,.T.);
#8160=ORIENTED_EDGE('',*,*,#6075,.T.);
#8161=ORIENTED_EDGE('',*,*,#6089,.T.);
#8162=ORIENTED_EDGE('',*,*,#6087,.T.);
#8163=ORIENTED_EDGE('',*,*,#6085,.T.);
#8164=ORIENTED_EDGE('',*,*,#6083,.T.);
#8165=ORIENTED_EDGE('',*,*,#6097,.T.);
#8166=ORIENTED_EDGE('',*,*,#6095,.T.);
#8167=ORIENTED_EDGE('',*,*,#6093,.T.);
#8168=ORIENTED_EDGE('',*,*,#6091,.T.);
#8169=ORIENTED_EDGE('',*,*,#6105,.T.);
#8170=ORIENTED_EDGE('',*,*,#6103,.T.);
#8171=ORIENTED_EDGE('',*,*,#6101,.T.);
#8172=ORIENTED_EDGE('',*,*,#6099,.T.);
#8173=ORIENTED_EDGE('',*,*,#6113,.T.);
#8174=ORIENTED_EDGE('',*,*,#6111,.T.);
#8175=ORIENTED_EDGE('',*,*,#6109,.T.);
#8176=ORIENTED_EDGE('',*,*,#6107,.T.);
#8177=ORIENTED_EDGE('',*,*,#6121,.T.);
#8178=ORIENTED_EDGE('',*,*,#6119,.T.);
#8179=ORIENTED_EDGE('',*,*,#6117,.T.);
#8180=ORIENTED_EDGE('',*,*,#6115,.T.);
#8181=ORIENTED_EDGE('',*,*,#6129,.T.);
#8182=ORIENTED_EDGE('',*,*,#6127,.T.);
#8183=ORIENTED_EDGE('',*,*,#6125,.T.);
#8184=ORIENTED_EDGE('',*,*,#6123,.T.);
#8185=ORIENTED_EDGE('',*,*,#6137,.T.);
#8186=ORIENTED_EDGE('',*,*,#6135,.T.);
#8187=ORIENTED_EDGE('',*,*,#6133,.T.);
#8188=ORIENTED_EDGE('',*,*,#6131,.T.);
#8189=ORIENTED_EDGE('',*,*,#6138,.T.);
#8190=ORIENTED_EDGE('',*,*,#6147,.T.);
#8191=ORIENTED_EDGE('',*,*,#6145,.T.);
#8192=ORIENTED_EDGE('',*,*,#6143,.T.);
#8193=ORIENTED_EDGE('',*,*,#6141,.T.);
#8194=ORIENTED_EDGE('',*,*,#6155,.T.);
#8195=ORIENTED_EDGE('',*,*,#6153,.T.);
#8196=ORIENTED_EDGE('',*,*,#6151,.T.);
#8197=ORIENTED_EDGE('',*,*,#6149,.T.);
#8198=ORIENTED_EDGE('',*,*,#6163,.T.);
#8199=ORIENTED_EDGE('',*,*,#6161,.T.);
#8200=ORIENTED_EDGE('',*,*,#6159,.T.);
#8201=ORIENTED_EDGE('',*,*,#6157,.T.);
#8202=ORIENTED_EDGE('',*,*,#5788,.T.);
#8203=ORIENTED_EDGE('',*,*,#5785,.T.);
#8204=ORIENTED_EDGE('',*,*,#5782,.T.);
#8205=ORIENTED_EDGE('',*,*,#5779,.T.);
#8206=ORIENTED_EDGE('',*,*,#5776,.T.);
#8207=ORIENTED_EDGE('',*,*,#5773,.T.);
#8208=ORIENTED_EDGE('',*,*,#6200,.F.);
#8209=ORIENTED_EDGE('',*,*,#6201,.T.);
#8210=ORIENTED_EDGE('',*,*,#6202,.F.);
#8211=ORIENTED_EDGE('',*,*,#6201,.F.);
#8212=ORIENTED_EDGE('',*,*,#6203,.F.);
#8213=ORIENTED_EDGE('',*,*,#6204,.T.);
#8214=ORIENTED_EDGE('',*,*,#6205,.F.);
#8215=ORIENTED_EDGE('',*,*,#6204,.F.);
#8216=ORIENTED_EDGE('',*,*,#6206,.F.);
#8217=ORIENTED_EDGE('',*,*,#6207,.T.);
#8218=ORIENTED_EDGE('',*,*,#6208,.F.);
#8219=ORIENTED_EDGE('',*,*,#6207,.F.);
#8220=ORIENTED_EDGE('',*,*,#6209,.F.);
#8221=ORIENTED_EDGE('',*,*,#6210,.T.);
#8222=ORIENTED_EDGE('',*,*,#6211,.F.);
#8223=ORIENTED_EDGE('',*,*,#6210,.F.);
#8224=ORIENTED_EDGE('',*,*,#6212,.T.);
#8225=ORIENTED_EDGE('',*,*,#6213,.T.);
#8226=ORIENTED_EDGE('',*,*,#6214,.T.);
#8227=ORIENTED_EDGE('',*,*,#6215,.T.);
#8228=ORIENTED_EDGE('',*,*,#6215,.F.);
#8229=ORIENTED_EDGE('',*,*,#6216,.F.);
#8230=ORIENTED_EDGE('',*,*,#6217,.F.);
#8231=ORIENTED_EDGE('',*,*,#6218,.F.);
#8232=ORIENTED_EDGE('',*,*,#6214,.F.);
#8233=ORIENTED_EDGE('',*,*,#6219,.T.);
#8234=ORIENTED_EDGE('',*,*,#6220,.T.);
#8235=ORIENTED_EDGE('',*,*,#6221,.T.);
#8236=ORIENTED_EDGE('',*,*,#6222,.F.);
#8237=ORIENTED_EDGE('',*,*,#6223,.F.);
#8238=ORIENTED_EDGE('',*,*,#6224,.T.);
#8239=ORIENTED_EDGE('',*,*,#6225,.T.);
#8240=ORIENTED_EDGE('',*,*,#6226,.F.);
#8241=ORIENTED_EDGE('',*,*,#6227,.F.);
#8242=ORIENTED_EDGE('',*,*,#6228,.T.);
#8243=ORIENTED_EDGE('',*,*,#6229,.F.);
#8244=ORIENTED_EDGE('',*,*,#6230,.T.);
#8245=ORIENTED_EDGE('',*,*,#6231,.T.);
#8246=ORIENTED_EDGE('',*,*,#6232,.T.);
#8247=ORIENTED_EDGE('',*,*,#6233,.F.);
#8248=ORIENTED_EDGE('',*,*,#6234,.F.);
#8249=ORIENTED_EDGE('',*,*,#6235,.T.);
#8250=ORIENTED_EDGE('',*,*,#6236,.T.);
#8251=ORIENTED_EDGE('',*,*,#6237,.F.);
#8252=ORIENTED_EDGE('',*,*,#6238,.F.);
#8253=ORIENTED_EDGE('',*,*,#6239,.T.);
#8254=ORIENTED_EDGE('',*,*,#6240,.T.);
#8255=ORIENTED_EDGE('',*,*,#6241,.F.);
#8256=ORIENTED_EDGE('',*,*,#6242,.F.);
#8257=ORIENTED_EDGE('',*,*,#6243,.T.);
#8258=ORIENTED_EDGE('',*,*,#6244,.F.);
#8259=ORIENTED_EDGE('',*,*,#6245,.F.);
#8260=ORIENTED_EDGE('',*,*,#6216,.T.);
#8261=ORIENTED_EDGE('',*,*,#6246,.T.);
#8262=ORIENTED_EDGE('',*,*,#6247,.T.);
#8263=ORIENTED_EDGE('',*,*,#6248,.T.);
#8264=ORIENTED_EDGE('',*,*,#6249,.F.);
#8265=ORIENTED_EDGE('',*,*,#6250,.F.);
#8266=ORIENTED_EDGE('',*,*,#6251,.T.);
#8267=ORIENTED_EDGE('',*,*,#6252,.F.);
#8268=ORIENTED_EDGE('',*,*,#6253,.F.);
#8269=ORIENTED_EDGE('',*,*,#6254,.F.);
#8270=ORIENTED_EDGE('',*,*,#6255,.F.);
#8271=ORIENTED_EDGE('',*,*,#6256,.F.);
#8272=ORIENTED_EDGE('',*,*,#6257,.F.);
#8273=ORIENTED_EDGE('',*,*,#6258,.F.);
#8274=ORIENTED_EDGE('',*,*,#6259,.F.);
#8275=ORIENTED_EDGE('',*,*,#6260,.F.);
#8276=ORIENTED_EDGE('',*,*,#6261,.F.);
#8277=ORIENTED_EDGE('',*,*,#6262,.F.);
#8278=ORIENTED_EDGE('',*,*,#6263,.F.);
#8279=ORIENTED_EDGE('',*,*,#6264,.T.);
#8280=ORIENTED_EDGE('',*,*,#6265,.T.);
#8281=ORIENTED_EDGE('',*,*,#6266,.T.);
#8282=ORIENTED_EDGE('',*,*,#6267,.F.);
#8283=ORIENTED_EDGE('',*,*,#6268,.T.);
#8284=ORIENTED_EDGE('',*,*,#6269,.T.);
#8285=ORIENTED_EDGE('',*,*,#6270,.T.);
#8286=ORIENTED_EDGE('',*,*,#6271,.F.);
#8287=ORIENTED_EDGE('',*,*,#6272,.F.);
#8288=ORIENTED_EDGE('',*,*,#6209,.T.);
#8289=ORIENTED_EDGE('',*,*,#6206,.T.);
#8290=ORIENTED_EDGE('',*,*,#6203,.T.);
#8291=ORIENTED_EDGE('',*,*,#6200,.T.);
#8292=ORIENTED_EDGE('',*,*,#6273,.T.);
#8293=ORIENTED_EDGE('',*,*,#6217,.T.);
#8294=ORIENTED_EDGE('',*,*,#6245,.T.);
#8295=ORIENTED_EDGE('',*,*,#6274,.T.);
#8296=ORIENTED_EDGE('',*,*,#6274,.F.);
#8297=ORIENTED_EDGE('',*,*,#6244,.T.);
#8298=ORIENTED_EDGE('',*,*,#6275,.T.);
#8299=ORIENTED_EDGE('',*,*,#6276,.F.);
#8300=ORIENTED_EDGE('',*,*,#6277,.T.);
#8301=ORIENTED_EDGE('',*,*,#6278,.T.);
#8302=ORIENTED_EDGE('',*,*,#6237,.T.);
#8303=ORIENTED_EDGE('',*,*,#6279,.T.);
#8304=ORIENTED_EDGE('',*,*,#6279,.F.);
#8305=ORIENTED_EDGE('',*,*,#6236,.F.);
#8306=ORIENTED_EDGE('',*,*,#6280,.T.);
#8307=ORIENTED_EDGE('',*,*,#6281,.F.);
#8308=ORIENTED_EDGE('',*,*,#6282,.T.);
#8309=ORIENTED_EDGE('',*,*,#6283,.T.);
#8310=ORIENTED_EDGE('',*,*,#6229,.T.);
#8311=ORIENTED_EDGE('',*,*,#6284,.T.);
#8312=ORIENTED_EDGE('',*,*,#6284,.F.);
#8313=ORIENTED_EDGE('',*,*,#6228,.F.);
#8314=ORIENTED_EDGE('',*,*,#6285,.T.);
#8315=ORIENTED_EDGE('',*,*,#6286,.F.);
#8316=ORIENTED_EDGE('',*,*,#6287,.T.);
#8317=ORIENTED_EDGE('',*,*,#6288,.T.);
#8318=ORIENTED_EDGE('',*,*,#6226,.T.);
#8319=ORIENTED_EDGE('',*,*,#6289,.T.);
#8320=ORIENTED_EDGE('',*,*,#6288,.F.);
#8321=ORIENTED_EDGE('',*,*,#6290,.F.);
#8322=ORIENTED_EDGE('',*,*,#6285,.F.);
#8323=ORIENTED_EDGE('',*,*,#6227,.T.);
#8324=ORIENTED_EDGE('',*,*,#6291,.F.);
#8325=ORIENTED_EDGE('',*,*,#6292,.T.);
#8326=ORIENTED_EDGE('',*,*,#6272,.T.);
#8327=ORIENTED_EDGE('',*,*,#6292,.F.);
#8328=ORIENTED_EDGE('',*,*,#6269,.F.);
#8329=ORIENTED_EDGE('',*,*,#6293,.T.);
#8330=ORIENTED_EDGE('',*,*,#6294,.F.);
#8331=ORIENTED_EDGE('',*,*,#6295,.F.);
#8332=ORIENTED_EDGE('',*,*,#6270,.F.);
#8333=ORIENTED_EDGE('',*,*,#6295,.T.);
#8334=ORIENTED_EDGE('',*,*,#6296,.F.);
#8335=ORIENTED_EDGE('',*,*,#6297,.F.);
#8336=ORIENTED_EDGE('',*,*,#6271,.T.);
#8337=ORIENTED_EDGE('',*,*,#6297,.T.);
#8338=ORIENTED_EDGE('',*,*,#6298,.F.);
#8339=ORIENTED_EDGE('',*,*,#6299,.F.);
#8340=ORIENTED_EDGE('',*,*,#6268,.F.);
#8341=ORIENTED_EDGE('',*,*,#6299,.T.);
#8342=ORIENTED_EDGE('',*,*,#6300,.F.);
#8343=ORIENTED_EDGE('',*,*,#6293,.F.);
#8344=ORIENTED_EDGE('',*,*,#6265,.F.);
#8345=ORIENTED_EDGE('',*,*,#6301,.T.);
#8346=ORIENTED_EDGE('',*,*,#6302,.F.);
#8347=ORIENTED_EDGE('',*,*,#6303,.F.);
#8348=ORIENTED_EDGE('',*,*,#6266,.F.);
#8349=ORIENTED_EDGE('',*,*,#6303,.T.);
#8350=ORIENTED_EDGE('',*,*,#6304,.F.);
#8351=ORIENTED_EDGE('',*,*,#6305,.F.);
#8352=ORIENTED_EDGE('',*,*,#6267,.T.);
#8353=ORIENTED_EDGE('',*,*,#6305,.T.);
#8354=ORIENTED_EDGE('',*,*,#6306,.F.);
#8355=ORIENTED_EDGE('',*,*,#6307,.F.);
#8356=ORIENTED_EDGE('',*,*,#6264,.F.);
#8357=ORIENTED_EDGE('',*,*,#6307,.T.);
#8358=ORIENTED_EDGE('',*,*,#6308,.F.);
#8359=ORIENTED_EDGE('',*,*,#6301,.F.);
#8360=ORIENTED_EDGE('',*,*,#6261,.T.);
#8361=ORIENTED_EDGE('',*,*,#6309,.T.);
#8362=ORIENTED_EDGE('',*,*,#6310,.F.);
#8363=ORIENTED_EDGE('',*,*,#6311,.F.);
#8364=ORIENTED_EDGE('',*,*,#6262,.T.);
#8365=ORIENTED_EDGE('',*,*,#6311,.T.);
#8366=ORIENTED_EDGE('',*,*,#6312,.F.);
#8367=ORIENTED_EDGE('',*,*,#6313,.F.);
#8368=ORIENTED_EDGE('',*,*,#6263,.T.);
#8369=ORIENTED_EDGE('',*,*,#6313,.T.);
#8370=ORIENTED_EDGE('',*,*,#6314,.F.);
#8371=ORIENTED_EDGE('',*,*,#6315,.F.);
#8372=ORIENTED_EDGE('',*,*,#6260,.T.);
#8373=ORIENTED_EDGE('',*,*,#6315,.T.);
#8374=ORIENTED_EDGE('',*,*,#6316,.F.);
#8375=ORIENTED_EDGE('',*,*,#6309,.F.);
#8376=ORIENTED_EDGE('',*,*,#6257,.T.);
#8377=ORIENTED_EDGE('',*,*,#6317,.T.);
#8378=ORIENTED_EDGE('',*,*,#6318,.F.);
#8379=ORIENTED_EDGE('',*,*,#6319,.F.);
#8380=ORIENTED_EDGE('',*,*,#6258,.T.);
#8381=ORIENTED_EDGE('',*,*,#6319,.T.);
#8382=ORIENTED_EDGE('',*,*,#6320,.F.);
#8383=ORIENTED_EDGE('',*,*,#6321,.F.);
#8384=ORIENTED_EDGE('',*,*,#6259,.T.);
#8385=ORIENTED_EDGE('',*,*,#6321,.T.);
#8386=ORIENTED_EDGE('',*,*,#6322,.F.);
#8387=ORIENTED_EDGE('',*,*,#6323,.F.);
#8388=ORIENTED_EDGE('',*,*,#6256,.T.);
#8389=ORIENTED_EDGE('',*,*,#6323,.T.);
#8390=ORIENTED_EDGE('',*,*,#6324,.F.);
#8391=ORIENTED_EDGE('',*,*,#6317,.F.);
#8392=ORIENTED_EDGE('',*,*,#6253,.T.);
#8393=ORIENTED_EDGE('',*,*,#6325,.T.);
#8394=ORIENTED_EDGE('',*,*,#6326,.F.);
#8395=ORIENTED_EDGE('',*,*,#6327,.F.);
#8396=ORIENTED_EDGE('',*,*,#6254,.T.);
#8397=ORIENTED_EDGE('',*,*,#6327,.T.);
#8398=ORIENTED_EDGE('',*,*,#6328,.F.);
#8399=ORIENTED_EDGE('',*,*,#6329,.F.);
#8400=ORIENTED_EDGE('',*,*,#6255,.T.);
#8401=ORIENTED_EDGE('',*,*,#6329,.T.);
#8402=ORIENTED_EDGE('',*,*,#6330,.F.);
#8403=ORIENTED_EDGE('',*,*,#6331,.F.);
#8404=ORIENTED_EDGE('',*,*,#6252,.T.);
#8405=ORIENTED_EDGE('',*,*,#6331,.T.);
#8406=ORIENTED_EDGE('',*,*,#6332,.F.);
#8407=ORIENTED_EDGE('',*,*,#6325,.F.);
#8408=ORIENTED_EDGE('',*,*,#6333,.F.);
#8409=ORIENTED_EDGE('',*,*,#6334,.T.);
#8410=ORIENTED_EDGE('',*,*,#6251,.F.);
#8411=ORIENTED_EDGE('',*,*,#6334,.F.);
#8412=ORIENTED_EDGE('',*,*,#6335,.F.);
#8413=ORIENTED_EDGE('',*,*,#6336,.T.);
#8414=ORIENTED_EDGE('',*,*,#6250,.T.);
#8415=ORIENTED_EDGE('',*,*,#6336,.F.);
#8416=ORIENTED_EDGE('',*,*,#6247,.F.);
#8417=ORIENTED_EDGE('',*,*,#6337,.T.);
#8418=ORIENTED_EDGE('',*,*,#6338,.F.);
#8419=ORIENTED_EDGE('',*,*,#6339,.F.);
#8420=ORIENTED_EDGE('',*,*,#6248,.F.);
#8421=ORIENTED_EDGE('',*,*,#6339,.T.);
#8422=ORIENTED_EDGE('',*,*,#6340,.F.);
#8423=ORIENTED_EDGE('',*,*,#6341,.F.);
#8424=ORIENTED_EDGE('',*,*,#6249,.T.);
#8425=ORIENTED_EDGE('',*,*,#6341,.T.);
#8426=ORIENTED_EDGE('',*,*,#6342,.F.);
#8427=ORIENTED_EDGE('',*,*,#6343,.F.);
#8428=ORIENTED_EDGE('',*,*,#6246,.F.);
#8429=ORIENTED_EDGE('',*,*,#6343,.T.);
#8430=ORIENTED_EDGE('',*,*,#6344,.F.);
#8431=ORIENTED_EDGE('',*,*,#6337,.F.);
#8432=ORIENTED_EDGE('',*,*,#6220,.F.);
#8433=ORIENTED_EDGE('',*,*,#6345,.T.);
#8434=ORIENTED_EDGE('',*,*,#6346,.F.);
#8435=ORIENTED_EDGE('',*,*,#6347,.F.);
#8436=ORIENTED_EDGE('',*,*,#6221,.F.);
#8437=ORIENTED_EDGE('',*,*,#6347,.T.);
#8438=ORIENTED_EDGE('',*,*,#6348,.F.);
#8439=ORIENTED_EDGE('',*,*,#6349,.F.);
#8440=ORIENTED_EDGE('',*,*,#6222,.T.);
#8441=ORIENTED_EDGE('',*,*,#6349,.T.);
#8442=ORIENTED_EDGE('',*,*,#6350,.F.);
#8443=ORIENTED_EDGE('',*,*,#6351,.F.);
#8444=ORIENTED_EDGE('',*,*,#6223,.T.);
#8445=ORIENTED_EDGE('',*,*,#6351,.T.);
#8446=ORIENTED_EDGE('',*,*,#6352,.F.);
#8447=ORIENTED_EDGE('',*,*,#6353,.F.);
#8448=ORIENTED_EDGE('',*,*,#6224,.F.);
#8449=ORIENTED_EDGE('',*,*,#6353,.T.);
#8450=ORIENTED_EDGE('',*,*,#6354,.F.);
#8451=ORIENTED_EDGE('',*,*,#6355,.F.);
#8452=ORIENTED_EDGE('',*,*,#6289,.F.);
#8453=ORIENTED_EDGE('',*,*,#6225,.F.);
#8454=ORIENTED_EDGE('',*,*,#6355,.T.);
#8455=ORIENTED_EDGE('',*,*,#6356,.F.);
#8456=ORIENTED_EDGE('',*,*,#6283,.F.);
#8457=ORIENTED_EDGE('',*,*,#6357,.F.);
#8458=ORIENTED_EDGE('',*,*,#6358,.F.);
#8459=ORIENTED_EDGE('',*,*,#6230,.F.);
#8460=ORIENTED_EDGE('',*,*,#6231,.F.);
#8461=ORIENTED_EDGE('',*,*,#6358,.T.);
#8462=ORIENTED_EDGE('',*,*,#6359,.F.);
#8463=ORIENTED_EDGE('',*,*,#6360,.F.);
#8464=ORIENTED_EDGE('',*,*,#6232,.F.);
#8465=ORIENTED_EDGE('',*,*,#6360,.T.);
#8466=ORIENTED_EDGE('',*,*,#6361,.F.);
#8467=ORIENTED_EDGE('',*,*,#6362,.F.);
#8468=ORIENTED_EDGE('',*,*,#6233,.T.);
#8469=ORIENTED_EDGE('',*,*,#6362,.T.);
#8470=ORIENTED_EDGE('',*,*,#6363,.F.);
#8471=ORIENTED_EDGE('',*,*,#6364,.F.);
#8472=ORIENTED_EDGE('',*,*,#6234,.T.);
#8473=ORIENTED_EDGE('',*,*,#6364,.T.);
#8474=ORIENTED_EDGE('',*,*,#6365,.F.);
#8475=ORIENTED_EDGE('',*,*,#6366,.F.);
#8476=ORIENTED_EDGE('',*,*,#6235,.F.);
#8477=ORIENTED_EDGE('',*,*,#6366,.T.);
#8478=ORIENTED_EDGE('',*,*,#6367,.F.);
#8479=ORIENTED_EDGE('',*,*,#6280,.F.);
#8480=ORIENTED_EDGE('',*,*,#6278,.F.);
#8481=ORIENTED_EDGE('',*,*,#6368,.F.);
#8482=ORIENTED_EDGE('',*,*,#6369,.F.);
#8483=ORIENTED_EDGE('',*,*,#6238,.T.);
#8484=ORIENTED_EDGE('',*,*,#6239,.F.);
#8485=ORIENTED_EDGE('',*,*,#6369,.T.);
#8486=ORIENTED_EDGE('',*,*,#6370,.F.);
#8487=ORIENTED_EDGE('',*,*,#6371,.F.);
#8488=ORIENTED_EDGE('',*,*,#6240,.F.);
#8489=ORIENTED_EDGE('',*,*,#6371,.T.);
#8490=ORIENTED_EDGE('',*,*,#6372,.F.);
#8491=ORIENTED_EDGE('',*,*,#6373,.F.);
#8492=ORIENTED_EDGE('',*,*,#6241,.T.);
#8493=ORIENTED_EDGE('',*,*,#6373,.T.);
#8494=ORIENTED_EDGE('',*,*,#6374,.F.);
#8495=ORIENTED_EDGE('',*,*,#6375,.F.);
#8496=ORIENTED_EDGE('',*,*,#6242,.T.);
#8497=ORIENTED_EDGE('',*,*,#6375,.T.);
#8498=ORIENTED_EDGE('',*,*,#6376,.F.);
#8499=ORIENTED_EDGE('',*,*,#6377,.F.);
#8500=ORIENTED_EDGE('',*,*,#6243,.F.);
#8501=ORIENTED_EDGE('',*,*,#6377,.T.);
#8502=ORIENTED_EDGE('',*,*,#6378,.F.);
#8503=ORIENTED_EDGE('',*,*,#6275,.F.);
#8504=ORIENTED_EDGE('',*,*,#6213,.F.);
#8505=ORIENTED_EDGE('',*,*,#6379,.F.);
#8506=ORIENTED_EDGE('',*,*,#6345,.F.);
#8507=ORIENTED_EDGE('',*,*,#6219,.F.);
#8508=ORIENTED_EDGE('',*,*,#6212,.F.);
#8509=ORIENTED_EDGE('',*,*,#6218,.T.);
#8510=ORIENTED_EDGE('',*,*,#6273,.F.);
#8511=ORIENTED_EDGE('',*,*,#6276,.T.);
#8512=ORIENTED_EDGE('',*,*,#6378,.T.);
#8513=ORIENTED_EDGE('',*,*,#6376,.T.);
#8514=ORIENTED_EDGE('',*,*,#6374,.T.);
#8515=ORIENTED_EDGE('',*,*,#6372,.T.);
#8516=ORIENTED_EDGE('',*,*,#6370,.T.);
#8517=ORIENTED_EDGE('',*,*,#6368,.T.);
#8518=ORIENTED_EDGE('',*,*,#6277,.F.);
#8519=ORIENTED_EDGE('',*,*,#6281,.T.);
#8520=ORIENTED_EDGE('',*,*,#6367,.T.);
#8521=ORIENTED_EDGE('',*,*,#6365,.T.);
#8522=ORIENTED_EDGE('',*,*,#6363,.T.);
#8523=ORIENTED_EDGE('',*,*,#6361,.T.);
#8524=ORIENTED_EDGE('',*,*,#6359,.T.);
#8525=ORIENTED_EDGE('',*,*,#6357,.T.);
#8526=ORIENTED_EDGE('',*,*,#6282,.F.);
#8527=ORIENTED_EDGE('',*,*,#6286,.T.);
#8528=ORIENTED_EDGE('',*,*,#6290,.T.);
#8529=ORIENTED_EDGE('',*,*,#6287,.F.);
#8530=ORIENTED_EDGE('',*,*,#6356,.T.);
#8531=ORIENTED_EDGE('',*,*,#6354,.T.);
#8532=ORIENTED_EDGE('',*,*,#6352,.T.);
#8533=ORIENTED_EDGE('',*,*,#6350,.T.);
#8534=ORIENTED_EDGE('',*,*,#6348,.T.);
#8535=ORIENTED_EDGE('',*,*,#6346,.T.);
#8536=ORIENTED_EDGE('',*,*,#6379,.T.);
#8537=ORIENTED_EDGE('',*,*,#6291,.T.);
#8538=ORIENTED_EDGE('',*,*,#6300,.T.);
#8539=ORIENTED_EDGE('',*,*,#6298,.T.);
#8540=ORIENTED_EDGE('',*,*,#6296,.T.);
#8541=ORIENTED_EDGE('',*,*,#6294,.T.);
#8542=ORIENTED_EDGE('',*,*,#6308,.T.);
#8543=ORIENTED_EDGE('',*,*,#6306,.T.);
#8544=ORIENTED_EDGE('',*,*,#6304,.T.);
#8545=ORIENTED_EDGE('',*,*,#6302,.T.);
#8546=ORIENTED_EDGE('',*,*,#6316,.T.);
#8547=ORIENTED_EDGE('',*,*,#6314,.T.);
#8548=ORIENTED_EDGE('',*,*,#6312,.T.);
#8549=ORIENTED_EDGE('',*,*,#6310,.T.);
#8550=ORIENTED_EDGE('',*,*,#6324,.T.);
#8551=ORIENTED_EDGE('',*,*,#6322,.T.);
#8552=ORIENTED_EDGE('',*,*,#6320,.T.);
#8553=ORIENTED_EDGE('',*,*,#6318,.T.);
#8554=ORIENTED_EDGE('',*,*,#6332,.T.);
#8555=ORIENTED_EDGE('',*,*,#6330,.T.);
#8556=ORIENTED_EDGE('',*,*,#6328,.T.);
#8557=ORIENTED_EDGE('',*,*,#6326,.T.);
#8558=ORIENTED_EDGE('',*,*,#6333,.T.);
#8559=ORIENTED_EDGE('',*,*,#6335,.T.);
#8560=ORIENTED_EDGE('',*,*,#6344,.T.);
#8561=ORIENTED_EDGE('',*,*,#6342,.T.);
#8562=ORIENTED_EDGE('',*,*,#6340,.T.);
#8563=ORIENTED_EDGE('',*,*,#6338,.T.);
#8564=ORIENTED_EDGE('',*,*,#6211,.T.);
#8565=ORIENTED_EDGE('',*,*,#6208,.T.);
#8566=ORIENTED_EDGE('',*,*,#6205,.T.);
#8567=ORIENTED_EDGE('',*,*,#6202,.T.);
#8568=ORIENTED_EDGE('',*,*,#6380,.F.);
#8569=ORIENTED_EDGE('',*,*,#6381,.T.);
#8570=ORIENTED_EDGE('',*,*,#6382,.T.);
#8571=ORIENTED_EDGE('',*,*,#6381,.F.);
#8572=ORIENTED_EDGE('',*,*,#6382,.F.);
#8573=ORIENTED_EDGE('',*,*,#6383,.F.);
#8574=ORIENTED_EDGE('',*,*,#6384,.F.);
#8575=ORIENTED_EDGE('',*,*,#6385,.T.);
#8576=ORIENTED_EDGE('',*,*,#6386,.T.);
#8577=ORIENTED_EDGE('',*,*,#6385,.F.);
#8578=ORIENTED_EDGE('',*,*,#6386,.F.);
#8579=ORIENTED_EDGE('',*,*,#6387,.F.);
#8580=ORIENTED_EDGE('',*,*,#6383,.T.);
#8581=ORIENTED_EDGE('',*,*,#6388,.T.);
#8582=ORIENTED_EDGE('',*,*,#6389,.T.);
#8583=ORIENTED_EDGE('',*,*,#6388,.F.);
#8584=ORIENTED_EDGE('',*,*,#6389,.F.);
#8585=ORIENTED_EDGE('',*,*,#6387,.T.);
#8586=ORIENTED_EDGE('',*,*,#6390,.T.);
#8587=ORIENTED_EDGE('',*,*,#6391,.T.);
#8588=ORIENTED_EDGE('',*,*,#6390,.F.);
#8589=ORIENTED_EDGE('',*,*,#6391,.F.);
#8590=ORIENTED_EDGE('',*,*,#6392,.F.);
#8591=ORIENTED_EDGE('',*,*,#6393,.F.);
#8592=ORIENTED_EDGE('',*,*,#6394,.F.);
#8593=ORIENTED_EDGE('',*,*,#6392,.T.);
#8594=ORIENTED_EDGE('',*,*,#6395,.F.);
#8595=ORIENTED_EDGE('',*,*,#6396,.T.);
#8596=ORIENTED_EDGE('',*,*,#6396,.F.);
#8597=ORIENTED_EDGE('',*,*,#6397,.F.);
#8598=ORIENTED_EDGE('',*,*,#6398,.F.);
#8599=ORIENTED_EDGE('',*,*,#6399,.T.);
#8600=ORIENTED_EDGE('',*,*,#6400,.T.);
#8601=ORIENTED_EDGE('',*,*,#6399,.F.);
#8602=ORIENTED_EDGE('',*,*,#6400,.F.);
#8603=ORIENTED_EDGE('',*,*,#6401,.F.);
#8604=ORIENTED_EDGE('',*,*,#6402,.F.);
#8605=ORIENTED_EDGE('',*,*,#6403,.T.);
#8606=ORIENTED_EDGE('',*,*,#6404,.T.);
#8607=ORIENTED_EDGE('',*,*,#6403,.F.);
#8608=ORIENTED_EDGE('',*,*,#6404,.F.);
#8609=ORIENTED_EDGE('',*,*,#6405,.F.);
#8610=ORIENTED_EDGE('',*,*,#6406,.F.);
#8611=ORIENTED_EDGE('',*,*,#6407,.T.);
#8612=ORIENTED_EDGE('',*,*,#6408,.T.);
#8613=ORIENTED_EDGE('',*,*,#6407,.F.);
#8614=ORIENTED_EDGE('',*,*,#6408,.F.);
#8615=ORIENTED_EDGE('',*,*,#6409,.F.);
#8616=ORIENTED_EDGE('',*,*,#6410,.F.);
#8617=ORIENTED_EDGE('',*,*,#6411,.T.);
#8618=ORIENTED_EDGE('',*,*,#6412,.T.);
#8619=ORIENTED_EDGE('',*,*,#6411,.F.);
#8620=ORIENTED_EDGE('',*,*,#6412,.F.);
#8621=ORIENTED_EDGE('',*,*,#6413,.F.);
#8622=ORIENTED_EDGE('',*,*,#6414,.F.);
#8623=ORIENTED_EDGE('',*,*,#6415,.T.);
#8624=ORIENTED_EDGE('',*,*,#6416,.T.);
#8625=ORIENTED_EDGE('',*,*,#6415,.F.);
#8626=ORIENTED_EDGE('',*,*,#6416,.F.);
#8627=ORIENTED_EDGE('',*,*,#6417,.F.);
#8628=ORIENTED_EDGE('',*,*,#6418,.F.);
#8629=ORIENTED_EDGE('',*,*,#6419,.T.);
#8630=ORIENTED_EDGE('',*,*,#6420,.T.);
#8631=ORIENTED_EDGE('',*,*,#6419,.F.);
#8632=ORIENTED_EDGE('',*,*,#6420,.F.);
#8633=ORIENTED_EDGE('',*,*,#6421,.F.);
#8634=ORIENTED_EDGE('',*,*,#6422,.F.);
#8635=ORIENTED_EDGE('',*,*,#6423,.T.);
#8636=ORIENTED_EDGE('',*,*,#6424,.T.);
#8637=ORIENTED_EDGE('',*,*,#6423,.F.);
#8638=ORIENTED_EDGE('',*,*,#6424,.F.);
#8639=ORIENTED_EDGE('',*,*,#6425,.F.);
#8640=ORIENTED_EDGE('',*,*,#6426,.F.);
#8641=ORIENTED_EDGE('',*,*,#6427,.T.);
#8642=ORIENTED_EDGE('',*,*,#6428,.T.);
#8643=ORIENTED_EDGE('',*,*,#6427,.F.);
#8644=ORIENTED_EDGE('',*,*,#6428,.F.);
#8645=ORIENTED_EDGE('',*,*,#6429,.F.);
#8646=ORIENTED_EDGE('',*,*,#6430,.F.);
#8647=ORIENTED_EDGE('',*,*,#6431,.T.);
#8648=ORIENTED_EDGE('',*,*,#6432,.T.);
#8649=ORIENTED_EDGE('',*,*,#6431,.F.);
#8650=ORIENTED_EDGE('',*,*,#6432,.F.);
#8651=ORIENTED_EDGE('',*,*,#6433,.F.);
#8652=ORIENTED_EDGE('',*,*,#6434,.F.);
#8653=ORIENTED_EDGE('',*,*,#6435,.T.);
#8654=ORIENTED_EDGE('',*,*,#6436,.T.);
#8655=ORIENTED_EDGE('',*,*,#6435,.F.);
#8656=ORIENTED_EDGE('',*,*,#6436,.F.);
#8657=ORIENTED_EDGE('',*,*,#6437,.F.);
#8658=ORIENTED_EDGE('',*,*,#6438,.F.);
#8659=ORIENTED_EDGE('',*,*,#6439,.T.);
#8660=ORIENTED_EDGE('',*,*,#6440,.T.);
#8661=ORIENTED_EDGE('',*,*,#6439,.F.);
#8662=ORIENTED_EDGE('',*,*,#6440,.F.);
#8663=ORIENTED_EDGE('',*,*,#6441,.F.);
#8664=ORIENTED_EDGE('',*,*,#6442,.F.);
#8665=ORIENTED_EDGE('',*,*,#6443,.T.);
#8666=ORIENTED_EDGE('',*,*,#6444,.T.);
#8667=ORIENTED_EDGE('',*,*,#6443,.F.);
#8668=ORIENTED_EDGE('',*,*,#6444,.F.);
#8669=ORIENTED_EDGE('',*,*,#6445,.F.);
#8670=ORIENTED_EDGE('',*,*,#6446,.F.);
#8671=ORIENTED_EDGE('',*,*,#6447,.T.);
#8672=ORIENTED_EDGE('',*,*,#6448,.T.);
#8673=ORIENTED_EDGE('',*,*,#6447,.F.);
#8674=ORIENTED_EDGE('',*,*,#6448,.F.);
#8675=ORIENTED_EDGE('',*,*,#6449,.F.);
#8676=ORIENTED_EDGE('',*,*,#6450,.F.);
#8677=ORIENTED_EDGE('',*,*,#6451,.F.);
#8678=ORIENTED_EDGE('',*,*,#6452,.F.);
#8679=ORIENTED_EDGE('',*,*,#6453,.T.);
#8680=ORIENTED_EDGE('',*,*,#6454,.F.);
#8681=ORIENTED_EDGE('',*,*,#6453,.F.);
#8682=ORIENTED_EDGE('',*,*,#6455,.F.);
#8683=ORIENTED_EDGE('',*,*,#6456,.T.);
#8684=ORIENTED_EDGE('',*,*,#6457,.F.);
#8685=ORIENTED_EDGE('',*,*,#6456,.F.);
#8686=ORIENTED_EDGE('',*,*,#6458,.F.);
#8687=ORIENTED_EDGE('',*,*,#6459,.T.);
#8688=ORIENTED_EDGE('',*,*,#6460,.F.);
#8689=ORIENTED_EDGE('',*,*,#6459,.F.);
#8690=ORIENTED_EDGE('',*,*,#6461,.F.);
#8691=ORIENTED_EDGE('',*,*,#6451,.T.);
#8692=ORIENTED_EDGE('',*,*,#6462,.F.);
#8693=ORIENTED_EDGE('',*,*,#6463,.F.);
#8694=ORIENTED_EDGE('',*,*,#6464,.F.);
#8695=ORIENTED_EDGE('',*,*,#6465,.T.);
#8696=ORIENTED_EDGE('',*,*,#6466,.F.);
#8697=ORIENTED_EDGE('',*,*,#6465,.F.);
#8698=ORIENTED_EDGE('',*,*,#6467,.F.);
#8699=ORIENTED_EDGE('',*,*,#6468,.T.);
#8700=ORIENTED_EDGE('',*,*,#6469,.F.);
#8701=ORIENTED_EDGE('',*,*,#6468,.F.);
#8702=ORIENTED_EDGE('',*,*,#6470,.F.);
#8703=ORIENTED_EDGE('',*,*,#6471,.T.);
#8704=ORIENTED_EDGE('',*,*,#6472,.F.);
#8705=ORIENTED_EDGE('',*,*,#6471,.F.);
#8706=ORIENTED_EDGE('',*,*,#6473,.F.);
#8707=ORIENTED_EDGE('',*,*,#6463,.T.);
#8708=ORIENTED_EDGE('',*,*,#6429,.T.);
#8709=ORIENTED_EDGE('',*,*,#6474,.T.);
#8710=ORIENTED_EDGE('',*,*,#6475,.T.);
#8711=ORIENTED_EDGE('',*,*,#6474,.F.);
#8712=ORIENTED_EDGE('',*,*,#6475,.F.);
#8713=ORIENTED_EDGE('',*,*,#6433,.T.);
#8714=ORIENTED_EDGE('',*,*,#6476,.T.);
#8715=ORIENTED_EDGE('',*,*,#6477,.T.);
#8716=ORIENTED_EDGE('',*,*,#6476,.F.);
#8717=ORIENTED_EDGE('',*,*,#6477,.F.);
#8718=ORIENTED_EDGE('',*,*,#6437,.T.);
#8719=ORIENTED_EDGE('',*,*,#6478,.T.);
#8720=ORIENTED_EDGE('',*,*,#6479,.T.);
#8721=ORIENTED_EDGE('',*,*,#6478,.F.);
#8722=ORIENTED_EDGE('',*,*,#6479,.F.);
#8723=ORIENTED_EDGE('',*,*,#6441,.T.);
#8724=ORIENTED_EDGE('',*,*,#6480,.T.);
#8725=ORIENTED_EDGE('',*,*,#6481,.T.);
#8726=ORIENTED_EDGE('',*,*,#6480,.F.);
#8727=ORIENTED_EDGE('',*,*,#6481,.F.);
#8728=ORIENTED_EDGE('',*,*,#6445,.T.);
#8729=ORIENTED_EDGE('',*,*,#6482,.T.);
#8730=ORIENTED_EDGE('',*,*,#6483,.T.);
#8731=ORIENTED_EDGE('',*,*,#6482,.F.);
#8732=ORIENTED_EDGE('',*,*,#6483,.F.);
#8733=ORIENTED_EDGE('',*,*,#6449,.T.);
#8734=ORIENTED_EDGE('',*,*,#6484,.T.);
#8735=ORIENTED_EDGE('',*,*,#6485,.T.);
#8736=ORIENTED_EDGE('',*,*,#6484,.F.);
#8737=ORIENTED_EDGE('',*,*,#6485,.F.);
#8738=ORIENTED_EDGE('',*,*,#6486,.T.);
#8739=ORIENTED_EDGE('',*,*,#6487,.T.);
#8740=ORIENTED_EDGE('',*,*,#6488,.T.);
#8741=ORIENTED_EDGE('',*,*,#6489,.T.);
#8742=ORIENTED_EDGE('',*,*,#6486,.F.);
#8743=ORIENTED_EDGE('',*,*,#6490,.T.);
#8744=ORIENTED_EDGE('',*,*,#6491,.F.);
#8745=ORIENTED_EDGE('',*,*,#6492,.F.);
#8746=ORIENTED_EDGE('',*,*,#6493,.F.);
#8747=ORIENTED_EDGE('',*,*,#6494,.F.);
#8748=ORIENTED_EDGE('',*,*,#6495,.F.);
#8749=ORIENTED_EDGE('',*,*,#6496,.F.);
#8750=ORIENTED_EDGE('',*,*,#6497,.F.);
#8751=ORIENTED_EDGE('',*,*,#6498,.F.);
#8752=ORIENTED_EDGE('',*,*,#6499,.F.);
#8753=ORIENTED_EDGE('',*,*,#6500,.F.);
#8754=ORIENTED_EDGE('',*,*,#6501,.F.);
#8755=ORIENTED_EDGE('',*,*,#6502,.F.);
#8756=ORIENTED_EDGE('',*,*,#6503,.F.);
#8757=ORIENTED_EDGE('',*,*,#6430,.T.);
#8758=ORIENTED_EDGE('',*,*,#6446,.T.);
#8759=ORIENTED_EDGE('',*,*,#6489,.F.);
#8760=ORIENTED_EDGE('',*,*,#6504,.T.);
#8761=ORIENTED_EDGE('',*,*,#6505,.F.);
#8762=ORIENTED_EDGE('',*,*,#6490,.F.);
#8763=ORIENTED_EDGE('',*,*,#6506,.T.);
#8764=ORIENTED_EDGE('',*,*,#6507,.T.);
#8765=ORIENTED_EDGE('',*,*,#6508,.T.);
#8766=ORIENTED_EDGE('',*,*,#6509,.T.);
#8767=ORIENTED_EDGE('',*,*,#6509,.F.);
#8768=ORIENTED_EDGE('',*,*,#6510,.F.);
#8769=ORIENTED_EDGE('',*,*,#6511,.F.);
#8770=ORIENTED_EDGE('',*,*,#6512,.T.);
#8771=ORIENTED_EDGE('',*,*,#6513,.T.);
#8772=ORIENTED_EDGE('',*,*,#6514,.T.);
#8773=ORIENTED_EDGE('',*,*,#6515,.T.);
#8774=ORIENTED_EDGE('',*,*,#6516,.F.);
#8775=ORIENTED_EDGE('',*,*,#6517,.F.);
#8776=ORIENTED_EDGE('',*,*,#6518,.T.);
#8777=ORIENTED_EDGE('',*,*,#6519,.T.);
#8778=ORIENTED_EDGE('',*,*,#6520,.F.);
#8779=ORIENTED_EDGE('',*,*,#6521,.T.);
#8780=ORIENTED_EDGE('',*,*,#6510,.T.);
#8781=ORIENTED_EDGE('',*,*,#6508,.F.);
#8782=ORIENTED_EDGE('',*,*,#6522,.F.);
#8783=ORIENTED_EDGE('',*,*,#6520,.T.);
#8784=ORIENTED_EDGE('',*,*,#6523,.F.);
#8785=ORIENTED_EDGE('',*,*,#6524,.T.);
#8786=ORIENTED_EDGE('',*,*,#6525,.T.);
#8787=ORIENTED_EDGE('',*,*,#6526,.F.);
#8788=ORIENTED_EDGE('',*,*,#6527,.F.);
#8789=ORIENTED_EDGE('',*,*,#6528,.T.);
#8790=ORIENTED_EDGE('',*,*,#6491,.T.);
#8791=ORIENTED_EDGE('',*,*,#6505,.T.);
#8792=ORIENTED_EDGE('',*,*,#6529,.T.);
#8793=ORIENTED_EDGE('',*,*,#6450,.T.);
#8794=ORIENTED_EDGE('',*,*,#6454,.T.);
#8795=ORIENTED_EDGE('',*,*,#6457,.T.);
#8796=ORIENTED_EDGE('',*,*,#6460,.T.);
#8797=ORIENTED_EDGE('',*,*,#6462,.T.);
#8798=ORIENTED_EDGE('',*,*,#6466,.T.);
#8799=ORIENTED_EDGE('',*,*,#6469,.T.);
#8800=ORIENTED_EDGE('',*,*,#6472,.T.);
#8801=ORIENTED_EDGE('',*,*,#6507,.F.);
#8802=ORIENTED_EDGE('',*,*,#6530,.F.);
#8803=ORIENTED_EDGE('',*,*,#6523,.T.);
#8804=ORIENTED_EDGE('',*,*,#6522,.T.);
#8805=ORIENTED_EDGE('',*,*,#6487,.F.);
#8806=ORIENTED_EDGE('',*,*,#6503,.T.);
#8807=ORIENTED_EDGE('',*,*,#6531,.F.);
#8808=ORIENTED_EDGE('',*,*,#6532,.T.);
#8809=ORIENTED_EDGE('',*,*,#6533,.F.);
#8810=ORIENTED_EDGE('',*,*,#6534,.F.);
#8811=ORIENTED_EDGE('',*,*,#6535,.F.);
#8812=ORIENTED_EDGE('',*,*,#6515,.F.);
#8813=ORIENTED_EDGE('',*,*,#6536,.F.);
#8814=ORIENTED_EDGE('',*,*,#6537,.F.);
#8815=ORIENTED_EDGE('',*,*,#6538,.F.);
#8816=ORIENTED_EDGE('',*,*,#6539,.F.);
#8817=ORIENTED_EDGE('',*,*,#6540,.F.);
#8818=ORIENTED_EDGE('',*,*,#6541,.F.);
#8819=ORIENTED_EDGE('',*,*,#6542,.F.);
#8820=ORIENTED_EDGE('',*,*,#6543,.F.);
#8821=ORIENTED_EDGE('',*,*,#6544,.F.);
#8822=ORIENTED_EDGE('',*,*,#6525,.F.);
#8823=ORIENTED_EDGE('',*,*,#6442,.T.);
#8824=ORIENTED_EDGE('',*,*,#6438,.T.);
#8825=ORIENTED_EDGE('',*,*,#6426,.T.);
#8826=ORIENTED_EDGE('',*,*,#6506,.F.);
#8827=ORIENTED_EDGE('',*,*,#6519,.F.);
#8828=ORIENTED_EDGE('',*,*,#6545,.F.);
#8829=ORIENTED_EDGE('',*,*,#6546,.F.);
#8830=ORIENTED_EDGE('',*,*,#6547,.F.);
#8831=ORIENTED_EDGE('',*,*,#6524,.F.);
#8832=ORIENTED_EDGE('',*,*,#6530,.T.);
#8833=ORIENTED_EDGE('',*,*,#6548,.F.);
#8834=ORIENTED_EDGE('',*,*,#6549,.F.);
#8835=ORIENTED_EDGE('',*,*,#6550,.F.);
#8836=ORIENTED_EDGE('',*,*,#6551,.F.);
#8837=ORIENTED_EDGE('',*,*,#6552,.F.);
#8838=ORIENTED_EDGE('',*,*,#6553,.F.);
#8839=ORIENTED_EDGE('',*,*,#6554,.F.);
#8840=ORIENTED_EDGE('',*,*,#6555,.F.);
#8841=ORIENTED_EDGE('',*,*,#6434,.T.);
#8842=ORIENTED_EDGE('',*,*,#6556,.F.);
#8843=ORIENTED_EDGE('',*,*,#6557,.T.);
#8844=ORIENTED_EDGE('',*,*,#6541,.T.);
#8845=ORIENTED_EDGE('',*,*,#6549,.T.);
#8846=ORIENTED_EDGE('',*,*,#6496,.T.);
#8847=ORIENTED_EDGE('',*,*,#6558,.F.);
#8848=ORIENTED_EDGE('',*,*,#6559,.F.);
#8849=ORIENTED_EDGE('',*,*,#6560,.T.);
#8850=ORIENTED_EDGE('',*,*,#6543,.T.);
#8851=ORIENTED_EDGE('',*,*,#6561,.F.);
#8852=ORIENTED_EDGE('',*,*,#6562,.F.);
#8853=ORIENTED_EDGE('',*,*,#6526,.T.);
#8854=ORIENTED_EDGE('',*,*,#6544,.T.);
#8855=ORIENTED_EDGE('',*,*,#6560,.F.);
#8856=ORIENTED_EDGE('',*,*,#6563,.F.);
#8857=ORIENTED_EDGE('',*,*,#6564,.T.);
#8858=ORIENTED_EDGE('',*,*,#6492,.T.);
#8859=ORIENTED_EDGE('',*,*,#6528,.F.);
#8860=ORIENTED_EDGE('',*,*,#6565,.F.);
#8861=ORIENTED_EDGE('',*,*,#6566,.T.);
#8862=ORIENTED_EDGE('',*,*,#6493,.T.);
#8863=ORIENTED_EDGE('',*,*,#6564,.F.);
#8864=ORIENTED_EDGE('',*,*,#6567,.F.);
#8865=ORIENTED_EDGE('',*,*,#6568,.T.);
#8866=ORIENTED_EDGE('',*,*,#6494,.T.);
#8867=ORIENTED_EDGE('',*,*,#6566,.F.);
#8868=ORIENTED_EDGE('',*,*,#6569,.F.);
#8869=ORIENTED_EDGE('',*,*,#6558,.T.);
#8870=ORIENTED_EDGE('',*,*,#6495,.T.);
#8871=ORIENTED_EDGE('',*,*,#6568,.F.);
#8872=ORIENTED_EDGE('',*,*,#6570,.F.);
#8873=ORIENTED_EDGE('',*,*,#6561,.T.);
#8874=ORIENTED_EDGE('',*,*,#6542,.T.);
#8875=ORIENTED_EDGE('',*,*,#6557,.F.);
#8876=ORIENTED_EDGE('',*,*,#6501,.T.);
#8877=ORIENTED_EDGE('',*,*,#6571,.F.);
#8878=ORIENTED_EDGE('',*,*,#6572,.F.);
#8879=ORIENTED_EDGE('',*,*,#6573,.T.);
#8880=ORIENTED_EDGE('',*,*,#6499,.T.);
#8881=ORIENTED_EDGE('',*,*,#6574,.F.);
#8882=ORIENTED_EDGE('',*,*,#6575,.F.);
#8883=ORIENTED_EDGE('',*,*,#6576,.T.);
#8884=ORIENTED_EDGE('',*,*,#6498,.T.);
#8885=ORIENTED_EDGE('',*,*,#6577,.F.);
#8886=ORIENTED_EDGE('',*,*,#6578,.F.);
#8887=ORIENTED_EDGE('',*,*,#6574,.T.);
#8888=ORIENTED_EDGE('',*,*,#6554,.T.);
#8889=ORIENTED_EDGE('',*,*,#6579,.F.);
#8890=ORIENTED_EDGE('',*,*,#6580,.F.);
#8891=ORIENTED_EDGE('',*,*,#6581,.T.);
#8892=ORIENTED_EDGE('',*,*,#6497,.T.);
#8893=ORIENTED_EDGE('',*,*,#6548,.T.);
#8894=ORIENTED_EDGE('',*,*,#6582,.F.);
#8895=ORIENTED_EDGE('',*,*,#6583,.T.);
#8896=ORIENTED_EDGE('',*,*,#6577,.T.);
#8897=ORIENTED_EDGE('',*,*,#6552,.T.);
#8898=ORIENTED_EDGE('',*,*,#6584,.F.);
#8899=ORIENTED_EDGE('',*,*,#6585,.F.);
#8900=ORIENTED_EDGE('',*,*,#6586,.T.);
#8901=ORIENTED_EDGE('',*,*,#6551,.T.);
#8902=ORIENTED_EDGE('',*,*,#6587,.F.);
#8903=ORIENTED_EDGE('',*,*,#6588,.F.);
#8904=ORIENTED_EDGE('',*,*,#6584,.T.);
#8905=ORIENTED_EDGE('',*,*,#6550,.T.);
#8906=ORIENTED_EDGE('',*,*,#6540,.T.);
#8907=ORIENTED_EDGE('',*,*,#6589,.F.);
#8908=ORIENTED_EDGE('',*,*,#6590,.T.);
#8909=ORIENTED_EDGE('',*,*,#6587,.T.);
#8910=ORIENTED_EDGE('',*,*,#6500,.T.);
#8911=ORIENTED_EDGE('',*,*,#6576,.F.);
#8912=ORIENTED_EDGE('',*,*,#6591,.F.);
#8913=ORIENTED_EDGE('',*,*,#6579,.T.);
#8914=ORIENTED_EDGE('',*,*,#6553,.T.);
#8915=ORIENTED_EDGE('',*,*,#6586,.F.);
#8916=ORIENTED_EDGE('',*,*,#6592,.F.);
#8917=ORIENTED_EDGE('',*,*,#6593,.T.);
#8918=ORIENTED_EDGE('',*,*,#6537,.T.);
#8919=ORIENTED_EDGE('',*,*,#6594,.F.);
#8920=ORIENTED_EDGE('',*,*,#6595,.F.);
#8921=ORIENTED_EDGE('',*,*,#6596,.T.);
#8922=ORIENTED_EDGE('',*,*,#6597,.F.);
#8923=ORIENTED_EDGE('',*,*,#6598,.F.);
#8924=ORIENTED_EDGE('',*,*,#6599,.T.);
#8925=ORIENTED_EDGE('',*,*,#6600,.T.);
#8926=ORIENTED_EDGE('',*,*,#6571,.T.);
#8927=ORIENTED_EDGE('',*,*,#6539,.T.);
#8928=ORIENTED_EDGE('',*,*,#6601,.F.);
#8929=ORIENTED_EDGE('',*,*,#6602,.T.);
#8930=ORIENTED_EDGE('',*,*,#6589,.T.);
#8931=ORIENTED_EDGE('',*,*,#6603,.T.);
#8932=ORIENTED_EDGE('',*,*,#6604,.T.);
#8933=ORIENTED_EDGE('',*,*,#6605,.T.);
#8934=ORIENTED_EDGE('',*,*,#6606,.T.);
#8935=ORIENTED_EDGE('',*,*,#6603,.F.);
#8936=ORIENTED_EDGE('',*,*,#6607,.T.);
#8937=ORIENTED_EDGE('',*,*,#6608,.F.);
#8938=ORIENTED_EDGE('',*,*,#6609,.F.);
#8939=ORIENTED_EDGE('',*,*,#6610,.T.);
#8940=ORIENTED_EDGE('',*,*,#6611,.T.);
#8941=ORIENTED_EDGE('',*,*,#6612,.F.);
#8942=ORIENTED_EDGE('',*,*,#6613,.T.);
#8943=ORIENTED_EDGE('',*,*,#6614,.F.);
#8944=ORIENTED_EDGE('',*,*,#6606,.F.);
#8945=ORIENTED_EDGE('',*,*,#6615,.F.);
#8946=ORIENTED_EDGE('',*,*,#6616,.T.);
#8947=ORIENTED_EDGE('',*,*,#6611,.F.);
#8948=ORIENTED_EDGE('',*,*,#6617,.F.);
#8949=ORIENTED_EDGE('',*,*,#6618,.F.);
#8950=ORIENTED_EDGE('',*,*,#6619,.F.);
#8951=ORIENTED_EDGE('',*,*,#6620,.F.);
#8952=ORIENTED_EDGE('',*,*,#6621,.F.);
#8953=ORIENTED_EDGE('',*,*,#6607,.F.);
#8954=ORIENTED_EDGE('',*,*,#6622,.F.);
#8955=ORIENTED_EDGE('',*,*,#6623,.F.);
#8956=ORIENTED_EDGE('',*,*,#6624,.F.);
#8957=ORIENTED_EDGE('',*,*,#6625,.T.);
#8958=ORIENTED_EDGE('',*,*,#6623,.T.);
#8959=ORIENTED_EDGE('',*,*,#6626,.F.);
#8960=ORIENTED_EDGE('',*,*,#6627,.F.);
#8961=ORIENTED_EDGE('',*,*,#6628,.F.);
#8962=ORIENTED_EDGE('',*,*,#6629,.F.);
#8963=ORIENTED_EDGE('',*,*,#6630,.F.);
#8964=ORIENTED_EDGE('',*,*,#6631,.F.);
#8965=ORIENTED_EDGE('',*,*,#6632,.F.);
#8966=ORIENTED_EDGE('',*,*,#6633,.F.);
#8967=ORIENTED_EDGE('',*,*,#6597,.T.);
#8968=ORIENTED_EDGE('',*,*,#6634,.T.);
#8969=ORIENTED_EDGE('',*,*,#6635,.F.);
#8970=ORIENTED_EDGE('',*,*,#6622,.T.);
#8971=ORIENTED_EDGE('',*,*,#6636,.T.);
#8972=ORIENTED_EDGE('',*,*,#6637,.T.);
#8973=ORIENTED_EDGE('',*,*,#6626,.T.);
#8974=ORIENTED_EDGE('',*,*,#6409,.T.);
#8975=ORIENTED_EDGE('',*,*,#6638,.T.);
#8976=ORIENTED_EDGE('',*,*,#6639,.T.);
#8977=ORIENTED_EDGE('',*,*,#6638,.F.);
#8978=ORIENTED_EDGE('',*,*,#6639,.F.);
#8979=ORIENTED_EDGE('',*,*,#6405,.T.);
#8980=ORIENTED_EDGE('',*,*,#6640,.T.);
#8981=ORIENTED_EDGE('',*,*,#6641,.T.);
#8982=ORIENTED_EDGE('',*,*,#6640,.F.);
#8983=ORIENTED_EDGE('',*,*,#6641,.F.);
#8984=ORIENTED_EDGE('',*,*,#6401,.T.);
#8985=ORIENTED_EDGE('',*,*,#6642,.T.);
#8986=ORIENTED_EDGE('',*,*,#6643,.T.);
#8987=ORIENTED_EDGE('',*,*,#6642,.F.);
#8988=ORIENTED_EDGE('',*,*,#6643,.F.);
#8989=ORIENTED_EDGE('',*,*,#6637,.F.);
#8990=ORIENTED_EDGE('',*,*,#6644,.T.);
#8991=ORIENTED_EDGE('',*,*,#6598,.T.);
#8992=ORIENTED_EDGE('',*,*,#6633,.T.);
#8993=ORIENTED_EDGE('',*,*,#6645,.F.);
#8994=ORIENTED_EDGE('',*,*,#6646,.F.);
#8995=ORIENTED_EDGE('',*,*,#6647,.T.);
#8996=ORIENTED_EDGE('',*,*,#6627,.T.);
#8997=ORIENTED_EDGE('',*,*,#6619,.T.);
#8998=ORIENTED_EDGE('',*,*,#6648,.F.);
#8999=ORIENTED_EDGE('',*,*,#6649,.T.);
#9000=ORIENTED_EDGE('',*,*,#6650,.T.);
#9001=ORIENTED_EDGE('',*,*,#6618,.T.);
#9002=ORIENTED_EDGE('',*,*,#6651,.F.);
#9003=ORIENTED_EDGE('',*,*,#6652,.T.);
#9004=ORIENTED_EDGE('',*,*,#6648,.T.);
#9005=ORIENTED_EDGE('',*,*,#6617,.T.);
#9006=ORIENTED_EDGE('',*,*,#6610,.F.);
#9007=ORIENTED_EDGE('',*,*,#6653,.F.);
#9008=ORIENTED_EDGE('',*,*,#6651,.T.);
#9009=ORIENTED_EDGE('',*,*,#6425,.T.);
#9010=ORIENTED_EDGE('',*,*,#6654,.T.);
#9011=ORIENTED_EDGE('',*,*,#6655,.T.);
#9012=ORIENTED_EDGE('',*,*,#6654,.F.);
#9013=ORIENTED_EDGE('',*,*,#6655,.F.);
#9014=ORIENTED_EDGE('',*,*,#6421,.T.);
#9015=ORIENTED_EDGE('',*,*,#6656,.T.);
#9016=ORIENTED_EDGE('',*,*,#6657,.T.);
#9017=ORIENTED_EDGE('',*,*,#6656,.F.);
#9018=ORIENTED_EDGE('',*,*,#6657,.F.);
#9019=ORIENTED_EDGE('',*,*,#6417,.T.);
#9020=ORIENTED_EDGE('',*,*,#6658,.T.);
#9021=ORIENTED_EDGE('',*,*,#6659,.T.);
#9022=ORIENTED_EDGE('',*,*,#6658,.F.);
#9023=ORIENTED_EDGE('',*,*,#6659,.F.);
#9024=ORIENTED_EDGE('',*,*,#6413,.T.);
#9025=ORIENTED_EDGE('',*,*,#6660,.T.);
#9026=ORIENTED_EDGE('',*,*,#6661,.T.);
#9027=ORIENTED_EDGE('',*,*,#6660,.F.);
#9028=ORIENTED_EDGE('',*,*,#6661,.F.);
#9029=ORIENTED_EDGE('',*,*,#6662,.F.);
#9030=ORIENTED_EDGE('',*,*,#6663,.F.);
#9031=ORIENTED_EDGE('',*,*,#6664,.F.);
#9032=ORIENTED_EDGE('',*,*,#6665,.F.);
#9033=ORIENTED_EDGE('',*,*,#6666,.F.);
#9034=ORIENTED_EDGE('',*,*,#6667,.F.);
#9035=ORIENTED_EDGE('',*,*,#6521,.F.);
#9036=ORIENTED_EDGE('',*,*,#6529,.F.);
#9037=ORIENTED_EDGE('',*,*,#6504,.F.);
#9038=ORIENTED_EDGE('',*,*,#6488,.F.);
#9039=ORIENTED_EDGE('',*,*,#6532,.F.);
#9040=ORIENTED_EDGE('',*,*,#6668,.T.);
#9041=ORIENTED_EDGE('',*,*,#6669,.T.);
#9042=ORIENTED_EDGE('',*,*,#6670,.F.);
#9043=ORIENTED_EDGE('',*,*,#6380,.T.);
#9044=ORIENTED_EDGE('',*,*,#6384,.T.);
#9045=ORIENTED_EDGE('',*,*,#6393,.T.);
#9046=ORIENTED_EDGE('',*,*,#6394,.T.);
#9047=ORIENTED_EDGE('',*,*,#6397,.T.);
#9048=ORIENTED_EDGE('',*,*,#6395,.T.);
#9049=ORIENTED_EDGE('',*,*,#6605,.F.);
#9050=ORIENTED_EDGE('',*,*,#6671,.F.);
#9051=ORIENTED_EDGE('',*,*,#6669,.F.);
#9052=ORIENTED_EDGE('',*,*,#6615,.T.);
#9053=ORIENTED_EDGE('',*,*,#6662,.T.);
#9054=ORIENTED_EDGE('',*,*,#6672,.F.);
#9055=ORIENTED_EDGE('',*,*,#6673,.F.);
#9056=ORIENTED_EDGE('',*,*,#6674,.T.);
#9057=ORIENTED_EDGE('',*,*,#6604,.F.);
#9058=ORIENTED_EDGE('',*,*,#6614,.T.);
#9059=ORIENTED_EDGE('',*,*,#6675,.T.);
#9060=ORIENTED_EDGE('',*,*,#6676,.F.);
#9061=ORIENTED_EDGE('',*,*,#6677,.T.);
#9062=ORIENTED_EDGE('',*,*,#6511,.T.);
#9063=ORIENTED_EDGE('',*,*,#6667,.T.);
#9064=ORIENTED_EDGE('',*,*,#6678,.F.);
#9065=ORIENTED_EDGE('',*,*,#6679,.F.);
#9066=ORIENTED_EDGE('',*,*,#6672,.T.);
#9067=ORIENTED_EDGE('',*,*,#6670,.T.);
#9068=ORIENTED_EDGE('',*,*,#6671,.T.);
#9069=ORIENTED_EDGE('',*,*,#6680,.T.);
#9070=ORIENTED_EDGE('',*,*,#6681,.T.);
#9071=ORIENTED_EDGE('',*,*,#6682,.T.);
#9072=ORIENTED_EDGE('',*,*,#6683,.T.);
#9073=ORIENTED_EDGE('',*,*,#6684,.T.);
#9074=ORIENTED_EDGE('',*,*,#6681,.F.);
#9075=ORIENTED_EDGE('',*,*,#6685,.F.);
#9076=ORIENTED_EDGE('',*,*,#6686,.T.);
#9077=ORIENTED_EDGE('',*,*,#6680,.F.);
#9078=ORIENTED_EDGE('',*,*,#6687,.T.);
#9079=ORIENTED_EDGE('',*,*,#6688,.T.);
#9080=ORIENTED_EDGE('',*,*,#6689,.F.);
#9081=ORIENTED_EDGE('',*,*,#6690,.F.);
#9082=ORIENTED_EDGE('',*,*,#6691,.F.);
#9083=ORIENTED_EDGE('',*,*,#6692,.F.);
#9084=ORIENTED_EDGE('',*,*,#6693,.F.);
#9085=ORIENTED_EDGE('',*,*,#6694,.T.);
#9086=ORIENTED_EDGE('',*,*,#6685,.T.);
#9087=ORIENTED_EDGE('',*,*,#6695,.T.);
#9088=ORIENTED_EDGE('',*,*,#6696,.F.);
#9089=ORIENTED_EDGE('',*,*,#6697,.T.);
#9090=ORIENTED_EDGE('',*,*,#6698,.T.);
#9091=ORIENTED_EDGE('',*,*,#6699,.F.);
#9092=ORIENTED_EDGE('',*,*,#6700,.T.);
#9093=ORIENTED_EDGE('',*,*,#6701,.T.);
#9094=ORIENTED_EDGE('',*,*,#6702,.T.);
#9095=ORIENTED_EDGE('',*,*,#6703,.F.);
#9096=ORIENTED_EDGE('',*,*,#6704,.T.);
#9097=ORIENTED_EDGE('',*,*,#6705,.T.);
#9098=ORIENTED_EDGE('',*,*,#6706,.F.);
#9099=ORIENTED_EDGE('',*,*,#6707,.T.);
#9100=ORIENTED_EDGE('',*,*,#6708,.F.);
#9101=ORIENTED_EDGE('',*,*,#6709,.T.);
#9102=ORIENTED_EDGE('',*,*,#6710,.F.);
#9103=ORIENTED_EDGE('',*,*,#6711,.T.);
#9104=ORIENTED_EDGE('',*,*,#6712,.T.);
#9105=ORIENTED_EDGE('',*,*,#6713,.F.);
#9106=ORIENTED_EDGE('',*,*,#6714,.T.);
#9107=ORIENTED_EDGE('',*,*,#6715,.T.);
#9108=ORIENTED_EDGE('',*,*,#6716,.F.);
#9109=ORIENTED_EDGE('',*,*,#6717,.T.);
#9110=ORIENTED_EDGE('',*,*,#6718,.F.);
#9111=ORIENTED_EDGE('',*,*,#6719,.T.);
#9112=ORIENTED_EDGE('',*,*,#6720,.T.);
#9113=ORIENTED_EDGE('',*,*,#6721,.F.);
#9114=ORIENTED_EDGE('',*,*,#6722,.T.);
#9115=ORIENTED_EDGE('',*,*,#6723,.T.);
#9116=ORIENTED_EDGE('',*,*,#6724,.F.);
#9117=ORIENTED_EDGE('',*,*,#6725,.T.);
#9118=ORIENTED_EDGE('',*,*,#6726,.F.);
#9119=ORIENTED_EDGE('',*,*,#6727,.T.);
#9120=ORIENTED_EDGE('',*,*,#6728,.T.);
#9121=ORIENTED_EDGE('',*,*,#6729,.T.);
#9122=ORIENTED_EDGE('',*,*,#6730,.T.);
#9123=ORIENTED_EDGE('',*,*,#6730,.F.);
#9124=ORIENTED_EDGE('',*,*,#6731,.F.);
#9125=ORIENTED_EDGE('',*,*,#6732,.F.);
#9126=ORIENTED_EDGE('',*,*,#6689,.T.);
#9127=ORIENTED_EDGE('',*,*,#6733,.T.);
#9128=ORIENTED_EDGE('',*,*,#6452,.T.);
#9129=ORIENTED_EDGE('',*,*,#6461,.T.);
#9130=ORIENTED_EDGE('',*,*,#6458,.T.);
#9131=ORIENTED_EDGE('',*,*,#6455,.T.);
#9132=ORIENTED_EDGE('',*,*,#6464,.T.);
#9133=ORIENTED_EDGE('',*,*,#6473,.T.);
#9134=ORIENTED_EDGE('',*,*,#6470,.T.);
#9135=ORIENTED_EDGE('',*,*,#6467,.T.);
#9136=ORIENTED_EDGE('',*,*,#6729,.F.);
#9137=ORIENTED_EDGE('',*,*,#6734,.T.);
#9138=ORIENTED_EDGE('',*,*,#6735,.T.);
#9139=ORIENTED_EDGE('',*,*,#6736,.F.);
#9140=ORIENTED_EDGE('',*,*,#6737,.T.);
#9141=ORIENTED_EDGE('',*,*,#6738,.F.);
#9142=ORIENTED_EDGE('',*,*,#6739,.T.);
#9143=ORIENTED_EDGE('',*,*,#6740,.F.);
#9144=ORIENTED_EDGE('',*,*,#6731,.T.);
#9145=ORIENTED_EDGE('',*,*,#6556,.T.);
#9146=ORIENTED_EDGE('',*,*,#6569,.T.);
#9147=ORIENTED_EDGE('',*,*,#6567,.T.);
#9148=ORIENTED_EDGE('',*,*,#6565,.T.);
#9149=ORIENTED_EDGE('',*,*,#6563,.T.);
#9150=ORIENTED_EDGE('',*,*,#6527,.T.);
#9151=ORIENTED_EDGE('',*,*,#6562,.T.);
#9152=ORIENTED_EDGE('',*,*,#6559,.T.);
#9153=ORIENTED_EDGE('',*,*,#6570,.T.);
#9154=ORIENTED_EDGE('',*,*,#6741,.T.);
#9155=ORIENTED_EDGE('',*,*,#6742,.T.);
#9156=ORIENTED_EDGE('',*,*,#6736,.T.);
#9157=ORIENTED_EDGE('',*,*,#6743,.T.);
#9158=ORIENTED_EDGE('',*,*,#6742,.F.);
#9159=ORIENTED_EDGE('',*,*,#6744,.T.);
#9160=ORIENTED_EDGE('',*,*,#6693,.T.);
#9161=ORIENTED_EDGE('',*,*,#6745,.F.);
#9162=ORIENTED_EDGE('',*,*,#6737,.F.);
#9163=ORIENTED_EDGE('',*,*,#6692,.T.);
#9164=ORIENTED_EDGE('',*,*,#6746,.T.);
#9165=ORIENTED_EDGE('',*,*,#6738,.T.);
#9166=ORIENTED_EDGE('',*,*,#6745,.T.);
#9167=ORIENTED_EDGE('',*,*,#6740,.T.);
#9168=ORIENTED_EDGE('',*,*,#6747,.T.);
#9169=ORIENTED_EDGE('',*,*,#6690,.T.);
#9170=ORIENTED_EDGE('',*,*,#6732,.T.);
#9171=ORIENTED_EDGE('',*,*,#6748,.T.);
#9172=ORIENTED_EDGE('',*,*,#6749,.T.);
#9173=ORIENTED_EDGE('',*,*,#6750,.T.);
#9174=ORIENTED_EDGE('',*,*,#6751,.T.);
#9175=ORIENTED_EDGE('',*,*,#6749,.F.);
#9176=ORIENTED_EDGE('',*,*,#6752,.F.);
#9177=ORIENTED_EDGE('',*,*,#6753,.F.);
#9178=ORIENTED_EDGE('',*,*,#6754,.T.);
#9179=ORIENTED_EDGE('',*,*,#6755,.T.);
#9180=ORIENTED_EDGE('',*,*,#6756,.T.);
#9181=ORIENTED_EDGE('',*,*,#6757,.T.);
#9182=ORIENTED_EDGE('',*,*,#6758,.T.);
#9183=ORIENTED_EDGE('',*,*,#6756,.F.);
#9184=ORIENTED_EDGE('',*,*,#6759,.F.);
#9185=ORIENTED_EDGE('',*,*,#6760,.F.);
#9186=ORIENTED_EDGE('',*,*,#6761,.T.);
#9187=ORIENTED_EDGE('',*,*,#6762,.T.);
#9188=ORIENTED_EDGE('',*,*,#6763,.T.);
#9189=ORIENTED_EDGE('',*,*,#6764,.T.);
#9190=ORIENTED_EDGE('',*,*,#6760,.T.);
#9191=ORIENTED_EDGE('',*,*,#6763,.F.);
#9192=ORIENTED_EDGE('',*,*,#6765,.F.);
#9193=ORIENTED_EDGE('',*,*,#6766,.T.);
#9194=ORIENTED_EDGE('',*,*,#6767,.T.);
#9195=ORIENTED_EDGE('',*,*,#6768,.T.);
#9196=ORIENTED_EDGE('',*,*,#6769,.T.);
#9197=ORIENTED_EDGE('',*,*,#6770,.T.);
#9198=ORIENTED_EDGE('',*,*,#6753,.T.);
#9199=ORIENTED_EDGE('',*,*,#6769,.F.);
#9200=ORIENTED_EDGE('',*,*,#6771,.F.);
#9201=ORIENTED_EDGE('',*,*,#6772,.F.);
#9202=ORIENTED_EDGE('',*,*,#6773,.T.);
#9203=ORIENTED_EDGE('',*,*,#6774,.T.);
#9204=ORIENTED_EDGE('',*,*,#6775,.T.);
#9205=ORIENTED_EDGE('',*,*,#6776,.T.);
#9206=ORIENTED_EDGE('',*,*,#6772,.T.);
#9207=ORIENTED_EDGE('',*,*,#6775,.F.);
#9208=ORIENTED_EDGE('',*,*,#6777,.F.);
#9209=ORIENTED_EDGE('',*,*,#6778,.T.);
#9210=ORIENTED_EDGE('',*,*,#6779,.T.);
#9211=ORIENTED_EDGE('',*,*,#6780,.T.);
#9212=ORIENTED_EDGE('',*,*,#6781,.T.);
#9213=ORIENTED_EDGE('',*,*,#6782,.T.);
#9214=ORIENTED_EDGE('',*,*,#6783,.T.);
#9215=ORIENTED_EDGE('',*,*,#6781,.F.);
#9216=ORIENTED_EDGE('',*,*,#6784,.F.);
#9217=ORIENTED_EDGE('',*,*,#6785,.F.);
#9218=ORIENTED_EDGE('',*,*,#6786,.T.);
#9219=ORIENTED_EDGE('',*,*,#6787,.T.);
#9220=ORIENTED_EDGE('',*,*,#6788,.T.);
#9221=ORIENTED_EDGE('',*,*,#6789,.T.);
#9222=ORIENTED_EDGE('',*,*,#6785,.T.);
#9223=ORIENTED_EDGE('',*,*,#6788,.F.);
#9224=ORIENTED_EDGE('',*,*,#6790,.F.);
#9225=ORIENTED_EDGE('',*,*,#6791,.F.);
#9226=ORIENTED_EDGE('',*,*,#6792,.T.);
#9227=ORIENTED_EDGE('',*,*,#6793,.T.);
#9228=ORIENTED_EDGE('',*,*,#6794,.T.);
#9229=ORIENTED_EDGE('',*,*,#6795,.T.);
#9230=ORIENTED_EDGE('',*,*,#6791,.T.);
#9231=ORIENTED_EDGE('',*,*,#6794,.F.);
#9232=ORIENTED_EDGE('',*,*,#6796,.F.);
#9233=ORIENTED_EDGE('',*,*,#6797,.T.);
#9234=ORIENTED_EDGE('',*,*,#6798,.T.);
#9235=ORIENTED_EDGE('',*,*,#6710,.T.);
#9236=ORIENTED_EDGE('',*,*,#6799,.T.);
#9237=ORIENTED_EDGE('',*,*,#6800,.T.);
#9238=ORIENTED_EDGE('',*,*,#6801,.T.);
#9239=ORIENTED_EDGE('',*,*,#6799,.F.);
#9240=ORIENTED_EDGE('',*,*,#6709,.F.);
#9241=ORIENTED_EDGE('',*,*,#6802,.F.);
#9242=ORIENTED_EDGE('',*,*,#6803,.T.);
#9243=ORIENTED_EDGE('',*,*,#6708,.T.);
#9244=ORIENTED_EDGE('',*,*,#6804,.T.);
#9245=ORIENTED_EDGE('',*,*,#6805,.T.);
#9246=ORIENTED_EDGE('',*,*,#6802,.T.);
#9247=ORIENTED_EDGE('',*,*,#6804,.F.);
#9248=ORIENTED_EDGE('',*,*,#6707,.F.);
#9249=ORIENTED_EDGE('',*,*,#6806,.F.);
#9250=ORIENTED_EDGE('',*,*,#6807,.T.);
#9251=ORIENTED_EDGE('',*,*,#6706,.T.);
#9252=ORIENTED_EDGE('',*,*,#6808,.T.);
#9253=ORIENTED_EDGE('',*,*,#6809,.T.);
#9254=ORIENTED_EDGE('',*,*,#6806,.T.);
#9255=ORIENTED_EDGE('',*,*,#6808,.F.);
#9256=ORIENTED_EDGE('',*,*,#6705,.F.);
#9257=ORIENTED_EDGE('',*,*,#6810,.T.);
#9258=ORIENTED_EDGE('',*,*,#6811,.T.);
#9259=ORIENTED_EDGE('',*,*,#6703,.T.);
#9260=ORIENTED_EDGE('',*,*,#6812,.T.);
#9261=ORIENTED_EDGE('',*,*,#6813,.T.);
#9262=ORIENTED_EDGE('',*,*,#6814,.T.);
#9263=ORIENTED_EDGE('',*,*,#6812,.F.);
#9264=ORIENTED_EDGE('',*,*,#6702,.F.);
#9265=ORIENTED_EDGE('',*,*,#6815,.T.);
#9266=ORIENTED_EDGE('',*,*,#6816,.T.);
#9267=ORIENTED_EDGE('',*,*,#6699,.T.);
#9268=ORIENTED_EDGE('',*,*,#6817,.T.);
#9269=ORIENTED_EDGE('',*,*,#6818,.T.);
#9270=ORIENTED_EDGE('',*,*,#6819,.T.);
#9271=ORIENTED_EDGE('',*,*,#6817,.F.);
#9272=ORIENTED_EDGE('',*,*,#6698,.F.);
#9273=ORIENTED_EDGE('',*,*,#6820,.T.);
#9274=ORIENTED_EDGE('',*,*,#6821,.T.);
#9275=ORIENTED_EDGE('',*,*,#6696,.T.);
#9276=ORIENTED_EDGE('',*,*,#6822,.T.);
#9277=ORIENTED_EDGE('',*,*,#6823,.T.);
#9278=ORIENTED_EDGE('',*,*,#6824,.T.);
#9279=ORIENTED_EDGE('',*,*,#6822,.F.);
#9280=ORIENTED_EDGE('',*,*,#6695,.F.);
#9281=ORIENTED_EDGE('',*,*,#6825,.F.);
#9282=ORIENTED_EDGE('',*,*,#6826,.T.);
#9283=ORIENTED_EDGE('',*,*,#6726,.T.);
#9284=ORIENTED_EDGE('',*,*,#6827,.T.);
#9285=ORIENTED_EDGE('',*,*,#6828,.T.);
#9286=ORIENTED_EDGE('',*,*,#6825,.T.);
#9287=ORIENTED_EDGE('',*,*,#6827,.F.);
#9288=ORIENTED_EDGE('',*,*,#6725,.F.);
#9289=ORIENTED_EDGE('',*,*,#6829,.F.);
#9290=ORIENTED_EDGE('',*,*,#6830,.T.);
#9291=ORIENTED_EDGE('',*,*,#6724,.T.);
#9292=ORIENTED_EDGE('',*,*,#6831,.T.);
#9293=ORIENTED_EDGE('',*,*,#6832,.T.);
#9294=ORIENTED_EDGE('',*,*,#6829,.T.);
#9295=ORIENTED_EDGE('',*,*,#6831,.F.);
#9296=ORIENTED_EDGE('',*,*,#6723,.F.);
#9297=ORIENTED_EDGE('',*,*,#6833,.T.);
#9298=ORIENTED_EDGE('',*,*,#6834,.T.);
#9299=ORIENTED_EDGE('',*,*,#6721,.T.);
#9300=ORIENTED_EDGE('',*,*,#6835,.T.);
#9301=ORIENTED_EDGE('',*,*,#6836,.T.);
#9302=ORIENTED_EDGE('',*,*,#6837,.T.);
#9303=ORIENTED_EDGE('',*,*,#6835,.F.);
#9304=ORIENTED_EDGE('',*,*,#6720,.F.);
#9305=ORIENTED_EDGE('',*,*,#6838,.T.);
#9306=ORIENTED_EDGE('',*,*,#6839,.T.);
#9307=ORIENTED_EDGE('',*,*,#6718,.T.);
#9308=ORIENTED_EDGE('',*,*,#6840,.T.);
#9309=ORIENTED_EDGE('',*,*,#6841,.T.);
#9310=ORIENTED_EDGE('',*,*,#6842,.T.);
#9311=ORIENTED_EDGE('',*,*,#6840,.F.);
#9312=ORIENTED_EDGE('',*,*,#6717,.F.);
#9313=ORIENTED_EDGE('',*,*,#6843,.F.);
#9314=ORIENTED_EDGE('',*,*,#6844,.T.);
#9315=ORIENTED_EDGE('',*,*,#6716,.T.);
#9316=ORIENTED_EDGE('',*,*,#6845,.T.);
#9317=ORIENTED_EDGE('',*,*,#6846,.T.);
#9318=ORIENTED_EDGE('',*,*,#6843,.T.);
#9319=ORIENTED_EDGE('',*,*,#6845,.F.);
#9320=ORIENTED_EDGE('',*,*,#6715,.F.);
#9321=ORIENTED_EDGE('',*,*,#6847,.T.);
#9322=ORIENTED_EDGE('',*,*,#6848,.T.);
#9323=ORIENTED_EDGE('',*,*,#6713,.T.);
#9324=ORIENTED_EDGE('',*,*,#6849,.T.);
#9325=ORIENTED_EDGE('',*,*,#6850,.T.);
#9326=ORIENTED_EDGE('',*,*,#6851,.T.);
#9327=ORIENTED_EDGE('',*,*,#6849,.F.);
#9328=ORIENTED_EDGE('',*,*,#6712,.F.);
#9329=ORIENTED_EDGE('',*,*,#6852,.T.);
#9330=ORIENTED_EDGE('',*,*,#6853,.T.);
#9331=ORIENTED_EDGE('',*,*,#6854,.F.);
#9332=ORIENTED_EDGE('',*,*,#6855,.T.);
#9333=ORIENTED_EDGE('',*,*,#6856,.T.);
#9334=ORIENTED_EDGE('',*,*,#6857,.T.);
#9335=ORIENTED_EDGE('',*,*,#6683,.F.);
#9336=ORIENTED_EDGE('',*,*,#6858,.T.);
#9337=ORIENTED_EDGE('',*,*,#6857,.F.);
#9338=ORIENTED_EDGE('',*,*,#6859,.T.);
#9339=ORIENTED_EDGE('',*,*,#6860,.T.);
#9340=ORIENTED_EDGE('',*,*,#6861,.F.);
#9341=ORIENTED_EDGE('',*,*,#6862,.T.);
#9342=ORIENTED_EDGE('',*,*,#6863,.F.);
#9343=ORIENTED_EDGE('',*,*,#6864,.T.);
#9344=ORIENTED_EDGE('',*,*,#6684,.F.);
#9345=ORIENTED_EDGE('',*,*,#6860,.F.);
#9346=ORIENTED_EDGE('',*,*,#6865,.T.);
#9347=ORIENTED_EDGE('',*,*,#6862,.F.);
#9348=ORIENTED_EDGE('',*,*,#6687,.F.);
#9349=ORIENTED_EDGE('',*,*,#6855,.F.);
#9350=ORIENTED_EDGE('',*,*,#6866,.F.);
#9351=ORIENTED_EDGE('',*,*,#6867,.T.);
#9352=ORIENTED_EDGE('',*,*,#6741,.F.);
#9353=ORIENTED_EDGE('',*,*,#6868,.F.);
#9354=ORIENTED_EDGE('',*,*,#6866,.T.);
#9355=ORIENTED_EDGE('',*,*,#6854,.T.);
#9356=ORIENTED_EDGE('',*,*,#6858,.F.);
#9357=ORIENTED_EDGE('',*,*,#6682,.F.);
#9358=ORIENTED_EDGE('',*,*,#6686,.F.);
#9359=ORIENTED_EDGE('',*,*,#6694,.F.);
#9360=ORIENTED_EDGE('',*,*,#6744,.F.);
#9361=ORIENTED_EDGE('',*,*,#6869,.T.);
#9362=ORIENTED_EDGE('',*,*,#6870,.T.);
#9363=ORIENTED_EDGE('',*,*,#6777,.T.);
#9364=ORIENTED_EDGE('',*,*,#6774,.F.);
#9365=ORIENTED_EDGE('',*,*,#6771,.T.);
#9366=ORIENTED_EDGE('',*,*,#6768,.F.);
#9367=ORIENTED_EDGE('',*,*,#6752,.T.);
#9368=ORIENTED_EDGE('',*,*,#6748,.F.);
#9369=ORIENTED_EDGE('',*,*,#6871,.T.);
#9370=ORIENTED_EDGE('',*,*,#6872,.T.);
#9371=ORIENTED_EDGE('',*,*,#6765,.T.);
#9372=ORIENTED_EDGE('',*,*,#6762,.F.);
#9373=ORIENTED_EDGE('',*,*,#6759,.T.);
#9374=ORIENTED_EDGE('',*,*,#6755,.F.);
#9375=ORIENTED_EDGE('',*,*,#6873,.T.);
#9376=ORIENTED_EDGE('',*,*,#6874,.T.);
#9377=ORIENTED_EDGE('',*,*,#6796,.T.);
#9378=ORIENTED_EDGE('',*,*,#6793,.F.);
#9379=ORIENTED_EDGE('',*,*,#6790,.T.);
#9380=ORIENTED_EDGE('',*,*,#6787,.F.);
#9381=ORIENTED_EDGE('',*,*,#6784,.T.);
#9382=ORIENTED_EDGE('',*,*,#6780,.F.);
#9383=ORIENTED_EDGE('',*,*,#6864,.F.);
#9384=ORIENTED_EDGE('',*,*,#6875,.T.);
#9385=ORIENTED_EDGE('',*,*,#6876,.F.);
#9386=ORIENTED_EDGE('',*,*,#6863,.T.);
#9387=ORIENTED_EDGE('',*,*,#6865,.F.);
#9388=ORIENTED_EDGE('',*,*,#6859,.F.);
#9389=ORIENTED_EDGE('',*,*,#6856,.F.);
#9390=ORIENTED_EDGE('',*,*,#6867,.F.);
#9391=ORIENTED_EDGE('',*,*,#6877,.F.);
#9392=ORIENTED_EDGE('',*,*,#6875,.F.);
#9393=ORIENTED_EDGE('',*,*,#6727,.F.);
#9394=ORIENTED_EDGE('',*,*,#6733,.F.);
#9395=ORIENTED_EDGE('',*,*,#6688,.F.);
#9396=ORIENTED_EDGE('',*,*,#6861,.T.);
#9397=ORIENTED_EDGE('',*,*,#6876,.T.);
#9398=ORIENTED_EDGE('',*,*,#6878,.F.);
#9399=ORIENTED_EDGE('',*,*,#6728,.F.);
#9400=ORIENTED_EDGE('',*,*,#6878,.T.);
#9401=ORIENTED_EDGE('',*,*,#6877,.T.);
#9402=ORIENTED_EDGE('',*,*,#6879,.F.);
#9403=ORIENTED_EDGE('',*,*,#6734,.F.);
#9404=ORIENTED_EDGE('',*,*,#6502,.T.);
#9405=ORIENTED_EDGE('',*,*,#6573,.F.);
#9406=ORIENTED_EDGE('',*,*,#6616,.F.);
#9407=ORIENTED_EDGE('',*,*,#6668,.F.);
#9408=ORIENTED_EDGE('',*,*,#6531,.T.);
#9409=ORIENTED_EDGE('',*,*,#6536,.T.);
#9410=ORIENTED_EDGE('',*,*,#6514,.F.);
#9411=ORIENTED_EDGE('',*,*,#6880,.F.);
#9412=ORIENTED_EDGE('',*,*,#6594,.T.);
#9413=ORIENTED_EDGE('',*,*,#6666,.T.);
#9414=ORIENTED_EDGE('',*,*,#6881,.F.);
#9415=ORIENTED_EDGE('',*,*,#6882,.F.);
#9416=ORIENTED_EDGE('',*,*,#6678,.T.);
#9417=ORIENTED_EDGE('',*,*,#6665,.T.);
#9418=ORIENTED_EDGE('',*,*,#6883,.F.);
#9419=ORIENTED_EDGE('',*,*,#6884,.F.);
#9420=ORIENTED_EDGE('',*,*,#6881,.T.);
#9421=ORIENTED_EDGE('',*,*,#6664,.T.);
#9422=ORIENTED_EDGE('',*,*,#6885,.F.);
#9423=ORIENTED_EDGE('',*,*,#6886,.T.);
#9424=ORIENTED_EDGE('',*,*,#6883,.T.);
#9425=ORIENTED_EDGE('',*,*,#6663,.T.);
#9426=ORIENTED_EDGE('',*,*,#6674,.F.);
#9427=ORIENTED_EDGE('',*,*,#6887,.T.);
#9428=ORIENTED_EDGE('',*,*,#6885,.T.);
#9429=ORIENTED_EDGE('',*,*,#6880,.T.);
#9430=ORIENTED_EDGE('',*,*,#6513,.F.);
#9431=ORIENTED_EDGE('',*,*,#6888,.T.);
#9432=ORIENTED_EDGE('',*,*,#6889,.T.);
#9433=ORIENTED_EDGE('',*,*,#6890,.T.);
#9434=ORIENTED_EDGE('',*,*,#6891,.T.);
#9435=ORIENTED_EDGE('',*,*,#6892,.T.);
#9436=ORIENTED_EDGE('',*,*,#6595,.T.);
#9437=ORIENTED_EDGE('',*,*,#6893,.T.);
#9438=ORIENTED_EDGE('',*,*,#6894,.F.);
#9439=ORIENTED_EDGE('',*,*,#6895,.F.);
#9440=ORIENTED_EDGE('',*,*,#6891,.F.);
#9441=ORIENTED_EDGE('',*,*,#6896,.T.);
#9442=ORIENTED_EDGE('',*,*,#6897,.F.);
#9443=ORIENTED_EDGE('',*,*,#6898,.F.);
#9444=ORIENTED_EDGE('',*,*,#6894,.T.);
#9445=ORIENTED_EDGE('',*,*,#6899,.T.);
#9446=ORIENTED_EDGE('',*,*,#6889,.F.);
#9447=ORIENTED_EDGE('',*,*,#6900,.F.);
#9448=ORIENTED_EDGE('',*,*,#6897,.T.);
#9449=ORIENTED_EDGE('',*,*,#6899,.F.);
#9450=ORIENTED_EDGE('',*,*,#6896,.F.);
#9451=ORIENTED_EDGE('',*,*,#6893,.F.);
#9452=ORIENTED_EDGE('',*,*,#6890,.F.);
#9453=ORIENTED_EDGE('',*,*,#6422,.T.);
#9454=ORIENTED_EDGE('',*,*,#6624,.T.);
#9455=ORIENTED_EDGE('',*,*,#6635,.T.);
#9456=ORIENTED_EDGE('',*,*,#6901,.T.);
#9457=ORIENTED_EDGE('',*,*,#6676,.T.);
#9458=ORIENTED_EDGE('',*,*,#6902,.T.);
#9459=ORIENTED_EDGE('',*,*,#6630,.T.);
#9460=ORIENTED_EDGE('',*,*,#6903,.F.);
#9461=ORIENTED_EDGE('',*,*,#6904,.T.);
#9462=ORIENTED_EDGE('',*,*,#6905,.T.);
#9463=ORIENTED_EDGE('',*,*,#6629,.T.);
#9464=ORIENTED_EDGE('',*,*,#6906,.F.);
#9465=ORIENTED_EDGE('',*,*,#6907,.T.);
#9466=ORIENTED_EDGE('',*,*,#6903,.T.);
#9467=ORIENTED_EDGE('',*,*,#6628,.T.);
#9468=ORIENTED_EDGE('',*,*,#6647,.F.);
#9469=ORIENTED_EDGE('',*,*,#6908,.F.);
#9470=ORIENTED_EDGE('',*,*,#6906,.T.);
#9471=ORIENTED_EDGE('',*,*,#6613,.F.);
#9472=ORIENTED_EDGE('',*,*,#6909,.F.);
#9473=ORIENTED_EDGE('',*,*,#6599,.F.);
#9474=ORIENTED_EDGE('',*,*,#6644,.F.);
#9475=ORIENTED_EDGE('',*,*,#6636,.F.);
#9476=ORIENTED_EDGE('',*,*,#6625,.F.);
#9477=ORIENTED_EDGE('',*,*,#6902,.F.);
#9478=ORIENTED_EDGE('',*,*,#6675,.F.);
#9479=ORIENTED_EDGE('',*,*,#6779,.F.);
#9480=ORIENTED_EDGE('',*,*,#6910,.F.);
#9481=ORIENTED_EDGE('',*,*,#6911,.F.);
#9482=ORIENTED_EDGE('',*,*,#6782,.F.);
#9483=ORIENTED_EDGE('',*,*,#6786,.F.);
#9484=ORIENTED_EDGE('',*,*,#6789,.F.);
#9485=ORIENTED_EDGE('',*,*,#6792,.F.);
#9486=ORIENTED_EDGE('',*,*,#6795,.F.);
#9487=ORIENTED_EDGE('',*,*,#6798,.F.);
#9488=ORIENTED_EDGE('',*,*,#6912,.F.);
#9489=ORIENTED_EDGE('',*,*,#6913,.F.);
#9490=ORIENTED_EDGE('',*,*,#6757,.F.);
#9491=ORIENTED_EDGE('',*,*,#6761,.F.);
#9492=ORIENTED_EDGE('',*,*,#6764,.F.);
#9493=ORIENTED_EDGE('',*,*,#6767,.F.);
#9494=ORIENTED_EDGE('',*,*,#6914,.F.);
#9495=ORIENTED_EDGE('',*,*,#6915,.F.);
#9496=ORIENTED_EDGE('',*,*,#6750,.F.);
#9497=ORIENTED_EDGE('',*,*,#6754,.F.);
#9498=ORIENTED_EDGE('',*,*,#6770,.F.);
#9499=ORIENTED_EDGE('',*,*,#6773,.F.);
#9500=ORIENTED_EDGE('',*,*,#6776,.F.);
#9501=ORIENTED_EDGE('',*,*,#6758,.F.);
#9502=ORIENTED_EDGE('',*,*,#6913,.T.);
#9503=ORIENTED_EDGE('',*,*,#6916,.F.);
#9504=ORIENTED_EDGE('',*,*,#6873,.F.);
#9505=ORIENTED_EDGE('',*,*,#6912,.T.);
#9506=ORIENTED_EDGE('',*,*,#6797,.F.);
#9507=ORIENTED_EDGE('',*,*,#6874,.F.);
#9508=ORIENTED_EDGE('',*,*,#6916,.T.);
#9509=ORIENTED_EDGE('',*,*,#6783,.F.);
#9510=ORIENTED_EDGE('',*,*,#6911,.T.);
#9511=ORIENTED_EDGE('',*,*,#6917,.F.);
#9512=ORIENTED_EDGE('',*,*,#6869,.F.);
#9513=ORIENTED_EDGE('',*,*,#6910,.T.);
#9514=ORIENTED_EDGE('',*,*,#6778,.F.);
#9515=ORIENTED_EDGE('',*,*,#6870,.F.);
#9516=ORIENTED_EDGE('',*,*,#6917,.T.);
#9517=ORIENTED_EDGE('',*,*,#6609,.T.);
#9518=ORIENTED_EDGE('',*,*,#6918,.T.);
#9519=ORIENTED_EDGE('',*,*,#6919,.T.);
#9520=ORIENTED_EDGE('',*,*,#6649,.F.);
#9521=ORIENTED_EDGE('',*,*,#6652,.F.);
#9522=ORIENTED_EDGE('',*,*,#6653,.T.);
#9523=ORIENTED_EDGE('',*,*,#6406,.T.);
#9524=ORIENTED_EDGE('',*,*,#6646,.T.);
#9525=ORIENTED_EDGE('',*,*,#6920,.T.);
#9526=ORIENTED_EDGE('',*,*,#6921,.T.);
#9527=ORIENTED_EDGE('',*,*,#6904,.F.);
#9528=ORIENTED_EDGE('',*,*,#6907,.F.);
#9529=ORIENTED_EDGE('',*,*,#6908,.T.);
#9530=ORIENTED_EDGE('',*,*,#6398,.T.);
#9531=ORIENTED_EDGE('',*,*,#6572,.T.);
#9532=ORIENTED_EDGE('',*,*,#6600,.F.);
#9533=ORIENTED_EDGE('',*,*,#6909,.T.);
#9534=ORIENTED_EDGE('',*,*,#6612,.T.);
#9535=ORIENTED_EDGE('',*,*,#6620,.T.);
#9536=ORIENTED_EDGE('',*,*,#6650,.F.);
#9537=ORIENTED_EDGE('',*,*,#6919,.F.);
#9538=ORIENTED_EDGE('',*,*,#6922,.T.);
#9539=ORIENTED_EDGE('',*,*,#6621,.T.);
#9540=ORIENTED_EDGE('',*,*,#6922,.F.);
#9541=ORIENTED_EDGE('',*,*,#6918,.F.);
#9542=ORIENTED_EDGE('',*,*,#6608,.T.);
#9543=ORIENTED_EDGE('',*,*,#6631,.T.);
#9544=ORIENTED_EDGE('',*,*,#6905,.F.);
#9545=ORIENTED_EDGE('',*,*,#6921,.F.);
#9546=ORIENTED_EDGE('',*,*,#6923,.T.);
#9547=ORIENTED_EDGE('',*,*,#6632,.T.);
#9548=ORIENTED_EDGE('',*,*,#6923,.F.);
#9549=ORIENTED_EDGE('',*,*,#6920,.F.);
#9550=ORIENTED_EDGE('',*,*,#6645,.T.);
#9551=ORIENTED_EDGE('',*,*,#6555,.T.);
#9552=ORIENTED_EDGE('',*,*,#6581,.F.);
#9553=ORIENTED_EDGE('',*,*,#6924,.T.);
#9554=ORIENTED_EDGE('',*,*,#6582,.T.);
#9555=ORIENTED_EDGE('',*,*,#6591,.T.);
#9556=ORIENTED_EDGE('',*,*,#6575,.T.);
#9557=ORIENTED_EDGE('',*,*,#6578,.T.);
#9558=ORIENTED_EDGE('',*,*,#6583,.F.);
#9559=ORIENTED_EDGE('',*,*,#6924,.F.);
#9560=ORIENTED_EDGE('',*,*,#6580,.T.);
#9561=ORIENTED_EDGE('',*,*,#6402,.T.);
#9562=ORIENTED_EDGE('',*,*,#6900,.T.);
#9563=ORIENTED_EDGE('',*,*,#6888,.F.);
#9564=ORIENTED_EDGE('',*,*,#6512,.F.);
#9565=ORIENTED_EDGE('',*,*,#6677,.F.);
#9566=ORIENTED_EDGE('',*,*,#6901,.F.);
#9567=ORIENTED_EDGE('',*,*,#6634,.F.);
#9568=ORIENTED_EDGE('',*,*,#6596,.F.);
#9569=ORIENTED_EDGE('',*,*,#6892,.F.);
#9570=ORIENTED_EDGE('',*,*,#6895,.T.);
#9571=ORIENTED_EDGE('',*,*,#6898,.T.);
#9572=ORIENTED_EDGE('',*,*,#6821,.F.);
#9573=ORIENTED_EDGE('',*,*,#6925,.F.);
#9574=ORIENTED_EDGE('',*,*,#6823,.F.);
#9575=ORIENTED_EDGE('',*,*,#6826,.F.);
#9576=ORIENTED_EDGE('',*,*,#6828,.F.);
#9577=ORIENTED_EDGE('',*,*,#6830,.F.);
#9578=ORIENTED_EDGE('',*,*,#6832,.F.);
#9579=ORIENTED_EDGE('',*,*,#6834,.F.);
#9580=ORIENTED_EDGE('',*,*,#6926,.F.);
#9581=ORIENTED_EDGE('',*,*,#6836,.F.);
#9582=ORIENTED_EDGE('',*,*,#6839,.F.);
#9583=ORIENTED_EDGE('',*,*,#6927,.F.);
#9584=ORIENTED_EDGE('',*,*,#6841,.F.);
#9585=ORIENTED_EDGE('',*,*,#6844,.F.);
#9586=ORIENTED_EDGE('',*,*,#6846,.F.);
#9587=ORIENTED_EDGE('',*,*,#6848,.F.);
#9588=ORIENTED_EDGE('',*,*,#6928,.F.);
#9589=ORIENTED_EDGE('',*,*,#6850,.F.);
#9590=ORIENTED_EDGE('',*,*,#6853,.F.);
#9591=ORIENTED_EDGE('',*,*,#6929,.F.);
#9592=ORIENTED_EDGE('',*,*,#6800,.F.);
#9593=ORIENTED_EDGE('',*,*,#6803,.F.);
#9594=ORIENTED_EDGE('',*,*,#6805,.F.);
#9595=ORIENTED_EDGE('',*,*,#6807,.F.);
#9596=ORIENTED_EDGE('',*,*,#6809,.F.);
#9597=ORIENTED_EDGE('',*,*,#6811,.F.);
#9598=ORIENTED_EDGE('',*,*,#6930,.F.);
#9599=ORIENTED_EDGE('',*,*,#6813,.F.);
#9600=ORIENTED_EDGE('',*,*,#6816,.F.);
#9601=ORIENTED_EDGE('',*,*,#6931,.F.);
#9602=ORIENTED_EDGE('',*,*,#6932,.F.);
#9603=ORIENTED_EDGE('',*,*,#6818,.F.);
#9604=ORIENTED_EDGE('',*,*,#6851,.F.);
#9605=ORIENTED_EDGE('',*,*,#6928,.T.);
#9606=ORIENTED_EDGE('',*,*,#6847,.F.);
#9607=ORIENTED_EDGE('',*,*,#6714,.F.);
#9608=ORIENTED_EDGE('',*,*,#6842,.F.);
#9609=ORIENTED_EDGE('',*,*,#6927,.T.);
#9610=ORIENTED_EDGE('',*,*,#6838,.F.);
#9611=ORIENTED_EDGE('',*,*,#6719,.F.);
#9612=ORIENTED_EDGE('',*,*,#6837,.F.);
#9613=ORIENTED_EDGE('',*,*,#6926,.T.);
#9614=ORIENTED_EDGE('',*,*,#6833,.F.);
#9615=ORIENTED_EDGE('',*,*,#6722,.F.);
#9616=ORIENTED_EDGE('',*,*,#6517,.T.);
#9617=ORIENTED_EDGE('',*,*,#6933,.T.);
#9618=ORIENTED_EDGE('',*,*,#6934,.T.);
#9619=ORIENTED_EDGE('',*,*,#6935,.F.);
#9620=ORIENTED_EDGE('',*,*,#6936,.F.);
#9621=ORIENTED_EDGE('',*,*,#6937,.T.);
#9622=ORIENTED_EDGE('',*,*,#6418,.T.);
#9623=ORIENTED_EDGE('',*,*,#6592,.T.);
#9624=ORIENTED_EDGE('',*,*,#6585,.T.);
#9625=ORIENTED_EDGE('',*,*,#6588,.T.);
#9626=ORIENTED_EDGE('',*,*,#6590,.F.);
#9627=ORIENTED_EDGE('',*,*,#6602,.F.);
#9628=ORIENTED_EDGE('',*,*,#6938,.T.);
#9629=ORIENTED_EDGE('',*,*,#6414,.T.);
#9630=ORIENTED_EDGE('',*,*,#6538,.T.);
#9631=ORIENTED_EDGE('',*,*,#6593,.F.);
#9632=ORIENTED_EDGE('',*,*,#6938,.F.);
#9633=ORIENTED_EDGE('',*,*,#6601,.T.);
#9634=ORIENTED_EDGE('',*,*,#6545,.T.);
#9635=ORIENTED_EDGE('',*,*,#6518,.F.);
#9636=ORIENTED_EDGE('',*,*,#6937,.F.);
#9637=ORIENTED_EDGE('',*,*,#6939,.T.);
#9638=ORIENTED_EDGE('',*,*,#6546,.T.);
#9639=ORIENTED_EDGE('',*,*,#6939,.F.);
#9640=ORIENTED_EDGE('',*,*,#6936,.T.);
#9641=ORIENTED_EDGE('',*,*,#6940,.T.);
#9642=ORIENTED_EDGE('',*,*,#6547,.T.);
#9643=ORIENTED_EDGE('',*,*,#6940,.F.);
#9644=ORIENTED_EDGE('',*,*,#6935,.T.);
#9645=ORIENTED_EDGE('',*,*,#6941,.T.);
#9646=ORIENTED_EDGE('',*,*,#6533,.T.);
#9647=ORIENTED_EDGE('',*,*,#6534,.T.);
#9648=ORIENTED_EDGE('',*,*,#6941,.F.);
#9649=ORIENTED_EDGE('',*,*,#6934,.F.);
#9650=ORIENTED_EDGE('',*,*,#6942,.T.);
#9651=ORIENTED_EDGE('',*,*,#6535,.T.);
#9652=ORIENTED_EDGE('',*,*,#6942,.F.);
#9653=ORIENTED_EDGE('',*,*,#6933,.F.);
#9654=ORIENTED_EDGE('',*,*,#6516,.T.);
#9655=ORIENTED_EDGE('',*,*,#6679,.T.);
#9656=ORIENTED_EDGE('',*,*,#6882,.T.);
#9657=ORIENTED_EDGE('',*,*,#6884,.T.);
#9658=ORIENTED_EDGE('',*,*,#6886,.F.);
#9659=ORIENTED_EDGE('',*,*,#6887,.F.);
#9660=ORIENTED_EDGE('',*,*,#6673,.T.);
#9661=ORIENTED_EDGE('',*,*,#6410,.T.);
#9662=ORIENTED_EDGE('',*,*,#6914,.T.);
#9663=ORIENTED_EDGE('',*,*,#6766,.F.);
#9664=ORIENTED_EDGE('',*,*,#6872,.F.);
#9665=ORIENTED_EDGE('',*,*,#6943,.T.);
#9666=ORIENTED_EDGE('',*,*,#6751,.F.);
#9667=ORIENTED_EDGE('',*,*,#6915,.T.);
#9668=ORIENTED_EDGE('',*,*,#6943,.F.);
#9669=ORIENTED_EDGE('',*,*,#6871,.F.);
#9670=ORIENTED_EDGE('',*,*,#6743,.F.);
#9671=ORIENTED_EDGE('',*,*,#6735,.F.);
#9672=ORIENTED_EDGE('',*,*,#6879,.T.);
#9673=ORIENTED_EDGE('',*,*,#6868,.T.);
#9674=ORIENTED_EDGE('',*,*,#6801,.F.);
#9675=ORIENTED_EDGE('',*,*,#6929,.T.);
#9676=ORIENTED_EDGE('',*,*,#6852,.F.);
#9677=ORIENTED_EDGE('',*,*,#6711,.F.);
#9678=ORIENTED_EDGE('',*,*,#6814,.F.);
#9679=ORIENTED_EDGE('',*,*,#6930,.T.);
#9680=ORIENTED_EDGE('',*,*,#6810,.F.);
#9681=ORIENTED_EDGE('',*,*,#6704,.F.);
#9682=ORIENTED_EDGE('',*,*,#6931,.T.);
#9683=ORIENTED_EDGE('',*,*,#6815,.F.);
#9684=ORIENTED_EDGE('',*,*,#6701,.F.);
#9685=ORIENTED_EDGE('',*,*,#6944,.T.);
#9686=ORIENTED_EDGE('',*,*,#6819,.F.);
#9687=ORIENTED_EDGE('',*,*,#6932,.T.);
#9688=ORIENTED_EDGE('',*,*,#6944,.F.);
#9689=ORIENTED_EDGE('',*,*,#6700,.F.);
#9690=ORIENTED_EDGE('',*,*,#6824,.F.);
#9691=ORIENTED_EDGE('',*,*,#6925,.T.);
#9692=ORIENTED_EDGE('',*,*,#6820,.F.);
#9693=ORIENTED_EDGE('',*,*,#6697,.F.);
#9694=ORIENTED_EDGE('',*,*,#6746,.F.);
#9695=ORIENTED_EDGE('',*,*,#6691,.T.);
#9696=ORIENTED_EDGE('',*,*,#6747,.F.);
#9697=ORIENTED_EDGE('',*,*,#6739,.F.);
#9698=ORIENTED_EDGE('',*,*,#6945,.F.);
#9699=ORIENTED_EDGE('',*,*,#6946,.T.);
#9700=ORIENTED_EDGE('',*,*,#6947,.F.);
#9701=ORIENTED_EDGE('',*,*,#6948,.F.);
#9702=ORIENTED_EDGE('',*,*,#6949,.F.);
#9703=ORIENTED_EDGE('',*,*,#6948,.T.);
#9704=ORIENTED_EDGE('',*,*,#6950,.F.);
#9705=ORIENTED_EDGE('',*,*,#6951,.F.);
#9706=ORIENTED_EDGE('',*,*,#6952,.F.);
#9707=ORIENTED_EDGE('',*,*,#6951,.T.);
#9708=ORIENTED_EDGE('',*,*,#6953,.F.);
#9709=ORIENTED_EDGE('',*,*,#6954,.F.);
#9710=ORIENTED_EDGE('',*,*,#6955,.F.);
#9711=ORIENTED_EDGE('',*,*,#6954,.T.);
#9712=ORIENTED_EDGE('',*,*,#6956,.F.);
#9713=ORIENTED_EDGE('',*,*,#6957,.F.);
#9714=ORIENTED_EDGE('',*,*,#6958,.F.);
#9715=ORIENTED_EDGE('',*,*,#6957,.T.);
#9716=ORIENTED_EDGE('',*,*,#6959,.F.);
#9717=ORIENTED_EDGE('',*,*,#6960,.F.);
#9718=ORIENTED_EDGE('',*,*,#6961,.F.);
#9719=ORIENTED_EDGE('',*,*,#6960,.T.);
#9720=ORIENTED_EDGE('',*,*,#6962,.F.);
#9721=ORIENTED_EDGE('',*,*,#6963,.F.);
#9722=ORIENTED_EDGE('',*,*,#6964,.F.);
#9723=ORIENTED_EDGE('',*,*,#6965,.T.);
#9724=ORIENTED_EDGE('',*,*,#6966,.F.);
#9725=ORIENTED_EDGE('',*,*,#6967,.F.);
#9726=ORIENTED_EDGE('',*,*,#6968,.F.);
#9727=ORIENTED_EDGE('',*,*,#6967,.T.);
#9728=ORIENTED_EDGE('',*,*,#6969,.F.);
#9729=ORIENTED_EDGE('',*,*,#6970,.F.);
#9730=ORIENTED_EDGE('',*,*,#6971,.F.);
#9731=ORIENTED_EDGE('',*,*,#6970,.T.);
#9732=ORIENTED_EDGE('',*,*,#6972,.F.);
#9733=ORIENTED_EDGE('',*,*,#6973,.F.);
#9734=ORIENTED_EDGE('',*,*,#6974,.F.);
#9735=ORIENTED_EDGE('',*,*,#6975,.T.);
#9736=ORIENTED_EDGE('',*,*,#6976,.F.);
#9737=ORIENTED_EDGE('',*,*,#6946,.F.);
#9738=ORIENTED_EDGE('',*,*,#6976,.T.);
#9739=ORIENTED_EDGE('',*,*,#6977,.T.);
#9740=ORIENTED_EDGE('',*,*,#6972,.T.);
#9741=ORIENTED_EDGE('',*,*,#6969,.T.);
#9742=ORIENTED_EDGE('',*,*,#6966,.T.);
#9743=ORIENTED_EDGE('',*,*,#6978,.T.);
#9744=ORIENTED_EDGE('',*,*,#6962,.T.);
#9745=ORIENTED_EDGE('',*,*,#6959,.T.);
#9746=ORIENTED_EDGE('',*,*,#6956,.T.);
#9747=ORIENTED_EDGE('',*,*,#6953,.T.);
#9748=ORIENTED_EDGE('',*,*,#6950,.T.);
#9749=ORIENTED_EDGE('',*,*,#6947,.T.);
#9750=ORIENTED_EDGE('',*,*,#6964,.T.);
#9751=ORIENTED_EDGE('',*,*,#6968,.T.);
#9752=ORIENTED_EDGE('',*,*,#6971,.T.);
#9753=ORIENTED_EDGE('',*,*,#6979,.T.);
#9754=ORIENTED_EDGE('',*,*,#6980,.T.);
#9755=ORIENTED_EDGE('',*,*,#6981,.T.);
#9756=ORIENTED_EDGE('',*,*,#6982,.T.);
#9757=ORIENTED_EDGE('',*,*,#6983,.T.);
#9758=ORIENTED_EDGE('',*,*,#6984,.T.);
#9759=ORIENTED_EDGE('',*,*,#6985,.T.);
#9760=ORIENTED_EDGE('',*,*,#6986,.T.);
#9761=ORIENTED_EDGE('',*,*,#6987,.T.);
#9762=ORIENTED_EDGE('',*,*,#6988,.F.);
#9763=ORIENTED_EDGE('',*,*,#6989,.F.);
#9764=ORIENTED_EDGE('',*,*,#6990,.F.);
#9765=ORIENTED_EDGE('',*,*,#6991,.T.);
#9766=ORIENTED_EDGE('',*,*,#6992,.T.);
#9767=ORIENTED_EDGE('',*,*,#6993,.T.);
#9768=ORIENTED_EDGE('',*,*,#6994,.T.);
#9769=ORIENTED_EDGE('',*,*,#6995,.T.);
#9770=ORIENTED_EDGE('',*,*,#6996,.T.);
#9771=ORIENTED_EDGE('',*,*,#6997,.T.);
#9772=ORIENTED_EDGE('',*,*,#6998,.T.);
#9773=ORIENTED_EDGE('',*,*,#6999,.T.);
#9774=ORIENTED_EDGE('',*,*,#6990,.T.);
#9775=ORIENTED_EDGE('',*,*,#7000,.F.);
#9776=ORIENTED_EDGE('',*,*,#7001,.T.);
#9777=ORIENTED_EDGE('',*,*,#7002,.F.);
#9778=ORIENTED_EDGE('',*,*,#6989,.T.);
#9779=ORIENTED_EDGE('',*,*,#7003,.F.);
#9780=ORIENTED_EDGE('',*,*,#7004,.T.);
#9781=ORIENTED_EDGE('',*,*,#7000,.T.);
#9782=ORIENTED_EDGE('',*,*,#6988,.T.);
#9783=ORIENTED_EDGE('',*,*,#7005,.F.);
#9784=ORIENTED_EDGE('',*,*,#7006,.T.);
#9785=ORIENTED_EDGE('',*,*,#7003,.T.);
#9786=ORIENTED_EDGE('',*,*,#7005,.T.);
#9787=ORIENTED_EDGE('',*,*,#6987,.F.);
#9788=ORIENTED_EDGE('',*,*,#7007,.F.);
#9789=ORIENTED_EDGE('',*,*,#7008,.F.);
#9790=ORIENTED_EDGE('',*,*,#7002,.T.);
#9791=ORIENTED_EDGE('',*,*,#7009,.F.);
#9792=ORIENTED_EDGE('',*,*,#7010,.T.);
#9793=ORIENTED_EDGE('',*,*,#6991,.F.);
#9794=ORIENTED_EDGE('',*,*,#6999,.F.);
#9795=ORIENTED_EDGE('',*,*,#7011,.T.);
#9796=ORIENTED_EDGE('',*,*,#7012,.T.);
#9797=ORIENTED_EDGE('',*,*,#7011,.F.);
#9798=ORIENTED_EDGE('',*,*,#6998,.F.);
#9799=ORIENTED_EDGE('',*,*,#7013,.T.);
#9800=ORIENTED_EDGE('',*,*,#7014,.T.);
#9801=ORIENTED_EDGE('',*,*,#7013,.F.);
#9802=ORIENTED_EDGE('',*,*,#6997,.F.);
#9803=ORIENTED_EDGE('',*,*,#7015,.T.);
#9804=ORIENTED_EDGE('',*,*,#7016,.T.);
#9805=ORIENTED_EDGE('',*,*,#7015,.F.);
#9806=ORIENTED_EDGE('',*,*,#6996,.F.);
#9807=ORIENTED_EDGE('',*,*,#7017,.T.);
#9808=ORIENTED_EDGE('',*,*,#7018,.T.);
#9809=ORIENTED_EDGE('',*,*,#7017,.F.);
#9810=ORIENTED_EDGE('',*,*,#6995,.F.);
#9811=ORIENTED_EDGE('',*,*,#7019,.T.);
#9812=ORIENTED_EDGE('',*,*,#7020,.T.);
#9813=ORIENTED_EDGE('',*,*,#7019,.F.);
#9814=ORIENTED_EDGE('',*,*,#6994,.F.);
#9815=ORIENTED_EDGE('',*,*,#7021,.T.);
#9816=ORIENTED_EDGE('',*,*,#7022,.T.);
#9817=ORIENTED_EDGE('',*,*,#7021,.F.);
#9818=ORIENTED_EDGE('',*,*,#7023,.F.);
#9819=ORIENTED_EDGE('',*,*,#7024,.T.);
#9820=ORIENTED_EDGE('',*,*,#6983,.F.);
#9821=ORIENTED_EDGE('',*,*,#7025,.F.);
#9822=ORIENTED_EDGE('',*,*,#7026,.F.);
#9823=ORIENTED_EDGE('',*,*,#7025,.T.);
#9824=ORIENTED_EDGE('',*,*,#6982,.F.);
#9825=ORIENTED_EDGE('',*,*,#7027,.F.);
#9826=ORIENTED_EDGE('',*,*,#7028,.F.);
#9827=ORIENTED_EDGE('',*,*,#7027,.T.);
#9828=ORIENTED_EDGE('',*,*,#6981,.F.);
#9829=ORIENTED_EDGE('',*,*,#7029,.F.);
#9830=ORIENTED_EDGE('',*,*,#7030,.F.);
#9831=ORIENTED_EDGE('',*,*,#7029,.T.);
#9832=ORIENTED_EDGE('',*,*,#6980,.F.);
#9833=ORIENTED_EDGE('',*,*,#7031,.F.);
#9834=ORIENTED_EDGE('',*,*,#7032,.F.);
#9835=ORIENTED_EDGE('',*,*,#7031,.T.);
#9836=ORIENTED_EDGE('',*,*,#6979,.F.);
#9837=ORIENTED_EDGE('',*,*,#6973,.T.);
#9838=ORIENTED_EDGE('',*,*,#6977,.F.);
#9839=ORIENTED_EDGE('',*,*,#6975,.F.);
#9840=ORIENTED_EDGE('',*,*,#7033,.F.);
#9841=ORIENTED_EDGE('',*,*,#6963,.T.);
#9842=ORIENTED_EDGE('',*,*,#6978,.F.);
#9843=ORIENTED_EDGE('',*,*,#6965,.F.);
#9844=ORIENTED_EDGE('',*,*,#6993,.F.);
#9845=ORIENTED_EDGE('',*,*,#7034,.F.);
#9846=ORIENTED_EDGE('',*,*,#7035,.F.);
#9847=ORIENTED_EDGE('',*,*,#7034,.T.);
#9848=ORIENTED_EDGE('',*,*,#6992,.F.);
#9849=ORIENTED_EDGE('',*,*,#7010,.F.);
#9850=ORIENTED_EDGE('',*,*,#7036,.F.);
#9851=ORIENTED_EDGE('',*,*,#7007,.T.);
#9852=ORIENTED_EDGE('',*,*,#6986,.F.);
#9853=ORIENTED_EDGE('',*,*,#7037,.F.);
#9854=ORIENTED_EDGE('',*,*,#7038,.F.);
#9855=ORIENTED_EDGE('',*,*,#7037,.T.);
#9856=ORIENTED_EDGE('',*,*,#6985,.F.);
#9857=ORIENTED_EDGE('',*,*,#7039,.F.);
#9858=ORIENTED_EDGE('',*,*,#7040,.T.);
#9859=ORIENTED_EDGE('',*,*,#7039,.T.);
#9860=ORIENTED_EDGE('',*,*,#6984,.F.);
#9861=ORIENTED_EDGE('',*,*,#7024,.F.);
#9862=ORIENTED_EDGE('',*,*,#6961,.T.);
#9863=ORIENTED_EDGE('',*,*,#7033,.T.);
#9864=ORIENTED_EDGE('',*,*,#6974,.T.);
#9865=ORIENTED_EDGE('',*,*,#6945,.T.);
#9866=ORIENTED_EDGE('',*,*,#6949,.T.);
#9867=ORIENTED_EDGE('',*,*,#6952,.T.);
#9868=ORIENTED_EDGE('',*,*,#6955,.T.);
#9869=ORIENTED_EDGE('',*,*,#6958,.T.);
#9870=ORIENTED_EDGE('',*,*,#7040,.F.);
#9871=ORIENTED_EDGE('',*,*,#7023,.T.);
#9872=ORIENTED_EDGE('',*,*,#7026,.T.);
#9873=ORIENTED_EDGE('',*,*,#7028,.T.);
#9874=ORIENTED_EDGE('',*,*,#7030,.T.);
#9875=ORIENTED_EDGE('',*,*,#7032,.T.);
#9876=ORIENTED_EDGE('',*,*,#7035,.T.);
#9877=ORIENTED_EDGE('',*,*,#7009,.T.);
#9878=ORIENTED_EDGE('',*,*,#7001,.F.);
#9879=ORIENTED_EDGE('',*,*,#7004,.F.);
#9880=ORIENTED_EDGE('',*,*,#7006,.F.);
#9881=ORIENTED_EDGE('',*,*,#7008,.T.);
#9882=ORIENTED_EDGE('',*,*,#7036,.T.);
#9883=ORIENTED_EDGE('',*,*,#7038,.T.);
#9884=ORIENTED_EDGE('',*,*,#7022,.F.);
#9885=ORIENTED_EDGE('',*,*,#7020,.F.);
#9886=ORIENTED_EDGE('',*,*,#7018,.F.);
#9887=ORIENTED_EDGE('',*,*,#7016,.F.);
#9888=ORIENTED_EDGE('',*,*,#7014,.F.);
#9889=ORIENTED_EDGE('',*,*,#7012,.F.);
#9890=ORIENTED_EDGE('',*,*,#7041,.F.);
#9891=ORIENTED_EDGE('',*,*,#7042,.T.);
#9892=ORIENTED_EDGE('',*,*,#7043,.F.);
#9893=ORIENTED_EDGE('',*,*,#7044,.F.);
#9894=ORIENTED_EDGE('',*,*,#7045,.F.);
#9895=ORIENTED_EDGE('',*,*,#7044,.T.);
#9896=ORIENTED_EDGE('',*,*,#7046,.F.);
#9897=ORIENTED_EDGE('',*,*,#7047,.F.);
#9898=ORIENTED_EDGE('',*,*,#7048,.F.);
#9899=ORIENTED_EDGE('',*,*,#7049,.T.);
#9900=ORIENTED_EDGE('',*,*,#7050,.F.);
#9901=ORIENTED_EDGE('',*,*,#7051,.F.);
#9902=ORIENTED_EDGE('',*,*,#7052,.F.);
#9903=ORIENTED_EDGE('',*,*,#7051,.T.);
#9904=ORIENTED_EDGE('',*,*,#7053,.F.);
#9905=ORIENTED_EDGE('',*,*,#7054,.F.);
#9906=ORIENTED_EDGE('',*,*,#7055,.F.);
#9907=ORIENTED_EDGE('',*,*,#7054,.T.);
#9908=ORIENTED_EDGE('',*,*,#7056,.F.);
#9909=ORIENTED_EDGE('',*,*,#7057,.F.);
#9910=ORIENTED_EDGE('',*,*,#7058,.F.);
#9911=ORIENTED_EDGE('',*,*,#7059,.T.);
#9912=ORIENTED_EDGE('',*,*,#7060,.F.);
#9913=ORIENTED_EDGE('',*,*,#7061,.F.);
#9914=ORIENTED_EDGE('',*,*,#7062,.F.);
#9915=ORIENTED_EDGE('',*,*,#7061,.T.);
#9916=ORIENTED_EDGE('',*,*,#7063,.F.);
#9917=ORIENTED_EDGE('',*,*,#7064,.F.);
#9918=ORIENTED_EDGE('',*,*,#7065,.F.);
#9919=ORIENTED_EDGE('',*,*,#7064,.T.);
#9920=ORIENTED_EDGE('',*,*,#7066,.F.);
#9921=ORIENTED_EDGE('',*,*,#7067,.F.);
#9922=ORIENTED_EDGE('',*,*,#7068,.F.);
#9923=ORIENTED_EDGE('',*,*,#7067,.T.);
#9924=ORIENTED_EDGE('',*,*,#7069,.F.);
#9925=ORIENTED_EDGE('',*,*,#7070,.F.);
#9926=ORIENTED_EDGE('',*,*,#7071,.F.);
#9927=ORIENTED_EDGE('',*,*,#7070,.T.);
#9928=ORIENTED_EDGE('',*,*,#7072,.F.);
#9929=ORIENTED_EDGE('',*,*,#7042,.F.);
#9930=ORIENTED_EDGE('',*,*,#7072,.T.);
#9931=ORIENTED_EDGE('',*,*,#7069,.T.);
#9932=ORIENTED_EDGE('',*,*,#7066,.T.);
#9933=ORIENTED_EDGE('',*,*,#7063,.T.);
#9934=ORIENTED_EDGE('',*,*,#7060,.T.);
#9935=ORIENTED_EDGE('',*,*,#7073,.T.);
#9936=ORIENTED_EDGE('',*,*,#7056,.T.);
#9937=ORIENTED_EDGE('',*,*,#7053,.T.);
#9938=ORIENTED_EDGE('',*,*,#7050,.T.);
#9939=ORIENTED_EDGE('',*,*,#7074,.T.);
#9940=ORIENTED_EDGE('',*,*,#7046,.T.);
#9941=ORIENTED_EDGE('',*,*,#7043,.T.);
#9942=ORIENTED_EDGE('',*,*,#7058,.T.);
#9943=ORIENTED_EDGE('',*,*,#7062,.T.);
#9944=ORIENTED_EDGE('',*,*,#7065,.T.);
#9945=ORIENTED_EDGE('',*,*,#7068,.T.);
#9946=ORIENTED_EDGE('',*,*,#7071,.T.);
#9947=ORIENTED_EDGE('',*,*,#7041,.T.);
#9948=ORIENTED_EDGE('',*,*,#7045,.T.);
#9949=ORIENTED_EDGE('',*,*,#7075,.F.);
#9950=ORIENTED_EDGE('',*,*,#7076,.T.);
#9951=ORIENTED_EDGE('',*,*,#7077,.T.);
#9952=ORIENTED_EDGE('',*,*,#7078,.T.);
#9953=ORIENTED_EDGE('',*,*,#7057,.T.);
#9954=ORIENTED_EDGE('',*,*,#7073,.F.);
#9955=ORIENTED_EDGE('',*,*,#7059,.F.);
#9956=ORIENTED_EDGE('',*,*,#7075,.T.);
#9957=ORIENTED_EDGE('',*,*,#7047,.T.);
#9958=ORIENTED_EDGE('',*,*,#7074,.F.);
#9959=ORIENTED_EDGE('',*,*,#7049,.F.);
#9960=ORIENTED_EDGE('',*,*,#7079,.T.);
#9961=ORIENTED_EDGE('',*,*,#7080,.T.);
#9962=ORIENTED_EDGE('',*,*,#7081,.F.);
#9963=ORIENTED_EDGE('',*,*,#7082,.T.);
#9964=ORIENTED_EDGE('',*,*,#7083,.T.);
#9965=ORIENTED_EDGE('',*,*,#7082,.F.);
#9966=ORIENTED_EDGE('',*,*,#7084,.F.);
#9967=ORIENTED_EDGE('',*,*,#7085,.T.);
#9968=ORIENTED_EDGE('',*,*,#7086,.T.);
#9969=ORIENTED_EDGE('',*,*,#7085,.F.);
#9970=ORIENTED_EDGE('',*,*,#7087,.F.);
#9971=ORIENTED_EDGE('',*,*,#7088,.T.);
#9972=ORIENTED_EDGE('',*,*,#7089,.T.);
#9973=ORIENTED_EDGE('',*,*,#7088,.F.);
#9974=ORIENTED_EDGE('',*,*,#7090,.F.);
#9975=ORIENTED_EDGE('',*,*,#7091,.T.);
#9976=ORIENTED_EDGE('',*,*,#7092,.T.);
#9977=ORIENTED_EDGE('',*,*,#7091,.F.);
#9978=ORIENTED_EDGE('',*,*,#7093,.F.);
#9979=ORIENTED_EDGE('',*,*,#7094,.T.);
#9980=ORIENTED_EDGE('',*,*,#7095,.F.);
#9981=ORIENTED_EDGE('',*,*,#7096,.F.);
#9982=ORIENTED_EDGE('',*,*,#7097,.F.);
#9983=ORIENTED_EDGE('',*,*,#7096,.T.);
#9984=ORIENTED_EDGE('',*,*,#7098,.F.);
#9985=ORIENTED_EDGE('',*,*,#7099,.F.);
#9986=ORIENTED_EDGE('',*,*,#7100,.T.);
#9987=ORIENTED_EDGE('',*,*,#7099,.T.);
#9988=ORIENTED_EDGE('',*,*,#7101,.F.);
#9989=ORIENTED_EDGE('',*,*,#7102,.F.);
#9990=ORIENTED_EDGE('',*,*,#7103,.F.);
#9991=ORIENTED_EDGE('',*,*,#7102,.T.);
#9992=ORIENTED_EDGE('',*,*,#7104,.T.);
#9993=ORIENTED_EDGE('',*,*,#7077,.F.);
#9994=ORIENTED_EDGE('',*,*,#7105,.T.);
#9995=ORIENTED_EDGE('',*,*,#7080,.F.);
#9996=ORIENTED_EDGE('',*,*,#7106,.F.);
#9997=ORIENTED_EDGE('',*,*,#7094,.F.);
#9998=ORIENTED_EDGE('',*,*,#7055,.T.);
#9999=ORIENTED_EDGE('',*,*,#7078,.F.);
#10000=ORIENTED_EDGE('',*,*,#7104,.F.);
#10001=ORIENTED_EDGE('',*,*,#7101,.T.);
#10002=ORIENTED_EDGE('',*,*,#7098,.T.);
#10003=ORIENTED_EDGE('',*,*,#7095,.T.);
#10004=ORIENTED_EDGE('',*,*,#7106,.T.);
#10005=ORIENTED_EDGE('',*,*,#7079,.F.);
#10006=ORIENTED_EDGE('',*,*,#7048,.T.);
#10007=ORIENTED_EDGE('',*,*,#7052,.T.);
#10008=ORIENTED_EDGE('',*,*,#7090,.T.);
#10009=ORIENTED_EDGE('',*,*,#7087,.T.);
#10010=ORIENTED_EDGE('',*,*,#7084,.T.);
#10011=ORIENTED_EDGE('',*,*,#7081,.T.);
#10012=ORIENTED_EDGE('',*,*,#7105,.F.);
#10013=ORIENTED_EDGE('',*,*,#7093,.T.);
#10014=ORIENTED_EDGE('',*,*,#7097,.T.);
#10015=ORIENTED_EDGE('',*,*,#7100,.F.);
#10016=ORIENTED_EDGE('',*,*,#7103,.T.);
#10017=ORIENTED_EDGE('',*,*,#7076,.F.);
#10018=ORIENTED_EDGE('',*,*,#7092,.F.);
#10019=ORIENTED_EDGE('',*,*,#7089,.F.);
#10020=ORIENTED_EDGE('',*,*,#7086,.F.);
#10021=ORIENTED_EDGE('',*,*,#7083,.F.);
#10022=ORIENTED_EDGE('',*,*,#7107,.F.);
#10023=ORIENTED_EDGE('',*,*,#7108,.T.);
#10024=ORIENTED_EDGE('',*,*,#7109,.T.);
#10025=ORIENTED_EDGE('',*,*,#7108,.F.);
#10026=ORIENTED_EDGE('',*,*,#7109,.F.);
#10027=ORIENTED_EDGE('',*,*,#7110,.F.);
#10028=ORIENTED_EDGE('',*,*,#7111,.T.);
#10029=ORIENTED_EDGE('',*,*,#7112,.T.);
#10030=ORIENTED_EDGE('',*,*,#7111,.F.);
#10031=ORIENTED_EDGE('',*,*,#7112,.F.);
#10032=ORIENTED_EDGE('',*,*,#7113,.F.);
#10033=ORIENTED_EDGE('',*,*,#7114,.T.);
#10034=ORIENTED_EDGE('',*,*,#7115,.T.);
#10035=ORIENTED_EDGE('',*,*,#7114,.F.);
#10036=ORIENTED_EDGE('',*,*,#7115,.F.);
#10037=ORIENTED_EDGE('',*,*,#7116,.F.);
#10038=ORIENTED_EDGE('',*,*,#7117,.T.);
#10039=ORIENTED_EDGE('',*,*,#7118,.T.);
#10040=ORIENTED_EDGE('',*,*,#7117,.F.);
#10041=ORIENTED_EDGE('',*,*,#7118,.F.);
#10042=ORIENTED_EDGE('',*,*,#7119,.F.);
#10043=ORIENTED_EDGE('',*,*,#7120,.T.);
#10044=ORIENTED_EDGE('',*,*,#7121,.T.);
#10045=ORIENTED_EDGE('',*,*,#7122,.T.);
#10046=ORIENTED_EDGE('',*,*,#7122,.F.);
#10047=ORIENTED_EDGE('',*,*,#7123,.F.);
#10048=ORIENTED_EDGE('',*,*,#7124,.F.);
#10049=ORIENTED_EDGE('',*,*,#7125,.T.);
#10050=ORIENTED_EDGE('',*,*,#7126,.F.);
#10051=ORIENTED_EDGE('',*,*,#7127,.T.);
#10052=ORIENTED_EDGE('',*,*,#7128,.T.);
#10053=ORIENTED_EDGE('',*,*,#7129,.T.);
#10054=ORIENTED_EDGE('',*,*,#7120,.F.);
#10055=ORIENTED_EDGE('',*,*,#7130,.T.);
#10056=ORIENTED_EDGE('',*,*,#7129,.F.);
#10057=ORIENTED_EDGE('',*,*,#7131,.F.);
#10058=ORIENTED_EDGE('',*,*,#7132,.F.);
#10059=ORIENTED_EDGE('',*,*,#7133,.T.);
#10060=ORIENTED_EDGE('',*,*,#7134,.T.);
#10061=ORIENTED_EDGE('',*,*,#7135,.T.);
#10062=ORIENTED_EDGE('',*,*,#7127,.F.);
#10063=ORIENTED_EDGE('',*,*,#7136,.T.);
#10064=ORIENTED_EDGE('',*,*,#7135,.F.);
#10065=ORIENTED_EDGE('',*,*,#7137,.F.);
#10066=ORIENTED_EDGE('',*,*,#7138,.F.);
#10067=ORIENTED_EDGE('',*,*,#7124,.T.);
#10068=ORIENTED_EDGE('',*,*,#7139,.T.);
#10069=ORIENTED_EDGE('',*,*,#7140,.T.);
#10070=ORIENTED_EDGE('',*,*,#7133,.F.);
#10071=ORIENTED_EDGE('',*,*,#7141,.T.);
#10072=ORIENTED_EDGE('',*,*,#7140,.F.);
#10073=ORIENTED_EDGE('',*,*,#7142,.F.);
#10074=ORIENTED_EDGE('',*,*,#7119,.T.);
#10075=ORIENTED_EDGE('',*,*,#7125,.F.);
#10076=ORIENTED_EDGE('',*,*,#7138,.T.);
#10077=ORIENTED_EDGE('',*,*,#7141,.F.);
#10078=ORIENTED_EDGE('',*,*,#7132,.T.);
#10079=ORIENTED_EDGE('',*,*,#7136,.F.);
#10080=ORIENTED_EDGE('',*,*,#7126,.T.);
#10081=ORIENTED_EDGE('',*,*,#7130,.F.);
#10082=ORIENTED_EDGE('',*,*,#7143,.T.);
#10083=ORIENTED_EDGE('',*,*,#7144,.T.);
#10084=ORIENTED_EDGE('',*,*,#7145,.T.);
#10085=ORIENTED_EDGE('',*,*,#7146,.T.);
#10086=ORIENTED_EDGE('',*,*,#7147,.T.);
#10087=ORIENTED_EDGE('',*,*,#7148,.T.);
#10088=ORIENTED_EDGE('',*,*,#7149,.F.);
#10089=ORIENTED_EDGE('',*,*,#7150,.T.);
#10090=ORIENTED_EDGE('',*,*,#7145,.F.);
#10091=ORIENTED_EDGE('',*,*,#7150,.F.);
#10092=ORIENTED_EDGE('',*,*,#7151,.F.);
#10093=ORIENTED_EDGE('',*,*,#7152,.T.);
#10094=ORIENTED_EDGE('',*,*,#7148,.F.);
#10095=ORIENTED_EDGE('',*,*,#7152,.F.);
#10096=ORIENTED_EDGE('',*,*,#7153,.F.);
#10097=ORIENTED_EDGE('',*,*,#7154,.T.);
#10098=ORIENTED_EDGE('',*,*,#7146,.F.);
#10099=ORIENTED_EDGE('',*,*,#7154,.F.);
#10100=ORIENTED_EDGE('',*,*,#7155,.F.);
#10101=ORIENTED_EDGE('',*,*,#7156,.T.);
#10102=ORIENTED_EDGE('',*,*,#7144,.F.);
#10103=ORIENTED_EDGE('',*,*,#7156,.F.);
#10104=ORIENTED_EDGE('',*,*,#7157,.F.);
#10105=ORIENTED_EDGE('',*,*,#7158,.T.);
#10106=ORIENTED_EDGE('',*,*,#7147,.F.);
#10107=ORIENTED_EDGE('',*,*,#7158,.F.);
#10108=ORIENTED_EDGE('',*,*,#7159,.T.);
#10109=ORIENTED_EDGE('',*,*,#7160,.T.);
#10110=ORIENTED_EDGE('',*,*,#7161,.T.);
#10111=ORIENTED_EDGE('',*,*,#7162,.F.);
#10112=ORIENTED_EDGE('',*,*,#7163,.T.);
#10113=ORIENTED_EDGE('',*,*,#7164,.T.);
#10114=ORIENTED_EDGE('',*,*,#7165,.T.);
#10115=ORIENTED_EDGE('',*,*,#7160,.F.);
#10116=ORIENTED_EDGE('',*,*,#7166,.T.);
#10117=ORIENTED_EDGE('',*,*,#7167,.T.);
#10118=ORIENTED_EDGE('',*,*,#7168,.T.);
#10119=ORIENTED_EDGE('',*,*,#7164,.F.);
#10120=ORIENTED_EDGE('',*,*,#7169,.T.);
#10121=ORIENTED_EDGE('',*,*,#7170,.T.);
#10122=ORIENTED_EDGE('',*,*,#7171,.T.);
#10123=ORIENTED_EDGE('',*,*,#7167,.F.);
#10124=ORIENTED_EDGE('',*,*,#7172,.T.);
#10125=ORIENTED_EDGE('',*,*,#7173,.T.);
#10126=ORIENTED_EDGE('',*,*,#7174,.T.);
#10127=ORIENTED_EDGE('',*,*,#7170,.F.);
#10128=ORIENTED_EDGE('',*,*,#7175,.T.);
#10129=ORIENTED_EDGE('',*,*,#7176,.T.);
#10130=ORIENTED_EDGE('',*,*,#7177,.T.);
#10131=ORIENTED_EDGE('',*,*,#7173,.F.);
#10132=ORIENTED_EDGE('',*,*,#7178,.T.);
#10133=ORIENTED_EDGE('',*,*,#7179,.T.);
#10134=ORIENTED_EDGE('',*,*,#7180,.T.);
#10135=ORIENTED_EDGE('',*,*,#7176,.F.);
#10136=ORIENTED_EDGE('',*,*,#7181,.T.);
#10137=ORIENTED_EDGE('',*,*,#7179,.F.);
#10138=ORIENTED_EDGE('',*,*,#7182,.T.);
#10139=ORIENTED_EDGE('',*,*,#7183,.T.);
#10140=ORIENTED_EDGE('',*,*,#7184,.T.);
#10141=ORIENTED_EDGE('',*,*,#7183,.F.);
#10142=ORIENTED_EDGE('',*,*,#7185,.T.);
#10143=ORIENTED_EDGE('',*,*,#7186,.T.);
#10144=ORIENTED_EDGE('',*,*,#7187,.T.);
#10145=ORIENTED_EDGE('',*,*,#7186,.F.);
#10146=ORIENTED_EDGE('',*,*,#7188,.T.);
#10147=ORIENTED_EDGE('',*,*,#7189,.T.);
#10148=ORIENTED_EDGE('',*,*,#7190,.T.);
#10149=ORIENTED_EDGE('',*,*,#7189,.F.);
#10150=ORIENTED_EDGE('',*,*,#7191,.T.);
#10151=ORIENTED_EDGE('',*,*,#7192,.T.);
#10152=ORIENTED_EDGE('',*,*,#7193,.T.);
#10153=ORIENTED_EDGE('',*,*,#7192,.F.);
#10154=ORIENTED_EDGE('',*,*,#7194,.T.);
#10155=ORIENTED_EDGE('',*,*,#7195,.T.);
#10156=ORIENTED_EDGE('',*,*,#7196,.T.);
#10157=ORIENTED_EDGE('',*,*,#7195,.F.);
#10158=ORIENTED_EDGE('',*,*,#7197,.T.);
#10159=ORIENTED_EDGE('',*,*,#7162,.T.);
#10160=ORIENTED_EDGE('',*,*,#7181,.F.);
#10161=ORIENTED_EDGE('',*,*,#7198,.F.);
#10162=ORIENTED_EDGE('',*,*,#7199,.F.);
#10163=ORIENTED_EDGE('',*,*,#7200,.T.);
#10164=ORIENTED_EDGE('',*,*,#7184,.F.);
#10165=ORIENTED_EDGE('',*,*,#7201,.F.);
#10166=ORIENTED_EDGE('',*,*,#7202,.F.);
#10167=ORIENTED_EDGE('',*,*,#7198,.T.);
#10168=ORIENTED_EDGE('',*,*,#7187,.F.);
#10169=ORIENTED_EDGE('',*,*,#7203,.F.);
#10170=ORIENTED_EDGE('',*,*,#7204,.F.);
#10171=ORIENTED_EDGE('',*,*,#7201,.T.);
#10172=ORIENTED_EDGE('',*,*,#7190,.F.);
#10173=ORIENTED_EDGE('',*,*,#7205,.F.);
#10174=ORIENTED_EDGE('',*,*,#7206,.F.);
#10175=ORIENTED_EDGE('',*,*,#7203,.T.);
#10176=ORIENTED_EDGE('',*,*,#7193,.F.);
#10177=ORIENTED_EDGE('',*,*,#7207,.F.);
#10178=ORIENTED_EDGE('',*,*,#7208,.F.);
#10179=ORIENTED_EDGE('',*,*,#7205,.T.);
#10180=ORIENTED_EDGE('',*,*,#7196,.F.);
#10181=ORIENTED_EDGE('',*,*,#7209,.F.);
#10182=ORIENTED_EDGE('',*,*,#7210,.F.);
#10183=ORIENTED_EDGE('',*,*,#7207,.T.);
#10184=ORIENTED_EDGE('',*,*,#7161,.F.);
#10185=ORIENTED_EDGE('',*,*,#7211,.F.);
#10186=ORIENTED_EDGE('',*,*,#7212,.F.);
#10187=ORIENTED_EDGE('',*,*,#7209,.T.);
#10188=ORIENTED_EDGE('',*,*,#7159,.F.);
#10189=ORIENTED_EDGE('',*,*,#7197,.F.);
#10190=ORIENTED_EDGE('',*,*,#7194,.F.);
#10191=ORIENTED_EDGE('',*,*,#7191,.F.);
#10192=ORIENTED_EDGE('',*,*,#7188,.F.);
#10193=ORIENTED_EDGE('',*,*,#7185,.F.);
#10194=ORIENTED_EDGE('',*,*,#7182,.F.);
#10195=ORIENTED_EDGE('',*,*,#7178,.F.);
#10196=ORIENTED_EDGE('',*,*,#7175,.F.);
#10197=ORIENTED_EDGE('',*,*,#7172,.F.);
#10198=ORIENTED_EDGE('',*,*,#7169,.F.);
#10199=ORIENTED_EDGE('',*,*,#7166,.F.);
#10200=ORIENTED_EDGE('',*,*,#7163,.F.);
#10201=ORIENTED_EDGE('',*,*,#7107,.T.);
#10202=ORIENTED_EDGE('',*,*,#7110,.T.);
#10203=ORIENTED_EDGE('',*,*,#7113,.T.);
#10204=ORIENTED_EDGE('',*,*,#7116,.T.);
#10205=ORIENTED_EDGE('',*,*,#7213,.T.);
#10206=ORIENTED_EDGE('',*,*,#7214,.T.);
#10207=ORIENTED_EDGE('',*,*,#7215,.T.);
#10208=ORIENTED_EDGE('',*,*,#7216,.T.);
#10209=ORIENTED_EDGE('',*,*,#7217,.T.);
#10210=ORIENTED_EDGE('',*,*,#7218,.T.);
#10211=ORIENTED_EDGE('',*,*,#7214,.F.);
#10212=ORIENTED_EDGE('',*,*,#7219,.T.);
#10213=ORIENTED_EDGE('',*,*,#7220,.T.);
#10214=ORIENTED_EDGE('',*,*,#7221,.T.);
#10215=ORIENTED_EDGE('',*,*,#7217,.F.);
#10216=ORIENTED_EDGE('',*,*,#7222,.T.);
#10217=ORIENTED_EDGE('',*,*,#7223,.T.);
#10218=ORIENTED_EDGE('',*,*,#7224,.T.);
#10219=ORIENTED_EDGE('',*,*,#7220,.F.);
#10220=ORIENTED_EDGE('',*,*,#7225,.T.);
#10221=ORIENTED_EDGE('',*,*,#7226,.T.);
#10222=ORIENTED_EDGE('',*,*,#7227,.T.);
#10223=ORIENTED_EDGE('',*,*,#7223,.F.);
#10224=ORIENTED_EDGE('',*,*,#7228,.T.);
#10225=ORIENTED_EDGE('',*,*,#7229,.T.);
#10226=ORIENTED_EDGE('',*,*,#7230,.T.);
#10227=ORIENTED_EDGE('',*,*,#7226,.F.);
#10228=ORIENTED_EDGE('',*,*,#7231,.T.);
#10229=ORIENTED_EDGE('',*,*,#7232,.T.);
#10230=ORIENTED_EDGE('',*,*,#7233,.T.);
#10231=ORIENTED_EDGE('',*,*,#7229,.F.);
#10232=ORIENTED_EDGE('',*,*,#7234,.T.);
#10233=ORIENTED_EDGE('',*,*,#7235,.T.);
#10234=ORIENTED_EDGE('',*,*,#7236,.T.);
#10235=ORIENTED_EDGE('',*,*,#7232,.F.);
#10236=ORIENTED_EDGE('',*,*,#7237,.T.);
#10237=ORIENTED_EDGE('',*,*,#7238,.T.);
#10238=ORIENTED_EDGE('',*,*,#7235,.F.);
#10239=ORIENTED_EDGE('',*,*,#7239,.T.);
#10240=ORIENTED_EDGE('',*,*,#7216,.F.);
#10241=ORIENTED_EDGE('',*,*,#7228,.F.);
#10242=ORIENTED_EDGE('',*,*,#7240,.F.);
#10243=ORIENTED_EDGE('',*,*,#7241,.T.);
#10244=ORIENTED_EDGE('',*,*,#7242,.T.);
#10245=ORIENTED_EDGE('',*,*,#7225,.F.);
#10246=ORIENTED_EDGE('',*,*,#7243,.F.);
#10247=ORIENTED_EDGE('',*,*,#7244,.T.);
#10248=ORIENTED_EDGE('',*,*,#7240,.T.);
#10249=ORIENTED_EDGE('',*,*,#7222,.F.);
#10250=ORIENTED_EDGE('',*,*,#7245,.F.);
#10251=ORIENTED_EDGE('',*,*,#7246,.T.);
#10252=ORIENTED_EDGE('',*,*,#7243,.T.);
#10253=ORIENTED_EDGE('',*,*,#7219,.F.);
#10254=ORIENTED_EDGE('',*,*,#7247,.F.);
#10255=ORIENTED_EDGE('',*,*,#7248,.T.);
#10256=ORIENTED_EDGE('',*,*,#7245,.T.);
#10257=ORIENTED_EDGE('',*,*,#7213,.F.);
#10258=ORIENTED_EDGE('',*,*,#7249,.F.);
#10259=ORIENTED_EDGE('',*,*,#7250,.T.);
#10260=ORIENTED_EDGE('',*,*,#7247,.T.);
#10261=ORIENTED_EDGE('',*,*,#7215,.F.);
#10262=ORIENTED_EDGE('',*,*,#7218,.F.);
#10263=ORIENTED_EDGE('',*,*,#7221,.F.);
#10264=ORIENTED_EDGE('',*,*,#7224,.F.);
#10265=ORIENTED_EDGE('',*,*,#7227,.F.);
#10266=ORIENTED_EDGE('',*,*,#7230,.F.);
#10267=ORIENTED_EDGE('',*,*,#7233,.F.);
#10268=ORIENTED_EDGE('',*,*,#7236,.F.);
#10269=ORIENTED_EDGE('',*,*,#7238,.F.);
#10270=ORIENTED_EDGE('',*,*,#7251,.T.);
#10271=ORIENTED_EDGE('',*,*,#7252,.T.);
#10272=ORIENTED_EDGE('',*,*,#7253,.T.);
#10273=ORIENTED_EDGE('',*,*,#7254,.T.);
#10274=ORIENTED_EDGE('',*,*,#7255,.T.);
#10275=ORIENTED_EDGE('',*,*,#7256,.T.);
#10276=ORIENTED_EDGE('',*,*,#7199,.T.);
#10277=ORIENTED_EDGE('',*,*,#7202,.T.);
#10278=ORIENTED_EDGE('',*,*,#7204,.T.);
#10279=ORIENTED_EDGE('',*,*,#7206,.T.);
#10280=ORIENTED_EDGE('',*,*,#7208,.T.);
#10281=ORIENTED_EDGE('',*,*,#7210,.T.);
#10282=ORIENTED_EDGE('',*,*,#7212,.T.);
#10283=ORIENTED_EDGE('',*,*,#7257,.T.);
#10284=ORIENTED_EDGE('',*,*,#7258,.T.);
#10285=ORIENTED_EDGE('',*,*,#7259,.T.);
#10286=ORIENTED_EDGE('',*,*,#7260,.T.);
#10287=ORIENTED_EDGE('',*,*,#7261,.T.);
#10288=ORIENTED_EDGE('',*,*,#7262,.T.);
#10289=ORIENTED_EDGE('',*,*,#7165,.F.);
#10290=ORIENTED_EDGE('',*,*,#7263,.F.);
#10291=ORIENTED_EDGE('',*,*,#7257,.F.);
#10292=ORIENTED_EDGE('',*,*,#7211,.T.);
#10293=ORIENTED_EDGE('',*,*,#7168,.F.);
#10294=ORIENTED_EDGE('',*,*,#7264,.F.);
#10295=ORIENTED_EDGE('',*,*,#7258,.F.);
#10296=ORIENTED_EDGE('',*,*,#7263,.T.);
#10297=ORIENTED_EDGE('',*,*,#7171,.F.);
#10298=ORIENTED_EDGE('',*,*,#7265,.F.);
#10299=ORIENTED_EDGE('',*,*,#7259,.F.);
#10300=ORIENTED_EDGE('',*,*,#7264,.T.);
#10301=ORIENTED_EDGE('',*,*,#7174,.F.);
#10302=ORIENTED_EDGE('',*,*,#7266,.F.);
#10303=ORIENTED_EDGE('',*,*,#7260,.F.);
#10304=ORIENTED_EDGE('',*,*,#7265,.T.);
#10305=ORIENTED_EDGE('',*,*,#7177,.F.);
#10306=ORIENTED_EDGE('',*,*,#7267,.F.);
#10307=ORIENTED_EDGE('',*,*,#7261,.F.);
#10308=ORIENTED_EDGE('',*,*,#7266,.T.);
#10309=ORIENTED_EDGE('',*,*,#7180,.F.);
#10310=ORIENTED_EDGE('',*,*,#7200,.F.);
#10311=ORIENTED_EDGE('',*,*,#7262,.F.);
#10312=ORIENTED_EDGE('',*,*,#7267,.T.);
#10313=ORIENTED_EDGE('',*,*,#7268,.F.);
#10314=ORIENTED_EDGE('',*,*,#7269,.T.);
#10315=ORIENTED_EDGE('',*,*,#7143,.F.);
#10316=ORIENTED_EDGE('',*,*,#7269,.F.);
#10317=ORIENTED_EDGE('',*,*,#7270,.F.);
#10318=ORIENTED_EDGE('',*,*,#7271,.T.);
#10319=ORIENTED_EDGE('',*,*,#7272,.T.);
#10320=ORIENTED_EDGE('',*,*,#7273,.F.);
#10321=ORIENTED_EDGE('',*,*,#7274,.F.);
#10322=ORIENTED_EDGE('',*,*,#7275,.T.);
#10323=ORIENTED_EDGE('',*,*,#7276,.T.);
#10324=ORIENTED_EDGE('',*,*,#7271,.F.);
#10325=ORIENTED_EDGE('',*,*,#7277,.F.);
#10326=ORIENTED_EDGE('',*,*,#7278,.T.);
#10327=ORIENTED_EDGE('',*,*,#7279,.T.);
#10328=ORIENTED_EDGE('',*,*,#7275,.F.);
#10329=ORIENTED_EDGE('',*,*,#7280,.F.);
#10330=ORIENTED_EDGE('',*,*,#7281,.F.);
#10331=ORIENTED_EDGE('',*,*,#7282,.T.);
#10332=ORIENTED_EDGE('',*,*,#7278,.F.);
#10333=ORIENTED_EDGE('',*,*,#7283,.F.);
#10334=ORIENTED_EDGE('',*,*,#7273,.T.);
#10335=ORIENTED_EDGE('',*,*,#7284,.T.);
#10336=ORIENTED_EDGE('',*,*,#7285,.F.);
#10337=ORIENTED_EDGE('',*,*,#7284,.F.);
#10338=ORIENTED_EDGE('',*,*,#7272,.F.);
#10339=ORIENTED_EDGE('',*,*,#7276,.F.);
#10340=ORIENTED_EDGE('',*,*,#7279,.F.);
#10341=ORIENTED_EDGE('',*,*,#7282,.F.);
#10342=ORIENTED_EDGE('',*,*,#7286,.F.);
#10343=ORIENTED_EDGE('',*,*,#7268,.T.);
#10344=ORIENTED_EDGE('',*,*,#7285,.T.);
#10345=ORIENTED_EDGE('',*,*,#7286,.T.);
#10346=ORIENTED_EDGE('',*,*,#7281,.T.);
#10347=ORIENTED_EDGE('',*,*,#7287,.F.);
#10348=ORIENTED_EDGE('',*,*,#7288,.F.);
#10349=ORIENTED_EDGE('',*,*,#7289,.F.);
#10350=ORIENTED_EDGE('',*,*,#7290,.T.);
#10351=ORIENTED_EDGE('',*,*,#7291,.F.);
#10352=ORIENTED_EDGE('',*,*,#7292,.F.);
#10353=ORIENTED_EDGE('',*,*,#7293,.T.);
#10354=ORIENTED_EDGE('',*,*,#7251,.F.);
#10355=ORIENTED_EDGE('',*,*,#7293,.F.);
#10356=ORIENTED_EDGE('',*,*,#7294,.F.);
#10357=ORIENTED_EDGE('',*,*,#7295,.T.);
#10358=ORIENTED_EDGE('',*,*,#7252,.F.);
#10359=ORIENTED_EDGE('',*,*,#7295,.F.);
#10360=ORIENTED_EDGE('',*,*,#7296,.F.);
#10361=ORIENTED_EDGE('',*,*,#7297,.T.);
#10362=ORIENTED_EDGE('',*,*,#7253,.F.);
#10363=ORIENTED_EDGE('',*,*,#7297,.F.);
#10364=ORIENTED_EDGE('',*,*,#7298,.F.);
#10365=ORIENTED_EDGE('',*,*,#7299,.T.);
#10366=ORIENTED_EDGE('',*,*,#7254,.F.);
#10367=ORIENTED_EDGE('',*,*,#7299,.F.);
#10368=ORIENTED_EDGE('',*,*,#7300,.F.);
#10369=ORIENTED_EDGE('',*,*,#7301,.T.);
#10370=ORIENTED_EDGE('',*,*,#7255,.F.);
#10371=ORIENTED_EDGE('',*,*,#7301,.F.);
#10372=ORIENTED_EDGE('',*,*,#7302,.F.);
#10373=ORIENTED_EDGE('',*,*,#7303,.T.);
#10374=ORIENTED_EDGE('',*,*,#7256,.F.);
#10375=ORIENTED_EDGE('',*,*,#7303,.F.);
#10376=ORIENTED_EDGE('',*,*,#7304,.F.);
#10377=ORIENTED_EDGE('',*,*,#7305,.F.);
#10378=ORIENTED_EDGE('',*,*,#7306,.F.);
#10379=ORIENTED_EDGE('',*,*,#7307,.T.);
#10380=ORIENTED_EDGE('',*,*,#7308,.F.);
#10381=ORIENTED_EDGE('',*,*,#7290,.F.);
#10382=ORIENTED_EDGE('',*,*,#7309,.F.);
#10383=ORIENTED_EDGE('',*,*,#7305,.T.);
#10384=ORIENTED_EDGE('',*,*,#7310,.F.);
#10385=ORIENTED_EDGE('',*,*,#7311,.F.);
#10386=ORIENTED_EDGE('',*,*,#7312,.F.);
#10387=ORIENTED_EDGE('',*,*,#7288,.T.);
#10388=ORIENTED_EDGE('',*,*,#7313,.F.);
#10389=ORIENTED_EDGE('',*,*,#7314,.F.);
#10390=ORIENTED_EDGE('',*,*,#7315,.F.);
#10391=ORIENTED_EDGE('',*,*,#7311,.T.);
#10392=ORIENTED_EDGE('',*,*,#7316,.F.);
#10393=ORIENTED_EDGE('',*,*,#7317,.F.);
#10394=ORIENTED_EDGE('',*,*,#7318,.F.);
#10395=ORIENTED_EDGE('',*,*,#7314,.T.);
#10396=ORIENTED_EDGE('',*,*,#7319,.F.);
#10397=ORIENTED_EDGE('',*,*,#7320,.F.);
#10398=ORIENTED_EDGE('',*,*,#7321,.F.);
#10399=ORIENTED_EDGE('',*,*,#7317,.T.);
#10400=ORIENTED_EDGE('',*,*,#7322,.F.);
#10401=ORIENTED_EDGE('',*,*,#7323,.F.);
#10402=ORIENTED_EDGE('',*,*,#7324,.F.);
#10403=ORIENTED_EDGE('',*,*,#7320,.T.);
#10404=ORIENTED_EDGE('',*,*,#7325,.F.);
#10405=ORIENTED_EDGE('',*,*,#7307,.F.);
#10406=ORIENTED_EDGE('',*,*,#7326,.F.);
#10407=ORIENTED_EDGE('',*,*,#7323,.T.);
#10408=ORIENTED_EDGE('',*,*,#7283,.T.);
#10409=ORIENTED_EDGE('',*,*,#7291,.T.);
#10410=ORIENTED_EDGE('',*,*,#7308,.T.);
#10411=ORIENTED_EDGE('',*,*,#7304,.T.);
#10412=ORIENTED_EDGE('',*,*,#7325,.T.);
#10413=ORIENTED_EDGE('',*,*,#7322,.T.);
#10414=ORIENTED_EDGE('',*,*,#7319,.T.);
#10415=ORIENTED_EDGE('',*,*,#7316,.T.);
#10416=ORIENTED_EDGE('',*,*,#7313,.T.);
#10417=ORIENTED_EDGE('',*,*,#7310,.T.);
#10418=ORIENTED_EDGE('',*,*,#7287,.T.);
#10419=ORIENTED_EDGE('',*,*,#7280,.T.);
#10420=ORIENTED_EDGE('',*,*,#7277,.T.);
#10421=ORIENTED_EDGE('',*,*,#7274,.T.);
#10422=ORIENTED_EDGE('',*,*,#7270,.T.);
#10423=ORIENTED_EDGE('',*,*,#7149,.T.);
#10424=ORIENTED_EDGE('',*,*,#7151,.T.);
#10425=ORIENTED_EDGE('',*,*,#7153,.T.);
#10426=ORIENTED_EDGE('',*,*,#7155,.T.);
#10427=ORIENTED_EDGE('',*,*,#7157,.T.);
#10428=ORIENTED_EDGE('',*,*,#7302,.T.);
#10429=ORIENTED_EDGE('',*,*,#7300,.T.);
#10430=ORIENTED_EDGE('',*,*,#7298,.T.);
#10431=ORIENTED_EDGE('',*,*,#7296,.T.);
#10432=ORIENTED_EDGE('',*,*,#7294,.T.);
#10433=ORIENTED_EDGE('',*,*,#7292,.T.);
#10434=ORIENTED_EDGE('',*,*,#7123,.T.);
#10435=ORIENTED_EDGE('',*,*,#7121,.F.);
#10436=ORIENTED_EDGE('',*,*,#7131,.T.);
#10437=ORIENTED_EDGE('',*,*,#7128,.F.);
#10438=ORIENTED_EDGE('',*,*,#7137,.T.);
#10439=ORIENTED_EDGE('',*,*,#7134,.F.);
#10440=ORIENTED_EDGE('',*,*,#7142,.T.);
#10441=ORIENTED_EDGE('',*,*,#7139,.F.);
#10442=ORIENTED_EDGE('',*,*,#7231,.F.);
#10443=ORIENTED_EDGE('',*,*,#7242,.F.);
#10444=ORIENTED_EDGE('',*,*,#7327,.T.);
#10445=ORIENTED_EDGE('',*,*,#7328,.T.);
#10446=ORIENTED_EDGE('',*,*,#7239,.F.);
#10447=ORIENTED_EDGE('',*,*,#7329,.F.);
#10448=ORIENTED_EDGE('',*,*,#7330,.T.);
#10449=ORIENTED_EDGE('',*,*,#7249,.T.);
#10450=ORIENTED_EDGE('',*,*,#7237,.F.);
#10451=ORIENTED_EDGE('',*,*,#7331,.F.);
#10452=ORIENTED_EDGE('',*,*,#7332,.T.);
#10453=ORIENTED_EDGE('',*,*,#7329,.T.);
#10454=ORIENTED_EDGE('',*,*,#7234,.F.);
#10455=ORIENTED_EDGE('',*,*,#7328,.F.);
#10456=ORIENTED_EDGE('',*,*,#7333,.T.);
#10457=ORIENTED_EDGE('',*,*,#7331,.T.);
#10458=ORIENTED_EDGE('',*,*,#7333,.F.);
#10459=ORIENTED_EDGE('',*,*,#7327,.F.);
#10460=ORIENTED_EDGE('',*,*,#7241,.F.);
#10461=ORIENTED_EDGE('',*,*,#7244,.F.);
#10462=ORIENTED_EDGE('',*,*,#7246,.F.);
#10463=ORIENTED_EDGE('',*,*,#7248,.F.);
#10464=ORIENTED_EDGE('',*,*,#7250,.F.);
#10465=ORIENTED_EDGE('',*,*,#7330,.F.);
#10466=ORIENTED_EDGE('',*,*,#7332,.F.);
#10467=ORIENTED_EDGE('',*,*,#7306,.T.);
#10468=ORIENTED_EDGE('',*,*,#7309,.T.);
#10469=ORIENTED_EDGE('',*,*,#7289,.T.);
#10470=ORIENTED_EDGE('',*,*,#7312,.T.);
#10471=ORIENTED_EDGE('',*,*,#7315,.T.);
#10472=ORIENTED_EDGE('',*,*,#7318,.T.);
#10473=ORIENTED_EDGE('',*,*,#7321,.T.);
#10474=ORIENTED_EDGE('',*,*,#7324,.T.);
#10475=ORIENTED_EDGE('',*,*,#7326,.T.);
#10476=ORIENTED_EDGE('',*,*,#7334,.T.);
#10477=ORIENTED_EDGE('',*,*,#7335,.T.);
#10478=ORIENTED_EDGE('',*,*,#7336,.T.);
#10479=ORIENTED_EDGE('',*,*,#7335,.F.);
#10480=ORIENTED_EDGE('',*,*,#7337,.F.);
#10481=ORIENTED_EDGE('',*,*,#7338,.T.);
#10482=ORIENTED_EDGE('',*,*,#7334,.F.);
#10483=ORIENTED_EDGE('',*,*,#7338,.F.);
#10484=ORIENTED_EDGE('',*,*,#7336,.F.);
#10485=ORIENTED_EDGE('',*,*,#7339,.T.);
#10486=ORIENTED_EDGE('',*,*,#7340,.T.);
#10487=ORIENTED_EDGE('',*,*,#7339,.F.);
#10488=ORIENTED_EDGE('',*,*,#7341,.F.);
#10489=ORIENTED_EDGE('',*,*,#7342,.T.);
#10490=ORIENTED_EDGE('',*,*,#7343,.T.);
#10491=ORIENTED_EDGE('',*,*,#7342,.F.);
#10492=ORIENTED_EDGE('',*,*,#7337,.T.);
#10493=ORIENTED_EDGE('',*,*,#7341,.T.);
#10494=ORIENTED_EDGE('',*,*,#7340,.F.);
#10495=ORIENTED_EDGE('',*,*,#7343,.F.);
#10496=ORIENTED_EDGE('',*,*,#7344,.F.);
#10497=ORIENTED_EDGE('',*,*,#7345,.T.);
#10498=ORIENTED_EDGE('',*,*,#7346,.T.);
#10499=ORIENTED_EDGE('',*,*,#7345,.F.);
#10500=ORIENTED_EDGE('',*,*,#7347,.F.);
#10501=ORIENTED_EDGE('',*,*,#7348,.T.);
#10502=ORIENTED_EDGE('',*,*,#7349,.T.);
#10503=ORIENTED_EDGE('',*,*,#7348,.F.);
#10504=ORIENTED_EDGE('',*,*,#7347,.T.);
#10505=ORIENTED_EDGE('',*,*,#7344,.T.);
#10506=ORIENTED_EDGE('',*,*,#7349,.F.);
#10507=ORIENTED_EDGE('',*,*,#7346,.F.);
#10508=CYLINDRICAL_SURFACE('',#11422,0.800000000000001);
#10509=CYLINDRICAL_SURFACE('',#11425,0.800000000000001);
#10510=CYLINDRICAL_SURFACE('',#11428,0.800000000000001);
#10511=CYLINDRICAL_SURFACE('',#11431,0.800000000000001);
#10512=CYLINDRICAL_SURFACE('',#11434,0.800000000000001);
#10513=CYLINDRICAL_SURFACE('',#11437,0.800000000000001);
#10514=CYLINDRICAL_SURFACE('',#11440,2.);
#10515=CYLINDRICAL_SURFACE('',#11482,2.);
#10516=CYLINDRICAL_SURFACE('',#11485,2.);
#10517=CYLINDRICAL_SURFACE('',#11488,2.);
#10518=CYLINDRICAL_SURFACE('',#11491,2.);
#10519=CYLINDRICAL_SURFACE('',#11493,4.60000000003081);
#10520=CYLINDRICAL_SURFACE('',#11495,0.800000000000057);
#10521=CYLINDRICAL_SURFACE('',#11497,3.00000000003078);
#10522=CYLINDRICAL_SURFACE('',#11499,0.800000000000007);
#10523=CYLINDRICAL_SURFACE('',#11501,1.35);
#10524=CYLINDRICAL_SURFACE('',#11511,1.35);
#10525=CYLINDRICAL_SURFACE('',#11521,1.35);
#10526=CYLINDRICAL_SURFACE('',#11555,5.29999999999801);
#10527=CYLINDRICAL_SURFACE('',#11557,0.799999999998756);
#10528=CYLINDRICAL_SURFACE('',#11559,3.70000000000048);
#10529=CYLINDRICAL_SURFACE('',#11561,0.799999999998791);
#10530=CYLINDRICAL_SURFACE('',#11563,5.29999999999928);
#10531=CYLINDRICAL_SURFACE('',#11565,0.799999999998766);
#10532=CYLINDRICAL_SURFACE('',#11567,3.6999999999992);
#10533=CYLINDRICAL_SURFACE('',#11569,0.800000000000062);
#10534=CYLINDRICAL_SURFACE('',#11571,5.29999999999807);
#10535=CYLINDRICAL_SURFACE('',#11573,0.800000000000089);
#10536=CYLINDRICAL_SURFACE('',#11575,3.69999999999789);
#10537=CYLINDRICAL_SURFACE('',#11577,0.800000000000086);
#10538=CYLINDRICAL_SURFACE('',#11607,1.35);
#10539=CYLINDRICAL_SURFACE('',#11617,4.60000000003077);
#10540=CYLINDRICAL_SURFACE('',#11619,0.800000000000023);
#10541=CYLINDRICAL_SURFACE('',#11621,3.00000000003079);
#10542=CYLINDRICAL_SURFACE('',#11623,0.799999999999985);
#10543=CYLINDRICAL_SURFACE('',#11626,1.99999999999999);
#10544=CYLINDRICAL_SURFACE('',#11630,1.99999999999999);
#10545=CYLINDRICAL_SURFACE('',#11633,3.);
#10546=CYLINDRICAL_SURFACE('',#11636,2.00000000000001);
#10547=CYLINDRICAL_SURFACE('',#11639,1.99999999999999);
#10548=CYLINDRICAL_SURFACE('',#11642,2.99999999999997);
#10549=CYLINDRICAL_SURFACE('',#11645,1.99999999999999);
#10550=CYLINDRICAL_SURFACE('',#11649,1.99999999999999);
#10551=CYLINDRICAL_SURFACE('',#11652,3.);
#10552=CYLINDRICAL_SURFACE('',#11656,0.8);
#10553=CYLINDRICAL_SURFACE('',#11659,0.8);
#10554=CYLINDRICAL_SURFACE('',#11662,0.800000000000001);
#10555=CYLINDRICAL_SURFACE('',#11665,0.800000000000001);
#10556=CYLINDRICAL_SURFACE('',#11668,2.);
#10557=CYLINDRICAL_SURFACE('',#11701,2.);
#10558=CYLINDRICAL_SURFACE('',#11704,2.);
#10559=CYLINDRICAL_SURFACE('',#11707,2.);
#10560=CYLINDRICAL_SURFACE('',#11710,2.);
#10561=CYLINDRICAL_SURFACE('',#11713,1.35);
#10562=CYLINDRICAL_SURFACE('',#11715,5.30000000000083);
#10563=CYLINDRICAL_SURFACE('',#11717,0.799999999999998);
#10564=CYLINDRICAL_SURFACE('',#11719,3.70000000000081);
#10565=CYLINDRICAL_SURFACE('',#11721,0.800000000000014);
#10566=CYLINDRICAL_SURFACE('',#11723,5.30000000000034);
#10567=CYLINDRICAL_SURFACE('',#11725,0.799999999999964);
#10568=CYLINDRICAL_SURFACE('',#11727,3.69999999999977);
#10569=CYLINDRICAL_SURFACE('',#11729,0.799999999999998);
#10570=CYLINDRICAL_SURFACE('',#11743,1.35);
#10571=CYLINDRICAL_SURFACE('',#11745,1.35);
#10572=CYLINDRICAL_SURFACE('',#11747,5.30000000000001);
#10573=CYLINDRICAL_SURFACE('',#11749,0.799999999999962);
#10574=CYLINDRICAL_SURFACE('',#11751,3.70000000000004);
#10575=CYLINDRICAL_SURFACE('',#11753,0.799999999999987);
#10576=CYLINDRICAL_SURFACE('',#11755,1.99999999999935);
#10577=CYLINDRICAL_SURFACE('',#11758,3.00000000000004);
#10578=CYLINDRICAL_SURFACE('',#11761,1.99999999999934);
#10579=CYLINDRICAL_SURFACE('',#11765,1.9974461098225);
#10580=CYLINDRICAL_SURFACE('',#11768,3.);
#10581=CYLINDRICAL_SURFACE('',#11771,1.9974461098225);
#10582=CYLINDRICAL_SURFACE('',#11774,1.99999999990149);
#10583=CYLINDRICAL_SURFACE('',#11777,2.99999936347536);
#10584=CYLINDRICAL_SURFACE('',#11780,1.99999999990149);
#10585=CYLINDRICAL_SURFACE('',#11785,1.85);
#10586=CYLINDRICAL_SURFACE('',#11790,1.85);
#10587=CYLINDRICAL_SURFACE('',#11795,1.64999999999999);
#10588=CYLINDRICAL_SURFACE('',#11798,1.64999999999999);
#10589=CYLINDRICAL_SURFACE('',#11803,14.6877528329991);
#10590=CYLINDRICAL_SURFACE('',#11806,1.85);
#10591=CYLINDRICAL_SURFACE('',#11811,1.85);
#10592=CYLINDRICAL_SURFACE('',#11816,1.85);
#10593=CYLINDRICAL_SURFACE('',#11821,1.85);
#10594=CYLINDRICAL_SURFACE('',#11826,1.85);
#10595=CYLINDRICAL_SURFACE('',#11831,1.85);
#10596=CYLINDRICAL_SURFACE('',#11836,1.85);
#10597=CYLINDRICAL_SURFACE('',#11841,1.85);
#10598=CYLINDRICAL_SURFACE('',#11846,1.85);
#10599=CYLINDRICAL_SURFACE('',#11851,1.85);
#10600=CYLINDRICAL_SURFACE('',#11856,1.85);
#10601=CYLINDRICAL_SURFACE('',#11861,1.85);
#10602=CYLINDRICAL_SURFACE('',#11866,1.85);
#10603=CYLINDRICAL_SURFACE('',#11872,1.55);
#10604=CYLINDRICAL_SURFACE('',#11876,1.55);
#10605=CYLINDRICAL_SURFACE('',#11880,1.55);
#10606=CYLINDRICAL_SURFACE('',#11884,1.55);
#10607=CYLINDRICAL_SURFACE('',#11887,1.65);
#10608=CYLINDRICAL_SURFACE('',#11890,1.64999999999999);
#10609=CYLINDRICAL_SURFACE('',#11893,1.65);
#10610=CYLINDRICAL_SURFACE('',#11896,1.65);
#10611=CYLINDRICAL_SURFACE('',#11899,1.65);
#10612=CYLINDRICAL_SURFACE('',#11902,1.64999999999999);
#10613=CYLINDRICAL_SURFACE('',#11935,2.60000000000102);
#10614=CYLINDRICAL_SURFACE('',#11937,2.60000000000102);
#10615=CYLINDRICAL_SURFACE('',#11941,2.60000000000126);
#10616=CYLINDRICAL_SURFACE('',#11943,2.60000000000101);
#10617=CYLINDRICAL_SURFACE('',#11946,1.3999999999015);
#10618=CYLINDRICAL_SURFACE('',#11949,1.39999999990153);
#10619=CYLINDRICAL_SURFACE('',#11951,3.59999936347536);
#10620=CYLINDRICAL_SURFACE('',#11953,1.39999999999999);
#10621=CYLINDRICAL_SURFACE('',#11956,3.6);
#10622=CYLINDRICAL_SURFACE('',#11972,1.65);
#10623=CYLINDRICAL_SURFACE('',#11975,1.65);
#10624=CYLINDRICAL_SURFACE('',#11978,1.65);
#10625=CYLINDRICAL_SURFACE('',#11982,3.5999999999986);
#10626=CYLINDRICAL_SURFACE('',#11985,1.39999999999933);
#10627=CYLINDRICAL_SURFACE('',#11987,1.64999999999999);
#10628=CYLINDRICAL_SURFACE('',#11990,1.64999999999999);
#10629=CYLINDRICAL_SURFACE('',#11993,1.65);
#10630=CYLINDRICAL_SURFACE('',#11996,1.65);
#10631=CYLINDRICAL_SURFACE('',#12004,1.40000000000002);
#10632=CYLINDRICAL_SURFACE('',#12007,4.);
#10633=CYLINDRICAL_SURFACE('',#12027,4.);
#10634=CYLINDRICAL_SURFACE('',#12035,4.);
#10635=CYLINDRICAL_SURFACE('',#12038,4.);
#10636=CYLINDRICAL_SURFACE('',#12039,4.);
#10637=CYLINDRICAL_SURFACE('',#12040,1.);
#10638=CYLINDRICAL_SURFACE('',#12044,1.);
#10639=CYLINDRICAL_SURFACE('',#12048,1.);
#10640=CYLINDRICAL_SURFACE('',#12052,1.);
#10641=CYLINDRICAL_SURFACE('',#12056,1.);
#10642=CYLINDRICAL_SURFACE('',#12060,1.);
#10643=CYLINDRICAL_SURFACE('',#12064,1.);
#10644=CYLINDRICAL_SURFACE('',#12068,1.);
#10645=CYLINDRICAL_SURFACE('',#12072,1.);
#10646=CYLINDRICAL_SURFACE('',#12075,1.);
#10647=CYLINDRICAL_SURFACE('',#12078,1.);
#10648=CYLINDRICAL_SURFACE('',#12081,1.);
#10649=CYLINDRICAL_SURFACE('',#12084,1.);
#10650=CYLINDRICAL_SURFACE('',#12087,1.);
#10651=CYLINDRICAL_SURFACE('',#12090,1.);
#10652=CYLINDRICAL_SURFACE('',#12093,1.);
#10653=CYLINDRICAL_SURFACE('',#12096,1.);
#10654=CYLINDRICAL_SURFACE('',#12099,1.);
#10655=CYLINDRICAL_SURFACE('',#12102,1.);
#10656=CYLINDRICAL_SURFACE('',#12105,1.);
#10657=CYLINDRICAL_SURFACE('',#12108,2.);
#10658=CYLINDRICAL_SURFACE('',#12112,2.);
#10659=CYLINDRICAL_SURFACE('',#12126,1.39999999999992);
#10660=CYLINDRICAL_SURFACE('',#12129,3.59999999999999);
#10661=CYLINDRICAL_SURFACE('',#12134,3.00000000000001);
#10662=CYLINDRICAL_SURFACE('',#12140,3.6);
#10663=CYLINDRICAL_SURFACE('',#12143,1.39744610982252);
#10664=CYLINDRICAL_SURFACE('',#12149,1.);
#10665=CYLINDRICAL_SURFACE('',#12158,1.39999999999934);
#10666=CYLINDRICAL_SURFACE('',#12160,1.39744610982249);
#10667=CYLINDRICAL_SURFACE('',#12173,1.39999999999999);
#10668=CYLINDRICAL_SURFACE('',#12174,1.40000000000002);
#10669=CYLINDRICAL_SURFACE('',#12176,3.59999999999997);
#10670=CYLINDRICAL_SURFACE('',#12178,1.39999999999999);
#10671=CYLINDRICAL_SURFACE('',#12180,1.);
#10672=CYLINDRICAL_SURFACE('',#12214,0.800000000000001);
#10673=CYLINDRICAL_SURFACE('',#12216,0.800000000000001);
#10674=CYLINDRICAL_SURFACE('',#12218,0.800000000000001);
#10675=CYLINDRICAL_SURFACE('',#12220,0.800000000000001);
#10676=CYLINDRICAL_SURFACE('',#12222,0.800000000000001);
#10677=CYLINDRICAL_SURFACE('',#12224,0.800000000000001);
#10678=CYLINDRICAL_SURFACE('',#12226,3.00000000000001);
#10679=CYLINDRICAL_SURFACE('',#12252,0.8);
#10680=CYLINDRICAL_SURFACE('',#12255,0.800000000000001);
#10681=CYLINDRICAL_SURFACE('',#12258,0.8);
#10682=CYLINDRICAL_SURFACE('',#12261,0.800000000000001);
#10683=CYLINDRICAL_SURFACE('',#12272,8.2);
#10684=CYLINDRICAL_SURFACE('',#12276,8.2);
#10685=CYLINDRICAL_SURFACE('',#12280,8.2);
#10686=CYLINDRICAL_SURFACE('',#12284,8.2);
#10687=CYLINDRICAL_SURFACE('',#12288,2.);
#10688=CYLINDRICAL_SURFACE('',#12292,2.);
#10689=CYLINDRICAL_SURFACE('',#12296,2.);
#10690=CYLINDRICAL_SURFACE('',#12300,2.);
#10691=CYLINDRICAL_SURFACE('',#12317,1.02499999999999);
#10692=CYLINDRICAL_SURFACE('',#12319,1.025);
#10693=CYLINDRICAL_SURFACE('',#12321,1.02499999999999);
#10694=CYLINDRICAL_SURFACE('',#12323,1.025);
#10695=CYLINDRICAL_SURFACE('',#12325,1.025);
#10696=CYLINDRICAL_SURFACE('',#12352,4.00000000000002);
#10697=CYLINDRICAL_SURFACE('',#12355,3.99999999999999);
#10698=CYLINDRICAL_SURFACE('',#12358,4.);
#10699=CYLINDRICAL_SURFACE('',#12361,4.00000000000002);
#10700=CYLINDRICAL_SURFACE('',#12382,3.99999999999999);
#10701=CYLINDRICAL_SURFACE('',#12385,4.00000000000002);
#10702=CYLINDRICAL_SURFACE('',#12399,4.00000000000002);
#10703=CYLINDRICAL_SURFACE('',#12401,4.00000000000002);
#10704=CYLINDRICAL_SURFACE('',#12403,0.800000000000001);
#10705=CYLINDRICAL_SURFACE('',#12405,1.99999999999999);
#10706=CYLINDRICAL_SURFACE('',#12409,1.99999999999999);
#10707=CYLINDRICAL_SURFACE('',#12416,1.35);
#10708=CYLINDRICAL_SURFACE('',#12418,1.35);
#10709=CYLINDRICAL_SURFACE('',#12420,1.35);
#10710=CYLINDRICAL_SURFACE('',#12422,1.35);
#10711=CYLINDRICAL_SURFACE('',#12424,1.35);
#10712=CYLINDRICAL_SURFACE('',#12426,1.35);
#10713=CYLINDRICAL_SURFACE('',#12429,2.40000000000102);
#10714=CYLINDRICAL_SURFACE('',#12432,2.40000000000113);
#10715=CYLINDRICAL_SURFACE('',#12437,2.40000000000134);
#10716=CYLINDRICAL_SURFACE('',#12441,2.40000000000109);
#10717=CYLINDRICAL_SURFACE('',#12445,4.00000000000002);
#10718=CYLINDRICAL_SURFACE('',#12448,4.00000000000002);
#10719=CYLINDRICAL_SURFACE('',#12456,2.35);
#10720=CYLINDRICAL_SURFACE('',#12458,3.2);
#10721=CYLINDRICAL_SURFACE('',#12460,1.35);
#10722=CYLINDRICAL_SURFACE('',#12466,1.35);
#10723=CYLINDRICAL_SURFACE('',#12469,2.75);
#10724=ADVANCED_FACE('',(#681),#10508,.F.);
#10725=ADVANCED_FACE('',(#682),#10509,.F.);
#10726=ADVANCED_FACE('',(#683),#10510,.F.);
#10727=ADVANCED_FACE('',(#684),#10511,.F.);
#10728=ADVANCED_FACE('',(#685),#10512,.F.);
#10729=ADVANCED_FACE('',(#686),#10513,.F.);
#10730=ADVANCED_FACE('',(#687),#10514,.T.);
#10731=ADVANCED_FACE('',(#688),#309,.T.);
#10732=ADVANCED_FACE('',(#689,#122,#123,#124,#125,#126,#127,#128,#129,#130,
#131,#132,#133,#134,#135,#136,#137,#138,#139,#140,#141,#142,#143,#144,#145,
#146,#147,#148,#149,#150,#151,#152,#153,#154,#155,#156,#157),#310,.F.);
#10733=ADVANCED_FACE('',(#690),#10515,.T.);
#10734=ADVANCED_FACE('',(#691),#311,.T.);
#10735=ADVANCED_FACE('',(#692),#10516,.T.);
#10736=ADVANCED_FACE('',(#693),#312,.T.);
#10737=ADVANCED_FACE('',(#694),#10517,.T.);
#10738=ADVANCED_FACE('',(#695),#313,.T.);
#10739=ADVANCED_FACE('',(#696),#10518,.T.);
#10740=ADVANCED_FACE('',(#697),#10519,.F.);
#10741=ADVANCED_FACE('',(#698),#10520,.F.);
#10742=ADVANCED_FACE('',(#699),#10521,.T.);
#10743=ADVANCED_FACE('',(#700),#10522,.F.);
#10744=ADVANCED_FACE('',(#701),#10523,.F.);
#10745=ADVANCED_FACE('',(#702),#314,.T.);
#10746=ADVANCED_FACE('',(#703),#315,.T.);
#10747=ADVANCED_FACE('',(#704),#316,.T.);
#10748=ADVANCED_FACE('',(#705),#317,.T.);
#10749=ADVANCED_FACE('',(#706),#318,.T.);
#10750=ADVANCED_FACE('',(#707),#319,.T.);
#10751=ADVANCED_FACE('',(#708),#320,.T.);
#10752=ADVANCED_FACE('',(#709),#321,.T.);
#10753=ADVANCED_FACE('',(#710),#10524,.F.);
#10754=ADVANCED_FACE('',(#711),#322,.T.);
#10755=ADVANCED_FACE('',(#712),#323,.T.);
#10756=ADVANCED_FACE('',(#713),#324,.T.);
#10757=ADVANCED_FACE('',(#714),#325,.T.);
#10758=ADVANCED_FACE('',(#715),#326,.T.);
#10759=ADVANCED_FACE('',(#716),#327,.T.);
#10760=ADVANCED_FACE('',(#717),#328,.T.);
#10761=ADVANCED_FACE('',(#718),#329,.T.);
#10762=ADVANCED_FACE('',(#719),#10525,.F.);
#10763=ADVANCED_FACE('',(#720),#330,.T.);
#10764=ADVANCED_FACE('',(#721),#331,.T.);
#10765=ADVANCED_FACE('',(#722),#332,.T.);
#10766=ADVANCED_FACE('',(#723),#333,.T.);
#10767=ADVANCED_FACE('',(#724),#334,.T.);
#10768=ADVANCED_FACE('',(#725),#335,.T.);
#10769=ADVANCED_FACE('',(#726),#336,.T.);
#10770=ADVANCED_FACE('',(#727),#337,.T.);
#10771=ADVANCED_FACE('',(#728),#338,.T.);
#10772=ADVANCED_FACE('',(#729),#339,.T.);
#10773=ADVANCED_FACE('',(#730),#340,.T.);
#10774=ADVANCED_FACE('',(#731),#341,.T.);
#10775=ADVANCED_FACE('',(#732),#342,.T.);
#10776=ADVANCED_FACE('',(#733),#343,.T.);
#10777=ADVANCED_FACE('',(#734),#344,.T.);
#10778=ADVANCED_FACE('',(#735),#345,.T.);
#10779=ADVANCED_FACE('',(#736),#346,.T.);
#10780=ADVANCED_FACE('',(#737),#347,.T.);
#10781=ADVANCED_FACE('',(#738),#348,.T.);
#10782=ADVANCED_FACE('',(#739),#349,.T.);
#10783=ADVANCED_FACE('',(#740),#350,.T.);
#10784=ADVANCED_FACE('',(#741),#351,.T.);
#10785=ADVANCED_FACE('',(#742),#352,.T.);
#10786=ADVANCED_FACE('',(#743),#353,.T.);
#10787=ADVANCED_FACE('',(#744),#354,.T.);
#10788=ADVANCED_FACE('',(#745),#355,.T.);
#10789=ADVANCED_FACE('',(#746),#356,.T.);
#10790=ADVANCED_FACE('',(#747),#357,.T.);
#10791=ADVANCED_FACE('',(#748),#358,.T.);
#10792=ADVANCED_FACE('',(#749),#359,.T.);
#10793=ADVANCED_FACE('',(#750),#360,.T.);
#10794=ADVANCED_FACE('',(#751),#361,.T.);
#10795=ADVANCED_FACE('',(#752),#10526,.F.);
#10796=ADVANCED_FACE('',(#753),#10527,.F.);
#10797=ADVANCED_FACE('',(#754),#10528,.T.);
#10798=ADVANCED_FACE('',(#755),#10529,.F.);
#10799=ADVANCED_FACE('',(#756),#10530,.F.);
#10800=ADVANCED_FACE('',(#757),#10531,.F.);
#10801=ADVANCED_FACE('',(#758),#10532,.T.);
#10802=ADVANCED_FACE('',(#759),#10533,.F.);
#10803=ADVANCED_FACE('',(#760),#10534,.F.);
#10804=ADVANCED_FACE('',(#761),#10535,.F.);
#10805=ADVANCED_FACE('',(#762),#10536,.T.);
#10806=ADVANCED_FACE('',(#763),#10537,.F.);
#10807=ADVANCED_FACE('',(#764),#362,.T.);
#10808=ADVANCED_FACE('',(#765),#363,.T.);
#10809=ADVANCED_FACE('',(#766),#364,.T.);
#10810=ADVANCED_FACE('',(#767),#365,.T.);
#10811=ADVANCED_FACE('',(#768),#366,.T.);
#10812=ADVANCED_FACE('',(#769),#367,.T.);
#10813=ADVANCED_FACE('',(#770),#368,.T.);
#10814=ADVANCED_FACE('',(#771),#369,.T.);
#10815=ADVANCED_FACE('',(#772),#370,.T.);
#10816=ADVANCED_FACE('',(#773),#371,.T.);
#10817=ADVANCED_FACE('',(#774),#372,.T.);
#10818=ADVANCED_FACE('',(#775),#373,.T.);
#10819=ADVANCED_FACE('',(#776),#374,.T.);
#10820=ADVANCED_FACE('',(#777),#375,.T.);
#10821=ADVANCED_FACE('',(#778),#376,.T.);
#10822=ADVANCED_FACE('',(#779),#377,.T.);
#10823=ADVANCED_FACE('',(#780),#378,.T.);
#10824=ADVANCED_FACE('',(#781),#379,.T.);
#10825=ADVANCED_FACE('',(#782),#380,.T.);
#10826=ADVANCED_FACE('',(#783),#381,.T.);
#10827=ADVANCED_FACE('',(#784),#382,.T.);
#10828=ADVANCED_FACE('',(#785),#383,.T.);
#10829=ADVANCED_FACE('',(#786),#384,.T.);
#10830=ADVANCED_FACE('',(#787),#385,.T.);
#10831=ADVANCED_FACE('',(#788),#386,.T.);
#10832=ADVANCED_FACE('',(#789),#387,.T.);
#10833=ADVANCED_FACE('',(#790),#388,.T.);
#10834=ADVANCED_FACE('',(#791),#389,.T.);
#10835=ADVANCED_FACE('',(#792),#10538,.F.);
#10836=ADVANCED_FACE('',(#793),#390,.T.);
#10837=ADVANCED_FACE('',(#794),#391,.T.);
#10838=ADVANCED_FACE('',(#795),#392,.T.);
#10839=ADVANCED_FACE('',(#796),#393,.T.);
#10840=ADVANCED_FACE('',(#797),#394,.T.);
#10841=ADVANCED_FACE('',(#798),#395,.T.);
#10842=ADVANCED_FACE('',(#799),#396,.T.);
#10843=ADVANCED_FACE('',(#800),#397,.T.);
#10844=ADVANCED_FACE('',(#801),#10539,.F.);
#10845=ADVANCED_FACE('',(#802),#10540,.F.);
#10846=ADVANCED_FACE('',(#803),#10541,.T.);
#10847=ADVANCED_FACE('',(#804),#10542,.F.);
#10848=ADVANCED_FACE('',(#805),#398,.T.);
#10849=ADVANCED_FACE('',(#806),#10543,.F.);
#10850=ADVANCED_FACE('',(#807),#399,.T.);
#10851=ADVANCED_FACE('',(#808),#400,.T.);
#10852=ADVANCED_FACE('',(#809),#10544,.F.);
#10853=ADVANCED_FACE('',(#810),#401,.T.);
#10854=ADVANCED_FACE('',(#811),#10545,.T.);
#10855=ADVANCED_FACE('',(#812),#402,.T.);
#10856=ADVANCED_FACE('',(#813),#10546,.F.);
#10857=ADVANCED_FACE('',(#814),#403,.T.);
#10858=ADVANCED_FACE('',(#815),#10547,.F.);
#10859=ADVANCED_FACE('',(#816),#404,.T.);
#10860=ADVANCED_FACE('',(#817),#10548,.T.);
#10861=ADVANCED_FACE('',(#818),#405,.T.);
#10862=ADVANCED_FACE('',(#819),#10549,.F.);
#10863=ADVANCED_FACE('',(#820),#406,.T.);
#10864=ADVANCED_FACE('',(#821),#407,.T.);
#10865=ADVANCED_FACE('',(#822),#10550,.F.);
#10866=ADVANCED_FACE('',(#823),#408,.T.);
#10867=ADVANCED_FACE('',(#824),#10551,.T.);
#10868=ADVANCED_FACE('',(#825,#158,#159,#160,#161,#162,#163,#164,#165,#166,
#167,#168,#169,#170,#171,#172,#173,#174,#175,#176,#177,#178,#179,#180,#181,
#182,#183,#184,#185,#186,#187,#188,#189,#190,#191,#192,#193),#409,.T.);
#10869=ADVANCED_FACE('',(#826),#10552,.F.);
#10870=ADVANCED_FACE('',(#827),#10553,.F.);
#10871=ADVANCED_FACE('',(#828),#10554,.F.);
#10872=ADVANCED_FACE('',(#829),#10555,.F.);
#10873=ADVANCED_FACE('',(#830),#10556,.T.);
#10874=ADVANCED_FACE('',(#831),#410,.T.);
#10875=ADVANCED_FACE('',(#832,#194,#195,#196,#197,#198,#199,#200,#201,#202,
#203,#204,#205,#206),#411,.F.);
#10876=ADVANCED_FACE('',(#833),#10557,.T.);
#10877=ADVANCED_FACE('',(#834),#412,.T.);
#10878=ADVANCED_FACE('',(#835),#10558,.T.);
#10879=ADVANCED_FACE('',(#836),#413,.T.);
#10880=ADVANCED_FACE('',(#837),#10559,.T.);
#10881=ADVANCED_FACE('',(#838),#414,.T.);
#10882=ADVANCED_FACE('',(#839),#10560,.T.);
#10883=ADVANCED_FACE('',(#840),#415,.T.);
#10884=ADVANCED_FACE('',(#841),#10561,.F.);
#10885=ADVANCED_FACE('',(#842),#10562,.F.);
#10886=ADVANCED_FACE('',(#843),#10563,.F.);
#10887=ADVANCED_FACE('',(#844),#10564,.T.);
#10888=ADVANCED_FACE('',(#845),#10565,.F.);
#10889=ADVANCED_FACE('',(#846),#10566,.F.);
#10890=ADVANCED_FACE('',(#847),#10567,.F.);
#10891=ADVANCED_FACE('',(#848),#10568,.T.);
#10892=ADVANCED_FACE('',(#849),#10569,.F.);
#10893=ADVANCED_FACE('',(#850),#416,.T.);
#10894=ADVANCED_FACE('',(#851),#417,.T.);
#10895=ADVANCED_FACE('',(#852),#418,.T.);
#10896=ADVANCED_FACE('',(#853),#419,.T.);
#10897=ADVANCED_FACE('',(#854),#420,.T.);
#10898=ADVANCED_FACE('',(#855),#421,.T.);
#10899=ADVANCED_FACE('',(#856),#422,.T.);
#10900=ADVANCED_FACE('',(#857),#423,.T.);
#10901=ADVANCED_FACE('',(#858),#424,.T.);
#10902=ADVANCED_FACE('',(#859),#425,.T.);
#10903=ADVANCED_FACE('',(#860),#426,.T.);
#10904=ADVANCED_FACE('',(#861),#427,.T.);
#10905=ADVANCED_FACE('',(#862),#10570,.F.);
#10906=ADVANCED_FACE('',(#863),#10571,.F.);
#10907=ADVANCED_FACE('',(#864),#10572,.F.);
#10908=ADVANCED_FACE('',(#865),#10573,.F.);
#10909=ADVANCED_FACE('',(#866),#10574,.T.);
#10910=ADVANCED_FACE('',(#867),#10575,.F.);
#10911=ADVANCED_FACE('',(#868),#10576,.F.);
#10912=ADVANCED_FACE('',(#869),#428,.T.);
#10913=ADVANCED_FACE('',(#870),#10577,.T.);
#10914=ADVANCED_FACE('',(#871),#429,.T.);
#10915=ADVANCED_FACE('',(#872),#10578,.F.);
#10916=ADVANCED_FACE('',(#873),#430,.T.);
#10917=ADVANCED_FACE('',(#874),#431,.T.);
#10918=ADVANCED_FACE('',(#875),#10579,.F.);
#10919=ADVANCED_FACE('',(#876),#432,.T.);
#10920=ADVANCED_FACE('',(#877),#10580,.T.);
#10921=ADVANCED_FACE('',(#878),#433,.T.);
#10922=ADVANCED_FACE('',(#879),#10581,.F.);
#10923=ADVANCED_FACE('',(#880),#434,.T.);
#10924=ADVANCED_FACE('',(#881),#10582,.F.);
#10925=ADVANCED_FACE('',(#882),#435,.T.);
#10926=ADVANCED_FACE('',(#883),#10583,.T.);
#10927=ADVANCED_FACE('',(#884),#436,.T.);
#10928=ADVANCED_FACE('',(#885),#10584,.F.);
#10929=ADVANCED_FACE('',(#886),#437,.T.);
#10930=ADVANCED_FACE('',(#887,#207,#208,#209,#210,#211,#212,#213,#214,#215,
#216,#217,#218,#219),#438,.T.);
#10931=ADVANCED_FACE('',(#888),#10585,.F.);
#10932=ADVANCED_FACE('',(#889,#220),#439,.T.);
#10933=ADVANCED_FACE('',(#890),#10586,.F.);
#10934=ADVANCED_FACE('',(#891,#221),#440,.T.);
#10935=ADVANCED_FACE('',(#892),#10587,.F.);
#10936=ADVANCED_FACE('',(#893),#441,.T.);
#10937=ADVANCED_FACE('',(#894),#10588,.F.);
#10938=ADVANCED_FACE('',(#895),#442,.T.);
#10939=ADVANCED_FACE('',(#896),#443,.T.);
#10940=ADVANCED_FACE('',(#897),#10589,.F.);
#10941=ADVANCED_FACE('',(#898),#444,.F.);
#10942=ADVANCED_FACE('',(#899),#10590,.F.);
#10943=ADVANCED_FACE('',(#900,#222),#445,.T.);
#10944=ADVANCED_FACE('',(#901),#10591,.F.);
#10945=ADVANCED_FACE('',(#902,#223),#446,.T.);
#10946=ADVANCED_FACE('',(#903),#10592,.F.);
#10947=ADVANCED_FACE('',(#904,#224),#447,.T.);
#10948=ADVANCED_FACE('',(#905),#10593,.F.);
#10949=ADVANCED_FACE('',(#906,#225),#448,.T.);
#10950=ADVANCED_FACE('',(#907),#10594,.F.);
#10951=ADVANCED_FACE('',(#908,#226),#449,.T.);
#10952=ADVANCED_FACE('',(#909),#10595,.F.);
#10953=ADVANCED_FACE('',(#910,#227),#450,.T.);
#10954=ADVANCED_FACE('',(#911),#10596,.F.);
#10955=ADVANCED_FACE('',(#912,#228),#451,.T.);
#10956=ADVANCED_FACE('',(#913),#10597,.F.);
#10957=ADVANCED_FACE('',(#914,#229),#452,.T.);
#10958=ADVANCED_FACE('',(#915),#10598,.F.);
#10959=ADVANCED_FACE('',(#916,#230),#453,.T.);
#10960=ADVANCED_FACE('',(#917),#10599,.F.);
#10961=ADVANCED_FACE('',(#918,#231),#454,.T.);
#10962=ADVANCED_FACE('',(#919),#10600,.F.);
#10963=ADVANCED_FACE('',(#920,#232),#455,.T.);
#10964=ADVANCED_FACE('',(#921),#10601,.F.);
#10965=ADVANCED_FACE('',(#922,#233),#456,.T.);
#10966=ADVANCED_FACE('',(#923),#10602,.F.);
#10967=ADVANCED_FACE('',(#924,#234),#457,.T.);
#10968=ADVANCED_FACE('',(#925),#458,.F.);
#10969=ADVANCED_FACE('',(#926),#10603,.F.);
#10970=ADVANCED_FACE('',(#927),#459,.F.);
#10971=ADVANCED_FACE('',(#928),#10604,.F.);
#10972=ADVANCED_FACE('',(#929),#460,.F.);
#10973=ADVANCED_FACE('',(#930),#10605,.F.);
#10974=ADVANCED_FACE('',(#931),#461,.F.);
#10975=ADVANCED_FACE('',(#932),#10606,.F.);
#10976=ADVANCED_FACE('',(#933),#10607,.F.);
#10977=ADVANCED_FACE('',(#934),#462,.T.);
#10978=ADVANCED_FACE('',(#935),#10608,.F.);
#10979=ADVANCED_FACE('',(#936),#463,.T.);
#10980=ADVANCED_FACE('',(#937),#10609,.F.);
#10981=ADVANCED_FACE('',(#938),#464,.T.);
#10982=ADVANCED_FACE('',(#939),#10610,.F.);
#10983=ADVANCED_FACE('',(#940),#465,.T.);
#10984=ADVANCED_FACE('',(#941),#10611,.F.);
#10985=ADVANCED_FACE('',(#942),#466,.T.);
#10986=ADVANCED_FACE('',(#943),#10612,.F.);
#10987=ADVANCED_FACE('',(#944),#467,.T.);
#10988=ADVANCED_FACE('',(#945),#468,.T.);
#10989=ADVANCED_FACE('',(#946,#235,#236),#469,.T.);
#10990=ADVANCED_FACE('',(#947),#470,.F.);
#10991=ADVANCED_FACE('',(#948),#471,.T.);
#10992=ADVANCED_FACE('',(#949),#472,.F.);
#10993=ADVANCED_FACE('',(#950),#473,.T.);
#10994=ADVANCED_FACE('',(#951,#237,#238),#474,.F.);
#10995=ADVANCED_FACE('',(#952),#475,.F.);
#10996=ADVANCED_FACE('',(#953),#476,.F.);
#10997=ADVANCED_FACE('',(#954,#239,#240,#241),#477,.T.);
#10998=ADVANCED_FACE('',(#955),#478,.T.);
#10999=ADVANCED_FACE('',(#956,#242),#479,.T.);
#11000=ADVANCED_FACE('',(#957),#480,.F.);
#11001=ADVANCED_FACE('',(#958),#481,.F.);
#11002=ADVANCED_FACE('',(#959),#10613,.F.);
#11003=ADVANCED_FACE('',(#960),#10614,.F.);
#11004=ADVANCED_FACE('',(#961),#482,.F.);
#11005=ADVANCED_FACE('',(#962),#483,.F.);
#11006=ADVANCED_FACE('',(#963),#10615,.F.);
#11007=ADVANCED_FACE('',(#964),#10616,.F.);
#11008=ADVANCED_FACE('',(#965),#484,.F.);
#11009=ADVANCED_FACE('',(#966),#10617,.T.);
#11010=ADVANCED_FACE('',(#967),#485,.F.);
#11011=ADVANCED_FACE('',(#968),#10618,.T.);
#11012=ADVANCED_FACE('',(#969),#10619,.F.);
#11013=ADVANCED_FACE('',(#970),#10620,.T.);
#11014=ADVANCED_FACE('',(#971),#486,.F.);
#11015=ADVANCED_FACE('',(#972),#10621,.F.);
#11016=ADVANCED_FACE('',(#973),#487,.F.);
#11017=ADVANCED_FACE('',(#974),#488,.F.);
#11018=ADVANCED_FACE('',(#975),#489,.T.);
#11019=ADVANCED_FACE('',(#976),#490,.F.);
#11020=ADVANCED_FACE('',(#977),#491,.F.);
#11021=ADVANCED_FACE('',(#978),#492,.F.);
#11022=ADVANCED_FACE('',(#979),#493,.F.);
#11023=ADVANCED_FACE('',(#980),#494,.F.);
#11024=ADVANCED_FACE('',(#981),#10622,.F.);
#11025=ADVANCED_FACE('',(#982),#495,.T.);
#11026=ADVANCED_FACE('',(#983),#10623,.F.);
#11027=ADVANCED_FACE('',(#984),#496,.T.);
#11028=ADVANCED_FACE('',(#985),#10624,.F.);
#11029=ADVANCED_FACE('',(#986),#497,.T.);
#11030=ADVANCED_FACE('',(#987),#498,.F.);
#11031=ADVANCED_FACE('',(#988),#10625,.F.);
#11032=ADVANCED_FACE('',(#989),#499,.F.);
#11033=ADVANCED_FACE('',(#990),#10626,.T.);
#11034=ADVANCED_FACE('',(#991),#10627,.F.);
#11035=ADVANCED_FACE('',(#992),#500,.T.);
#11036=ADVANCED_FACE('',(#993),#10628,.F.);
#11037=ADVANCED_FACE('',(#994),#501,.T.);
#11038=ADVANCED_FACE('',(#995),#10629,.F.);
#11039=ADVANCED_FACE('',(#996),#502,.T.);
#11040=ADVANCED_FACE('',(#997),#10630,.F.);
#11041=ADVANCED_FACE('',(#998),#503,.T.);
#11042=ADVANCED_FACE('',(#999,#243,#244,#245),#504,.F.);
#11043=ADVANCED_FACE('',(#1000),#505,.T.);
#11044=ADVANCED_FACE('',(#1001),#10631,.T.);
#11045=ADVANCED_FACE('',(#1002),#506,.F.);
#11046=ADVANCED_FACE('',(#1003),#10632,.T.);
#11047=ADVANCED_FACE('',(#1004),#507,.F.);
#11048=ADVANCED_FACE('',(#1005,#246),#508,.F.);
#11049=ADVANCED_FACE('',(#1006),#10633,.T.);
#11050=ADVANCED_FACE('',(#1007,#247,#248),#509,.T.);
#11051=ADVANCED_FACE('',(#1008,#249),#510,.T.);
#11052=ADVANCED_FACE('',(#1009),#10634,.T.);
#11053=ADVANCED_FACE('',(#1010),#511,.T.);
#11054=ADVANCED_FACE('',(#1011),#10635,.T.);
#11055=ADVANCED_FACE('',(#1012),#10636,.T.);
#11056=ADVANCED_FACE('',(#1013),#10637,.F.);
#11057=ADVANCED_FACE('',(#1014),#512,.F.);
#11058=ADVANCED_FACE('',(#1015),#10638,.F.);
#11059=ADVANCED_FACE('',(#1016),#513,.F.);
#11060=ADVANCED_FACE('',(#1017),#10639,.F.);
#11061=ADVANCED_FACE('',(#1018),#514,.F.);
#11062=ADVANCED_FACE('',(#1019),#10640,.F.);
#11063=ADVANCED_FACE('',(#1020),#515,.F.);
#11064=ADVANCED_FACE('',(#1021),#10641,.F.);
#11065=ADVANCED_FACE('',(#1022),#516,.F.);
#11066=ADVANCED_FACE('',(#1023),#10642,.F.);
#11067=ADVANCED_FACE('',(#1024),#517,.F.);
#11068=ADVANCED_FACE('',(#1025),#10643,.F.);
#11069=ADVANCED_FACE('',(#1026),#518,.F.);
#11070=ADVANCED_FACE('',(#1027),#10644,.F.);
#11071=ADVANCED_FACE('',(#1028),#519,.F.);
#11072=ADVANCED_FACE('',(#1029),#10645,.F.);
#11073=ADVANCED_FACE('',(#1030),#520,.F.);
#11074=ADVANCED_FACE('',(#1031),#10646,.F.);
#11075=ADVANCED_FACE('',(#1032),#521,.F.);
#11076=ADVANCED_FACE('',(#1033),#10647,.F.);
#11077=ADVANCED_FACE('',(#1034),#522,.F.);
#11078=ADVANCED_FACE('',(#1035),#10648,.F.);
#11079=ADVANCED_FACE('',(#1036),#523,.F.);
#11080=ADVANCED_FACE('',(#1037),#10649,.F.);
#11081=ADVANCED_FACE('',(#1038),#524,.F.);
#11082=ADVANCED_FACE('',(#1039),#10650,.F.);
#11083=ADVANCED_FACE('',(#1040),#525,.F.);
#11084=ADVANCED_FACE('',(#1041),#10651,.F.);
#11085=ADVANCED_FACE('',(#1042),#526,.F.);
#11086=ADVANCED_FACE('',(#1043),#10652,.F.);
#11087=ADVANCED_FACE('',(#1044),#527,.F.);
#11088=ADVANCED_FACE('',(#1045),#10653,.F.);
#11089=ADVANCED_FACE('',(#1046),#528,.F.);
#11090=ADVANCED_FACE('',(#1047),#10654,.F.);
#11091=ADVANCED_FACE('',(#1048),#529,.F.);
#11092=ADVANCED_FACE('',(#1049),#10655,.F.);
#11093=ADVANCED_FACE('',(#1050),#530,.F.);
#11094=ADVANCED_FACE('',(#1051),#10656,.F.);
#11095=ADVANCED_FACE('',(#1052),#531,.F.);
#11096=ADVANCED_FACE('',(#1053),#10657,.F.);
#11097=ADVANCED_FACE('',(#1054),#532,.F.);
#11098=ADVANCED_FACE('',(#1055),#10658,.F.);
#11099=ADVANCED_FACE('',(#1056),#533,.F.);
#11100=ADVANCED_FACE('',(#1057),#534,.F.);
#11101=ADVANCED_FACE('',(#1058,#250),#535,.F.);
#11102=ADVANCED_FACE('',(#1059),#536,.F.);
#11103=ADVANCED_FACE('',(#1060),#537,.T.);
#11104=ADVANCED_FACE('',(#1061),#538,.F.);
#11105=ADVANCED_FACE('',(#1062),#539,.T.);
#11106=ADVANCED_FACE('',(#1063),#540,.F.);
#11107=ADVANCED_FACE('',(#1064),#541,.F.);
#11108=ADVANCED_FACE('',(#1065),#10659,.T.);
#11109=ADVANCED_FACE('',(#1066),#542,.F.);
#11110=ADVANCED_FACE('',(#1067),#10660,.F.);
#11111=ADVANCED_FACE('',(#1068),#543,.F.);
#11112=ADVANCED_FACE('',(#1069),#544,.F.);
#11113=ADVANCED_FACE('',(#1070),#545,.T.);
#11114=ADVANCED_FACE('',(#1071),#10661,.T.);
#11115=ADVANCED_FACE('',(#1072),#546,.T.);
#11116=ADVANCED_FACE('',(#1073,#251),#547,.T.);
#11117=ADVANCED_FACE('',(#1074),#548,.F.);
#11118=ADVANCED_FACE('',(#1075),#10662,.F.);
#11119=ADVANCED_FACE('',(#1076),#549,.F.);
#11120=ADVANCED_FACE('',(#1077),#10663,.T.);
#11121=ADVANCED_FACE('',(#1078,#252),#550,.T.);
#11122=ADVANCED_FACE('',(#1079),#551,.F.);
#11123=ADVANCED_FACE('',(#1080),#10664,.T.);
#11124=ADVANCED_FACE('',(#1081),#552,.F.);
#11125=ADVANCED_FACE('',(#1082),#553,.F.);
#11126=ADVANCED_FACE('',(#1083,#253),#554,.F.);
#11127=ADVANCED_FACE('',(#1084,#254),#555,.F.);
#11128=ADVANCED_FACE('',(#1085),#556,.F.);
#11129=ADVANCED_FACE('',(#1086),#557,.F.);
#11130=ADVANCED_FACE('',(#1087),#10665,.T.);
#11131=ADVANCED_FACE('',(#1088),#558,.F.);
#11132=ADVANCED_FACE('',(#1089),#10666,.T.);
#11133=ADVANCED_FACE('',(#1090),#559,.F.);
#11134=ADVANCED_FACE('',(#1091,#255),#560,.F.);
#11135=ADVANCED_FACE('',(#1092,#256),#561,.F.);
#11136=ADVANCED_FACE('',(#1093),#562,.F.);
#11137=ADVANCED_FACE('',(#1094),#563,.F.);
#11138=ADVANCED_FACE('',(#1095),#564,.F.);
#11139=ADVANCED_FACE('',(#1096,#257),#565,.F.);
#11140=ADVANCED_FACE('',(#1097,#258),#566,.F.);
#11141=ADVANCED_FACE('',(#1098),#10667,.T.);
#11142=ADVANCED_FACE('',(#1099),#10668,.T.);
#11143=ADVANCED_FACE('',(#1100),#567,.F.);
#11144=ADVANCED_FACE('',(#1101),#10669,.F.);
#11145=ADVANCED_FACE('',(#1102),#568,.F.);
#11146=ADVANCED_FACE('',(#1103),#10670,.T.);
#11147=ADVANCED_FACE('',(#1104,#259),#569,.F.);
#11148=ADVANCED_FACE('',(#1105),#10671,.T.);
#11149=ADVANCED_FACE('',(#1106),#570,.F.);
#11150=ADVANCED_FACE('',(#1107),#571,.T.);
#11151=ADVANCED_FACE('',(#1108),#572,.F.);
#11152=ADVANCED_FACE('',(#1109),#573,.F.);
#11153=ADVANCED_FACE('',(#1110),#574,.F.);
#11154=ADVANCED_FACE('',(#1111),#575,.F.);
#11155=ADVANCED_FACE('',(#1112),#576,.F.);
#11156=ADVANCED_FACE('',(#1113),#577,.T.);
#11157=ADVANCED_FACE('',(#1114),#578,.T.);
#11158=ADVANCED_FACE('',(#1115),#579,.T.);
#11159=ADVANCED_FACE('',(#1116),#580,.T.);
#11160=ADVANCED_FACE('',(#1117),#581,.T.);
#11161=ADVANCED_FACE('',(#1118),#582,.T.);
#11162=ADVANCED_FACE('',(#1119),#583,.T.);
#11163=ADVANCED_FACE('',(#1120),#584,.T.);
#11164=ADVANCED_FACE('',(#1121),#585,.T.);
#11165=ADVANCED_FACE('',(#1122),#586,.T.);
#11166=ADVANCED_FACE('',(#1123),#587,.T.);
#11167=ADVANCED_FACE('',(#1124),#588,.T.);
#11168=ADVANCED_FACE('',(#1125,#260,#261,#262,#263,#264,#265),#589,.T.);
#11169=ADVANCED_FACE('',(#1126),#590,.T.);
#11170=ADVANCED_FACE('',(#1127),#591,.T.);
#11171=ADVANCED_FACE('',(#1128),#592,.T.);
#11172=ADVANCED_FACE('',(#1129),#593,.T.);
#11173=ADVANCED_FACE('',(#1130),#594,.T.);
#11174=ADVANCED_FACE('',(#1131),#10672,.F.);
#11175=ADVANCED_FACE('',(#1132),#10673,.F.);
#11176=ADVANCED_FACE('',(#1133),#10674,.F.);
#11177=ADVANCED_FACE('',(#1134),#10675,.F.);
#11178=ADVANCED_FACE('',(#1135),#10676,.F.);
#11179=ADVANCED_FACE('',(#1136),#10677,.F.);
#11180=ADVANCED_FACE('',(#1137),#10678,.F.);
#11181=ADVANCED_FACE('',(#1138),#595,.T.);
#11182=ADVANCED_FACE('',(#1139),#596,.T.);
#11183=ADVANCED_FACE('',(#1140),#597,.T.);
#11184=ADVANCED_FACE('',(#1141),#598,.T.);
#11185=ADVANCED_FACE('',(#1142),#599,.T.);
#11186=ADVANCED_FACE('',(#1143),#600,.T.);
#11187=ADVANCED_FACE('',(#1144),#601,.T.);
#11188=ADVANCED_FACE('',(#1145),#602,.T.);
#11189=ADVANCED_FACE('',(#1146),#603,.T.);
#11190=ADVANCED_FACE('',(#1147,#266,#267,#268,#269,#270,#271),#604,.F.);
#11191=ADVANCED_FACE('',(#1148),#605,.T.);
#11192=ADVANCED_FACE('',(#1149),#606,.T.);
#11193=ADVANCED_FACE('',(#1150),#607,.T.);
#11194=ADVANCED_FACE('',(#1151),#608,.T.);
#11195=ADVANCED_FACE('',(#1152),#609,.T.);
#11196=ADVANCED_FACE('',(#1153),#610,.T.);
#11197=ADVANCED_FACE('',(#1154),#611,.T.);
#11198=ADVANCED_FACE('',(#1155),#612,.T.);
#11199=ADVANCED_FACE('',(#1156),#613,.T.);
#11200=ADVANCED_FACE('',(#1157),#614,.T.);
#11201=ADVANCED_FACE('',(#1158),#615,.T.);
#11202=ADVANCED_FACE('',(#1159),#616,.T.);
#11203=ADVANCED_FACE('',(#1160),#617,.T.);
#11204=ADVANCED_FACE('',(#1161),#10679,.F.);
#11205=ADVANCED_FACE('',(#1162),#10680,.F.);
#11206=ADVANCED_FACE('',(#1163),#10681,.F.);
#11207=ADVANCED_FACE('',(#1164),#10682,.F.);
#11208=ADVANCED_FACE('',(#1165),#618,.T.);
#11209=ADVANCED_FACE('',(#1166),#619,.T.);
#11210=ADVANCED_FACE('',(#1167),#620,.T.);
#11211=ADVANCED_FACE('',(#1168),#621,.T.);
#11212=ADVANCED_FACE('',(#1169),#622,.T.);
#11213=ADVANCED_FACE('',(#1170,#272,#273,#274,#275),#623,.T.);
#11214=ADVANCED_FACE('',(#1171,#276,#277,#278,#279),#624,.F.);
#11215=ADVANCED_FACE('',(#1172),#10683,.F.);
#11216=ADVANCED_FACE('',(#1173),#625,.T.);
#11217=ADVANCED_FACE('',(#1174),#10684,.F.);
#11218=ADVANCED_FACE('',(#1175),#626,.T.);
#11219=ADVANCED_FACE('',(#1176),#10685,.F.);
#11220=ADVANCED_FACE('',(#1177),#627,.T.);
#11221=ADVANCED_FACE('',(#1178),#10686,.F.);
#11222=ADVANCED_FACE('',(#1179),#628,.T.);
#11223=ADVANCED_FACE('',(#1180),#10687,.F.);
#11224=ADVANCED_FACE('',(#1181),#629,.F.);
#11225=ADVANCED_FACE('',(#1182),#10688,.F.);
#11226=ADVANCED_FACE('',(#1183),#630,.F.);
#11227=ADVANCED_FACE('',(#1184),#10689,.F.);
#11228=ADVANCED_FACE('',(#1185),#631,.F.);
#11229=ADVANCED_FACE('',(#1186),#10690,.F.);
#11230=ADVANCED_FACE('',(#1187),#632,.F.);
#11231=ADVANCED_FACE('',(#1188),#633,.T.);
#11232=ADVANCED_FACE('',(#1189),#634,.F.);
#11233=ADVANCED_FACE('',(#1190),#635,.F.);
#11234=ADVANCED_FACE('',(#1191),#636,.F.);
#11235=ADVANCED_FACE('',(#1192),#637,.F.);
#11236=ADVANCED_FACE('',(#1193),#638,.F.);
#11237=ADVANCED_FACE('',(#1194),#639,.F.);
#11238=ADVANCED_FACE('',(#1195),#10691,.F.);
#11239=ADVANCED_FACE('',(#1196),#10692,.F.);
#11240=ADVANCED_FACE('',(#1197),#10693,.F.);
#11241=ADVANCED_FACE('',(#1198),#10694,.F.);
#11242=ADVANCED_FACE('',(#1199),#10695,.F.);
#11243=ADVANCED_FACE('',(#1200),#55,.F.);
#11244=ADVANCED_FACE('',(#1201),#640,.T.);
#11245=ADVANCED_FACE('',(#1202),#641,.T.);
#11246=ADVANCED_FACE('',(#1203),#56,.F.);
#11247=ADVANCED_FACE('',(#1204),#642,.T.);
#11248=ADVANCED_FACE('',(#1205),#57,.F.);
#11249=ADVANCED_FACE('',(#1206),#643,.T.);
#11250=ADVANCED_FACE('',(#1207),#58,.F.);
#11251=ADVANCED_FACE('',(#1208),#644,.T.);
#11252=ADVANCED_FACE('',(#1209),#59,.F.);
#11253=ADVANCED_FACE('',(#1210),#645,.T.);
#11254=ADVANCED_FACE('',(#1211),#60,.F.);
#11255=ADVANCED_FACE('',(#1212),#646,.T.);
#11256=ADVANCED_FACE('',(#1213),#10696,.F.);
#11257=ADVANCED_FACE('',(#1214),#647,.T.);
#11258=ADVANCED_FACE('',(#1215),#10697,.F.);
#11259=ADVANCED_FACE('',(#1216),#648,.T.);
#11260=ADVANCED_FACE('',(#1217),#10698,.F.);
#11261=ADVANCED_FACE('',(#1218),#649,.T.);
#11262=ADVANCED_FACE('',(#1219),#10699,.F.);
#11263=ADVANCED_FACE('',(#1220,#280,#281,#282,#283),#650,.T.);
#11264=ADVANCED_FACE('',(#1221),#651,.T.);
#11265=ADVANCED_FACE('',(#1222),#61,.T.);
#11266=ADVANCED_FACE('',(#1223),#652,.T.);
#11267=ADVANCED_FACE('',(#1224),#62,.T.);
#11268=ADVANCED_FACE('',(#1225),#653,.T.);
#11269=ADVANCED_FACE('',(#1226),#63,.T.);
#11270=ADVANCED_FACE('',(#1227),#654,.T.);
#11271=ADVANCED_FACE('',(#1228),#64,.T.);
#11272=ADVANCED_FACE('',(#1229),#655,.T.);
#11273=ADVANCED_FACE('',(#1230),#656,.T.);
#11274=ADVANCED_FACE('',(#1231),#10700,.T.);
#11275=ADVANCED_FACE('',(#1232),#657,.T.);
#11276=ADVANCED_FACE('',(#1233),#10701,.T.);
#11277=ADVANCED_FACE('',(#1234),#658,.T.);
#11278=ADVANCED_FACE('',(#1235,#284,#285,#286,#287,#288,#289,#290),#659,
 .T.);
#11279=ADVANCED_FACE('',(#1236),#660,.T.);
#11280=ADVANCED_FACE('',(#1237),#661,.T.);
#11281=ADVANCED_FACE('',(#1238),#10702,.F.);
#11282=ADVANCED_FACE('',(#1239),#662,.T.);
#11283=ADVANCED_FACE('',(#1240),#10703,.F.);
#11284=ADVANCED_FACE('',(#1241),#663,.T.);
#11285=ADVANCED_FACE('',(#1242),#10704,.F.);
#11286=ADVANCED_FACE('',(#1243),#10705,.F.);
#11287=ADVANCED_FACE('',(#1244),#664,.F.);
#11288=ADVANCED_FACE('',(#1245),#10706,.F.);
#11289=ADVANCED_FACE('',(#1246),#665,.F.);
#11290=ADVANCED_FACE('',(#1247),#666,.F.);
#11291=ADVANCED_FACE('',(#1248,#291),#667,.T.);
#11292=ADVANCED_FACE('',(#1249),#668,.T.);
#11293=ADVANCED_FACE('',(#1250),#10707,.F.);
#11294=ADVANCED_FACE('',(#1251),#10708,.F.);
#11295=ADVANCED_FACE('',(#1252),#10709,.F.);
#11296=ADVANCED_FACE('',(#1253),#10710,.F.);
#11297=ADVANCED_FACE('',(#1254),#10711,.F.);
#11298=ADVANCED_FACE('',(#1255),#10712,.F.);
#11299=ADVANCED_FACE('',(#1256),#669,.T.);
#11300=ADVANCED_FACE('',(#1257),#10713,.T.);
#11301=ADVANCED_FACE('',(#1258),#10714,.T.);
#11302=ADVANCED_FACE('',(#1259),#670,.T.);
#11303=ADVANCED_FACE('',(#1260),#671,.T.);
#11304=ADVANCED_FACE('',(#1261),#10715,.T.);
#11305=ADVANCED_FACE('',(#1262),#672,.T.);
#11306=ADVANCED_FACE('',(#1263),#10716,.T.);
#11307=ADVANCED_FACE('',(#1264,#292,#293,#294,#295,#296,#297,#298,#299,
#300,#301,#302,#303),#673,.F.);
#11308=ADVANCED_FACE('',(#1265),#10717,.T.);
#11309=ADVANCED_FACE('',(#1266),#674,.T.);
#11310=ADVANCED_FACE('',(#1267),#10718,.T.);
#11311=ADVANCED_FACE('',(#1268),#675,.T.);
#11312=ADVANCED_FACE('',(#1269,#304),#676,.F.);
#11313=ADVANCED_FACE('',(#1270),#65,.T.);
#11314=ADVANCED_FACE('',(#1271),#10719,.T.);
#11315=ADVANCED_FACE('',(#1272),#10720,.T.);
#11316=ADVANCED_FACE('',(#1273),#10721,.F.);
#11317=ADVANCED_FACE('',(#1274,#305),#677,.T.);
#11318=ADVANCED_FACE('',(#1275,#306),#678,.F.);
#11319=ADVANCED_FACE('',(#1276),#10722,.F.);
#11320=ADVANCED_FACE('',(#1277),#10723,.T.);
#11321=ADVANCED_FACE('',(#1278,#307),#679,.T.);
#11322=ADVANCED_FACE('',(#1279,#308),#680,.F.);
#11323=CLOSED_SHELL('',(#10724,#10725,#10726,#10727,#10728,#10729,#10730,
#10731,#10732,#10733,#10734,#10735,#10736,#10737,#10738,#10739,#10740,#10741,
#10742,#10743,#10744,#10745,#10746,#10747,#10748,#10749,#10750,#10751,#10752,
#10753,#10754,#10755,#10756,#10757,#10758,#10759,#10760,#10761,#10762,#10763,
#10764,#10765,#10766,#10767,#10768,#10769,#10770,#10771,#10772,#10773,#10774,
#10775,#10776,#10777,#10778,#10779,#10780,#10781,#10782,#10783,#10784,#10785,
#10786,#10787,#10788,#10789,#10790,#10791,#10792,#10793,#10794,#10795,#10796,
#10797,#10798,#10799,#10800,#10801,#10802,#10803,#10804,#10805,#10806,#10807,
#10808,#10809,#10810,#10811,#10812,#10813,#10814,#10815,#10816,#10817,#10818,
#10819,#10820,#10821,#10822,#10823,#10824,#10825,#10826,#10827,#10828,#10829,
#10830,#10831,#10832,#10833,#10834,#10835,#10836,#10837,#10838,#10839,#10840,
#10841,#10842,#10843,#10844,#10845,#10846,#10847,#10848,#10849,#10850,#10851,
#10852,#10853,#10854,#10855,#10856,#10857,#10858,#10859,#10860,#10861,#10862,
#10863,#10864,#10865,#10866,#10867,#10868));
#11324=CLOSED_SHELL('',(#10869,#10870,#10871,#10872,#10873,#10874,#10875,
#10876,#10877,#10878,#10879,#10880,#10881,#10882,#10883,#10884,#10885,#10886,
#10887,#10888,#10889,#10890,#10891,#10892,#10893,#10894,#10895,#10896,#10897,
#10898,#10899,#10900,#10901,#10902,#10903,#10904,#10905,#10906,#10907,#10908,
#10909,#10910,#10911,#10912,#10913,#10914,#10915,#10916,#10917,#10918,#10919,
#10920,#10921,#10922,#10923,#10924,#10925,#10926,#10927,#10928,#10929,#10930));
#11325=CLOSED_SHELL('',(#10931,#10932,#10933,#10934,#10935,#10936,#10937,
#10938,#10939,#10940,#10941,#10942,#10943,#10944,#10945,#10946,#10947,#10948,
#10949,#10950,#10951,#10952,#10953,#10954,#10955,#10956,#10957,#10958,#10959,
#10960,#10961,#10962,#10963,#10964,#10965,#10966,#10967,#10968,#10969,#10970,
#10971,#10972,#10973,#10974,#10975,#10976,#10977,#10978,#10979,#10980,#10981,
#10982,#10983,#10984,#10985,#10986,#10987,#10988,#10989,#10990,#10991,#10992,
#10993,#10994,#10995,#10996,#10997,#10998,#10999,#11000,#11001,#11002,#11003,
#11004,#11005,#11006,#11007,#11008,#11009,#11010,#11011,#11012,#11013,#11014,
#11015,#11016,#11017,#11018,#11019,#11020,#11021,#11022,#11023,#11024,#11025,
#11026,#11027,#11028,#11029,#11030,#11031,#11032,#11033,#11034,#11035,#11036,
#11037,#11038,#11039,#11040,#11041,#11042,#11043,#11044,#11045,#11046,#11047,
#11048,#11049,#11050,#11051,#11052,#11053,#11054,#11055,#11056,#11057,#11058,
#11059,#11060,#11061,#11062,#11063,#11064,#11065,#11066,#11067,#11068,#11069,
#11070,#11071,#11072,#11073,#11074,#11075,#11076,#11077,#11078,#11079,#11080,
#11081,#11082,#11083,#11084,#11085,#11086,#11087,#11088,#11089,#11090,#11091,
#11092,#11093,#11094,#11095,#11096,#11097,#11098,#11099,#11100,#11101,#11102,
#11103,#11104,#11105,#11106,#11107,#11108,#11109,#11110,#11111,#11112,#11113,
#11114,#11115,#11116,#11117,#11118,#11119,#11120,#11121,#11122,#11123,#11124,
#11125,#11126,#11127,#11128,#11129,#11130,#11131,#11132,#11133,#11134,#11135,
#11136,#11137,#11138,#11139,#11140,#11141,#11142,#11143,#11144,#11145,#11146,
#11147,#11148,#11149,#11150,#11151,#11152,#11153,#11154,#11155,#11156));
#11326=CLOSED_SHELL('',(#11157,#11158,#11159,#11160,#11161,#11162,#11163,
#11164,#11165,#11166,#11167,#11168,#11169,#11170,#11171,#11172,#11173,#11174,
#11175,#11176,#11177,#11178,#11179,#11180,#11181,#11182,#11183,#11184,#11185,
#11186,#11187,#11188,#11189,#11190));
#11327=CLOSED_SHELL('',(#11191,#11192,#11193,#11194,#11195,#11196,#11197,
#11198,#11199,#11200,#11201,#11202,#11203,#11204,#11205,#11206,#11207,#11208,
#11209,#11210,#11211,#11212,#11213,#11214));
#11328=CLOSED_SHELL('',(#11215,#11216,#11217,#11218,#11219,#11220,#11221,
#11222,#11223,#11224,#11225,#11226,#11227,#11228,#11229,#11230,#11231,#11232,
#11233,#11234,#11235,#11236,#11237,#11238,#11239,#11240,#11241,#11242,#11243,
#11244,#11245,#11246,#11247,#11248,#11249,#11250,#11251,#11252,#11253,#11254,
#11255,#11256,#11257,#11258,#11259,#11260,#11261,#11262,#11263,#11264,#11265,
#11266,#11267,#11268,#11269,#11270,#11271,#11272,#11273,#11274,#11275,#11276,
#11277,#11278,#11279,#11280,#11281,#11282,#11283,#11284,#11285,#11286,#11287,
#11288,#11289,#11290,#11291,#11292,#11293,#11294,#11295,#11296,#11297,#11298,
#11299,#11300,#11301,#11302,#11303,#11304,#11305,#11306,#11307,#11308,#11309,
#11310,#11311,#11312));
#11329=CLOSED_SHELL('',(#11313,#11314,#11315,#11316,#11317,#11318));
#11330=CLOSED_SHELL('',(#11319,#11320,#11321,#11322));
#11331=DERIVED_UNIT_ELEMENT(#11347,1.);
#11332=DERIVED_UNIT_ELEMENT(#19020,-3.);
#11333=DERIVED_UNIT_ELEMENT(#11347,1.);
#11334=DERIVED_UNIT_ELEMENT(#19020,-3.);
#11335=DERIVED_UNIT_ELEMENT(#11347,1.);
#11336=DERIVED_UNIT_ELEMENT(#19020,-3.);
#11337=DERIVED_UNIT_ELEMENT(#11347,1.);
#11338=DERIVED_UNIT_ELEMENT(#19020,-3.);
#11339=DERIVED_UNIT_ELEMENT(#11347,1.);
#11340=DERIVED_UNIT_ELEMENT(#19020,-3.);
#11341=DERIVED_UNIT_ELEMENT(#11347,1.);
#11342=DERIVED_UNIT_ELEMENT(#19020,-3.);
#11343=DERIVED_UNIT_ELEMENT(#11347,1.);
#11344=DERIVED_UNIT_ELEMENT(#19020,-3.);
#11345=DERIVED_UNIT_ELEMENT(#11347,1.);
#11346=DERIVED_UNIT_ELEMENT(#19020,-3.);
#11347=(
MASS_UNIT()
NAMED_UNIT(*)
SI_UNIT(.KILO.,.GRAM.)
);
#11348=DERIVED_UNIT((#11331,#11332));
#11349=DERIVED_UNIT((#11333,#11334));
#11350=DERIVED_UNIT((#11335,#11336));
#11351=DERIVED_UNIT((#11337,#11338));
#11352=DERIVED_UNIT((#11339,#11340));
#11353=DERIVED_UNIT((#11341,#11342));
#11354=DERIVED_UNIT((#11343,#11344));
#11355=DERIVED_UNIT((#11345,#11346));
#11356=MEASURE_REPRESENTATION_ITEM('density measure',
POSITIVE_RATIO_MEASURE(7850.),#11348);
#11357=MEASURE_REPRESENTATION_ITEM('density measure',
POSITIVE_RATIO_MEASURE(7850.),#11349);
#11358=MEASURE_REPRESENTATION_ITEM('density measure',
POSITIVE_RATIO_MEASURE(7850.),#11350);
#11359=MEASURE_REPRESENTATION_ITEM('density measure',
POSITIVE_RATIO_MEASURE(7850.),#11351);
#11360=MEASURE_REPRESENTATION_ITEM('density measure',
POSITIVE_RATIO_MEASURE(7850.),#11352);
#11361=MEASURE_REPRESENTATION_ITEM('density measure',
POSITIVE_RATIO_MEASURE(7850.),#11353);
#11362=MEASURE_REPRESENTATION_ITEM('density measure',
POSITIVE_RATIO_MEASURE(7850.),#11354);
#11363=MEASURE_REPRESENTATION_ITEM('density measure',
POSITIVE_RATIO_MEASURE(7850.),#11355);
#11364=PROPERTY_DEFINITION_REPRESENTATION(#11404,#11380);
#11365=PROPERTY_DEFINITION_REPRESENTATION(#11405,#11381);
#11366=PROPERTY_DEFINITION_REPRESENTATION(#11406,#11382);
#11367=PROPERTY_DEFINITION_REPRESENTATION(#11407,#11383);
#11368=PROPERTY_DEFINITION_REPRESENTATION(#11408,#11384);
#11369=PROPERTY_DEFINITION_REPRESENTATION(#11409,#11385);
#11370=PROPERTY_DEFINITION_REPRESENTATION(#11410,#11386);
#11371=PROPERTY_DEFINITION_REPRESENTATION(#11411,#11387);
#11372=PROPERTY_DEFINITION_REPRESENTATION(#11412,#11388);
#11373=PROPERTY_DEFINITION_REPRESENTATION(#11413,#11389);
#11374=PROPERTY_DEFINITION_REPRESENTATION(#11414,#11390);
#11375=PROPERTY_DEFINITION_REPRESENTATION(#11415,#11391);
#11376=PROPERTY_DEFINITION_REPRESENTATION(#11416,#11392);
#11377=PROPERTY_DEFINITION_REPRESENTATION(#11417,#11393);
#11378=PROPERTY_DEFINITION_REPRESENTATION(#11418,#11394);
#11379=PROPERTY_DEFINITION_REPRESENTATION(#11419,#11395);
#11380=REPRESENTATION('material name',(#11396),#19010);
#11381=REPRESENTATION('density',(#11356),#19010);
#11382=REPRESENTATION('material name',(#11397),#19011);
#11383=REPRESENTATION('density',(#11357),#19011);
#11384=REPRESENTATION('material name',(#11398),#19012);
#11385=REPRESENTATION('density',(#11358),#19012);
#11386=REPRESENTATION('material name',(#11399),#19013);
#11387=REPRESENTATION('density',(#11359),#19013);
#11388=REPRESENTATION('material name',(#11400),#19014);
#11389=REPRESENTATION('density',(#11360),#19014);
#11390=REPRESENTATION('material name',(#11401),#19015);
#11391=REPRESENTATION('density',(#11361),#19015);
#11392=REPRESENTATION('material name',(#11402),#19016);
#11393=REPRESENTATION('density',(#11362),#19016);
#11394=REPRESENTATION('material name',(#11403),#19017);
#11395=REPRESENTATION('density',(#11363),#19017);
#11396=DESCRIPTIVE_REPRESENTATION_ITEM('Steel','Steel');
#11397=DESCRIPTIVE_REPRESENTATION_ITEM('Steel','Steel');
#11398=DESCRIPTIVE_REPRESENTATION_ITEM('Steel','Steel');
#11399=DESCRIPTIVE_REPRESENTATION_ITEM('Steel','Steel');
#11400=DESCRIPTIVE_REPRESENTATION_ITEM('Steel','Steel');
#11401=DESCRIPTIVE_REPRESENTATION_ITEM('Steel','Steel');
#11402=DESCRIPTIVE_REPRESENTATION_ITEM('Steel','Steel');
#11403=DESCRIPTIVE_REPRESENTATION_ITEM('Steel','Steel');
#11404=PROPERTY_DEFINITION('material property','material name',#19060);
#11405=PROPERTY_DEFINITION('material property','density of part',#19060);
#11406=PROPERTY_DEFINITION('material property','material name',#19061);
#11407=PROPERTY_DEFINITION('material property','density of part',#19061);
#11408=PROPERTY_DEFINITION('material property','material name',#19062);
#11409=PROPERTY_DEFINITION('material property','density of part',#19062);
#11410=PROPERTY_DEFINITION('material property','material name',#19063);
#11411=PROPERTY_DEFINITION('material property','density of part',#19063);
#11412=PROPERTY_DEFINITION('material property','material name',#19064);
#11413=PROPERTY_DEFINITION('material property','density of part',#19064);
#11414=PROPERTY_DEFINITION('material property','material name',#19065);
#11415=PROPERTY_DEFINITION('material property','density of part',#19065);
#11416=PROPERTY_DEFINITION('material property','material name',#19066);
#11417=PROPERTY_DEFINITION('material property','density of part',#19066);
#11418=PROPERTY_DEFINITION('material property','material name',#19067);
#11419=PROPERTY_DEFINITION('material property','density of part',#19067);
#11420=AXIS2_PLACEMENT_3D('',#15727,#12482,#12483);
#11421=AXIS2_PLACEMENT_3D('',#15728,#12484,#12485);
#11422=AXIS2_PLACEMENT_3D('',#15729,#12486,#12487);
#11423=AXIS2_PLACEMENT_3D('',#15731,#12488,#12489);
#11424=AXIS2_PLACEMENT_3D('',#15734,#12491,#12492);
#11425=AXIS2_PLACEMENT_3D('',#15735,#12493,#12494);
#11426=AXIS2_PLACEMENT_3D('',#15737,#12495,#12496);
#11427=AXIS2_PLACEMENT_3D('',#15740,#12498,#12499);
#11428=AXIS2_PLACEMENT_3D('',#15741,#12500,#12501);
#11429=AXIS2_PLACEMENT_3D('',#15743,#12502,#12503);
#11430=AXIS2_PLACEMENT_3D('',#15746,#12505,#12506);
#11431=AXIS2_PLACEMENT_3D('',#15747,#12507,#12508);
#11432=AXIS2_PLACEMENT_3D('',#15749,#12509,#12510);
#11433=AXIS2_PLACEMENT_3D('',#15752,#12512,#12513);
#11434=AXIS2_PLACEMENT_3D('',#15753,#12514,#12515);
#11435=AXIS2_PLACEMENT_3D('',#15755,#12516,#12517);
#11436=AXIS2_PLACEMENT_3D('',#15758,#12519,#12520);
#11437=AXIS2_PLACEMENT_3D('',#15759,#12521,#12522);
#11438=AXIS2_PLACEMENT_3D('',#15761,#12523,#12524);
#11439=AXIS2_PLACEMENT_3D('',#15764,#12526,#12527);
#11440=AXIS2_PLACEMENT_3D('',#15765,#12528,#12529);
#11441=AXIS2_PLACEMENT_3D('',#15768,#12530,#12531);
#11442=AXIS2_PLACEMENT_3D('',#15772,#12533,#12534);
#11443=AXIS2_PLACEMENT_3D('',#15774,#12536,#12537);
#11444=AXIS2_PLACEMENT_3D('',#15780,#12541,#12542);
#11445=AXIS2_PLACEMENT_3D('',#15784,#12544,#12545);
#11446=AXIS2_PLACEMENT_3D('',#15788,#12547,#12548);
#11447=AXIS2_PLACEMENT_3D('',#15792,#12550,#12551);
#11448=AXIS2_PLACEMENT_3D('',#15796,#12553,#12554);
#11449=AXIS2_PLACEMENT_3D('',#15800,#12556,#12557);
#11450=AXIS2_PLACEMENT_3D('',#15804,#12559,#12560);
#11451=AXIS2_PLACEMENT_3D('',#15808,#12562,#12563);
#11452=AXIS2_PLACEMENT_3D('',#15812,#12565,#12566);
#11453=AXIS2_PLACEMENT_3D('',#15816,#12568,#12569);
#11454=AXIS2_PLACEMENT_3D('',#15820,#12571,#12572);
#11455=AXIS2_PLACEMENT_3D('',#15824,#12574,#12575);
#11456=AXIS2_PLACEMENT_3D('',#15828,#12577,#12578);
#11457=AXIS2_PLACEMENT_3D('',#15832,#12580,#12581);
#11458=AXIS2_PLACEMENT_3D('',#15836,#12583,#12584);
#11459=AXIS2_PLACEMENT_3D('',#15838,#12585,#12586);
#11460=AXIS2_PLACEMENT_3D('',#15840,#12587,#12588);
#11461=AXIS2_PLACEMENT_3D('',#15841,#12589,#12590);
#11462=AXIS2_PLACEMENT_3D('',#15859,#12599,#12600);
#11463=AXIS2_PLACEMENT_3D('',#15918,#12629,#12630);
#11464=AXIS2_PLACEMENT_3D('',#15920,#12631,#12632);
#11465=AXIS2_PLACEMENT_3D('',#15922,#12633,#12634);
#11466=AXIS2_PLACEMENT_3D('',#15923,#12635,#12636);
#11467=AXIS2_PLACEMENT_3D('',#15926,#12637,#12638);
#11468=AXIS2_PLACEMENT_3D('',#15928,#12639,#12640);
#11469=AXIS2_PLACEMENT_3D('',#15930,#12641,#12642);
#11470=AXIS2_PLACEMENT_3D('',#15931,#12643,#12644);
#11471=AXIS2_PLACEMENT_3D('',#15934,#12645,#12646);
#11472=AXIS2_PLACEMENT_3D('',#15936,#12647,#12648);
#11473=AXIS2_PLACEMENT_3D('',#15938,#12649,#12650);
#11474=AXIS2_PLACEMENT_3D('',#15939,#12651,#12652);
#11475=AXIS2_PLACEMENT_3D('',#16005,#12685,#12686);
#11476=AXIS2_PLACEMENT_3D('',#16023,#12695,#12696);
#11477=AXIS2_PLACEMENT_3D('',#16041,#12705,#12706);
#11478=AXIS2_PLACEMENT_3D('',#16044,#12707,#12708);
#11479=AXIS2_PLACEMENT_3D('',#16046,#12709,#12710);
#11480=AXIS2_PLACEMENT_3D('',#16048,#12711,#12712);
#11481=AXIS2_PLACEMENT_3D('',#16049,#12713,#12714);
#11482=AXIS2_PLACEMENT_3D('',#16050,#12715,#12716);
#11483=AXIS2_PLACEMENT_3D('',#16053,#12717,#12718);
#11484=AXIS2_PLACEMENT_3D('',#16056,#12721,#12722);
#11485=AXIS2_PLACEMENT_3D('',#16060,#12725,#12726);
#11486=AXIS2_PLACEMENT_3D('',#16063,#12727,#12728);
#11487=AXIS2_PLACEMENT_3D('',#16066,#12731,#12732);
#11488=AXIS2_PLACEMENT_3D('',#16070,#12735,#12736);
#11489=AXIS2_PLACEMENT_3D('',#16073,#12737,#12738);
#11490=AXIS2_PLACEMENT_3D('',#16076,#12741,#12742);
#11491=AXIS2_PLACEMENT_3D('',#16080,#12745,#12746);
#11492=AXIS2_PLACEMENT_3D('',#16082,#12747,#12748);
#11493=AXIS2_PLACEMENT_3D('',#16084,#12750,#12751);
#11494=AXIS2_PLACEMENT_3D('',#16088,#12753,#12754);
#11495=AXIS2_PLACEMENT_3D('',#16090,#12756,#12757);
#11496=AXIS2_PLACEMENT_3D('',#16092,#12758,#12759);
#11497=AXIS2_PLACEMENT_3D('',#16094,#12761,#12762);
#11498=AXIS2_PLACEMENT_3D('',#16096,#12763,#12764);
#11499=AXIS2_PLACEMENT_3D('',#16098,#12766,#12767);
#11500=AXIS2_PLACEMENT_3D('',#16099,#12768,#12769);
#11501=AXIS2_PLACEMENT_3D('',#16100,#12770,#12771);
#11502=AXIS2_PLACEMENT_3D('',#16102,#12772,#12773);
#11503=AXIS2_PLACEMENT_3D('',#16104,#12775,#12776);
#11504=AXIS2_PLACEMENT_3D('',#16110,#12780,#12781);
#11505=AXIS2_PLACEMENT_3D('',#16114,#12784,#12785);
#11506=AXIS2_PLACEMENT_3D('',#16118,#12788,#12789);
#11507=AXIS2_PLACEMENT_3D('',#16120,#12791,#12792);
#11508=AXIS2_PLACEMENT_3D('',#16126,#12796,#12797);
#11509=AXIS2_PLACEMENT_3D('',#16130,#12800,#12801);
#11510=AXIS2_PLACEMENT_3D('',#16134,#12804,#12805);
#11511=AXIS2_PLACEMENT_3D('',#16136,#12807,#12808);
#11512=AXIS2_PLACEMENT_3D('',#16138,#12809,#12810);
#11513=AXIS2_PLACEMENT_3D('',#16140,#12812,#12813);
#11514=AXIS2_PLACEMENT_3D('',#16146,#12817,#12818);
#11515=AXIS2_PLACEMENT_3D('',#16150,#12821,#12822);
#11516=AXIS2_PLACEMENT_3D('',#16154,#12825,#12826);
#11517=AXIS2_PLACEMENT_3D('',#16156,#12828,#12829);
#11518=AXIS2_PLACEMENT_3D('',#16162,#12833,#12834);
#11519=AXIS2_PLACEMENT_3D('',#16166,#12837,#12838);
#11520=AXIS2_PLACEMENT_3D('',#16170,#12841,#12842);
#11521=AXIS2_PLACEMENT_3D('',#16172,#12844,#12845);
#11522=AXIS2_PLACEMENT_3D('',#16174,#12846,#12847);
#11523=AXIS2_PLACEMENT_3D('',#16176,#12849,#12850);
#11524=AXIS2_PLACEMENT_3D('',#16182,#12854,#12855);
#11525=AXIS2_PLACEMENT_3D('',#16186,#12858,#12859);
#11526=AXIS2_PLACEMENT_3D('',#16190,#12862,#12863);
#11527=AXIS2_PLACEMENT_3D('',#16192,#12865,#12866);
#11528=AXIS2_PLACEMENT_3D('',#16198,#12870,#12871);
#11529=AXIS2_PLACEMENT_3D('',#16202,#12874,#12875);
#11530=AXIS2_PLACEMENT_3D('',#16206,#12878,#12879);
#11531=AXIS2_PLACEMENT_3D('',#16208,#12881,#12882);
#11532=AXIS2_PLACEMENT_3D('',#16214,#12886,#12887);
#11533=AXIS2_PLACEMENT_3D('',#16218,#12890,#12891);
#11534=AXIS2_PLACEMENT_3D('',#16222,#12894,#12895);
#11535=AXIS2_PLACEMENT_3D('',#16224,#12897,#12898);
#11536=AXIS2_PLACEMENT_3D('',#16230,#12902,#12903);
#11537=AXIS2_PLACEMENT_3D('',#16234,#12906,#12907);
#11538=AXIS2_PLACEMENT_3D('',#16238,#12910,#12911);
#11539=AXIS2_PLACEMENT_3D('',#16240,#12913,#12914);
#11540=AXIS2_PLACEMENT_3D('',#16246,#12918,#12919);
#11541=AXIS2_PLACEMENT_3D('',#16250,#12922,#12923);
#11542=AXIS2_PLACEMENT_3D('',#16254,#12926,#12927);
#11543=AXIS2_PLACEMENT_3D('',#16256,#12929,#12930);
#11544=AXIS2_PLACEMENT_3D('',#16262,#12934,#12935);
#11545=AXIS2_PLACEMENT_3D('',#16266,#12938,#12939);
#11546=AXIS2_PLACEMENT_3D('',#16270,#12942,#12943);
#11547=AXIS2_PLACEMENT_3D('',#16272,#12945,#12946);
#11548=AXIS2_PLACEMENT_3D('',#16278,#12950,#12951);
#11549=AXIS2_PLACEMENT_3D('',#16282,#12954,#12955);
#11550=AXIS2_PLACEMENT_3D('',#16286,#12958,#12959);
#11551=AXIS2_PLACEMENT_3D('',#16288,#12961,#12962);
#11552=AXIS2_PLACEMENT_3D('',#16294,#12966,#12967);
#11553=AXIS2_PLACEMENT_3D('',#16298,#12970,#12971);
#11554=AXIS2_PLACEMENT_3D('',#16302,#12974,#12975);
#11555=AXIS2_PLACEMENT_3D('',#16304,#12977,#12978);
#11556=AXIS2_PLACEMENT_3D('',#16308,#12980,#12981);
#11557=AXIS2_PLACEMENT_3D('',#16310,#12983,#12984);
#11558=AXIS2_PLACEMENT_3D('',#16312,#12985,#12986);
#11559=AXIS2_PLACEMENT_3D('',#16314,#12988,#12989);
#11560=AXIS2_PLACEMENT_3D('',#16316,#12990,#12991);
#11561=AXIS2_PLACEMENT_3D('',#16318,#12993,#12994);
#11562=AXIS2_PLACEMENT_3D('',#16319,#12995,#12996);
#11563=AXIS2_PLACEMENT_3D('',#16320,#12997,#12998);
#11564=AXIS2_PLACEMENT_3D('',#16324,#13000,#13001);
#11565=AXIS2_PLACEMENT_3D('',#16326,#13003,#13004);
#11566=AXIS2_PLACEMENT_3D('',#16328,#13005,#13006);
#11567=AXIS2_PLACEMENT_3D('',#16330,#13008,#13009);
#11568=AXIS2_PLACEMENT_3D('',#16332,#13010,#13011);
#11569=AXIS2_PLACEMENT_3D('',#16334,#13013,#13014);
#11570=AXIS2_PLACEMENT_3D('',#16335,#13015,#13016);
#11571=AXIS2_PLACEMENT_3D('',#16336,#13017,#13018);
#11572=AXIS2_PLACEMENT_3D('',#16340,#13020,#13021);
#11573=AXIS2_PLACEMENT_3D('',#16342,#13023,#13024);
#11574=AXIS2_PLACEMENT_3D('',#16344,#13025,#13026);
#11575=AXIS2_PLACEMENT_3D('',#16346,#13028,#13029);
#11576=AXIS2_PLACEMENT_3D('',#16348,#13030,#13031);
#11577=AXIS2_PLACEMENT_3D('',#16350,#13033,#13034);
#11578=AXIS2_PLACEMENT_3D('',#16351,#13035,#13036);
#11579=AXIS2_PLACEMENT_3D('',#16352,#13037,#13038);
#11580=AXIS2_PLACEMENT_3D('',#16358,#13042,#13043);
#11581=AXIS2_PLACEMENT_3D('',#16362,#13046,#13047);
#11582=AXIS2_PLACEMENT_3D('',#16366,#13050,#13051);
#11583=AXIS2_PLACEMENT_3D('',#16368,#13053,#13054);
#11584=AXIS2_PLACEMENT_3D('',#16374,#13058,#13059);
#11585=AXIS2_PLACEMENT_3D('',#16378,#13062,#13063);
#11586=AXIS2_PLACEMENT_3D('',#16382,#13066,#13067);
#11587=AXIS2_PLACEMENT_3D('',#16384,#13069,#13070);
#11588=AXIS2_PLACEMENT_3D('',#16390,#13074,#13075);
#11589=AXIS2_PLACEMENT_3D('',#16394,#13078,#13079);
#11590=AXIS2_PLACEMENT_3D('',#16398,#13082,#13083);
#11591=AXIS2_PLACEMENT_3D('',#16400,#13085,#13086);
#11592=AXIS2_PLACEMENT_3D('',#16406,#13090,#13091);
#11593=AXIS2_PLACEMENT_3D('',#16410,#13094,#13095);
#11594=AXIS2_PLACEMENT_3D('',#16414,#13098,#13099);
#11595=AXIS2_PLACEMENT_3D('',#16416,#13101,#13102);
#11596=AXIS2_PLACEMENT_3D('',#16422,#13106,#13107);
#11597=AXIS2_PLACEMENT_3D('',#16426,#13110,#13111);
#11598=AXIS2_PLACEMENT_3D('',#16430,#13114,#13115);
#11599=AXIS2_PLACEMENT_3D('',#16432,#13117,#13118);
#11600=AXIS2_PLACEMENT_3D('',#16438,#13122,#13123);
#11601=AXIS2_PLACEMENT_3D('',#16442,#13126,#13127);
#11602=AXIS2_PLACEMENT_3D('',#16446,#13130,#13131);
#11603=AXIS2_PLACEMENT_3D('',#16448,#13133,#13134);
#11604=AXIS2_PLACEMENT_3D('',#16454,#13138,#13139);
#11605=AXIS2_PLACEMENT_3D('',#16458,#13142,#13143);
#11606=AXIS2_PLACEMENT_3D('',#16462,#13146,#13147);
#11607=AXIS2_PLACEMENT_3D('',#16464,#13149,#13150);
#11608=AXIS2_PLACEMENT_3D('',#16466,#13151,#13152);
#11609=AXIS2_PLACEMENT_3D('',#16468,#13154,#13155);
#11610=AXIS2_PLACEMENT_3D('',#16474,#13159,#13160);
#11611=AXIS2_PLACEMENT_3D('',#16478,#13163,#13164);
#11612=AXIS2_PLACEMENT_3D('',#16482,#13167,#13168);
#11613=AXIS2_PLACEMENT_3D('',#16484,#13170,#13171);
#11614=AXIS2_PLACEMENT_3D('',#16490,#13175,#13176);
#11615=AXIS2_PLACEMENT_3D('',#16494,#13179,#13180);
#11616=AXIS2_PLACEMENT_3D('',#16498,#13183,#13184);
#11617=AXIS2_PLACEMENT_3D('',#16500,#13186,#13187);
#11618=AXIS2_PLACEMENT_3D('',#16504,#13189,#13190);
#11619=AXIS2_PLACEMENT_3D('',#16506,#13192,#13193);
#11620=AXIS2_PLACEMENT_3D('',#16508,#13194,#13195);
#11621=AXIS2_PLACEMENT_3D('',#16510,#13197,#13198);
#11622=AXIS2_PLACEMENT_3D('',#16512,#13199,#13200);
#11623=AXIS2_PLACEMENT_3D('',#16514,#13202,#13203);
#11624=AXIS2_PLACEMENT_3D('',#16515,#13204,#13205);
#11625=AXIS2_PLACEMENT_3D('',#16516,#13206,#13207);
#11626=AXIS2_PLACEMENT_3D('',#16522,#13211,#13212);
#11627=AXIS2_PLACEMENT_3D('',#16523,#13213,#13214);
#11628=AXIS2_PLACEMENT_3D('',#16524,#13215,#13216);
#11629=AXIS2_PLACEMENT_3D('',#16526,#13218,#13219);
#11630=AXIS2_PLACEMENT_3D('',#16530,#13222,#13223);
#11631=AXIS2_PLACEMENT_3D('',#16532,#13224,#13225);
#11632=AXIS2_PLACEMENT_3D('',#16534,#13227,#13228);
#11633=AXIS2_PLACEMENT_3D('',#16538,#13231,#13232);
#11634=AXIS2_PLACEMENT_3D('',#16540,#13233,#13234);
#11635=AXIS2_PLACEMENT_3D('',#16542,#13236,#13237);
#11636=AXIS2_PLACEMENT_3D('',#16546,#13240,#13241);
#11637=AXIS2_PLACEMENT_3D('',#16547,#13242,#13243);
#11638=AXIS2_PLACEMENT_3D('',#16548,#13244,#13245);
#11639=AXIS2_PLACEMENT_3D('',#16552,#13248,#13249);
#11640=AXIS2_PLACEMENT_3D('',#16554,#13250,#13251);
#11641=AXIS2_PLACEMENT_3D('',#16556,#13253,#13254);
#11642=AXIS2_PLACEMENT_3D('',#16560,#13257,#13258);
#11643=AXIS2_PLACEMENT_3D('',#16562,#13259,#13260);
#11644=AXIS2_PLACEMENT_3D('',#16564,#13262,#13263);
#11645=AXIS2_PLACEMENT_3D('',#16568,#13266,#13267);
#11646=AXIS2_PLACEMENT_3D('',#16570,#13268,#13269);
#11647=AXIS2_PLACEMENT_3D('',#16572,#13271,#13272);
#11648=AXIS2_PLACEMENT_3D('',#16574,#13274,#13275);
#11649=AXIS2_PLACEMENT_3D('',#16578,#13278,#13279);
#11650=AXIS2_PLACEMENT_3D('',#16580,#13280,#13281);
#11651=AXIS2_PLACEMENT_3D('',#16582,#13283,#13284);
#11652=AXIS2_PLACEMENT_3D('',#16586,#13287,#13288);
#11653=AXIS2_PLACEMENT_3D('',#16587,#13289,#13290);
#11654=AXIS2_PLACEMENT_3D('',#16588,#13291,#13292);
#11655=AXIS2_PLACEMENT_3D('',#16589,#13293,#13294);
#11656=AXIS2_PLACEMENT_3D('',#16590,#13295,#13296);
#11657=AXIS2_PLACEMENT_3D('',#16592,#13297,#13298);
#11658=AXIS2_PLACEMENT_3D('',#16595,#13300,#13301);
#11659=AXIS2_PLACEMENT_3D('',#16596,#13302,#13303);
#11660=AXIS2_PLACEMENT_3D('',#16598,#13304,#13305);
#11661=AXIS2_PLACEMENT_3D('',#16601,#13307,#13308);
#11662=AXIS2_PLACEMENT_3D('',#16602,#13309,#13310);
#11663=AXIS2_PLACEMENT_3D('',#16604,#13311,#13312);
#11664=AXIS2_PLACEMENT_3D('',#16607,#13314,#13315);
#11665=AXIS2_PLACEMENT_3D('',#16608,#13316,#13317);
#11666=AXIS2_PLACEMENT_3D('',#16610,#13318,#13319);
#11667=AXIS2_PLACEMENT_3D('',#16613,#13321,#13322);
#11668=AXIS2_PLACEMENT_3D('',#16614,#13323,#13324);
#11669=AXIS2_PLACEMENT_3D('',#16617,#13325,#13326);
#11670=AXIS2_PLACEMENT_3D('',#16621,#13328,#13329);
#11671=AXIS2_PLACEMENT_3D('',#16623,#13331,#13332);
#11672=AXIS2_PLACEMENT_3D('',#16629,#13336,#13337);
#11673=AXIS2_PLACEMENT_3D('',#16633,#13339,#13340);
#11674=AXIS2_PLACEMENT_3D('',#16637,#13342,#13343);
#11675=AXIS2_PLACEMENT_3D('',#16641,#13345,#13346);
#11676=AXIS2_PLACEMENT_3D('',#16645,#13348,#13349);
#11677=AXIS2_PLACEMENT_3D('',#16651,#13352,#13353);
#11678=AXIS2_PLACEMENT_3D('',#16655,#13355,#13356);
#11679=AXIS2_PLACEMENT_3D('',#16659,#13358,#13359);
#11680=AXIS2_PLACEMENT_3D('',#16663,#13361,#13362);
#11681=AXIS2_PLACEMENT_3D('',#16667,#13364,#13365);
#11682=AXIS2_PLACEMENT_3D('',#16671,#13367,#13368);
#11683=AXIS2_PLACEMENT_3D('',#16675,#13370,#13371);
#11684=AXIS2_PLACEMENT_3D('',#16679,#13373,#13374);
#11685=AXIS2_PLACEMENT_3D('',#16682,#13376,#13377);
#11686=AXIS2_PLACEMENT_3D('',#16685,#13378,#13379);
#11687=AXIS2_PLACEMENT_3D('',#16687,#13380,#13381);
#11688=AXIS2_PLACEMENT_3D('',#16689,#13382,#13383);
#11689=AXIS2_PLACEMENT_3D('',#16690,#13384,#13385);
#11690=AXIS2_PLACEMENT_3D('',#16692,#13386,#13387);
#11691=AXIS2_PLACEMENT_3D('',#16694,#13388,#13389);
#11692=AXIS2_PLACEMENT_3D('',#16721,#13402,#13403);
#11693=AXIS2_PLACEMENT_3D('',#16723,#13404,#13405);
#11694=AXIS2_PLACEMENT_3D('',#16725,#13406,#13407);
#11695=AXIS2_PLACEMENT_3D('',#16726,#13408,#13409);
#11696=AXIS2_PLACEMENT_3D('',#16729,#13410,#13411);
#11697=AXIS2_PLACEMENT_3D('',#16731,#13412,#13413);
#11698=AXIS2_PLACEMENT_3D('',#16733,#13414,#13415);
#11699=AXIS2_PLACEMENT_3D('',#16734,#13416,#13417);
#11700=AXIS2_PLACEMENT_3D('',#16736,#13418,#13419);
#11701=AXIS2_PLACEMENT_3D('',#16737,#13420,#13421);
#11702=AXIS2_PLACEMENT_3D('',#16739,#13422,#13423);
#11703=AXIS2_PLACEMENT_3D('',#16741,#13425,#13426);
#11704=AXIS2_PLACEMENT_3D('',#16745,#13429,#13430);
#11705=AXIS2_PLACEMENT_3D('',#16748,#13431,#13432);
#11706=AXIS2_PLACEMENT_3D('',#16751,#13435,#13436);
#11707=AXIS2_PLACEMENT_3D('',#16755,#13439,#13440);
#11708=AXIS2_PLACEMENT_3D('',#16758,#13441,#13442);
#11709=AXIS2_PLACEMENT_3D('',#16761,#13445,#13446);
#11710=AXIS2_PLACEMENT_3D('',#16765,#13449,#13450);
#11711=AXIS2_PLACEMENT_3D('',#16768,#13451,#13452);
#11712=AXIS2_PLACEMENT_3D('',#16771,#13455,#13456);
#11713=AXIS2_PLACEMENT_3D('',#16773,#13458,#13459);
#11714=AXIS2_PLACEMENT_3D('',#16775,#13460,#13461);
#11715=AXIS2_PLACEMENT_3D('',#16777,#13463,#13464);
#11716=AXIS2_PLACEMENT_3D('',#16781,#13466,#13467);
#11717=AXIS2_PLACEMENT_3D('',#16783,#13469,#13470);
#11718=AXIS2_PLACEMENT_3D('',#16785,#13471,#13472);
#11719=AXIS2_PLACEMENT_3D('',#16787,#13474,#13475);
#11720=AXIS2_PLACEMENT_3D('',#16789,#13476,#13477);
#11721=AXIS2_PLACEMENT_3D('',#16791,#13479,#13480);
#11722=AXIS2_PLACEMENT_3D('',#16792,#13481,#13482);
#11723=AXIS2_PLACEMENT_3D('',#16793,#13483,#13484);
#11724=AXIS2_PLACEMENT_3D('',#16797,#13486,#13487);
#11725=AXIS2_PLACEMENT_3D('',#16799,#13489,#13490);
#11726=AXIS2_PLACEMENT_3D('',#16801,#13491,#13492);
#11727=AXIS2_PLACEMENT_3D('',#16803,#13494,#13495);
#11728=AXIS2_PLACEMENT_3D('',#16805,#13496,#13497);
#11729=AXIS2_PLACEMENT_3D('',#16807,#13499,#13500);
#11730=AXIS2_PLACEMENT_3D('',#16808,#13501,#13502);
#11731=AXIS2_PLACEMENT_3D('',#16809,#13503,#13504);
#11732=AXIS2_PLACEMENT_3D('',#16815,#13508,#13509);
#11733=AXIS2_PLACEMENT_3D('',#16819,#13512,#13513);
#11734=AXIS2_PLACEMENT_3D('',#16823,#13516,#13517);
#11735=AXIS2_PLACEMENT_3D('',#16825,#13519,#13520);
#11736=AXIS2_PLACEMENT_3D('',#16831,#13524,#13525);
#11737=AXIS2_PLACEMENT_3D('',#16835,#13528,#13529);
#11738=AXIS2_PLACEMENT_3D('',#16839,#13532,#13533);
#11739=AXIS2_PLACEMENT_3D('',#16841,#13535,#13536);
#11740=AXIS2_PLACEMENT_3D('',#16847,#13540,#13541);
#11741=AXIS2_PLACEMENT_3D('',#16851,#13544,#13545);
#11742=AXIS2_PLACEMENT_3D('',#16855,#13548,#13549);
#11743=AXIS2_PLACEMENT_3D('',#16857,#13551,#13552);
#11744=AXIS2_PLACEMENT_3D('',#16859,#13553,#13554);
#11745=AXIS2_PLACEMENT_3D('',#16861,#13556,#13557);
#11746=AXIS2_PLACEMENT_3D('',#16863,#13558,#13559);
#11747=AXIS2_PLACEMENT_3D('',#16865,#13561,#13562);
#11748=AXIS2_PLACEMENT_3D('',#16869,#13564,#13565);
#11749=AXIS2_PLACEMENT_3D('',#16871,#13567,#13568);
#11750=AXIS2_PLACEMENT_3D('',#16873,#13569,#13570);
#11751=AXIS2_PLACEMENT_3D('',#16875,#13572,#13573);
#11752=AXIS2_PLACEMENT_3D('',#16877,#13574,#13575);
#11753=AXIS2_PLACEMENT_3D('',#16879,#13577,#13578);
#11754=AXIS2_PLACEMENT_3D('',#16880,#13579,#13580);
#11755=AXIS2_PLACEMENT_3D('',#16881,#13581,#13582);
#11756=AXIS2_PLACEMENT_3D('',#16885,#13584,#13585);
#11757=AXIS2_PLACEMENT_3D('',#16887,#13587,#13588);
#11758=AXIS2_PLACEMENT_3D('',#16891,#13591,#13592);
#11759=AXIS2_PLACEMENT_3D('',#16893,#13593,#13594);
#11760=AXIS2_PLACEMENT_3D('',#16895,#13596,#13597);
#11761=AXIS2_PLACEMENT_3D('',#16899,#13600,#13601);
#11762=AXIS2_PLACEMENT_3D('',#16901,#13602,#13603);
#11763=AXIS2_PLACEMENT_3D('',#16903,#13605,#13606);
#11764=AXIS2_PLACEMENT_3D('',#16905,#13608,#13609);
#11765=AXIS2_PLACEMENT_3D('',#16909,#13612,#13613);
#11766=AXIS2_PLACEMENT_3D('',#16911,#13614,#13615);
#11767=AXIS2_PLACEMENT_3D('',#16913,#13617,#13618);
#11768=AXIS2_PLACEMENT_3D('',#16917,#13621,#13622);
#11769=AXIS2_PLACEMENT_3D('',#16919,#13623,#13624);
#11770=AXIS2_PLACEMENT_3D('',#16921,#13626,#13627);
#11771=AXIS2_PLACEMENT_3D('',#16925,#13630,#13631);
#11772=AXIS2_PLACEMENT_3D('',#16926,#13632,#13633);
#11773=AXIS2_PLACEMENT_3D('',#16927,#13634,#13635);
#11774=AXIS2_PLACEMENT_3D('',#16931,#13638,#13639);
#11775=AXIS2_PLACEMENT_3D('',#16933,#13640,#13641);
#11776=AXIS2_PLACEMENT_3D('',#16935,#13643,#13644);
#11777=AXIS2_PLACEMENT_3D('',#16939,#13647,#13648);
#11778=AXIS2_PLACEMENT_3D('',#16941,#13649,#13650);
#11779=AXIS2_PLACEMENT_3D('',#16943,#13652,#13653);
#11780=AXIS2_PLACEMENT_3D('',#16947,#13656,#13657);
#11781=AXIS2_PLACEMENT_3D('',#16948,#13658,#13659);
#11782=AXIS2_PLACEMENT_3D('',#16949,#13660,#13661);
#11783=AXIS2_PLACEMENT_3D('',#16951,#13663,#13664);
#11784=AXIS2_PLACEMENT_3D('',#16952,#13665,#13666);
#11785=AXIS2_PLACEMENT_3D('',#16953,#13667,#13668);
#11786=AXIS2_PLACEMENT_3D('',#16955,#13669,#13670);
#11787=AXIS2_PLACEMENT_3D('',#16958,#13672,#13673);
#11788=AXIS2_PLACEMENT_3D('',#16959,#13674,#13675);
#11789=AXIS2_PLACEMENT_3D('',#16961,#13676,#13677);
#11790=AXIS2_PLACEMENT_3D('',#16962,#13678,#13679);
#11791=AXIS2_PLACEMENT_3D('',#16964,#13680,#13681);
#11792=AXIS2_PLACEMENT_3D('',#16967,#13683,#13684);
#11793=AXIS2_PLACEMENT_3D('',#16968,#13685,#13686);
#11794=AXIS2_PLACEMENT_3D('',#16970,#13687,#13688);
#11795=AXIS2_PLACEMENT_3D('',#16971,#13689,#13690);
#11796=AXIS2_PLACEMENT_3D('',#16974,#13692,#13693);
#11797=AXIS2_PLACEMENT_3D('',#16975,#13694,#13695);
#11798=AXIS2_PLACEMENT_3D('',#16976,#13696,#13697);
#11799=AXIS2_PLACEMENT_3D('',#16979,#13699,#13700);
#11800=AXIS2_PLACEMENT_3D('',#16980,#13701,#13702);
#11801=AXIS2_PLACEMENT_3D('',#16981,#13703,#13704);
#11802=AXIS2_PLACEMENT_3D('',#16984,#13705,#13706);
#11803=AXIS2_PLACEMENT_3D('',#16986,#13708,#13709);
#11804=AXIS2_PLACEMENT_3D('',#16991,#13712,#13713);
#11805=AXIS2_PLACEMENT_3D('',#16992,#13714,#13715);
#11806=AXIS2_PLACEMENT_3D('',#16994,#13717,#13718);
#11807=AXIS2_PLACEMENT_3D('',#16996,#13719,#13720);
#11808=AXIS2_PLACEMENT_3D('',#16999,#13722,#13723);
#11809=AXIS2_PLACEMENT_3D('',#17000,#13724,#13725);
#11810=AXIS2_PLACEMENT_3D('',#17002,#13726,#13727);
#11811=AXIS2_PLACEMENT_3D('',#17003,#13728,#13729);
#11812=AXIS2_PLACEMENT_3D('',#17005,#13730,#13731);
#11813=AXIS2_PLACEMENT_3D('',#17008,#13733,#13734);
#11814=AXIS2_PLACEMENT_3D('',#17009,#13735,#13736);
#11815=AXIS2_PLACEMENT_3D('',#17011,#13737,#13738);
#11816=AXIS2_PLACEMENT_3D('',#17012,#13739,#13740);
#11817=AXIS2_PLACEMENT_3D('',#17014,#13741,#13742);
#11818=AXIS2_PLACEMENT_3D('',#17017,#13744,#13745);
#11819=AXIS2_PLACEMENT_3D('',#17018,#13746,#13747);
#11820=AXIS2_PLACEMENT_3D('',#17020,#13748,#13749);
#11821=AXIS2_PLACEMENT_3D('',#17021,#13750,#13751);
#11822=AXIS2_PLACEMENT_3D('',#17023,#13752,#13753);
#11823=AXIS2_PLACEMENT_3D('',#17026,#13755,#13756);
#11824=AXIS2_PLACEMENT_3D('',#17027,#13757,#13758);
#11825=AXIS2_PLACEMENT_3D('',#17029,#13759,#13760);
#11826=AXIS2_PLACEMENT_3D('',#17030,#13761,#13762);
#11827=AXIS2_PLACEMENT_3D('',#17032,#13763,#13764);
#11828=AXIS2_PLACEMENT_3D('',#17035,#13766,#13767);
#11829=AXIS2_PLACEMENT_3D('',#17036,#13768,#13769);
#11830=AXIS2_PLACEMENT_3D('',#17038,#13770,#13771);
#11831=AXIS2_PLACEMENT_3D('',#17039,#13772,#13773);
#11832=AXIS2_PLACEMENT_3D('',#17041,#13774,#13775);
#11833=AXIS2_PLACEMENT_3D('',#17044,#13777,#13778);
#11834=AXIS2_PLACEMENT_3D('',#17045,#13779,#13780);
#11835=AXIS2_PLACEMENT_3D('',#17047,#13781,#13782);
#11836=AXIS2_PLACEMENT_3D('',#17048,#13783,#13784);
#11837=AXIS2_PLACEMENT_3D('',#17050,#13785,#13786);
#11838=AXIS2_PLACEMENT_3D('',#17053,#13788,#13789);
#11839=AXIS2_PLACEMENT_3D('',#17054,#13790,#13791);
#11840=AXIS2_PLACEMENT_3D('',#17056,#13792,#13793);
#11841=AXIS2_PLACEMENT_3D('',#17057,#13794,#13795);
#11842=AXIS2_PLACEMENT_3D('',#17059,#13796,#13797);
#11843=AXIS2_PLACEMENT_3D('',#17062,#13799,#13800);
#11844=AXIS2_PLACEMENT_3D('',#17063,#13801,#13802);
#11845=AXIS2_PLACEMENT_3D('',#17065,#13803,#13804);
#11846=AXIS2_PLACEMENT_3D('',#17066,#13805,#13806);
#11847=AXIS2_PLACEMENT_3D('',#17068,#13807,#13808);
#11848=AXIS2_PLACEMENT_3D('',#17071,#13810,#13811);
#11849=AXIS2_PLACEMENT_3D('',#17072,#13812,#13813);
#11850=AXIS2_PLACEMENT_3D('',#17074,#13814,#13815);
#11851=AXIS2_PLACEMENT_3D('',#17075,#13816,#13817);
#11852=AXIS2_PLACEMENT_3D('',#17077,#13818,#13819);
#11853=AXIS2_PLACEMENT_3D('',#17080,#13821,#13822);
#11854=AXIS2_PLACEMENT_3D('',#17081,#13823,#13824);
#11855=AXIS2_PLACEMENT_3D('',#17083,#13825,#13826);
#11856=AXIS2_PLACEMENT_3D('',#17084,#13827,#13828);
#11857=AXIS2_PLACEMENT_3D('',#17086,#13829,#13830);
#11858=AXIS2_PLACEMENT_3D('',#17089,#13832,#13833);
#11859=AXIS2_PLACEMENT_3D('',#17090,#13834,#13835);
#11860=AXIS2_PLACEMENT_3D('',#17092,#13836,#13837);
#11861=AXIS2_PLACEMENT_3D('',#17093,#13838,#13839);
#11862=AXIS2_PLACEMENT_3D('',#17095,#13840,#13841);
#11863=AXIS2_PLACEMENT_3D('',#17098,#13843,#13844);
#11864=AXIS2_PLACEMENT_3D('',#17099,#13845,#13846);
#11865=AXIS2_PLACEMENT_3D('',#17101,#13847,#13848);
#11866=AXIS2_PLACEMENT_3D('',#17102,#13849,#13850);
#11867=AXIS2_PLACEMENT_3D('',#17104,#13851,#13852);
#11868=AXIS2_PLACEMENT_3D('',#17107,#13854,#13855);
#11869=AXIS2_PLACEMENT_3D('',#17108,#13856,#13857);
#11870=AXIS2_PLACEMENT_3D('',#17110,#13858,#13859);
#11871=AXIS2_PLACEMENT_3D('',#17111,#13860,#13861);
#11872=AXIS2_PLACEMENT_3D('',#17120,#13866,#13867);
#11873=AXIS2_PLACEMENT_3D('',#17122,#13868,#13869);
#11874=AXIS2_PLACEMENT_3D('',#17124,#13870,#13871);
#11875=AXIS2_PLACEMENT_3D('',#17126,#13873,#13874);
#11876=AXIS2_PLACEMENT_3D('',#17132,#13878,#13879);
#11877=AXIS2_PLACEMENT_3D('',#17133,#13880,#13881);
#11878=AXIS2_PLACEMENT_3D('',#17134,#13882,#13883);
#11879=AXIS2_PLACEMENT_3D('',#17135,#13884,#13885);
#11880=AXIS2_PLACEMENT_3D('',#17144,#13890,#13891);
#11881=AXIS2_PLACEMENT_3D('',#17146,#13892,#13893);
#11882=AXIS2_PLACEMENT_3D('',#17148,#13894,#13895);
#11883=AXIS2_PLACEMENT_3D('',#17150,#13897,#13898);
#11884=AXIS2_PLACEMENT_3D('',#17156,#13902,#13903);
#11885=AXIS2_PLACEMENT_3D('',#17157,#13904,#13905);
#11886=AXIS2_PLACEMENT_3D('',#17158,#13906,#13907);
#11887=AXIS2_PLACEMENT_3D('',#17159,#13908,#13909);
#11888=AXIS2_PLACEMENT_3D('',#17162,#13911,#13912);
#11889=AXIS2_PLACEMENT_3D('',#17163,#13913,#13914);
#11890=AXIS2_PLACEMENT_3D('',#17164,#13915,#13916);
#11891=AXIS2_PLACEMENT_3D('',#17167,#13918,#13919);
#11892=AXIS2_PLACEMENT_3D('',#17168,#13920,#13921);
#11893=AXIS2_PLACEMENT_3D('',#17169,#13922,#13923);
#11894=AXIS2_PLACEMENT_3D('',#17172,#13925,#13926);
#11895=AXIS2_PLACEMENT_3D('',#17173,#13927,#13928);
#11896=AXIS2_PLACEMENT_3D('',#17174,#13929,#13930);
#11897=AXIS2_PLACEMENT_3D('',#17177,#13932,#13933);
#11898=AXIS2_PLACEMENT_3D('',#17178,#13934,#13935);
#11899=AXIS2_PLACEMENT_3D('',#17179,#13936,#13937);
#11900=AXIS2_PLACEMENT_3D('',#17182,#13939,#13940);
#11901=AXIS2_PLACEMENT_3D('',#17183,#13941,#13942);
#11902=AXIS2_PLACEMENT_3D('',#17184,#13943,#13944);
#11903=AXIS2_PLACEMENT_3D('',#17187,#13946,#13947);
#11904=AXIS2_PLACEMENT_3D('',#17188,#13948,#13949);
#11905=AXIS2_PLACEMENT_3D('',#17189,#13950,#13951);
#11906=AXIS2_PLACEMENT_3D('',#17198,#13956,#13957);
#11907=AXIS2_PLACEMENT_3D('',#17204,#13960,#13961);
#11908=AXIS2_PLACEMENT_3D('',#17210,#13964,#13965);
#11909=AXIS2_PLACEMENT_3D('',#17214,#13967,#13968);
#11910=AXIS2_PLACEMENT_3D('',#17218,#13970,#13971);
#11911=AXIS2_PLACEMENT_3D('',#17226,#13976,#13977);
#11912=AXIS2_PLACEMENT_3D('',#17230,#13980,#13981);
#11913=AXIS2_PLACEMENT_3D('',#17239,#13986,#13987);
#11914=AXIS2_PLACEMENT_3D('',#17259,#13998,#13999);
#11915=AXIS2_PLACEMENT_3D('',#17265,#14003,#14004);
#11916=AXIS2_PLACEMENT_3D('',#17278,#14012,#14013);
#11917=AXIS2_PLACEMENT_3D('',#17280,#14015,#14016);
#11918=AXIS2_PLACEMENT_3D('',#17284,#14019,#14020);
#11919=AXIS2_PLACEMENT_3D('',#17286,#14021,#14022);
#11920=AXIS2_PLACEMENT_3D('',#17289,#14024,#14025);
#11921=AXIS2_PLACEMENT_3D('',#17295,#14028,#14029);
#11922=AXIS2_PLACEMENT_3D('',#17299,#14031,#14032);
#11923=AXIS2_PLACEMENT_3D('',#17303,#14034,#14035);
#11924=AXIS2_PLACEMENT_3D('',#17306,#14037,#14038);
#11925=AXIS2_PLACEMENT_3D('',#17307,#14039,#14040);
#11926=AXIS2_PLACEMENT_3D('',#17309,#14041,#14042);
#11927=AXIS2_PLACEMENT_3D('',#17312,#14044,#14045);
#11928=AXIS2_PLACEMENT_3D('',#17313,#14046,#14047);
#11929=AXIS2_PLACEMENT_3D('',#17315,#14048,#14049);
#11930=AXIS2_PLACEMENT_3D('',#17318,#14051,#14052);
#11931=AXIS2_PLACEMENT_3D('',#17322,#14054,#14055);
#11932=AXIS2_PLACEMENT_3D('',#17326,#14057,#14058);
#11933=AXIS2_PLACEMENT_3D('',#17328,#14060,#14061);
#11934=AXIS2_PLACEMENT_3D('',#17334,#14065,#14066);
#11935=AXIS2_PLACEMENT_3D('',#17340,#14070,#14071);
#11936=AXIS2_PLACEMENT_3D('',#17341,#14072,#14073);
#11937=AXIS2_PLACEMENT_3D('',#17342,#14074,#14075);
#11938=AXIS2_PLACEMENT_3D('',#17344,#14076,#14077);
#11939=AXIS2_PLACEMENT_3D('',#17346,#14079,#14080);
#11940=AXIS2_PLACEMENT_3D('',#17350,#14083,#14084);
#11941=AXIS2_PLACEMENT_3D('',#17354,#14087,#14088);
#11942=AXIS2_PLACEMENT_3D('',#17355,#14089,#14090);
#11943=AXIS2_PLACEMENT_3D('',#17356,#14091,#14092);
#11944=AXIS2_PLACEMENT_3D('',#17357,#14093,#14094);
#11945=AXIS2_PLACEMENT_3D('',#17358,#14095,#14096);
#11946=AXIS2_PLACEMENT_3D('',#17364,#14100,#14101);
#11947=AXIS2_PLACEMENT_3D('',#17368,#14103,#14104);
#11948=AXIS2_PLACEMENT_3D('',#17370,#14106,#14107);
#11949=AXIS2_PLACEMENT_3D('',#17374,#14110,#14111);
#11950=AXIS2_PLACEMENT_3D('',#17378,#14113,#14114);
#11951=AXIS2_PLACEMENT_3D('',#17380,#14116,#14117);
#11952=AXIS2_PLACEMENT_3D('',#17383,#14119,#14120);
#11953=AXIS2_PLACEMENT_3D('',#17384,#14121,#14122);
#11954=AXIS2_PLACEMENT_3D('',#17388,#14124,#14125);
#11955=AXIS2_PLACEMENT_3D('',#17390,#14127,#14128);
#11956=AXIS2_PLACEMENT_3D('',#17394,#14131,#14132);
#11957=AXIS2_PLACEMENT_3D('',#17397,#14134,#14135);
#11958=AXIS2_PLACEMENT_3D('',#17398,#14136,#14137);
#11959=AXIS2_PLACEMENT_3D('',#17416,#14148,#14149);
#11960=AXIS2_PLACEMENT_3D('',#17420,#14152,#14153);
#11961=AXIS2_PLACEMENT_3D('',#17429,#14158,#14159);
#11962=AXIS2_PLACEMENT_3D('',#17444,#14168,#14169);
#11963=AXIS2_PLACEMENT_3D('',#17449,#14172,#14173);
#11964=AXIS2_PLACEMENT_3D('',#17453,#14175,#14176);
#11965=AXIS2_PLACEMENT_3D('',#17456,#14178,#14179);
#11966=AXIS2_PLACEMENT_3D('',#17457,#14180,#14181);
#11967=AXIS2_PLACEMENT_3D('',#17466,#14186,#14187);
#11968=AXIS2_PLACEMENT_3D('',#17472,#14190,#14191);
#11969=AXIS2_PLACEMENT_3D('',#17476,#14193,#14194);
#11970=AXIS2_PLACEMENT_3D('',#17480,#14196,#14197);
#11971=AXIS2_PLACEMENT_3D('',#17485,#14201,#14202);
#11972=AXIS2_PLACEMENT_3D('',#17489,#14205,#14206);
#11973=AXIS2_PLACEMENT_3D('',#17492,#14208,#14209);
#11974=AXIS2_PLACEMENT_3D('',#17493,#14210,#14211);
#11975=AXIS2_PLACEMENT_3D('',#17494,#14212,#14213);
#11976=AXIS2_PLACEMENT_3D('',#17497,#14215,#14216);
#11977=AXIS2_PLACEMENT_3D('',#17498,#14217,#14218);
#11978=AXIS2_PLACEMENT_3D('',#17499,#14219,#14220);
#11979=AXIS2_PLACEMENT_3D('',#17502,#14222,#14223);
#11980=AXIS2_PLACEMENT_3D('',#17503,#14224,#14225);
#11981=AXIS2_PLACEMENT_3D('',#17504,#14226,#14227);
#11982=AXIS2_PLACEMENT_3D('',#17511,#14232,#14233);
#11983=AXIS2_PLACEMENT_3D('',#17515,#14235,#14236);
#11984=AXIS2_PLACEMENT_3D('',#17517,#14238,#14239);
#11985=AXIS2_PLACEMENT_3D('',#17521,#14242,#14243);
#11986=AXIS2_PLACEMENT_3D('',#17522,#14244,#14245);
#11987=AXIS2_PLACEMENT_3D('',#17523,#14246,#14247);
#11988=AXIS2_PLACEMENT_3D('',#17526,#14249,#14250);
#11989=AXIS2_PLACEMENT_3D('',#17527,#14251,#14252);
#11990=AXIS2_PLACEMENT_3D('',#17528,#14253,#14254);
#11991=AXIS2_PLACEMENT_3D('',#17531,#14256,#14257);
#11992=AXIS2_PLACEMENT_3D('',#17532,#14258,#14259);
#11993=AXIS2_PLACEMENT_3D('',#17533,#14260,#14261);
#11994=AXIS2_PLACEMENT_3D('',#17536,#14263,#14264);
#11995=AXIS2_PLACEMENT_3D('',#17537,#14265,#14266);
#11996=AXIS2_PLACEMENT_3D('',#17538,#14267,#14268);
#11997=AXIS2_PLACEMENT_3D('',#17541,#14270,#14271);
#11998=AXIS2_PLACEMENT_3D('',#17542,#14272,#14273);
#11999=AXIS2_PLACEMENT_3D('',#17543,#14274,#14275);
#12000=AXIS2_PLACEMENT_3D('',#17546,#14276,#14277);
#12001=AXIS2_PLACEMENT_3D('',#17550,#14279,#14280);
#12002=AXIS2_PLACEMENT_3D('',#17554,#14282,#14283);
#12003=AXIS2_PLACEMENT_3D('',#17560,#14288,#14289);
#12004=AXIS2_PLACEMENT_3D('',#17562,#14291,#14292);
#12005=AXIS2_PLACEMENT_3D('',#17566,#14294,#14295);
#12006=AXIS2_PLACEMENT_3D('',#17568,#14297,#14298);
#12007=AXIS2_PLACEMENT_3D('',#17577,#14304,#14305);
#12008=AXIS2_PLACEMENT_3D('',#17580,#14306,#14307);
#12009=AXIS2_PLACEMENT_3D('',#17584,#14309,#14310);
#12010=AXIS2_PLACEMENT_3D('',#17586,#14311,#14312);
#12011=AXIS2_PLACEMENT_3D('',#17588,#14314,#14315);
#12012=AXIS2_PLACEMENT_3D('',#17592,#14318,#14319);
#12013=AXIS2_PLACEMENT_3D('',#17600,#14323,#14324);
#12014=AXIS2_PLACEMENT_3D('',#17604,#14326,#14327);
#12015=AXIS2_PLACEMENT_3D('',#17612,#14331,#14332);
#12016=AXIS2_PLACEMENT_3D('',#17618,#14335,#14336);
#12017=AXIS2_PLACEMENT_3D('',#17626,#14340,#14341);
#12018=AXIS2_PLACEMENT_3D('',#17632,#14344,#14345);
#12019=AXIS2_PLACEMENT_3D('',#17636,#14347,#14348);
#12020=AXIS2_PLACEMENT_3D('',#17640,#14350,#14351);
#12021=AXIS2_PLACEMENT_3D('',#17646,#14354,#14355);
#12022=AXIS2_PLACEMENT_3D('',#17652,#14358,#14359);
#12023=AXIS2_PLACEMENT_3D('',#17656,#14361,#14362);
#12024=AXIS2_PLACEMENT_3D('',#17662,#14365,#14366);
#12025=AXIS2_PLACEMENT_3D('',#17668,#14369,#14370);
#12026=AXIS2_PLACEMENT_3D('',#17671,#14372,#14373);
#12027=AXIS2_PLACEMENT_3D('',#17672,#14374,#14375);
#12028=AXIS2_PLACEMENT_3D('',#17675,#14376,#14377);
#12029=AXIS2_PLACEMENT_3D('',#17679,#14379,#14380);
#12030=AXIS2_PLACEMENT_3D('',#17681,#14382,#14383);
#12031=AXIS2_PLACEMENT_3D('',#17686,#14387,#14388);
#12032=AXIS2_PLACEMENT_3D('',#17692,#14391,#14392);
#12033=AXIS2_PLACEMENT_3D('',#17696,#14394,#14395);
#12034=AXIS2_PLACEMENT_3D('',#17699,#14397,#14398);
#12035=AXIS2_PLACEMENT_3D('',#17700,#14399,#14400);
#12036=AXIS2_PLACEMENT_3D('',#17703,#14401,#14402);
#12037=AXIS2_PLACEMENT_3D('',#17706,#14405,#14406);
#12038=AXIS2_PLACEMENT_3D('',#17709,#14409,#14410);
#12039=AXIS2_PLACEMENT_3D('',#17711,#14412,#14413);
#12040=AXIS2_PLACEMENT_3D('',#17713,#14415,#14416);
#12041=AXIS2_PLACEMENT_3D('',#17716,#14417,#14418);
#12042=AXIS2_PLACEMENT_3D('',#17720,#14420,#14421);
#12043=AXIS2_PLACEMENT_3D('',#17722,#14423,#14424);
#12044=AXIS2_PLACEMENT_3D('',#17728,#14428,#14429);
#12045=AXIS2_PLACEMENT_3D('',#17731,#14430,#14431);
#12046=AXIS2_PLACEMENT_3D('',#17735,#14433,#14434);
#12047=AXIS2_PLACEMENT_3D('',#17737,#14436,#14437);
#12048=AXIS2_PLACEMENT_3D('',#17743,#14441,#14442);
#12049=AXIS2_PLACEMENT_3D('',#17745,#14443,#14444);
#12050=AXIS2_PLACEMENT_3D('',#17748,#14446,#14447);
#12051=AXIS2_PLACEMENT_3D('',#17749,#14448,#14449);
#12052=AXIS2_PLACEMENT_3D('',#17755,#14453,#14454);
#12053=AXIS2_PLACEMENT_3D('',#17757,#14455,#14456);
#12054=AXIS2_PLACEMENT_3D('',#17760,#14458,#14459);
#12055=AXIS2_PLACEMENT_3D('',#17761,#14460,#14461);
#12056=AXIS2_PLACEMENT_3D('',#17767,#14465,#14466);
#12057=AXIS2_PLACEMENT_3D('',#17769,#14467,#14468);
#12058=AXIS2_PLACEMENT_3D('',#17772,#14470,#14471);
#12059=AXIS2_PLACEMENT_3D('',#17773,#14472,#14473);
#12060=AXIS2_PLACEMENT_3D('',#17779,#14477,#14478);
#12061=AXIS2_PLACEMENT_3D('',#17782,#14479,#14480);
#12062=AXIS2_PLACEMENT_3D('',#17786,#14482,#14483);
#12063=AXIS2_PLACEMENT_3D('',#17788,#14485,#14486);
#12064=AXIS2_PLACEMENT_3D('',#17794,#14490,#14491);
#12065=AXIS2_PLACEMENT_3D('',#17796,#14492,#14493);
#12066=AXIS2_PLACEMENT_3D('',#17799,#14495,#14496);
#12067=AXIS2_PLACEMENT_3D('',#17800,#14497,#14498);
#12068=AXIS2_PLACEMENT_3D('',#17806,#14502,#14503);
#12069=AXIS2_PLACEMENT_3D('',#17808,#14504,#14505);
#12070=AXIS2_PLACEMENT_3D('',#17811,#14507,#14508);
#12071=AXIS2_PLACEMENT_3D('',#17812,#14509,#14510);
#12072=AXIS2_PLACEMENT_3D('',#17818,#14514,#14515);
#12073=AXIS2_PLACEMENT_3D('',#17822,#14517,#14518);
#12074=AXIS2_PLACEMENT_3D('',#17824,#14520,#14521);
#12075=AXIS2_PLACEMENT_3D('',#17828,#14524,#14525);
#12076=AXIS2_PLACEMENT_3D('',#17831,#14527,#14528);
#12077=AXIS2_PLACEMENT_3D('',#17832,#14529,#14530);
#12078=AXIS2_PLACEMENT_3D('',#17836,#14533,#14534);
#12079=AXIS2_PLACEMENT_3D('',#17839,#14536,#14537);
#12080=AXIS2_PLACEMENT_3D('',#17840,#14538,#14539);
#12081=AXIS2_PLACEMENT_3D('',#17844,#14542,#14543);
#12082=AXIS2_PLACEMENT_3D('',#17848,#14545,#14546);
#12083=AXIS2_PLACEMENT_3D('',#17850,#14548,#14549);
#12084=AXIS2_PLACEMENT_3D('',#17854,#14552,#14553);
#12085=AXIS2_PLACEMENT_3D('',#17858,#14555,#14556);
#12086=AXIS2_PLACEMENT_3D('',#17860,#14558,#14559);
#12087=AXIS2_PLACEMENT_3D('',#17864,#14562,#14563);
#12088=AXIS2_PLACEMENT_3D('',#17868,#14565,#14566);
#12089=AXIS2_PLACEMENT_3D('',#17870,#14568,#14569);
#12090=AXIS2_PLACEMENT_3D('',#17874,#14572,#14573);
#12091=AXIS2_PLACEMENT_3D('',#17877,#14575,#14576);
#12092=AXIS2_PLACEMENT_3D('',#17878,#14577,#14578);
#12093=AXIS2_PLACEMENT_3D('',#17882,#14581,#14582);
#12094=AXIS2_PLACEMENT_3D('',#17885,#14584,#14585);
#12095=AXIS2_PLACEMENT_3D('',#17886,#14586,#14587);
#12096=AXIS2_PLACEMENT_3D('',#17890,#14590,#14591);
#12097=AXIS2_PLACEMENT_3D('',#17894,#14593,#14594);
#12098=AXIS2_PLACEMENT_3D('',#17896,#14596,#14597);
#12099=AXIS2_PLACEMENT_3D('',#17900,#14600,#14601);
#12100=AXIS2_PLACEMENT_3D('',#17904,#14603,#14604);
#12101=AXIS2_PLACEMENT_3D('',#17906,#14606,#14607);
#12102=AXIS2_PLACEMENT_3D('',#17910,#14610,#14611);
#12103=AXIS2_PLACEMENT_3D('',#17913,#14613,#14614);
#12104=AXIS2_PLACEMENT_3D('',#17914,#14615,#14616);
#12105=AXIS2_PLACEMENT_3D('',#17918,#14619,#14620);
#12106=AXIS2_PLACEMENT_3D('',#17922,#14622,#14623);
#12107=AXIS2_PLACEMENT_3D('',#17924,#14625,#14626);
#12108=AXIS2_PLACEMENT_3D('',#17928,#14629,#14630);
#12109=AXIS2_PLACEMENT_3D('',#17931,#14631,#14632);
#12110=AXIS2_PLACEMENT_3D('',#17935,#14634,#14635);
#12111=AXIS2_PLACEMENT_3D('',#17937,#14637,#14638);
#12112=AXIS2_PLACEMENT_3D('',#17942,#14642,#14643);
#12113=AXIS2_PLACEMENT_3D('',#17944,#14644,#14645);
#12114=AXIS2_PLACEMENT_3D('',#17948,#14647,#14648);
#12115=AXIS2_PLACEMENT_3D('',#17950,#14650,#14651);
#12116=AXIS2_PLACEMENT_3D('',#17952,#14653,#14654);
#12117=AXIS2_PLACEMENT_3D('',#17956,#14657,#14658);
#12118=AXIS2_PLACEMENT_3D('',#17963,#14663,#14664);
#12119=AXIS2_PLACEMENT_3D('',#17966,#14666,#14667);
#12120=AXIS2_PLACEMENT_3D('',#17967,#14668,#14669);
#12121=AXIS2_PLACEMENT_3D('',#17971,#14672,#14673);
#12122=AXIS2_PLACEMENT_3D('',#17973,#14675,#14676);
#12123=AXIS2_PLACEMENT_3D('',#17975,#14678,#14679);
#12124=AXIS2_PLACEMENT_3D('',#17977,#14681,#14682);
#12125=AXIS2_PLACEMENT_3D('',#17978,#14683,#14684);
#12126=AXIS2_PLACEMENT_3D('',#17980,#14686,#14687);
#12127=AXIS2_PLACEMENT_3D('',#17983,#14689,#14690);
#12128=AXIS2_PLACEMENT_3D('',#17984,#14691,#14692);
#12129=AXIS2_PLACEMENT_3D('',#17988,#14695,#14696);
#12130=AXIS2_PLACEMENT_3D('',#17991,#14698,#14699);
#12131=AXIS2_PLACEMENT_3D('',#17992,#14700,#14701);
#12132=AXIS2_PLACEMENT_3D('',#17994,#14703,#14704);
#12133=AXIS2_PLACEMENT_3D('',#18004,#14710,#14711);
#12134=AXIS2_PLACEMENT_3D('',#18010,#14715,#14716);
#12135=AXIS2_PLACEMENT_3D('',#18012,#14717,#14718);
#12136=AXIS2_PLACEMENT_3D('',#18015,#14720,#14721);
#12137=AXIS2_PLACEMENT_3D('',#18016,#14722,#14723);
#12138=AXIS2_PLACEMENT_3D('',#18019,#14726,#14727);
#12139=AXIS2_PLACEMENT_3D('',#18020,#14728,#14729);
#12140=AXIS2_PLACEMENT_3D('',#18023,#14732,#14733);
#12141=AXIS2_PLACEMENT_3D('',#18027,#14735,#14736);
#12142=AXIS2_PLACEMENT_3D('',#18029,#14738,#14739);
#12143=AXIS2_PLACEMENT_3D('',#18033,#14742,#14743);
#12144=AXIS2_PLACEMENT_3D('',#18034,#14744,#14745);
#12145=AXIS2_PLACEMENT_3D('',#18035,#14746,#14747);
#12146=AXIS2_PLACEMENT_3D('',#18041,#14751,#14752);
#12147=AXIS2_PLACEMENT_3D('',#18044,#14754,#14755);
#12148=AXIS2_PLACEMENT_3D('',#18046,#14757,#14758);
#12149=AXIS2_PLACEMENT_3D('',#18048,#14760,#14761);
#12150=AXIS2_PLACEMENT_3D('',#18049,#14762,#14763);
#12151=AXIS2_PLACEMENT_3D('',#18051,#14765,#14766);
#12152=AXIS2_PLACEMENT_3D('',#18052,#14767,#14768);
#12153=AXIS2_PLACEMENT_3D('',#18054,#14769,#14770);
#12154=AXIS2_PLACEMENT_3D('',#18056,#14772,#14773);
#12155=AXIS2_PLACEMENT_3D('',#18058,#14774,#14775);
#12156=AXIS2_PLACEMENT_3D('',#18060,#14777,#14778);
#12157=AXIS2_PLACEMENT_3D('',#18061,#14779,#14780);
#12158=AXIS2_PLACEMENT_3D('',#18063,#14782,#14783);
#12159=AXIS2_PLACEMENT_3D('',#18064,#14784,#14785);
#12160=AXIS2_PLACEMENT_3D('',#18066,#14787,#14788);
#12161=AXIS2_PLACEMENT_3D('',#18067,#14789,#14790);
#12162=AXIS2_PLACEMENT_3D('',#18069,#14792,#14793);
#12163=AXIS2_PLACEMENT_3D('',#18070,#14794,#14795);
#12164=AXIS2_PLACEMENT_3D('',#18080,#14804,#14805);
#12165=AXIS2_PLACEMENT_3D('',#18081,#14806,#14807);
#12166=AXIS2_PLACEMENT_3D('',#18082,#14808,#14809);
#12167=AXIS2_PLACEMENT_3D('',#18083,#14810,#14811);
#12168=AXIS2_PLACEMENT_3D('',#18085,#14812,#14813);
#12169=AXIS2_PLACEMENT_3D('',#18089,#14815,#14816);
#12170=AXIS2_PLACEMENT_3D('',#18092,#14818,#14819);
#12171=AXIS2_PLACEMENT_3D('',#18093,#14820,#14821);
#12172=AXIS2_PLACEMENT_3D('',#18094,#14822,#14823);
#12173=AXIS2_PLACEMENT_3D('',#18095,#14824,#14825);
#12174=AXIS2_PLACEMENT_3D('',#18096,#14826,#14827);
#12175=AXIS2_PLACEMENT_3D('',#18098,#14829,#14830);
#12176=AXIS2_PLACEMENT_3D('',#18100,#14832,#14833);
#12177=AXIS2_PLACEMENT_3D('',#18102,#14835,#14836);
#12178=AXIS2_PLACEMENT_3D('',#18104,#14838,#14839);
#12179=AXIS2_PLACEMENT_3D('',#18105,#14840,#14841);
#12180=AXIS2_PLACEMENT_3D('',#18106,#14842,#14843);
#12181=AXIS2_PLACEMENT_3D('',#18108,#14845,#14846);
#12182=AXIS2_PLACEMENT_3D('',#18109,#14847,#14848);
#12183=AXIS2_PLACEMENT_3D('',#18110,#14849,#14850);
#12184=AXIS2_PLACEMENT_3D('',#18111,#14851,#14852);
#12185=AXIS2_PLACEMENT_3D('',#18112,#14853,#14854);
#12186=AXIS2_PLACEMENT_3D('',#18114,#14856,#14857);
#12187=AXIS2_PLACEMENT_3D('',#18115,#14858,#14859);
#12188=AXIS2_PLACEMENT_3D('',#18116,#14860,#14861);
#12189=AXIS2_PLACEMENT_3D('',#18117,#14862,#14863);
#12190=AXIS2_PLACEMENT_3D('',#18118,#14864,#14865);
#12191=AXIS2_PLACEMENT_3D('',#18127,#14870,#14871);
#12192=AXIS2_PLACEMENT_3D('',#18133,#14875,#14876);
#12193=AXIS2_PLACEMENT_3D('',#18139,#14880,#14881);
#12194=AXIS2_PLACEMENT_3D('',#18145,#14885,#14886);
#12195=AXIS2_PLACEMENT_3D('',#18151,#14890,#14891);
#12196=AXIS2_PLACEMENT_3D('',#18157,#14895,#14896);
#12197=AXIS2_PLACEMENT_3D('',#18166,#14901,#14902);
#12198=AXIS2_PLACEMENT_3D('',#18172,#14906,#14907);
#12199=AXIS2_PLACEMENT_3D('',#18178,#14911,#14912);
#12200=AXIS2_PLACEMENT_3D('',#18184,#14916,#14917);
#12201=AXIS2_PLACEMENT_3D('',#18187,#14920,#14921);
#12202=AXIS2_PLACEMENT_3D('',#18197,#14926,#14927);
#12203=AXIS2_PLACEMENT_3D('',#18218,#14938,#14939);
#12204=AXIS2_PLACEMENT_3D('',#18220,#14940,#14941);
#12205=AXIS2_PLACEMENT_3D('',#18222,#14942,#14943);
#12206=AXIS2_PLACEMENT_3D('',#18224,#14944,#14945);
#12207=AXIS2_PLACEMENT_3D('',#18226,#14946,#14947);
#12208=AXIS2_PLACEMENT_3D('',#18228,#14948,#14949);
#12209=AXIS2_PLACEMENT_3D('',#18229,#14950,#14951);
#12210=AXIS2_PLACEMENT_3D('',#18235,#14955,#14956);
#12211=AXIS2_PLACEMENT_3D('',#18239,#14959,#14960);
#12212=AXIS2_PLACEMENT_3D('',#18243,#14963,#14964);
#12213=AXIS2_PLACEMENT_3D('',#18247,#14967,#14968);
#12214=AXIS2_PLACEMENT_3D('',#18251,#14971,#14972);
#12215=AXIS2_PLACEMENT_3D('',#18254,#14974,#14975);
#12216=AXIS2_PLACEMENT_3D('',#18255,#14976,#14977);
#12217=AXIS2_PLACEMENT_3D('',#18258,#14979,#14980);
#12218=AXIS2_PLACEMENT_3D('',#18259,#14981,#14982);
#12219=AXIS2_PLACEMENT_3D('',#18262,#14984,#14985);
#12220=AXIS2_PLACEMENT_3D('',#18263,#14986,#14987);
#12221=AXIS2_PLACEMENT_3D('',#18266,#14989,#14990);
#12222=AXIS2_PLACEMENT_3D('',#18267,#14991,#14992);
#12223=AXIS2_PLACEMENT_3D('',#18270,#14994,#14995);
#12224=AXIS2_PLACEMENT_3D('',#18271,#14996,#14997);
#12225=AXIS2_PLACEMENT_3D('',#18274,#14999,#15000);
#12226=AXIS2_PLACEMENT_3D('',#18275,#15001,#15002);
#12227=AXIS2_PLACEMENT_3D('',#18278,#15003,#15004);
#12228=AXIS2_PLACEMENT_3D('',#18281,#15007,#15008);
#12229=AXIS2_PLACEMENT_3D('',#18285,#15011,#15012);
#12230=AXIS2_PLACEMENT_3D('',#18289,#15015,#15016);
#12231=AXIS2_PLACEMENT_3D('',#18293,#15019,#15020);
#12232=AXIS2_PLACEMENT_3D('',#18298,#15024,#15025);
#12233=AXIS2_PLACEMENT_3D('',#18300,#15027,#15028);
#12234=AXIS2_PLACEMENT_3D('',#18304,#15031,#15032);
#12235=AXIS2_PLACEMENT_3D('',#18308,#15035,#15036);
#12236=AXIS2_PLACEMENT_3D('',#18310,#15038,#15039);
#12237=AXIS2_PLACEMENT_3D('',#18311,#15040,#15041);
#12238=AXIS2_PLACEMENT_3D('',#18312,#15042,#15043);
#12239=AXIS2_PLACEMENT_3D('',#18313,#15044,#15045);
#12240=AXIS2_PLACEMENT_3D('',#18322,#15050,#15051);
#12241=AXIS2_PLACEMENT_3D('',#18328,#15055,#15056);
#12242=AXIS2_PLACEMENT_3D('',#18337,#15061,#15062);
#12243=AXIS2_PLACEMENT_3D('',#18343,#15066,#15067);
#12244=AXIS2_PLACEMENT_3D('',#18349,#15071,#15072);
#12245=AXIS2_PLACEMENT_3D('',#18358,#15077,#15078);
#12246=AXIS2_PLACEMENT_3D('',#18364,#15082,#15083);
#12247=AXIS2_PLACEMENT_3D('',#18370,#15087,#15088);
#12248=AXIS2_PLACEMENT_3D('',#18376,#15092,#15093);
#12249=AXIS2_PLACEMENT_3D('',#18379,#15096,#15097);
#12250=AXIS2_PLACEMENT_3D('',#18382,#15100,#15101);
#12251=AXIS2_PLACEMENT_3D('',#18384,#15103,#15104);
#12252=AXIS2_PLACEMENT_3D('',#18394,#15110,#15111);
#12253=AXIS2_PLACEMENT_3D('',#18396,#15112,#15113);
#12254=AXIS2_PLACEMENT_3D('',#18399,#15115,#15116);
#12255=AXIS2_PLACEMENT_3D('',#18400,#15117,#15118);
#12256=AXIS2_PLACEMENT_3D('',#18402,#15119,#15120);
#12257=AXIS2_PLACEMENT_3D('',#18405,#15122,#15123);
#12258=AXIS2_PLACEMENT_3D('',#18406,#15124,#15125);
#12259=AXIS2_PLACEMENT_3D('',#18408,#15126,#15127);
#12260=AXIS2_PLACEMENT_3D('',#18411,#15129,#15130);
#12261=AXIS2_PLACEMENT_3D('',#18412,#15131,#15132);
#12262=AXIS2_PLACEMENT_3D('',#18414,#15133,#15134);
#12263=AXIS2_PLACEMENT_3D('',#18417,#15136,#15137);
#12264=AXIS2_PLACEMENT_3D('',#18418,#15138,#15139);
#12265=AXIS2_PLACEMENT_3D('',#18427,#15144,#15145);
#12266=AXIS2_PLACEMENT_3D('',#18433,#15149,#15150);
#12267=AXIS2_PLACEMENT_3D('',#18439,#15154,#15155);
#12268=AXIS2_PLACEMENT_3D('',#18442,#15158,#15159);
#12269=AXIS2_PLACEMENT_3D('',#18445,#15162,#15163);
#12270=AXIS2_PLACEMENT_3D('',#18446,#15164,#15165);
#12271=AXIS2_PLACEMENT_3D('',#18447,#15166,#15167);
#12272=AXIS2_PLACEMENT_3D('',#18448,#15168,#15169);
#12273=AXIS2_PLACEMENT_3D('',#18450,#15170,#15171);
#12274=AXIS2_PLACEMENT_3D('',#18453,#15173,#15174);
#12275=AXIS2_PLACEMENT_3D('',#18454,#15175,#15176);
#12276=AXIS2_PLACEMENT_3D('',#18455,#15177,#15178);
#12277=AXIS2_PLACEMENT_3D('',#18457,#15179,#15180);
#12278=AXIS2_PLACEMENT_3D('',#18460,#15182,#15183);
#12279=AXIS2_PLACEMENT_3D('',#18461,#15184,#15185);
#12280=AXIS2_PLACEMENT_3D('',#18462,#15186,#15187);
#12281=AXIS2_PLACEMENT_3D('',#18464,#15188,#15189);
#12282=AXIS2_PLACEMENT_3D('',#18467,#15191,#15192);
#12283=AXIS2_PLACEMENT_3D('',#18468,#15193,#15194);
#12284=AXIS2_PLACEMENT_3D('',#18469,#15195,#15196);
#12285=AXIS2_PLACEMENT_3D('',#18471,#15197,#15198);
#12286=AXIS2_PLACEMENT_3D('',#18474,#15200,#15201);
#12287=AXIS2_PLACEMENT_3D('',#18475,#15202,#15203);
#12288=AXIS2_PLACEMENT_3D('',#18476,#15204,#15205);
#12289=AXIS2_PLACEMENT_3D('',#18479,#15206,#15207);
#12290=AXIS2_PLACEMENT_3D('',#18483,#15209,#15210);
#12291=AXIS2_PLACEMENT_3D('',#18485,#15212,#15213);
#12292=AXIS2_PLACEMENT_3D('',#18491,#15217,#15218);
#12293=AXIS2_PLACEMENT_3D('',#18494,#15219,#15220);
#12294=AXIS2_PLACEMENT_3D('',#18498,#15222,#15223);
#12295=AXIS2_PLACEMENT_3D('',#18500,#15225,#15226);
#12296=AXIS2_PLACEMENT_3D('',#18503,#15229,#15230);
#12297=AXIS2_PLACEMENT_3D('',#18506,#15231,#15232);
#12298=AXIS2_PLACEMENT_3D('',#18510,#15234,#15235);
#12299=AXIS2_PLACEMENT_3D('',#18512,#15237,#15238);
#12300=AXIS2_PLACEMENT_3D('',#18515,#15241,#15242);
#12301=AXIS2_PLACEMENT_3D('',#18517,#15243,#15244);
#12302=AXIS2_PLACEMENT_3D('',#18519,#15245,#15246);
#12303=AXIS2_PLACEMENT_3D('',#18521,#15248,#15249);
#12304=AXIS2_PLACEMENT_3D('',#18524,#15252,#15253);
#12305=AXIS2_PLACEMENT_3D('',#18525,#15254,#15255);
#12306=AXIS2_PLACEMENT_3D('',#18527,#15256,#15257);
#12307=AXIS2_PLACEMENT_3D('',#18528,#15258,#15259);
#12308=AXIS2_PLACEMENT_3D('',#18530,#15260,#15261);
#12309=AXIS2_PLACEMENT_3D('',#18531,#15262,#15263);
#12310=AXIS2_PLACEMENT_3D('',#18533,#15264,#15265);
#12311=AXIS2_PLACEMENT_3D('',#18534,#15266,#15267);
#12312=AXIS2_PLACEMENT_3D('',#18536,#15268,#15269);
#12313=AXIS2_PLACEMENT_3D('',#18537,#15270,#15271);
#12314=AXIS2_PLACEMENT_3D('',#18539,#15272,#15273);
#12315=AXIS2_PLACEMENT_3D('',#18540,#15274,#15275);
#12316=AXIS2_PLACEMENT_3D('',#18542,#15276,#15277);
#12317=AXIS2_PLACEMENT_3D('',#18543,#15278,#15279);
#12318=AXIS2_PLACEMENT_3D('',#18545,#15280,#15281);
#12319=AXIS2_PLACEMENT_3D('',#18547,#15283,#15284);
#12320=AXIS2_PLACEMENT_3D('',#18549,#15285,#15286);
#12321=AXIS2_PLACEMENT_3D('',#18551,#15288,#15289);
#12322=AXIS2_PLACEMENT_3D('',#18553,#15290,#15291);
#12323=AXIS2_PLACEMENT_3D('',#18555,#15293,#15294);
#12324=AXIS2_PLACEMENT_3D('',#18557,#15295,#15296);
#12325=AXIS2_PLACEMENT_3D('',#18559,#15298,#15299);
#12326=AXIS2_PLACEMENT_3D('',#18561,#15300,#15301);
#12327=AXIS2_PLACEMENT_3D('',#18563,#15303,#15304);
#12328=AXIS2_PLACEMENT_3D('',#18566,#15305,#15306);
#12329=AXIS2_PLACEMENT_3D('',#18573,#15307,#15308);
#12330=AXIS2_PLACEMENT_3D('',#18578,#15309,#15310);
#12331=AXIS2_PLACEMENT_3D('',#18584,#15314,#15315);
#12332=AXIS2_PLACEMENT_3D('',#18593,#15318,#15319);
#12333=AXIS2_PLACEMENT_3D('',#18595,#15320,#15321);
#12334=AXIS2_PLACEMENT_3D('',#18601,#15322,#15323);
#12335=AXIS2_PLACEMENT_3D('',#18602,#15324,#15325);
#12336=AXIS2_PLACEMENT_3D('',#18611,#15328,#15329);
#12337=AXIS2_PLACEMENT_3D('',#18613,#15330,#15331);
#12338=AXIS2_PLACEMENT_3D('',#18619,#15332,#15333);
#12339=AXIS2_PLACEMENT_3D('',#18620,#15334,#15335);
#12340=AXIS2_PLACEMENT_3D('',#18629,#15338,#15339);
#12341=AXIS2_PLACEMENT_3D('',#18631,#15340,#15341);
#12342=AXIS2_PLACEMENT_3D('',#18633,#15342,#15343);
#12343=AXIS2_PLACEMENT_3D('',#18638,#15344,#15345);
#12344=AXIS2_PLACEMENT_3D('',#18647,#15348,#15349);
#12345=AXIS2_PLACEMENT_3D('',#18649,#15350,#15351);
#12346=AXIS2_PLACEMENT_3D('',#18651,#15352,#15353);
#12347=AXIS2_PLACEMENT_3D('',#18656,#15354,#15355);
#12348=AXIS2_PLACEMENT_3D('',#18665,#15358,#15359);
#12349=AXIS2_PLACEMENT_3D('',#18667,#15360,#15361);
#12350=AXIS2_PLACEMENT_3D('',#18669,#15362,#15363);
#12351=AXIS2_PLACEMENT_3D('',#18674,#15364,#15365);
#12352=AXIS2_PLACEMENT_3D('',#18677,#15368,#15369);
#12353=AXIS2_PLACEMENT_3D('',#18681,#15371,#15372);
#12354=AXIS2_PLACEMENT_3D('',#18683,#15374,#15375);
#12355=AXIS2_PLACEMENT_3D('',#18687,#15378,#15379);
#12356=AXIS2_PLACEMENT_3D('',#18690,#15381,#15382);
#12357=AXIS2_PLACEMENT_3D('',#18691,#15383,#15384);
#12358=AXIS2_PLACEMENT_3D('',#18695,#15387,#15388);
#12359=AXIS2_PLACEMENT_3D('',#18698,#15390,#15391);
#12360=AXIS2_PLACEMENT_3D('',#18699,#15392,#15393);
#12361=AXIS2_PLACEMENT_3D('',#18703,#15396,#15397);
#12362=AXIS2_PLACEMENT_3D('',#18706,#15399,#15400);
#12363=AXIS2_PLACEMENT_3D('',#18707,#15401,#15402);
#12364=AXIS2_PLACEMENT_3D('',#18708,#15403,#15404);
#12365=AXIS2_PLACEMENT_3D('',#18717,#15409,#15410);
#12366=AXIS2_PLACEMENT_3D('',#18721,#15412,#15413);
#12367=AXIS2_PLACEMENT_3D('',#18722,#15414,#15415);
#12368=AXIS2_PLACEMENT_3D('',#18723,#15416,#15417);
#12369=AXIS2_PLACEMENT_3D('',#18729,#15421,#15422);
#12370=AXIS2_PLACEMENT_3D('',#18733,#15424,#15425);
#12371=AXIS2_PLACEMENT_3D('',#18734,#15426,#15427);
#12372=AXIS2_PLACEMENT_3D('',#18735,#15428,#15429);
#12373=AXIS2_PLACEMENT_3D('',#18741,#15433,#15434);
#12374=AXIS2_PLACEMENT_3D('',#18745,#15436,#15437);
#12375=AXIS2_PLACEMENT_3D('',#18746,#15438,#15439);
#12376=AXIS2_PLACEMENT_3D('',#18747,#15440,#15441);
#12377=AXIS2_PLACEMENT_3D('',#18753,#15445,#15446);
#12378=AXIS2_PLACEMENT_3D('',#18757,#15448,#15449);
#12379=AXIS2_PLACEMENT_3D('',#18758,#15450,#15451);
#12380=AXIS2_PLACEMENT_3D('',#18759,#15452,#15453);
#12381=AXIS2_PLACEMENT_3D('',#18762,#15456,#15457);
#12382=AXIS2_PLACEMENT_3D('',#18768,#15461,#15462);
#12383=AXIS2_PLACEMENT_3D('',#18771,#15464,#15465);
#12384=AXIS2_PLACEMENT_3D('',#18772,#15466,#15467);
#12385=AXIS2_PLACEMENT_3D('',#18776,#15470,#15471);
#12386=AXIS2_PLACEMENT_3D('',#18779,#15473,#15474);
#12387=AXIS2_PLACEMENT_3D('',#18780,#15475,#15476);
#12388=AXIS2_PLACEMENT_3D('',#18784,#15479,#15480);
#12389=AXIS2_PLACEMENT_3D('',#18786,#15481,#15482);
#12390=AXIS2_PLACEMENT_3D('',#18788,#15483,#15484);
#12391=AXIS2_PLACEMENT_3D('',#18790,#15485,#15486);
#12392=AXIS2_PLACEMENT_3D('',#18792,#15487,#15488);
#12393=AXIS2_PLACEMENT_3D('',#18794,#15489,#15490);
#12394=AXIS2_PLACEMENT_3D('',#18796,#15491,#15492);
#12395=AXIS2_PLACEMENT_3D('',#18802,#15495,#15496);
#12396=AXIS2_PLACEMENT_3D('',#18806,#15498,#15499);
#12397=AXIS2_PLACEMENT_3D('',#18808,#15501,#15502);
#12398=AXIS2_PLACEMENT_3D('',#18810,#15504,#15505);
#12399=AXIS2_PLACEMENT_3D('',#18812,#15507,#15508);
#12400=AXIS2_PLACEMENT_3D('',#18814,#15510,#15511);
#12401=AXIS2_PLACEMENT_3D('',#18816,#15513,#15514);
#12402=AXIS2_PLACEMENT_3D('',#18818,#15516,#15517);
#12403=AXIS2_PLACEMENT_3D('',#18819,#15518,#15519);
#12404=AXIS2_PLACEMENT_3D('',#18821,#15520,#15521);
#12405=AXIS2_PLACEMENT_3D('',#18823,#15523,#15524);
#12406=AXIS2_PLACEMENT_3D('',#18826,#15525,#15526);
#12407=AXIS2_PLACEMENT_3D('',#18830,#15528,#15529);
#12408=AXIS2_PLACEMENT_3D('',#18832,#15531,#15532);
#12409=AXIS2_PLACEMENT_3D('',#18838,#15536,#15537);
#12410=AXIS2_PLACEMENT_3D('',#18840,#15538,#15539);
#12411=AXIS2_PLACEMENT_3D('',#18843,#15541,#15542);
#12412=AXIS2_PLACEMENT_3D('',#18844,#15543,#15544);
#12413=AXIS2_PLACEMENT_3D('',#18850,#15548,#15549);
#12414=AXIS2_PLACEMENT_3D('',#18856,#15553,#15554);
#12415=AXIS2_PLACEMENT_3D('',#18858,#15556,#15557);
#12416=AXIS2_PLACEMENT_3D('',#18868,#15563,#15564);
#12417=AXIS2_PLACEMENT_3D('',#18870,#15565,#15566);
#12418=AXIS2_PLACEMENT_3D('',#18872,#15568,#15569);
#12419=AXIS2_PLACEMENT_3D('',#18874,#15570,#15571);
#12420=AXIS2_PLACEMENT_3D('',#18876,#15573,#15574);
#12421=AXIS2_PLACEMENT_3D('',#18878,#15575,#15576);
#12422=AXIS2_PLACEMENT_3D('',#18880,#15578,#15579);
#12423=AXIS2_PLACEMENT_3D('',#18882,#15580,#15581);
#12424=AXIS2_PLACEMENT_3D('',#18884,#15583,#15584);
#12425=AXIS2_PLACEMENT_3D('',#18886,#15585,#15586);
#12426=AXIS2_PLACEMENT_3D('',#18888,#15588,#15589);
#12427=AXIS2_PLACEMENT_3D('',#18890,#15590,#15591);
#12428=AXIS2_PLACEMENT_3D('',#18892,#15593,#15594);
#12429=AXIS2_PLACEMENT_3D('',#18901,#15599,#15600);
#12430=AXIS2_PLACEMENT_3D('',#18902,#15601,#15602);
#12431=AXIS2_PLACEMENT_3D('',#18903,#15603,#15604);
#12432=AXIS2_PLACEMENT_3D('',#18904,#15605,#15606);
#12433=AXIS2_PLACEMENT_3D('',#18906,#15607,#15608);
#12434=AXIS2_PLACEMENT_3D('',#18909,#15610,#15611);
#12435=AXIS2_PLACEMENT_3D('',#18910,#15612,#15613);
#12436=AXIS2_PLACEMENT_3D('',#18916,#15617,#15618);
#12437=AXIS2_PLACEMENT_3D('',#18922,#15622,#15623);
#12438=AXIS2_PLACEMENT_3D('',#18924,#15624,#15625);
#12439=AXIS2_PLACEMENT_3D('',#18927,#15627,#15628);
#12440=AXIS2_PLACEMENT_3D('',#18928,#15629,#15630);
#12441=AXIS2_PLACEMENT_3D('',#18934,#15634,#15635);
#12442=AXIS2_PLACEMENT_3D('',#18935,#15636,#15637);
#12443=AXIS2_PLACEMENT_3D('',#18936,#15638,#15639);
#12444=AXIS2_PLACEMENT_3D('',#18937,#15640,#15641);
#12445=AXIS2_PLACEMENT_3D('',#18938,#15642,#15643);
#12446=AXIS2_PLACEMENT_3D('',#18940,#15644,#15645);
#12447=AXIS2_PLACEMENT_3D('',#18942,#15647,#15648);
#12448=AXIS2_PLACEMENT_3D('',#18946,#15651,#15652);
#12449=AXIS2_PLACEMENT_3D('',#18949,#15654,#15655);
#12450=AXIS2_PLACEMENT_3D('',#18950,#15656,#15657);
#12451=AXIS2_PLACEMENT_3D('',#18952,#15659,#15660);
#12452=AXIS2_PLACEMENT_3D('',#18953,#15661,#15662);
#12453=AXIS2_PLACEMENT_3D('',#18954,#15663,#15664);
#12454=AXIS2_PLACEMENT_3D('',#18956,#15665,#15666);
#12455=AXIS2_PLACEMENT_3D('',#18959,#15668,#15669);
#12456=AXIS2_PLACEMENT_3D('',#18960,#15670,#15671);
#12457=AXIS2_PLACEMENT_3D('',#18962,#15672,#15673);
#12458=AXIS2_PLACEMENT_3D('',#18964,#15675,#15676);
#12459=AXIS2_PLACEMENT_3D('',#18967,#15678,#15679);
#12460=AXIS2_PLACEMENT_3D('',#18968,#15680,#15681);
#12461=AXIS2_PLACEMENT_3D('',#18970,#15682,#15683);
#12462=AXIS2_PLACEMENT_3D('',#18973,#15685,#15686);
#12463=AXIS2_PLACEMENT_3D('',#18974,#15687,#15688);
#12464=AXIS2_PLACEMENT_3D('',#18975,#15689,#15690);
#12465=AXIS2_PLACEMENT_3D('',#18976,#15691,#15692);
#12466=AXIS2_PLACEMENT_3D('',#18977,#15693,#15694);
#12467=AXIS2_PLACEMENT_3D('',#18979,#15695,#15696);
#12468=AXIS2_PLACEMENT_3D('',#18982,#15698,#15699);
#12469=AXIS2_PLACEMENT_3D('',#18983,#15700,#15701);
#12470=AXIS2_PLACEMENT_3D('',#18985,#15702,#15703);
#12471=AXIS2_PLACEMENT_3D('',#18988,#15705,#15706);
#12472=AXIS2_PLACEMENT_3D('',#18989,#15707,#15708);
#12473=AXIS2_PLACEMENT_3D('',#18990,#15709,#15710);
#12474=AXIS2_PLACEMENT_3D('',#18991,#15711,#15712);
#12475=AXIS2_PLACEMENT_3D('',#18992,#15713,#15714);
#12476=AXIS2_PLACEMENT_3D('',#18993,#15715,#15716);
#12477=AXIS2_PLACEMENT_3D('',#18994,#15717,#15718);
#12478=AXIS2_PLACEMENT_3D('',#18995,#15719,#15720);
#12479=AXIS2_PLACEMENT_3D('',#18996,#15721,#15722);
#12480=AXIS2_PLACEMENT_3D('',#18997,#15723,#15724);
#12481=AXIS2_PLACEMENT_3D('',#18998,#15725,#15726);
#12482=DIRECTION('axis',(0.,0.,1.));
#12483=DIRECTION('refdir',(1.,0.,0.));
#12484=DIRECTION('axis',(0.,0.,1.));
#12485=DIRECTION('refdir',(1.,0.,0.));
#12486=DIRECTION('center_axis',(0.125,0.,-0.992156741649222));
#12487=DIRECTION('ref_axis',(0.,1.,0.));
#12488=DIRECTION('center_axis',(0.125,-1.14611061320101E-17,-0.992156741649222));
#12489=DIRECTION('ref_axis',(0.,1.,0.));
#12490=DIRECTION('',(0.125,0.,-0.992156741649221));
#12491=DIRECTION('center_axis',(-0.125,1.14611061320101E-17,0.992156741649222));
#12492=DIRECTION('ref_axis',(0.,1.,0.));
#12493=DIRECTION('center_axis',(0.125,0.,-0.992156741649222));
#12494=DIRECTION('ref_axis',(0.,1.,0.));
#12495=DIRECTION('center_axis',(0.125,-1.14611061320101E-17,-0.992156741649222));
#12496=DIRECTION('ref_axis',(0.,1.,0.));
#12497=DIRECTION('',(0.125,0.,-0.992156741649221));
#12498=DIRECTION('center_axis',(-0.125,1.14611061320101E-17,0.992156741649222));
#12499=DIRECTION('ref_axis',(0.,1.,0.));
#12500=DIRECTION('center_axis',(0.125,0.,-0.992156741649221));
#12501=DIRECTION('ref_axis',(0.,1.,0.));
#12502=DIRECTION('center_axis',(0.125,-1.14611061320101E-17,-0.992156741649222));
#12503=DIRECTION('ref_axis',(0.,1.,0.));
#12504=DIRECTION('',(0.125,0.,-0.992156741649221));
#12505=DIRECTION('center_axis',(-0.125,1.14611061320101E-17,0.992156741649222));
#12506=DIRECTION('ref_axis',(0.,1.,0.));
#12507=DIRECTION('center_axis',(0.125,0.,-0.992156741649222));
#12508=DIRECTION('ref_axis',(0.,1.,0.));
#12509=DIRECTION('center_axis',(0.125,-1.14611061320101E-17,-0.992156741649222));
#12510=DIRECTION('ref_axis',(0.,1.,0.));
#12511=DIRECTION('',(0.125,0.,-0.992156741649221));
#12512=DIRECTION('center_axis',(-0.125,1.14611061320101E-17,0.992156741649222));
#12513=DIRECTION('ref_axis',(0.,1.,0.));
#12514=DIRECTION('center_axis',(0.125,0.,-0.992156741649222));
#12515=DIRECTION('ref_axis',(0.,1.,0.));
#12516=DIRECTION('center_axis',(0.125,-1.14611061320101E-17,-0.992156741649222));
#12517=DIRECTION('ref_axis',(0.,1.,0.));
#12518=DIRECTION('',(0.125,0.,-0.992156741649221));
#12519=DIRECTION('center_axis',(-0.125,1.14611061320101E-17,0.992156741649222));
#12520=DIRECTION('ref_axis',(0.,1.,0.));
#12521=DIRECTION('center_axis',(0.125,0.,-0.992156741649221));
#12522=DIRECTION('ref_axis',(0.,1.,0.));
#12523=DIRECTION('center_axis',(0.125,-1.14611061320101E-17,-0.992156741649222));
#12524=DIRECTION('ref_axis',(0.,1.,0.));
#12525=DIRECTION('',(0.125,0.,-0.992156741649221));
#12526=DIRECTION('center_axis',(-0.125,1.14611061320101E-17,0.992156741649222));
#12527=DIRECTION('ref_axis',(0.,1.,0.));
#12528=DIRECTION('center_axis',(0.125,0.,-0.992156741649222));
#12529=DIRECTION('ref_axis',(0.701560760020114,-0.707106781186548,0.0883883476483181));
#12530=DIRECTION('center_axis',(-0.125,1.14611061320101E-17,0.992156741649222));
#12531=DIRECTION('ref_axis',(0.701560760020114,-0.707106781186548,0.0883883476483181));
#12532=DIRECTION('',(-0.125,0.,0.992156741649221));
#12533=DIRECTION('center_axis',(0.125,-1.14611061320101E-17,-0.992156741649222));
#12534=DIRECTION('ref_axis',(0.701560760020114,-0.707106781186548,0.0883883476483181));
#12535=DIRECTION('',(0.125,0.,-0.992156741649221));
#12536=DIRECTION('center_axis',(7.70964310492415E-17,-1.,9.71323731080627E-18));
#12537=DIRECTION('ref_axis',(-0.992156741649221,-7.77058984864501E-17,-0.125));
#12538=DIRECTION('',(0.992156741649221,7.77058984864501E-17,0.125));
#12539=DIRECTION('',(0.125,0.,-0.992156741649221));
#12540=DIRECTION('',(-0.992156741649221,-7.77058984864501E-17,-0.125));
#12541=DIRECTION('center_axis',(0.125,-1.14611061320101E-17,-0.992156741649222));
#12542=DIRECTION('ref_axis',(1.43263826650127E-18,1.,-1.13712137156311E-17));
#12543=DIRECTION('',(0.,1.,0.));
#12544=DIRECTION('center_axis',(0.125,0.,-0.992156741649222));
#12545=DIRECTION('ref_axis',(-0.992156741649222,0.,-0.125));
#12546=DIRECTION('',(0.859232942804219,0.500000000000001,0.108253175473055));
#12547=DIRECTION('center_axis',(0.125,6.00925839494865E-18,-0.992156741649222));
#12548=DIRECTION('ref_axis',(0.496078370824607,0.866025403784441,0.0624999999999995));
#12549=DIRECTION('',(0.85923294280422,-0.499999999999999,0.108253175473055));
#12550=DIRECTION('center_axis',(0.125,-4.7380177769198E-16,-0.992156741649222));
#12551=DIRECTION('ref_axis',(-0.496078370824616,-0.866025403784435,-0.0625000000000002));
#12552=DIRECTION('',(0.,1.,0.));
#12553=DIRECTION('center_axis',(0.125,-1.14611061320101E-17,-0.992156741649222));
#12554=DIRECTION('ref_axis',(0.701560760020115,0.707106781186546,0.0883883476483183));
#12555=DIRECTION('',(-0.992156741649221,-1.50156960219801E-16,-0.125));
#12556=DIRECTION('center_axis',(0.125,0.,-0.992156741649222));
#12557=DIRECTION('ref_axis',(0.,-1.,0.));
#12558=DIRECTION('',(-0.496078370824614,0.866025403784437,-0.0625000000000004));
#12559=DIRECTION('center_axis',(0.125,1.38777878078145E-17,-0.992156741649222));
#12560=DIRECTION('ref_axis',(-0.859232942804219,0.500000000000001,-0.108253175473055));
#12561=DIRECTION('',(0.49607837082461,0.866025403784439,0.0625000000000006));
#12562=DIRECTION('center_axis',(0.125,2.0014851092982E-33,-0.992156741649222));
#12563=DIRECTION('ref_axis',(0.85923294280422,-0.500000000000001,0.108253175473055));
#12564=DIRECTION('',(-0.992156741649221,-1.50156960219801E-16,-0.125));
#12565=DIRECTION('center_axis',(0.125,-1.14611061320101E-17,-0.992156741649222));
#12566=DIRECTION('ref_axis',(-0.701560760020116,0.707106781186546,-0.0883883476483183));
#12567=DIRECTION('',(-8.10311342759189E-17,-1.,1.34274585012221E-18));
#12568=DIRECTION('center_axis',(0.125,-1.14611061320101E-17,-0.992156741649222));
#12569=DIRECTION('ref_axis',(-0.701560760020114,-0.707106781186547,-0.0883883476483189));
#12570=DIRECTION('',(0.992156741649221,2.1332985346436E-16,0.125));
#12571=DIRECTION('center_axis',(0.125,1.54074395550979E-32,-0.992156741649222));
#12572=DIRECTION('ref_axis',(1.10151525861604E-15,1.,1.38777878078145E-16));
#12573=DIRECTION('',(0.496078370824611,-0.866025403784439,0.0625));
#12574=DIRECTION('center_axis',(0.125,1.29481522988559E-17,-0.992156741649222));
#12575=DIRECTION('ref_axis',(0.85923294280422,-0.5,0.108253175473055));
#12576=DIRECTION('',(-0.496078370824612,-0.866025403784438,-0.0625000000000002));
#12577=DIRECTION('center_axis',(0.125,6.00925839494864E-18,-0.992156741649222));
#12578=DIRECTION('ref_axis',(-0.85923294280422,0.5,-0.108253175473055));
#12579=DIRECTION('',(0.992156741649221,2.1332985346436E-16,0.125));
#12580=DIRECTION('center_axis',(0.125,-1.14611061320101E-17,-0.992156741649222));
#12581=DIRECTION('ref_axis',(0.701560760020111,-0.707106781186551,0.0883883476483185));
#12582=DIRECTION('',(2.89146778017572E-16,1.,2.81292663327071E-19));
#12583=DIRECTION('center_axis',(-0.125,-4.40936592527162E-34,0.992156741649222));
#12584=DIRECTION('ref_axis',(0.156656327627546,-0.987455949436718,0.0197368421051021));
#12585=DIRECTION('center_axis',(-0.125,2.78704287714127E-18,0.992156741649222));
#12586=DIRECTION('ref_axis',(-0.156656327627548,0.987455949436717,-0.0197368421051023));
#12587=DIRECTION('center_axis',(-0.125,-4.50548932874429E-19,0.992156741649222));
#12588=DIRECTION('ref_axis',(0.89992208804193,0.421052631575557,0.11337952591871));
#12589=DIRECTION('center_axis',(0.125,2.19122965384759E-18,-0.992156741649222));
#12590=DIRECTION('ref_axis',(-0.156656327627549,0.987455949436717,-0.0197368421051025));
#12591=DIRECTION('',(-1.98254111540207E-17,1.,1.57359322659434E-16));
#12592=DIRECTION('',(0.992156741649221,0.,0.125));
#12593=DIRECTION('',(0.,-1.,0.));
#12594=DIRECTION('',(-0.992156741649221,0.,-0.125));
#12595=DIRECTION('',(-3.96508223080413E-17,1.,3.14718645318868E-16));
#12596=DIRECTION('',(0.992156741649221,6.3441315692866E-16,0.125));
#12597=DIRECTION('',(0.,-1.,0.));
#12598=DIRECTION('',(-0.992156741649221,0.,-0.125));
#12599=DIRECTION('center_axis',(-0.125,0.,0.992156741649222));
#12600=DIRECTION('ref_axis',(0.,1.,0.));
#12601=DIRECTION('',(6.09611879483716E-16,1.,2.36660967275517E-16));
#12602=DIRECTION('',(0.992156741649221,6.34413156928661E-16,0.125));
#12603=DIRECTION('',(0.,-1.,0.));
#12604=DIRECTION('',(-0.992156741649221,0.,-0.125));
#12605=DIRECTION('',(-1.26878728685248E-15,1.,-7.99236279024482E-17));
#12606=DIRECTION('',(0.992156741649221,6.3441315692866E-16,0.125));
#12607=DIRECTION('',(0.,-1.,0.));
#12608=DIRECTION('',(-0.992156741649221,0.,-0.125));
#12609=DIRECTION('',(0.992156741649221,6.34413156928661E-16,0.125));
#12610=DIRECTION('',(0.,-1.,0.));
#12611=DIRECTION('',(-0.992156741649221,0.,-0.125));
#12612=DIRECTION('',(-1.67272028236445E-16,1.,5.88542501756964E-17));
#12613=DIRECTION('',(-0.992156741649221,0.,-0.125));
#12614=DIRECTION('',(-1.57359322659434E-16,1.,-1.98254111540207E-17));
#12615=DIRECTION('',(0.992156741649221,0.,0.125));
#12616=DIRECTION('',(9.91270557701033E-18,-1.,-7.8679661329717E-17));
#12617=DIRECTION('',(-3.96508223080413E-17,1.,3.14718645318868E-16));
#12618=DIRECTION('',(0.992156741649221,0.,0.125));
#12619=DIRECTION('',(0.,-1.,0.));
#12620=DIRECTION('',(-0.992156741649221,0.,-0.125));
#12621=DIRECTION('',(-1.26878728685248E-15,1.,-7.99236279024483E-17));
#12622=DIRECTION('',(0.992156741649221,3.1720657846433E-16,0.125));
#12623=DIRECTION('',(0.,-1.,0.));
#12624=DIRECTION('',(-0.992156741649221,0.,-0.125));
#12625=DIRECTION('',(6.09611879483715E-16,1.,2.36660967275517E-16));
#12626=DIRECTION('',(0.992156741649221,0.,0.125));
#12627=DIRECTION('',(0.,-1.,0.));
#12628=DIRECTION('',(-0.992156741649221,0.,-0.125));
#12629=DIRECTION('center_axis',(-0.125,6.46148774560169E-33,0.992156741649222));
#12630=DIRECTION('ref_axis',(0.609674177452759,-0.788921641251749,0.0768117263960888));
#12631=DIRECTION('center_axis',(-0.125,1.6526018315909E-18,0.992156741649222));
#12632=DIRECTION('ref_axis',(-0.609674177452757,0.788921641251751,-0.0768117263960885));
#12633=DIRECTION('center_axis',(-0.125,9.22805816053842E-18,0.992156741649222));
#12634=DIRECTION('ref_axis',(0.609674177452768,0.788921641251742,0.0768117263960899));
#12635=DIRECTION('center_axis',(0.125,-8.52781472061452E-18,-0.992156741649222));
#12636=DIRECTION('ref_axis',(-0.609674177452756,0.788921641251752,-0.0768117263960884));
#12637=DIRECTION('center_axis',(-0.125,-7.88822861657373E-17,0.992156741649222));
#12638=DIRECTION('ref_axis',(0.782733925000435,0.6144938111693,0.0986152051564114));
#12639=DIRECTION('center_axis',(-0.125,0.,0.992156741649222));
#12640=DIRECTION('ref_axis',(-0.782733925000616,-0.614493811169067,-0.0986152051564339));
#12641=DIRECTION('center_axis',(-0.125,-8.52781472061978E-18,0.992156741649222));
#12642=DIRECTION('ref_axis',(-0.782733925000601,0.614493811169085,-0.0986152051564321));
#12643=DIRECTION('center_axis',(0.125,-1.70556294412363E-17,-0.992156741649222));
#12644=DIRECTION('ref_axis',(-0.782733925000691,-0.61449381116897,-0.0986152051564434));
#12645=DIRECTION('center_axis',(-0.125,8.52781472061732E-18,0.992156741649222));
#12646=DIRECTION('ref_axis',(-0.609674177452937,0.78892164125161,-0.0768117263961112));
#12647=DIRECTION('center_axis',(-0.125,8.52781472061762E-18,0.992156741649222));
#12648=DIRECTION('ref_axis',(0.609674177452978,-0.788921641251578,0.0768117263961164));
#12649=DIRECTION('center_axis',(-0.125,-1.94763018548998E-17,0.992156741649222));
#12650=DIRECTION('ref_axis',(-0.609674177453007,-0.788921641251555,-0.07681172639612));
#12651=DIRECTION('center_axis',(0.125,-8.52781472061764E-18,-0.992156741649222));
#12652=DIRECTION('ref_axis',(0.609674177452981,-0.788921641251575,0.0768117263961167));
#12653=DIRECTION('',(-3.96508223080413E-17,1.,3.14718645318868E-16));
#12654=DIRECTION('',(0.992156741649221,6.3441315692866E-16,0.125));
#12655=DIRECTION('',(0.,-1.,0.));
#12656=DIRECTION('',(-0.992156741649221,0.,-0.125));
#12657=DIRECTION('',(-0.992156741649221,0.,-0.125));
#12658=DIRECTION('',(0.,1.,0.));
#12659=DIRECTION('',(0.992156741649221,0.,0.125));
#12660=DIRECTION('',(1.26878728685248E-15,-1.,7.99236279024482E-17));
#12661=DIRECTION('',(6.09611879483716E-16,1.,2.36660967275517E-16));
#12662=DIRECTION('',(0.992156741649221,6.34413156928661E-16,0.125));
#12663=DIRECTION('',(0.,-1.,0.));
#12664=DIRECTION('',(-0.992156741649221,0.,-0.125));
#12665=DIRECTION('',(-3.96508223080413E-17,1.,3.14718645318868E-16));
#12666=DIRECTION('',(0.992156741649221,0.,0.125));
#12667=DIRECTION('',(0.,-1.,0.));
#12668=DIRECTION('',(-0.992156741649221,0.,-0.125));
#12669=DIRECTION('',(6.09611879483716E-16,1.,2.36660967275517E-16));
#12670=DIRECTION('',(0.992156741649221,1.58603289232165E-16,0.125));
#12671=DIRECTION('',(0.,-1.,0.));
#12672=DIRECTION('',(-0.992156741649221,0.,-0.125));
#12673=DIRECTION('',(0.992156741649221,0.,0.125));
#12674=DIRECTION('',(0.,-1.,0.));
#12675=DIRECTION('',(-0.992156741649221,0.,-0.125));
#12676=DIRECTION('',(-3.96508223080413E-17,1.,3.14718645318868E-16));
#12677=DIRECTION('',(-0.992156741649221,0.,-0.125));
#12678=DIRECTION('',(-1.57359322659434E-16,1.,-1.98254111540207E-17));
#12679=DIRECTION('',(0.992156741649221,0.,0.125));
#12680=DIRECTION('',(9.91270557701033E-18,-1.,-7.8679661329717E-17));
#12681=DIRECTION('',(-1.98254111540206E-17,1.,1.57359322659434E-16));
#12682=DIRECTION('',(0.992156741649221,0.,0.125));
#12683=DIRECTION('',(0.,-1.,0.));
#12684=DIRECTION('',(-0.992156741649221,0.,-0.125));
#12685=DIRECTION('center_axis',(-0.125,0.,0.992156741649222));
#12686=DIRECTION('ref_axis',(0.,1.,0.));
#12687=DIRECTION('',(-0.992156741649221,0.,-0.125));
#12688=DIRECTION('',(-1.57359322659434E-16,1.,-1.98254111540207E-17));
#12689=DIRECTION('',(0.992156741649221,2.37904933848248E-16,0.125));
#12690=DIRECTION('',(9.91270557701033E-18,-1.,-7.8679661329717E-17));
#12691=DIRECTION('',(0.992156741649221,6.3441315692866E-16,0.125));
#12692=DIRECTION('',(0.,-1.,0.));
#12693=DIRECTION('',(-0.992156741649221,0.,-0.125));
#12694=DIRECTION('',(-3.96508223080413E-17,1.,3.14718645318868E-16));
#12695=DIRECTION('center_axis',(-0.125,0.,0.992156741649222));
#12696=DIRECTION('ref_axis',(0.,1.,0.));
#12697=DIRECTION('',(-0.992156741649221,0.,-0.125));
#12698=DIRECTION('',(-3.14718645318868E-16,1.,-3.96508223080413E-17));
#12699=DIRECTION('',(0.992156741649221,2.37904933848248E-16,0.125));
#12700=DIRECTION('',(-2.75067823010827E-16,-1.,-3.54369467626909E-16));
#12701=DIRECTION('',(-1.98254111540206E-17,1.,1.57359322659434E-16));
#12702=DIRECTION('',(0.992156741649221,3.1720657846433E-16,0.125));
#12703=DIRECTION('',(0.,-1.,0.));
#12704=DIRECTION('',(-0.992156741649221,0.,-0.125));
#12705=DIRECTION('center_axis',(-0.125,0.,0.992156741649222));
#12706=DIRECTION('ref_axis',(0.,1.,0.));
#12707=DIRECTION('center_axis',(-0.125,-1.56184685289012E-17,0.992156741649222));
#12708=DIRECTION('ref_axis',(-0.899922088041926,0.421052631575565,-0.11337952591871));
#12709=DIRECTION('center_axis',(-0.125,-5.84327907692727E-18,0.992156741649222));
#12710=DIRECTION('ref_axis',(0.899922088041936,-0.421052631575544,0.113379525918711));
#12711=DIRECTION('center_axis',(-0.125,-2.19122965384751E-18,0.992156741649222));
#12712=DIRECTION('ref_axis',(-0.156656327627543,-0.987455949436718,-0.0197368421051017));
#12713=DIRECTION('center_axis',(0.125,-5.84327907692714E-18,-0.992156741649222));
#12714=DIRECTION('ref_axis',(0.89992208804194,-0.421052631575534,0.113379525918712));
#12715=DIRECTION('center_axis',(0.125,0.,-0.992156741649222));
#12716=DIRECTION('ref_axis',(0.701560760020111,-0.707106781186551,0.0883883476483185));
#12717=DIRECTION('center_axis',(-0.125,1.14611061320101E-17,0.992156741649222));
#12718=DIRECTION('ref_axis',(0.701560760020111,-0.707106781186551,0.0883883476483185));
#12719=DIRECTION('',(-0.125,0.,0.992156741649221));
#12720=DIRECTION('',(0.125,0.,-0.992156741649221));
#12721=DIRECTION('center_axis',(2.11656652309705E-16,-1.,2.6666231683045E-17));
#12722=DIRECTION('ref_axis',(-0.992156741649221,-2.1332985346436E-16,-0.125));
#12723=DIRECTION('',(0.125,0.,-0.992156741649221));
#12724=DIRECTION('',(-0.992156741649221,-2.13329853464359E-16,-0.125));
#12725=DIRECTION('center_axis',(0.125,0.,-0.992156741649222));
#12726=DIRECTION('ref_axis',(-0.701560760020114,-0.707106781186547,-0.0883883476483189));
#12727=DIRECTION('center_axis',(-0.125,1.14611061320101E-17,0.992156741649222));
#12728=DIRECTION('ref_axis',(-0.701560760020114,-0.707106781186547,-0.0883883476483189));
#12729=DIRECTION('',(-0.125,0.,0.992156741649221));
#12730=DIRECTION('',(0.125,0.,-0.992156741649221));
#12731=DIRECTION('center_axis',(-0.992156741649222,8.0227742924071E-17,
-0.125));
#12732=DIRECTION('ref_axis',(8.10311342759189E-17,1.,-1.34274585012221E-18));
#12733=DIRECTION('',(-0.125,0.,0.992156741649221));
#12734=DIRECTION('',(8.10311342759189E-17,1.,-1.34274585012221E-18));
#12735=DIRECTION('center_axis',(0.125,0.,-0.992156741649222));
#12736=DIRECTION('ref_axis',(0.701560760020115,0.707106781186546,0.0883883476483183));
#12737=DIRECTION('center_axis',(-0.125,1.14611061320101E-17,0.992156741649222));
#12738=DIRECTION('ref_axis',(0.701560760020115,0.707106781186546,0.0883883476483183));
#12739=DIRECTION('',(-0.125,0.,0.992156741649221));
#12740=DIRECTION('',(0.125,0.,-0.992156741649221));
#12741=DIRECTION('center_axis',(0.992156741649222,0.,0.125));
#12742=DIRECTION('ref_axis',(0.,-1.,0.));
#12743=DIRECTION('',(0.125,0.,-0.992156741649221));
#12744=DIRECTION('',(0.,-1.,0.));
#12745=DIRECTION('center_axis',(0.125,0.,-0.992156741649222));
#12746=DIRECTION('ref_axis',(-0.701560760020116,0.707106781186546,-0.0883883476483183));
#12747=DIRECTION('center_axis',(-0.125,1.14611061320101E-17,0.992156741649222));
#12748=DIRECTION('ref_axis',(-0.701560760020116,0.707106781186546,-0.0883883476483183));
#12749=DIRECTION('',(0.125,0.,-0.992156741649221));
#12750=DIRECTION('center_axis',(0.125,0.,-0.992156741649222));
#12751=DIRECTION('ref_axis',(0.899922088041936,-0.421052631575544,0.113379525918711));
#12752=DIRECTION('',(0.125,0.,-0.992156741649221));
#12753=DIRECTION('center_axis',(-0.125,-5.84327907692727E-18,0.992156741649222));
#12754=DIRECTION('ref_axis',(0.899922088041936,-0.421052631575544,0.113379525918711));
#12755=DIRECTION('',(0.125,0.,-0.992156741649221));
#12756=DIRECTION('center_axis',(0.125,0.,-0.992156741649222));
#12757=DIRECTION('ref_axis',(-0.156656327627543,-0.987455949436718,-0.0197368421051017));
#12758=DIRECTION('center_axis',(-0.125,-2.19122965384751E-18,0.992156741649222));
#12759=DIRECTION('ref_axis',(-0.156656327627543,-0.987455949436718,-0.0197368421051017));
#12760=DIRECTION('',(0.125,0.,-0.992156741649221));
#12761=DIRECTION('center_axis',(0.125,0.,-0.992156741649222));
#12762=DIRECTION('ref_axis',(0.89992208804194,-0.421052631575534,0.113379525918712));
#12763=DIRECTION('center_axis',(0.125,-5.84327907692714E-18,-0.992156741649222));
#12764=DIRECTION('ref_axis',(0.89992208804194,-0.421052631575534,0.113379525918712));
#12765=DIRECTION('',(0.125,0.,-0.992156741649221));
#12766=DIRECTION('center_axis',(0.125,0.,-0.992156741649222));
#12767=DIRECTION('ref_axis',(-0.899922088041926,0.421052631575565,-0.11337952591871));
#12768=DIRECTION('center_axis',(-0.125,-1.56184685289012E-17,0.992156741649222));
#12769=DIRECTION('ref_axis',(-0.899922088041926,0.421052631575565,-0.11337952591871));
#12770=DIRECTION('center_axis',(0.125,0.,-0.992156741649222));
#12771=DIRECTION('ref_axis',(0.,1.,0.));
#12772=DIRECTION('center_axis',(-0.125,0.,0.992156741649222));
#12773=DIRECTION('ref_axis',(0.,1.,0.));
#12774=DIRECTION('',(-0.125,0.,0.992156741649222));
#12775=DIRECTION('center_axis',(-3.14718645318868E-16,1.,-3.96508223080413E-17));
#12776=DIRECTION('ref_axis',(0.992156741649221,3.1720657846433E-16,0.125));
#12777=DIRECTION('',(0.125,0.,-0.992156741649221));
#12778=DIRECTION('',(0.992156741649221,3.1720657846433E-16,0.125));
#12779=DIRECTION('',(0.125,0.,-0.992156741649221));
#12780=DIRECTION('center_axis',(0.992156741649222,0.,0.125));
#12781=DIRECTION('ref_axis',(0.,-1.,0.));
#12782=DIRECTION('',(0.,-1.,0.));
#12783=DIRECTION('',(0.125,0.,-0.992156741649221));
#12784=DIRECTION('center_axis',(0.,-1.,0.));
#12785=DIRECTION('ref_axis',(-0.992156741649221,0.,-0.125));
#12786=DIRECTION('',(-0.992156741649221,0.,-0.125));
#12787=DIRECTION('',(0.125,0.,-0.992156741649221));
#12788=DIRECTION('center_axis',(-0.992156741649222,0.,-0.125));
#12789=DIRECTION('ref_axis',(-1.98254111540206E-17,1.,1.57359322659434E-16));
#12790=DIRECTION('',(-1.98254111540206E-17,1.,1.57359322659434E-16));
#12791=DIRECTION('center_axis',(-0.992156741649222,-3.1720657846433E-16,
-0.125));
#12792=DIRECTION('ref_axis',(-3.14718645318868E-16,1.,-3.96508223080413E-17));
#12793=DIRECTION('',(0.125,0.,-0.992156741649221));
#12794=DIRECTION('',(-3.14718645318868E-16,1.,-3.96508223080413E-17));
#12795=DIRECTION('',(0.125,0.,-0.992156741649221));
#12796=DIRECTION('center_axis',(-2.36038983989151E-16,1.,-2.9738116731031E-17));
#12797=DIRECTION('ref_axis',(0.992156741649221,2.37904933848248E-16,0.125));
#12798=DIRECTION('',(0.992156741649221,2.37904933848248E-16,0.125));
#12799=DIRECTION('',(0.125,0.,-0.992156741649221));
#12800=DIRECTION('center_axis',(0.992156741649222,-3.1720657846433E-16,
0.125));
#12801=DIRECTION('ref_axis',(-2.75067823010827E-16,-1.,-3.54369467626909E-16));
#12802=DIRECTION('',(-2.75067823010827E-16,-1.,-3.5436946762691E-16));
#12803=DIRECTION('',(0.125,0.,-0.992156741649221));
#12804=DIRECTION('center_axis',(0.,-1.,0.));
#12805=DIRECTION('ref_axis',(-0.992156741649221,0.,-0.125));
#12806=DIRECTION('',(-0.992156741649221,0.,-0.125));
#12807=DIRECTION('center_axis',(0.125,0.,-0.992156741649222));
#12808=DIRECTION('ref_axis',(0.,1.,0.));
#12809=DIRECTION('center_axis',(-0.125,0.,0.992156741649222));
#12810=DIRECTION('ref_axis',(0.,1.,0.));
#12811=DIRECTION('',(-0.125,0.,0.992156741649222));
#12812=DIRECTION('center_axis',(0.992156741649222,0.,0.125));
#12813=DIRECTION('ref_axis',(0.,-1.,0.));
#12814=DIRECTION('',(0.125,0.,-0.992156741649221));
#12815=DIRECTION('',(0.,-1.,0.));
#12816=DIRECTION('',(0.125,0.,-0.992156741649221));
#12817=DIRECTION('center_axis',(0.,-1.,0.));
#12818=DIRECTION('ref_axis',(-0.992156741649221,0.,-0.125));
#12819=DIRECTION('',(-0.992156741649221,0.,-0.125));
#12820=DIRECTION('',(0.125,0.,-0.992156741649221));
#12821=DIRECTION('center_axis',(-0.992156741649222,0.,-0.125));
#12822=DIRECTION('ref_axis',(-3.96508223080413E-17,1.,3.14718645318868E-16));
#12823=DIRECTION('',(-3.96508223080413E-17,1.,3.14718645318868E-16));
#12824=DIRECTION('',(0.125,0.,-0.992156741649221));
#12825=DIRECTION('center_axis',(-6.29437290637736E-16,1.,-7.93016446160826E-17));
#12826=DIRECTION('ref_axis',(0.992156741649221,6.3441315692866E-16,0.125));
#12827=DIRECTION('',(0.992156741649221,6.3441315692866E-16,0.125));
#12828=DIRECTION('center_axis',(-0.992156741649222,-1.58603289232165E-16,
-0.125));
#12829=DIRECTION('ref_axis',(-1.57359322659434E-16,1.,-1.98254111540207E-17));
#12830=DIRECTION('',(0.125,0.,-0.992156741649221));
#12831=DIRECTION('',(-1.57359322659434E-16,1.,-1.98254111540207E-17));
#12832=DIRECTION('',(0.125,0.,-0.992156741649221));
#12833=DIRECTION('center_axis',(-2.36038983989151E-16,1.,-2.9738116731031E-17));
#12834=DIRECTION('ref_axis',(0.992156741649221,2.37904933848248E-16,0.125));
#12835=DIRECTION('',(0.992156741649221,2.37904933848248E-16,0.125));
#12836=DIRECTION('',(0.125,0.,-0.992156741649221));
#12837=DIRECTION('center_axis',(0.992156741649222,0.,0.125));
#12838=DIRECTION('ref_axis',(9.91270557701033E-18,-1.,-7.8679661329717E-17));
#12839=DIRECTION('',(9.91270557701033E-18,-1.,-7.8679661329717E-17));
#12840=DIRECTION('',(0.125,0.,-0.992156741649221));
#12841=DIRECTION('center_axis',(0.,-1.,0.));
#12842=DIRECTION('ref_axis',(-0.992156741649221,0.,-0.125));
#12843=DIRECTION('',(-0.992156741649221,0.,-0.125));
#12844=DIRECTION('center_axis',(0.125,0.,-0.992156741649222));
#12845=DIRECTION('ref_axis',(0.,1.,0.));
#12846=DIRECTION('center_axis',(-0.125,0.,0.992156741649222));
#12847=DIRECTION('ref_axis',(0.,1.,0.));
#12848=DIRECTION('',(-0.125,0.,0.992156741649221));
#12849=DIRECTION('center_axis',(0.,1.,0.));
#12850=DIRECTION('ref_axis',(0.992156741649221,0.,0.125));
#12851=DIRECTION('',(0.125,0.,-0.992156741649221));
#12852=DIRECTION('',(0.992156741649221,0.,0.125));
#12853=DIRECTION('',(0.125,0.,-0.992156741649221));
#12854=DIRECTION('center_axis',(0.992156741649222,0.,0.125));
#12855=DIRECTION('ref_axis',(0.,-1.,0.));
#12856=DIRECTION('',(0.,-1.,0.));
#12857=DIRECTION('',(0.125,0.,-0.992156741649221));
#12858=DIRECTION('center_axis',(0.,-1.,0.));
#12859=DIRECTION('ref_axis',(-0.992156741649221,0.,-0.125));
#12860=DIRECTION('',(-0.992156741649221,0.,-0.125));
#12861=DIRECTION('',(0.125,0.,-0.992156741649221));
#12862=DIRECTION('center_axis',(-0.992156741649222,0.,-0.125));
#12863=DIRECTION('ref_axis',(-1.98254111540206E-17,1.,1.57359322659434E-16));
#12864=DIRECTION('',(-1.98254111540206E-17,1.,1.57359322659434E-16));
#12865=DIRECTION('center_axis',(-0.992156741649222,-1.58603289232165E-16,
-0.125));
#12866=DIRECTION('ref_axis',(-1.57359322659434E-16,1.,-1.98254111540207E-17));
#12867=DIRECTION('',(0.125,0.,-0.992156741649221));
#12868=DIRECTION('',(-1.57359322659434E-16,1.,-1.98254111540207E-17));
#12869=DIRECTION('',(0.125,0.,-0.992156741649221));
#12870=DIRECTION('center_axis',(0.,1.,0.));
#12871=DIRECTION('ref_axis',(0.992156741649221,0.,0.125));
#12872=DIRECTION('',(0.992156741649221,0.,0.125));
#12873=DIRECTION('',(0.125,0.,-0.992156741649221));
#12874=DIRECTION('center_axis',(0.992156741649222,0.,0.125));
#12875=DIRECTION('ref_axis',(9.91270557701033E-18,-1.,-7.8679661329717E-17));
#12876=DIRECTION('',(9.91270557701033E-18,-1.,-7.8679661329717E-17));
#12877=DIRECTION('',(0.125,0.,-0.992156741649221));
#12878=DIRECTION('center_axis',(0.,-1.,0.));
#12879=DIRECTION('ref_axis',(-0.992156741649221,0.,-0.125));
#12880=DIRECTION('',(-0.992156741649221,0.,-0.125));
#12881=DIRECTION('center_axis',(0.992156741649222,0.,0.125));
#12882=DIRECTION('ref_axis',(0.,-1.,0.));
#12883=DIRECTION('',(0.125,0.,-0.992156741649221));
#12884=DIRECTION('',(0.,-1.,0.));
#12885=DIRECTION('',(0.125,0.,-0.992156741649221));
#12886=DIRECTION('center_axis',(0.,-1.,0.));
#12887=DIRECTION('ref_axis',(-0.992156741649221,0.,-0.125));
#12888=DIRECTION('',(-0.992156741649221,0.,-0.125));
#12889=DIRECTION('',(0.125,0.,-0.992156741649221));
#12890=DIRECTION('center_axis',(-0.992156741649222,0.,-0.125));
#12891=DIRECTION('ref_axis',(-3.96508223080413E-17,1.,3.14718645318868E-16));
#12892=DIRECTION('',(-3.96508223080413E-17,1.,3.14718645318868E-16));
#12893=DIRECTION('',(0.125,0.,-0.992156741649221));
#12894=DIRECTION('center_axis',(0.,1.,0.));
#12895=DIRECTION('ref_axis',(0.992156741649221,0.,0.125));
#12896=DIRECTION('',(0.992156741649221,0.,0.125));
#12897=DIRECTION('center_axis',(-1.57359322659434E-16,1.,-1.98254111540207E-17));
#12898=DIRECTION('ref_axis',(0.992156741649221,1.58603289232165E-16,0.125));
#12899=DIRECTION('',(0.125,0.,-0.992156741649221));
#12900=DIRECTION('',(0.992156741649221,1.58603289232165E-16,0.125));
#12901=DIRECTION('',(0.125,0.,-0.992156741649221));
#12902=DIRECTION('center_axis',(0.992156741649222,0.,0.125));
#12903=DIRECTION('ref_axis',(0.,-1.,0.));
#12904=DIRECTION('',(0.,-1.,0.));
#12905=DIRECTION('',(0.125,0.,-0.992156741649221));
#12906=DIRECTION('center_axis',(0.,-1.,0.));
#12907=DIRECTION('ref_axis',(-0.992156741649221,0.,-0.125));
#12908=DIRECTION('',(-0.992156741649221,0.,-0.125));
#12909=DIRECTION('',(0.125,0.,-0.992156741649221));
#12910=DIRECTION('center_axis',(-0.992156741649222,6.34413156928661E-16,
-0.125));
#12911=DIRECTION('ref_axis',(6.09611879483716E-16,1.,2.36660967275517E-16));
#12912=DIRECTION('',(6.09611879483716E-16,1.,2.36660967275517E-16));
#12913=DIRECTION('center_axis',(0.,1.,0.));
#12914=DIRECTION('ref_axis',(0.992156741649221,0.,0.125));
#12915=DIRECTION('',(0.125,0.,-0.992156741649221));
#12916=DIRECTION('',(0.992156741649221,0.,0.125));
#12917=DIRECTION('',(0.125,0.,-0.992156741649221));
#12918=DIRECTION('center_axis',(0.992156741649222,0.,0.125));
#12919=DIRECTION('ref_axis',(0.,-1.,0.));
#12920=DIRECTION('',(0.,-1.,0.));
#12921=DIRECTION('',(0.125,0.,-0.992156741649221));
#12922=DIRECTION('center_axis',(0.,-1.,0.));
#12923=DIRECTION('ref_axis',(-0.992156741649221,0.,-0.125));
#12924=DIRECTION('',(-0.992156741649221,0.,-0.125));
#12925=DIRECTION('',(0.125,0.,-0.992156741649221));
#12926=DIRECTION('center_axis',(-0.992156741649222,0.,-0.125));
#12927=DIRECTION('ref_axis',(-3.96508223080413E-17,1.,3.14718645318868E-16));
#12928=DIRECTION('',(-3.96508223080413E-17,1.,3.14718645318868E-16));
#12929=DIRECTION('center_axis',(-6.29437290637737E-16,1.,-7.93016446160827E-17));
#12930=DIRECTION('ref_axis',(0.992156741649221,6.34413156928661E-16,0.125));
#12931=DIRECTION('',(0.125,0.,-0.992156741649221));
#12932=DIRECTION('',(0.992156741649221,6.34413156928661E-16,0.125));
#12933=DIRECTION('',(0.125,0.,-0.992156741649221));
#12934=DIRECTION('center_axis',(0.992156741649222,0.,0.125));
#12935=DIRECTION('ref_axis',(0.,-1.,0.));
#12936=DIRECTION('',(0.,-1.,0.));
#12937=DIRECTION('',(0.125,0.,-0.992156741649221));
#12938=DIRECTION('center_axis',(0.,-1.,0.));
#12939=DIRECTION('ref_axis',(-0.992156741649221,0.,-0.125));
#12940=DIRECTION('',(-0.992156741649221,0.,-0.125));
#12941=DIRECTION('',(0.125,0.,-0.992156741649221));
#12942=DIRECTION('center_axis',(-0.992156741649222,6.34413156928661E-16,
-0.125));
#12943=DIRECTION('ref_axis',(6.09611879483716E-16,1.,2.36660967275517E-16));
#12944=DIRECTION('',(6.09611879483716E-16,1.,2.36660967275517E-16));
#12945=DIRECTION('center_axis',(-0.992156741649222,0.,-0.125));
#12946=DIRECTION('ref_axis',(0.,1.,0.));
#12947=DIRECTION('',(0.125,0.,-0.992156741649221));
#12948=DIRECTION('',(0.,1.,0.));
#12949=DIRECTION('',(0.125,0.,-0.992156741649221));
#12950=DIRECTION('center_axis',(0.,1.,0.));
#12951=DIRECTION('ref_axis',(0.992156741649221,0.,0.125));
#12952=DIRECTION('',(0.992156741649221,0.,0.125));
#12953=DIRECTION('',(0.125,0.,-0.992156741649221));
#12954=DIRECTION('center_axis',(0.992156741649222,1.26882631385732E-15,
0.125));
#12955=DIRECTION('ref_axis',(1.26878728685248E-15,-1.,7.99236279024482E-17));
#12956=DIRECTION('',(1.26878728685248E-15,-1.,7.99236279024483E-17));
#12957=DIRECTION('',(0.125,0.,-0.992156741649221));
#12958=DIRECTION('center_axis',(0.,-1.,0.));
#12959=DIRECTION('ref_axis',(-0.992156741649221,0.,-0.125));
#12960=DIRECTION('',(-0.992156741649221,0.,-0.125));
#12961=DIRECTION('center_axis',(-6.29437290637735E-16,1.,-7.93016446160825E-17));
#12962=DIRECTION('ref_axis',(0.992156741649221,6.3441315692866E-16,0.125));
#12963=DIRECTION('',(0.125,0.,-0.992156741649221));
#12964=DIRECTION('',(0.992156741649221,6.3441315692866E-16,0.125));
#12965=DIRECTION('',(0.125,0.,-0.992156741649221));
#12966=DIRECTION('center_axis',(0.992156741649222,0.,0.125));
#12967=DIRECTION('ref_axis',(0.,-1.,0.));
#12968=DIRECTION('',(0.,-1.,0.));
#12969=DIRECTION('',(0.125,0.,-0.992156741649221));
#12970=DIRECTION('center_axis',(0.,-1.,0.));
#12971=DIRECTION('ref_axis',(-0.992156741649221,0.,-0.125));
#12972=DIRECTION('',(-0.992156741649221,0.,-0.125));
#12973=DIRECTION('',(0.125,0.,-0.992156741649221));
#12974=DIRECTION('center_axis',(-0.992156741649222,0.,-0.125));
#12975=DIRECTION('ref_axis',(-3.96508223080413E-17,1.,3.14718645318868E-16));
#12976=DIRECTION('',(-3.96508223080413E-17,1.,3.14718645318868E-16));
#12977=DIRECTION('center_axis',(0.125,0.,-0.992156741649222));
#12978=DIRECTION('ref_axis',(0.609674177452978,-0.788921641251578,0.0768117263961164));
#12979=DIRECTION('',(0.125,0.,-0.992156741649221));
#12980=DIRECTION('center_axis',(-0.125,8.52781472061762E-18,0.992156741649222));
#12981=DIRECTION('ref_axis',(0.609674177452978,-0.788921641251578,0.0768117263961164));
#12982=DIRECTION('',(0.125,0.,-0.992156741649221));
#12983=DIRECTION('center_axis',(0.125,0.,-0.992156741649222));
#12984=DIRECTION('ref_axis',(-0.609674177453007,-0.788921641251555,-0.07681172639612));
#12985=DIRECTION('center_axis',(-0.125,-1.94763018548998E-17,0.992156741649222));
#12986=DIRECTION('ref_axis',(-0.609674177453007,-0.788921641251555,-0.07681172639612));
#12987=DIRECTION('',(0.125,0.,-0.992156741649221));
#12988=DIRECTION('center_axis',(0.125,0.,-0.992156741649222));
#12989=DIRECTION('ref_axis',(0.609674177452981,-0.788921641251575,0.0768117263961167));
#12990=DIRECTION('center_axis',(0.125,-8.52781472061764E-18,-0.992156741649222));
#12991=DIRECTION('ref_axis',(0.609674177452981,-0.788921641251575,0.0768117263961168));
#12992=DIRECTION('',(0.125,0.,-0.992156741649221));
#12993=DIRECTION('center_axis',(0.125,0.,-0.992156741649222));
#12994=DIRECTION('ref_axis',(-0.609674177452937,0.78892164125161,-0.0768117263961112));
#12995=DIRECTION('center_axis',(-0.125,8.52781472061732E-18,0.992156741649222));
#12996=DIRECTION('ref_axis',(-0.609674177452937,0.78892164125161,-0.0768117263961112));
#12997=DIRECTION('center_axis',(0.125,0.,-0.992156741649222));
#12998=DIRECTION('ref_axis',(-0.782733925000616,-0.614493811169067,-0.0986152051564339));
#12999=DIRECTION('',(0.125,0.,-0.992156741649221));
#13000=DIRECTION('center_axis',(-0.125,0.,0.992156741649222));
#13001=DIRECTION('ref_axis',(-0.782733925000616,-0.614493811169067,-0.0986152051564339));
#13002=DIRECTION('',(0.125,0.,-0.992156741649221));
#13003=DIRECTION('center_axis',(0.125,0.,-0.992156741649222));
#13004=DIRECTION('ref_axis',(-0.782733925000601,0.614493811169085,-0.0986152051564322));
#13005=DIRECTION('center_axis',(-0.125,-8.52781472061978E-18,0.992156741649222));
#13006=DIRECTION('ref_axis',(-0.782733925000602,0.614493811169085,-0.0986152051564322));
#13007=DIRECTION('',(0.125,0.,-0.992156741649221));
#13008=DIRECTION('center_axis',(0.125,0.,-0.992156741649222));
#13009=DIRECTION('ref_axis',(-0.782733925000691,-0.61449381116897,-0.0986152051564434));
#13010=DIRECTION('center_axis',(0.125,-1.70556294412363E-17,-0.992156741649222));
#13011=DIRECTION('ref_axis',(-0.782733925000691,-0.61449381116897,-0.0986152051564434));
#13012=DIRECTION('',(0.125,0.,-0.992156741649221));
#13013=DIRECTION('center_axis',(0.125,0.,-0.992156741649222));
#13014=DIRECTION('ref_axis',(0.782733925000435,0.6144938111693,0.0986152051564112));
#13015=DIRECTION('center_axis',(-0.125,-7.88822861657373E-17,0.992156741649222));
#13016=DIRECTION('ref_axis',(0.782733925000435,0.6144938111693,0.0986152051564114));
#13017=DIRECTION('center_axis',(0.125,0.,-0.992156741649222));
#13018=DIRECTION('ref_axis',(-0.609674177452757,0.788921641251751,-0.0768117263960885));
#13019=DIRECTION('',(0.125,0.,-0.992156741649221));
#13020=DIRECTION('center_axis',(-0.125,1.65260183159089E-18,0.992156741649222));
#13021=DIRECTION('ref_axis',(-0.609674177452757,0.788921641251751,-0.0768117263960885));
#13022=DIRECTION('',(0.125,0.,-0.992156741649221));
#13023=DIRECTION('center_axis',(0.125,0.,-0.992156741649222));
#13024=DIRECTION('ref_axis',(0.609674177452768,0.788921641251742,0.0768117263960899));
#13025=DIRECTION('center_axis',(-0.125,9.22805816053842E-18,0.992156741649222));
#13026=DIRECTION('ref_axis',(0.609674177452768,0.788921641251742,0.0768117263960899));
#13027=DIRECTION('',(0.125,0.,-0.992156741649221));
#13028=DIRECTION('center_axis',(0.125,0.,-0.992156741649222));
#13029=DIRECTION('ref_axis',(-0.609674177452756,0.788921641251752,-0.0768117263960884));
#13030=DIRECTION('center_axis',(0.125,-8.52781472061452E-18,-0.992156741649222));
#13031=DIRECTION('ref_axis',(-0.609674177452756,0.788921641251752,-0.0768117263960884));
#13032=DIRECTION('',(0.125,0.,-0.992156741649221));
#13033=DIRECTION('center_axis',(0.125,0.,-0.992156741649222));
#13034=DIRECTION('ref_axis',(0.609674177452759,-0.788921641251749,0.0768117263960888));
#13035=DIRECTION('center_axis',(-0.125,6.46148774560169E-33,0.992156741649222));
#13036=DIRECTION('ref_axis',(0.609674177452759,-0.788921641251749,0.0768117263960888));
#13037=DIRECTION('center_axis',(0.,1.,0.));
#13038=DIRECTION('ref_axis',(0.992156741649221,0.,0.125));
#13039=DIRECTION('',(0.125,0.,-0.992156741649221));
#13040=DIRECTION('',(0.992156741649221,0.,0.125));
#13041=DIRECTION('',(0.125,0.,-0.992156741649221));
#13042=DIRECTION('center_axis',(0.992156741649222,0.,0.125));
#13043=DIRECTION('ref_axis',(0.,-1.,0.));
#13044=DIRECTION('',(0.,-1.,0.));
#13045=DIRECTION('',(0.125,0.,-0.992156741649221));
#13046=DIRECTION('center_axis',(0.,-1.,0.));
#13047=DIRECTION('ref_axis',(-0.992156741649221,0.,-0.125));
#13048=DIRECTION('',(-0.992156741649221,0.,-0.125));
#13049=DIRECTION('',(0.125,0.,-0.992156741649221));
#13050=DIRECTION('center_axis',(-0.992156741649222,6.34413156928661E-16,
-0.125));
#13051=DIRECTION('ref_axis',(6.09611879483715E-16,1.,2.36660967275517E-16));
#13052=DIRECTION('',(6.09611879483716E-16,1.,2.36660967275517E-16));
#13053=DIRECTION('center_axis',(-3.14718645318868E-16,1.,-3.96508223080413E-17));
#13054=DIRECTION('ref_axis',(0.992156741649221,3.1720657846433E-16,0.125));
#13055=DIRECTION('',(0.125,0.,-0.992156741649221));
#13056=DIRECTION('',(0.992156741649221,3.1720657846433E-16,0.125));
#13057=DIRECTION('',(0.125,0.,-0.992156741649221));
#13058=DIRECTION('center_axis',(0.992156741649222,0.,0.125));
#13059=DIRECTION('ref_axis',(0.,-1.,0.));
#13060=DIRECTION('',(0.,-1.,0.));
#13061=DIRECTION('',(0.125,0.,-0.992156741649221));
#13062=DIRECTION('center_axis',(0.,-1.,0.));
#13063=DIRECTION('ref_axis',(-0.992156741649221,0.,-0.125));
#13064=DIRECTION('',(-0.992156741649221,0.,-0.125));
#13065=DIRECTION('',(0.125,0.,-0.992156741649221));
#13066=DIRECTION('center_axis',(-0.992156741649222,-1.26882631385732E-15,
-0.125));
#13067=DIRECTION('ref_axis',(-1.26878728685248E-15,1.,-7.99236279024483E-17));
#13068=DIRECTION('',(-1.26878728685248E-15,1.,-7.99236279024483E-17));
#13069=DIRECTION('center_axis',(0.,1.,0.));
#13070=DIRECTION('ref_axis',(0.992156741649221,0.,0.125));
#13071=DIRECTION('',(0.125,0.,-0.992156741649221));
#13072=DIRECTION('',(0.992156741649221,0.,0.125));
#13073=DIRECTION('',(0.125,0.,-0.992156741649221));
#13074=DIRECTION('center_axis',(0.992156741649222,0.,0.125));
#13075=DIRECTION('ref_axis',(0.,-1.,0.));
#13076=DIRECTION('',(0.,-1.,0.));
#13077=DIRECTION('',(0.125,0.,-0.992156741649221));
#13078=DIRECTION('center_axis',(0.,-1.,0.));
#13079=DIRECTION('ref_axis',(-0.992156741649221,0.,-0.125));
#13080=DIRECTION('',(-0.992156741649221,0.,-0.125));
#13081=DIRECTION('',(0.125,0.,-0.992156741649221));
#13082=DIRECTION('center_axis',(-0.992156741649222,0.,-0.125));
#13083=DIRECTION('ref_axis',(-3.96508223080413E-17,1.,3.14718645318868E-16));
#13084=DIRECTION('',(-3.96508223080413E-17,1.,3.14718645318868E-16));
#13085=DIRECTION('center_axis',(-0.992156741649222,-1.58603289232165E-16,
-0.125));
#13086=DIRECTION('ref_axis',(-1.57359322659434E-16,1.,-1.98254111540207E-17));
#13087=DIRECTION('',(0.125,0.,-0.992156741649221));
#13088=DIRECTION('',(-1.57359322659434E-16,1.,-1.98254111540207E-17));
#13089=DIRECTION('',(0.125,0.,-0.992156741649221));
#13090=DIRECTION('center_axis',(0.,1.,0.));
#13091=DIRECTION('ref_axis',(0.992156741649221,0.,0.125));
#13092=DIRECTION('',(0.992156741649221,0.,0.125));
#13093=DIRECTION('',(0.125,0.,-0.992156741649221));
#13094=DIRECTION('center_axis',(0.992156741649222,0.,0.125));
#13095=DIRECTION('ref_axis',(9.91270557701033E-18,-1.,-7.8679661329717E-17));
#13096=DIRECTION('',(9.91270557701033E-18,-1.,-7.8679661329717E-17));
#13097=DIRECTION('',(0.125,0.,-0.992156741649221));
#13098=DIRECTION('center_axis',(0.,-1.,0.));
#13099=DIRECTION('ref_axis',(-0.992156741649221,0.,-0.125));
#13100=DIRECTION('',(-0.992156741649221,0.,-0.125));
#13101=DIRECTION('center_axis',(0.992156741649222,0.,0.125));
#13102=DIRECTION('ref_axis',(0.,-1.,0.));
#13103=DIRECTION('',(0.125,0.,-0.992156741649221));
#13104=DIRECTION('',(0.,-1.,0.));
#13105=DIRECTION('',(0.125,0.,-0.992156741649221));
#13106=DIRECTION('center_axis',(0.,-1.,0.));
#13107=DIRECTION('ref_axis',(-0.992156741649221,0.,-0.125));
#13108=DIRECTION('',(-0.992156741649221,0.,-0.125));
#13109=DIRECTION('',(0.125,0.,-0.992156741649221));
#13110=DIRECTION('center_axis',(-0.992156741649222,-1.58603289232165E-16,
-0.125));
#13111=DIRECTION('ref_axis',(-1.67272028236445E-16,1.,5.88542501756964E-17));
#13112=DIRECTION('',(-1.67272028236445E-16,1.,5.88542501756964E-17));
#13113=DIRECTION('',(0.125,0.,-0.992156741649221));
#13114=DIRECTION('center_axis',(-6.29437290637736E-16,1.,-7.93016446160826E-17));
#13115=DIRECTION('ref_axis',(0.992156741649221,6.34413156928661E-16,0.125));
#13116=DIRECTION('',(0.992156741649221,6.3441315692866E-16,0.125));
#13117=DIRECTION('center_axis',(-6.29437290637735E-16,1.,-7.93016446160825E-17));
#13118=DIRECTION('ref_axis',(0.992156741649221,6.3441315692866E-16,0.125));
#13119=DIRECTION('',(0.125,0.,-0.992156741649221));
#13120=DIRECTION('',(0.992156741649221,6.3441315692866E-16,0.125));
#13121=DIRECTION('',(0.125,0.,-0.992156741649221));
#13122=DIRECTION('center_axis',(0.992156741649222,0.,0.125));
#13123=DIRECTION('ref_axis',(0.,-1.,0.));
#13124=DIRECTION('',(0.,-1.,0.));
#13125=DIRECTION('',(0.125,0.,-0.992156741649221));
#13126=DIRECTION('center_axis',(0.,-1.,0.));
#13127=DIRECTION('ref_axis',(-0.992156741649221,0.,-0.125));
#13128=DIRECTION('',(-0.992156741649221,0.,-0.125));
#13129=DIRECTION('',(0.125,0.,-0.992156741649221));
#13130=DIRECTION('center_axis',(-0.992156741649222,-1.26882631385732E-15,
-0.125));
#13131=DIRECTION('ref_axis',(-1.26878728685248E-15,1.,-7.99236279024482E-17));
#13132=DIRECTION('',(-1.26878728685248E-15,1.,-7.99236279024483E-17));
#13133=DIRECTION('center_axis',(-6.29437290637737E-16,1.,-7.93016446160827E-17));
#13134=DIRECTION('ref_axis',(0.992156741649221,6.34413156928661E-16,0.125));
#13135=DIRECTION('',(0.125,0.,-0.992156741649221));
#13136=DIRECTION('',(0.992156741649221,6.34413156928661E-16,0.125));
#13137=DIRECTION('',(0.125,0.,-0.992156741649221));
#13138=DIRECTION('center_axis',(0.992156741649222,0.,0.125));
#13139=DIRECTION('ref_axis',(0.,-1.,0.));
#13140=DIRECTION('',(0.,-1.,0.));
#13141=DIRECTION('',(0.125,0.,-0.992156741649221));
#13142=DIRECTION('center_axis',(0.,-1.,0.));
#13143=DIRECTION('ref_axis',(-0.992156741649221,0.,-0.125));
#13144=DIRECTION('',(-0.992156741649221,0.,-0.125));
#13145=DIRECTION('',(0.125,0.,-0.992156741649221));
#13146=DIRECTION('center_axis',(-0.992156741649222,6.34413156928661E-16,
-0.125));
#13147=DIRECTION('ref_axis',(6.09611879483716E-16,1.,2.36660967275517E-16));
#13148=DIRECTION('',(6.09611879483716E-16,1.,2.36660967275517E-16));
#13149=DIRECTION('center_axis',(0.125,0.,-0.992156741649222));
#13150=DIRECTION('ref_axis',(0.,1.,0.));
#13151=DIRECTION('center_axis',(-0.125,0.,0.992156741649222));
#13152=DIRECTION('ref_axis',(0.,1.,0.));
#13153=DIRECTION('',(-0.125,0.,0.992156741649222));
#13154=DIRECTION('center_axis',(-6.29437290637735E-16,1.,-7.93016446160825E-17));
#13155=DIRECTION('ref_axis',(0.992156741649221,6.3441315692866E-16,0.125));
#13156=DIRECTION('',(0.125,0.,-0.992156741649221));
#13157=DIRECTION('',(0.992156741649221,6.3441315692866E-16,0.125));
#13158=DIRECTION('',(0.125,0.,-0.992156741649221));
#13159=DIRECTION('center_axis',(0.992156741649222,0.,0.125));
#13160=DIRECTION('ref_axis',(0.,-1.,0.));
#13161=DIRECTION('',(0.,-1.,0.));
#13162=DIRECTION('',(0.125,0.,-0.992156741649221));
#13163=DIRECTION('center_axis',(0.,-1.,0.));
#13164=DIRECTION('ref_axis',(-0.992156741649221,0.,-0.125));
#13165=DIRECTION('',(-0.992156741649221,0.,-0.125));
#13166=DIRECTION('',(0.125,0.,-0.992156741649221));
#13167=DIRECTION('center_axis',(-0.992156741649222,0.,-0.125));
#13168=DIRECTION('ref_axis',(-3.96508223080413E-17,1.,3.14718645318868E-16));
#13169=DIRECTION('',(-3.96508223080413E-17,1.,3.14718645318868E-16));
#13170=DIRECTION('center_axis',(0.,1.,0.));
#13171=DIRECTION('ref_axis',(0.992156741649221,0.,0.125));
#13172=DIRECTION('',(0.125,0.,-0.992156741649221));
#13173=DIRECTION('',(0.992156741649221,0.,0.125));
#13174=DIRECTION('',(0.125,0.,-0.992156741649221));
#13175=DIRECTION('center_axis',(0.992156741649222,0.,0.125));
#13176=DIRECTION('ref_axis',(0.,-1.,0.));
#13177=DIRECTION('',(0.,-1.,0.));
#13178=DIRECTION('',(0.125,0.,-0.992156741649221));
#13179=DIRECTION('center_axis',(0.,-1.,0.));
#13180=DIRECTION('ref_axis',(-0.992156741649221,0.,-0.125));
#13181=DIRECTION('',(-0.992156741649221,0.,-0.125));
#13182=DIRECTION('',(0.125,0.,-0.992156741649221));
#13183=DIRECTION('center_axis',(-0.992156741649222,0.,-0.125));
#13184=DIRECTION('ref_axis',(-1.98254111540207E-17,1.,1.57359322659434E-16));
#13185=DIRECTION('',(-1.98254111540207E-17,1.,1.57359322659434E-16));
#13186=DIRECTION('center_axis',(0.125,0.,-0.992156741649222));
#13187=DIRECTION('ref_axis',(-0.156656327627548,0.987455949436717,-0.0197368421051023));
#13188=DIRECTION('',(0.125,0.,-0.992156741649221));
#13189=DIRECTION('center_axis',(-0.125,2.78704287714127E-18,0.992156741649222));
#13190=DIRECTION('ref_axis',(-0.156656327627548,0.987455949436717,-0.0197368421051023));
#13191=DIRECTION('',(0.125,0.,-0.992156741649221));
#13192=DIRECTION('center_axis',(0.125,0.,-0.992156741649222));
#13193=DIRECTION('ref_axis',(0.89992208804193,0.421052631575557,0.113379525918711));
#13194=DIRECTION('center_axis',(-0.125,-4.50548932874429E-19,0.992156741649222));
#13195=DIRECTION('ref_axis',(0.89992208804193,0.421052631575557,0.11337952591871));
#13196=DIRECTION('',(0.125,0.,-0.992156741649221));
#13197=DIRECTION('center_axis',(0.125,0.,-0.992156741649222));
#13198=DIRECTION('ref_axis',(-0.156656327627549,0.987455949436717,-0.0197368421051025));
#13199=DIRECTION('center_axis',(0.125,2.19122965384759E-18,-0.992156741649222));
#13200=DIRECTION('ref_axis',(-0.156656327627549,0.987455949436717,-0.0197368421051025));
#13201=DIRECTION('',(0.125,0.,-0.992156741649221));
#13202=DIRECTION('center_axis',(0.125,0.,-0.992156741649222));
#13203=DIRECTION('ref_axis',(0.156656327627546,-0.987455949436718,0.0197368421051021));
#13204=DIRECTION('center_axis',(-0.125,-4.40936592527162E-34,0.992156741649222));
#13205=DIRECTION('ref_axis',(0.156656327627546,-0.987455949436718,0.0197368421051021));
#13206=DIRECTION('center_axis',(0.85923294280422,-0.500000000000001,0.108253175473055));
#13207=DIRECTION('ref_axis',(-0.496078370824612,-0.866025403784438,-0.0625000000000002));
#13208=DIRECTION('',(0.125,0.,-0.992156741649221));
#13209=DIRECTION('',(-0.496078370824612,-0.866025403784438,-0.0625000000000002));
#13210=DIRECTION('',(0.125,0.,-0.992156741649221));
#13211=DIRECTION('center_axis',(0.125,0.,-0.992156741649222));
#13212=DIRECTION('ref_axis',(-0.85923294280422,0.5,-0.108253175473055));
#13213=DIRECTION('center_axis',(-0.125,-6.00925839494863E-18,0.992156741649222));
#13214=DIRECTION('ref_axis',(-0.85923294280422,0.5,-0.108253175473055));
#13215=DIRECTION('center_axis',(0.992156741649222,-2.86914086719201E-16,
0.125));
#13216=DIRECTION('ref_axis',(-2.89146778017572E-16,-1.,-2.81292663327071E-19));
#13217=DIRECTION('',(-2.89146778017572E-16,-1.,-2.81292663327071E-19));
#13218=DIRECTION('center_axis',(0.992156741649222,0.,0.125));
#13219=DIRECTION('ref_axis',(0.,-1.,0.));
#13220=DIRECTION('',(0.,-1.,0.));
#13221=DIRECTION('',(0.125,0.,-0.992156741649221));
#13222=DIRECTION('center_axis',(0.125,0.,-0.992156741649222));
#13223=DIRECTION('ref_axis',(-0.992156741649222,0.,-0.125));
#13224=DIRECTION('center_axis',(-0.125,0.,0.992156741649222));
#13225=DIRECTION('ref_axis',(-0.992156741649222,0.,-0.125));
#13226=DIRECTION('',(0.125,0.,-0.992156741649221));
#13227=DIRECTION('center_axis',(0.496078370824612,-0.866025403784438,0.0625000000000002));
#13228=DIRECTION('ref_axis',(-0.859232942804219,-0.500000000000001,-0.108253175473055));
#13229=DIRECTION('',(-0.859232942804219,-0.500000000000001,-0.108253175473055));
#13230=DIRECTION('',(0.125,0.,-0.992156741649221));
#13231=DIRECTION('center_axis',(0.125,0.,-0.992156741649222));
#13232=DIRECTION('ref_axis',(0.496078370824607,0.866025403784441,0.0624999999999995));
#13233=DIRECTION('center_axis',(0.125,6.00925839494865E-18,-0.992156741649222));
#13234=DIRECTION('ref_axis',(0.496078370824607,0.866025403784441,0.0624999999999996));
#13235=DIRECTION('',(0.125,0.,-0.992156741649221));
#13236=DIRECTION('center_axis',(0.49607837082461,0.866025403784439,0.0625));
#13237=DIRECTION('ref_axis',(0.85923294280422,-0.499999999999999,0.108253175473055));
#13238=DIRECTION('',(0.85923294280422,-0.499999999999999,0.108253175473055));
#13239=DIRECTION('',(0.125,0.,-0.992156741649221));
#13240=DIRECTION('center_axis',(0.125,0.,-0.992156741649222));
#13241=DIRECTION('ref_axis',(-0.496078370824616,-0.866025403784435,-0.0625000000000007));
#13242=DIRECTION('center_axis',(-0.125,4.7380177769198E-16,0.992156741649222));
#13243=DIRECTION('ref_axis',(-0.496078370824616,-0.866025403784435,-0.0625000000000002));
#13244=DIRECTION('center_axis',(-1.4897924038763E-16,1.,-1.87696200274752E-17));
#13245=DIRECTION('ref_axis',(0.992156741649221,1.50156960219801E-16,0.125));
#13246=DIRECTION('',(0.992156741649221,1.50156960219801E-16,0.125));
#13247=DIRECTION('',(0.125,0.,-0.992156741649221));
#13248=DIRECTION('center_axis',(0.125,0.,-0.992156741649222));
#13249=DIRECTION('ref_axis',(0.,-1.,0.));
#13250=DIRECTION('center_axis',(-0.125,0.,0.992156741649222));
#13251=DIRECTION('ref_axis',(0.,-1.,0.));
#13252=DIRECTION('',(0.125,0.,-0.992156741649221));
#13253=DIRECTION('center_axis',(0.859232942804218,0.500000000000003,0.108253175473055));
#13254=DIRECTION('ref_axis',(0.496078370824614,-0.866025403784437,0.0625000000000004));
#13255=DIRECTION('',(0.496078370824614,-0.866025403784437,0.0625000000000004));
#13256=DIRECTION('',(0.125,0.,-0.992156741649221));
#13257=DIRECTION('center_axis',(0.125,0.,-0.992156741649222));
#13258=DIRECTION('ref_axis',(-0.859232942804219,0.500000000000001,-0.108253175473055));
#13259=DIRECTION('center_axis',(0.125,1.38777878078145E-17,-0.992156741649222));
#13260=DIRECTION('ref_axis',(-0.859232942804219,0.500000000000001,-0.108253175473055));
#13261=DIRECTION('',(0.125,0.,-0.992156741649221));
#13262=DIRECTION('center_axis',(-0.85923294280422,0.5,-0.108253175473055));
#13263=DIRECTION('ref_axis',(0.49607837082461,0.866025403784439,0.0625000000000006));
#13264=DIRECTION('',(0.49607837082461,0.866025403784439,0.0625000000000006));
#13265=DIRECTION('',(0.125,0.,-0.992156741649221));
#13266=DIRECTION('center_axis',(0.125,0.,-0.992156741649222));
#13267=DIRECTION('ref_axis',(0.85923294280422,-0.500000000000001,0.108253175473055));
#13268=DIRECTION('center_axis',(-0.125,-2.0014851092982E-33,0.992156741649222));
#13269=DIRECTION('ref_axis',(0.85923294280422,-0.500000000000001,0.108253175473055));
#13270=DIRECTION('',(0.125,0.,-0.992156741649221));
#13271=DIRECTION('center_axis',(-1.4897924038763E-16,1.,-1.87696200274752E-17));
#13272=DIRECTION('ref_axis',(0.992156741649221,1.50156960219801E-16,0.125));
#13273=DIRECTION('',(0.992156741649221,1.50156960219801E-16,0.125));
#13274=DIRECTION('center_axis',(2.11656652309705E-16,-1.,2.6666231683045E-17));
#13275=DIRECTION('ref_axis',(-0.992156741649221,-2.1332985346436E-16,-0.125));
#13276=DIRECTION('',(-0.992156741649221,-2.13329853464359E-16,-0.125));
#13277=DIRECTION('',(0.125,0.,-0.992156741649221));
#13278=DIRECTION('center_axis',(0.125,0.,-0.992156741649222));
#13279=DIRECTION('ref_axis',(1.10151525861604E-15,1.,1.38777878078145E-16));
#13280=DIRECTION('center_axis',(-0.125,-1.54074395550979E-32,0.992156741649222));
#13281=DIRECTION('ref_axis',(1.10151525861604E-15,1.,1.38777878078145E-16));
#13282=DIRECTION('',(0.125,0.,-0.992156741649221));
#13283=DIRECTION('center_axis',(-0.85923294280422,-0.5,-0.108253175473055));
#13284=DIRECTION('ref_axis',(-0.496078370824611,0.866025403784439,-0.0625));
#13285=DIRECTION('',(-0.496078370824611,0.866025403784439,-0.0625));
#13286=DIRECTION('',(0.125,0.,-0.992156741649221));
#13287=DIRECTION('center_axis',(0.125,0.,-0.992156741649222));
#13288=DIRECTION('ref_axis',(0.85923294280422,-0.5,0.108253175473055));
#13289=DIRECTION('center_axis',(0.125,1.29481522988559E-17,-0.992156741649222));
#13290=DIRECTION('ref_axis',(0.85923294280422,-0.5,0.108253175473055));
#13291=DIRECTION('center_axis',(0.125,-1.14611061320101E-17,-0.992156741649222));
#13292=DIRECTION('ref_axis',(1.43263826650127E-18,1.,-1.13712137156311E-17));
#13293=DIRECTION('axis',(0.,0.,1.));
#13294=DIRECTION('refdir',(1.,0.,0.));
#13295=DIRECTION('center_axis',(-0.130714285714286,-4.43549664378903E-17,
-0.991420080243589));
#13296=DIRECTION('ref_axis',(3.36689689758888E-16,-1.,3.47798214464366E-19));
#13297=DIRECTION('center_axis',(-0.130714285714286,-3.77630239181021E-17,
-0.991420080243589));
#13298=DIRECTION('ref_axis',(3.36689689758888E-16,-1.,3.47798214464366E-19));
#13299=DIRECTION('',(-0.130714285714286,-4.43549664378903E-17,-0.991420080243589));
#13300=DIRECTION('center_axis',(0.130714285714286,3.77630239181021E-17,
0.991420080243589));
#13301=DIRECTION('ref_axis',(3.36689689758888E-16,-1.,3.47798214464366E-19));
#13302=DIRECTION('center_axis',(-0.130714285714286,-4.43549664378903E-17,
-0.991420080243589));
#13303=DIRECTION('ref_axis',(3.36689689758888E-16,-1.,3.47798214464366E-19));
#13304=DIRECTION('center_axis',(-0.130714285714286,-3.77630239181021E-17,
-0.991420080243589));
#13305=DIRECTION('ref_axis',(3.36689689758888E-16,-1.,3.47798214464366E-19));
#13306=DIRECTION('',(-0.130714285714286,-4.43549664378903E-17,-0.991420080243589));
#13307=DIRECTION('center_axis',(0.130714285714286,3.77630239181021E-17,
0.991420080243589));
#13308=DIRECTION('ref_axis',(3.36689689758888E-16,-1.,3.47798214464366E-19));
#13309=DIRECTION('center_axis',(-0.130714285714286,0.,-0.991420080243589));
#13310=DIRECTION('ref_axis',(3.30891862003078E-16,-1.,-4.36266061705905E-17));
#13311=DIRECTION('center_axis',(-0.130714285714286,-3.77630239181021E-17,
-0.991420080243589));
#13312=DIRECTION('ref_axis',(3.30891862003078E-16,-1.,-4.36266061705905E-17));
#13313=DIRECTION('',(-0.130714285714286,0.,-0.991420080243589));
#13314=DIRECTION('center_axis',(0.130714285714286,3.77630239181021E-17,
0.991420080243589));
#13315=DIRECTION('ref_axis',(3.30891862003078E-16,-1.,-4.36266061705905E-17));
#13316=DIRECTION('center_axis',(-0.130714285714286,0.,-0.991420080243589));
#13317=DIRECTION('ref_axis',(3.30891862003078E-16,-1.,-4.36266061705905E-17));
#13318=DIRECTION('center_axis',(-0.130714285714286,-3.77630239181021E-17,
-0.991420080243589));
#13319=DIRECTION('ref_axis',(3.30891862003078E-16,-1.,-4.36266061705905E-17));
#13320=DIRECTION('',(-0.130714285714286,0.,-0.991420080243589));
#13321=DIRECTION('center_axis',(0.130714285714286,3.77630239181021E-17,
0.991420080243589));
#13322=DIRECTION('ref_axis',(3.30891862003078E-16,-1.,-4.36266061705905E-17));
#13323=DIRECTION('center_axis',(-0.130714285714291,3.46944695195361E-18,
-0.991420080243588));
#13324=DIRECTION('ref_axis',(0.831474841770388,0.544639035015026,-0.109626224238585));
#13325=DIRECTION('center_axis',(0.130714285714286,3.77630239181021E-17,
0.991420080243589));
#13326=DIRECTION('ref_axis',(0.831474841770388,0.544639035015026,-0.109626224238585));
#13327=DIRECTION('',(0.130714285714291,-7.58157400269709E-20,0.991420080243588));
#13328=DIRECTION('center_axis',(-0.130714285714286,-3.77630239181021E-17,
-0.991420080243589));
#13329=DIRECTION('ref_axis',(0.831474841770388,0.544639035015026,-0.109626224238585));
#13330=DIRECTION('',(-0.130714285714291,3.46944695195361E-18,-0.991420080243588));
#13331=DIRECTION('center_axis',(0.969755172809583,-0.207911690817761,-0.127857864953067));
#13332=DIRECTION('ref_axis',(-0.206127825194125,-0.978147600733805,0.0271770281568931));
#13333=DIRECTION('',(0.206127825194125,0.978147600733805,-0.0271770281568931));
#13334=DIRECTION('',(0.130714285714291,3.15033018402115E-33,0.991420080243588));
#13335=DIRECTION('',(-0.206127825194125,-0.978147600733805,0.0271770281568931));
#13336=DIRECTION('center_axis',(-0.130714285714286,-3.77630239181021E-17,
-0.991420080243589));
#13337=DIRECTION('ref_axis',(3.35828028700944E-16,-1.,-6.18758596746517E-18));
#13338=DIRECTION('',(-0.969755172809583,0.20791169081776,0.127857864953062));
#13339=DIRECTION('center_axis',(-0.130714285714286,-4.73977895298332E-17,
-0.991420080243589));
#13340=DIRECTION('ref_axis',(-0.206127825194122,-0.978147600733806,0.0271770281568926));
#13341=DIRECTION('',(-0.306365653359824,0.95105651629516,0.040392935693294));
#13342=DIRECTION('center_axis',(-0.130714285714286,-4.40041583179065E-17,
-0.991420080243589));
#13343=DIRECTION('ref_axis',(-0.736768702507411,0.669130606358853,0.0971396450445456));
#13344=DIRECTION('',(0.66338951944973,0.743144825477403,-0.0874649292597637));
#13345=DIRECTION('center_axis',(-0.130714285714286,-5.43173645163571E-17,
-0.991420080243589));
#13346=DIRECTION('ref_axis',(0.736768702507404,-0.66913060635886,-0.0971396450445448));
#13347=DIRECTION('',(-0.969755172809583,0.20791169081776,0.127857864953062));
#13348=DIRECTION('center_axis',(-0.130714285714286,-3.77630239181021E-17,
-0.991420080243589));
#13349=DIRECTION('ref_axis',(-0.539966075798386,0.838670567945426,0.0711921024341095));
#13350=DIRECTION('',(0.206127825194121,0.978147600733806,-0.0271770281568926));
#13351=DIRECTION('',(-0.991420080243589,-4.45976281701154E-17,0.130714285714286));
#13352=DIRECTION('center_axis',(-0.130714285714286,-3.77630239181021E-17,
-0.991420080243589));
#13353=DIRECTION('ref_axis',(-0.701039861744754,0.707106781186546,0.0924289578265307));
#13354=DIRECTION('',(3.25898321088969E-16,-1.,-8.15007888332754E-17));
#13355=DIRECTION('center_axis',(-0.130714285714286,-4.40041583179065E-17,
-0.991420080243589));
#13356=DIRECTION('ref_axis',(0.991420080243589,1.44539798813846E-15,-0.130714285714286));
#13357=DIRECTION('',(-0.858594975312954,-0.500000000000001,0.113201892066109));
#13358=DIRECTION('center_axis',(-0.130714285714286,-3.70652644139993E-17,
-0.991420080243589));
#13359=DIRECTION('ref_axis',(-0.495710040121793,-0.86602540378444,0.0653571428571426));
#13360=DIRECTION('',(-0.858594975312955,0.499999999999999,0.113201892066109));
#13361=DIRECTION('center_axis',(-0.130714285714286,-3.01263780723773E-17,
-0.991420080243589));
#13362=DIRECTION('ref_axis',(0.495710040121787,0.866025403784443,-0.0653571428571418));
#13363=DIRECTION('',(3.25898321088969E-16,-1.,-8.15007888332754E-17));
#13364=DIRECTION('center_axis',(-0.130714285714286,-3.77630239181021E-17,
-0.991420080243589));
#13365=DIRECTION('ref_axis',(-0.701039861744751,-0.707106781186548,0.0924289578265311));
#13366=DIRECTION('',(-0.991420080243589,-1.27757576001171E-16,0.130714285714286));
#13367=DIRECTION('center_axis',(-0.130714285714286,-4.40041583179066E-17,
-0.991420080243589));
#13368=DIRECTION('ref_axis',(-3.36643834126061E-16,1.,-3.02883691695849E-32));
#13369=DIRECTION('',(0.495710040121788,-0.866025403784442,-0.065357142857142));
#13370=DIRECTION('center_axis',(-0.130714285714286,-2.5046747624102E-17,
-0.991420080243589));
#13371=DIRECTION('ref_axis',(0.858594975312953,-0.500000000000004,-0.113201892066108));
#13372=DIRECTION('',(-0.495710040121789,-0.866025403784442,0.0653571428571426));
#13373=DIRECTION('center_axis',(-0.130714285714287,5.11107354022011E-16,
-0.991420080243589));
#13374=DIRECTION('ref_axis',(-0.858594975312956,0.499999999999997,0.11320189206611));
#13375=DIRECTION('',(-0.991420080243589,-1.27757576001171E-16,0.130714285714286));
#13376=DIRECTION('center_axis',(-0.130714285714286,-3.77630239181021E-17,
-0.991420080243589));
#13377=DIRECTION('ref_axis',(0.623920872593555,-0.777145961456972,-0.0822611654015172));
#13378=DIRECTION('center_axis',(-0.130714285714287,2.42358435500481E-15,
-0.991420080243589));
#13379=DIRECTION('ref_axis',(-0.433289849880535,0.899442257834508,0.0571273210650235));
#13380=DIRECTION('center_axis',(-0.130714285714286,3.31876992704278E-16,
-0.991420080243589));
#13381=DIRECTION('ref_axis',(0.433289849880526,-0.899442257834512,-0.05712732106502));
#13382=DIRECTION('center_axis',(-0.130714285714286,-5.46219382983634E-17,
-0.991420080243589));
#13383=DIRECTION('ref_axis',(-0.758527254200114,-0.643921363280262,0.100008412380779));
#13384=DIRECTION('center_axis',(-0.130714285714286,-3.77630239181021E-17,
-0.991420080243589));
#13385=DIRECTION('ref_axis',(0.433289849880522,-0.899442257834515,-0.057127321065019));
#13386=DIRECTION('center_axis',(0.130714285714286,4.40041583179065E-17,
0.991420080243589));
#13387=DIRECTION('ref_axis',(3.36643834126061E-16,-1.,5.56083285019968E-33));
#13388=DIRECTION('center_axis',(-0.130714285714286,-4.40041583179065E-17,
-0.991420080243589));
#13389=DIRECTION('ref_axis',(3.36643834126061E-16,-1.,0.));
#13390=DIRECTION('',(3.5737554978998E-16,-1.,1.5724248573745E-16));
#13391=DIRECTION('',(-0.991420080243589,-6.50962035507099E-16,0.130714285714285));
#13392=DIRECTION('',(9.21296051773541E-16,1.,-1.6585372531135E-16));
#13393=DIRECTION('',(0.991420080243589,5.71660390891017E-16,-0.130714285714286));
#13394=DIRECTION('',(0.969755172809583,-0.20791169081776,-0.127857864953062));
#13395=DIRECTION('',(-0.206127825194126,-0.978147600733805,0.0271770281568932));
#13396=DIRECTION('',(-0.969755172809583,0.207911690817759,0.127857864953062));
#13397=DIRECTION('',(0.206127825194123,0.978147600733806,-0.0271770281568929));
#13398=DIRECTION('',(0.206127825194122,-0.978147600733806,-0.0271770281568925));
#13399=DIRECTION('',(-0.969755172809583,-0.207911690817762,0.127857864953062));
#13400=DIRECTION('',(-0.206127825194121,0.978147600733806,0.0271770281568925));
#13401=DIRECTION('',(0.969755172809583,0.20791169081776,-0.127857864953062));
#13402=DIRECTION('center_axis',(-0.130714285714282,-4.53962536684741E-15,
-0.991420080243589));
#13403=DIRECTION('ref_axis',(0.609221503577131,-0.788921641252488,-0.0803231196026374));
#13404=DIRECTION('center_axis',(-0.130714285714286,-5.49526454522012E-17,
-0.991420080243589));
#13405=DIRECTION('ref_axis',(-0.609221503577141,0.78892164125248,0.0803231196026443));
#13406=DIRECTION('center_axis',(-0.130714285714286,-4.69182376401906E-17,
-0.991420080243589));
#13407=DIRECTION('ref_axis',(0.609221503577354,0.788921641252312,-0.0803231196026726));
#13408=DIRECTION('center_axis',(-0.130714285714286,1.88452759663051E-17,
-0.991420080243589));
#13409=DIRECTION('ref_axis',(-0.609221503577149,0.788921641252474,0.0803231196026454));
#13410=DIRECTION('center_axis',(-0.130714285714286,-7.24936954345487E-17,
-0.991420080243589));
#13411=DIRECTION('ref_axis',(-0.782170062142645,-0.614471400765432,0.103125610442502));
#13412=DIRECTION('center_axis',(-0.130714285714286,-4.27168940561239E-17,
-0.991420080243589));
#13413=DIRECTION('ref_axis',(0.782170062142638,0.614471400765441,-0.103125610442501));
#13414=DIRECTION('center_axis',(-0.130714285714286,-7.47198510791129E-18,
-0.991420080243589));
#13415=DIRECTION('ref_axis',(0.782170062142627,-0.614471400765455,-0.103125610442499));
#13416=DIRECTION('center_axis',(-0.130714285714286,-3.54769656143723E-17,
-0.991420080243589));
#13417=DIRECTION('ref_axis',(0.782170062142635,0.614471400765445,-0.103125610442501));
#13418=DIRECTION('center_axis',(0.130714285714286,4.40041583179065E-17,
0.991420080243589));
#13419=DIRECTION('ref_axis',(3.36643834126061E-16,-1.,0.));
#13420=DIRECTION('center_axis',(-0.130714285714291,-3.15033018402115E-33,
-0.991420080243588));
#13421=DIRECTION('ref_axis',(0.623920872593555,-0.777145961456972,-0.0822611654015172));
#13422=DIRECTION('center_axis',(0.130714285714286,3.77630239181021E-17,
0.991420080243589));
#13423=DIRECTION('ref_axis',(0.623920872593555,-0.777145961456972,-0.0822611654015172));
#13424=DIRECTION('',(-0.130714285714291,-6.88422730015744E-35,-0.991420080243588));
#13425=DIRECTION('center_axis',(1.26661426250807E-16,-1.,-1.66997402915823E-17));
#13426=DIRECTION('ref_axis',(-0.991420080243589,-1.27757576001171E-16,0.130714285714286));
#13427=DIRECTION('',(-0.130714285714291,0.,-0.991420080243588));
#13428=DIRECTION('',(-0.991420080243589,-1.27757576001171E-16,0.130714285714286));
#13429=DIRECTION('center_axis',(-0.130714285714291,0.,-0.991420080243588));
#13430=DIRECTION('ref_axis',(-0.701039861744751,-0.707106781186548,0.0924289578265311));
#13431=DIRECTION('center_axis',(0.130714285714286,3.77630239181021E-17,
0.991420080243589));
#13432=DIRECTION('ref_axis',(-0.701039861744751,-0.707106781186548,0.0924289578265311));
#13433=DIRECTION('',(0.130714285714291,0.,0.991420080243588));
#13434=DIRECTION('',(-0.130714285714291,0.,-0.991420080243588));
#13435=DIRECTION('center_axis',(-0.991420080243588,-3.33755457042769E-16,
0.130714285714291));
#13436=DIRECTION('ref_axis',(-3.25898321088969E-16,1.,8.15007888332754E-17));
#13437=DIRECTION('',(-0.130714285714291,0.,-0.991420080243588));
#13438=DIRECTION('',(-3.25898321088969E-16,1.,8.15007888332754E-17));
#13439=DIRECTION('center_axis',(-0.130714285714291,7.70371977754894E-34,
-0.991420080243588));
#13440=DIRECTION('ref_axis',(-0.701039861744754,0.707106781186546,0.0924289578265307));
#13441=DIRECTION('center_axis',(0.130714285714286,3.77630239181021E-17,
0.991420080243589));
#13442=DIRECTION('ref_axis',(-0.701039861744754,0.707106781186546,0.0924289578265307));
#13443=DIRECTION('',(0.130714285714291,-7.70371977754894E-34,0.991420080243588));
#13444=DIRECTION('',(-0.130714285714291,7.70371977754894E-34,-0.991420080243588));
#13445=DIRECTION('center_axis',(-4.42149840990895E-17,1.,5.82954711080816E-18));
#13446=DIRECTION('ref_axis',(0.991420080243589,4.45976281701154E-17,-0.130714285714286));
#13447=DIRECTION('',(-0.130714285714291,0.,-0.991420080243588));
#13448=DIRECTION('',(0.991420080243589,4.45976281701154E-17,-0.130714285714286));
#13449=DIRECTION('center_axis',(-0.130714285714291,0.,-0.991420080243588));
#13450=DIRECTION('ref_axis',(-0.539966075798386,0.838670567945426,0.0711921024341095));
#13451=DIRECTION('center_axis',(0.130714285714286,3.77630239181021E-17,
0.991420080243589));
#13452=DIRECTION('ref_axis',(-0.539966075798386,0.838670567945426,0.0711921024341095));
#13453=DIRECTION('',(0.130714285714291,-5.77070865586552E-18,0.991420080243588));
#13454=DIRECTION('',(-0.130714285714291,-6.78726242385328E-18,-0.991420080243588));
#13455=DIRECTION('center_axis',(-0.969755172809583,0.207911690817757,0.127857864953067));
#13456=DIRECTION('ref_axis',(0.206127825194121,0.978147600733806,-0.0271770281568926));
#13457=DIRECTION('',(0.206127825194121,0.978147600733806,-0.0271770281568926));
#13458=DIRECTION('center_axis',(-0.130714285714291,0.,-0.991420080243588));
#13459=DIRECTION('ref_axis',(3.30891862003077E-16,-1.,-4.36266061705921E-17));
#13460=DIRECTION('center_axis',(0.130714285714286,4.40041583179065E-17,
0.991420080243589));
#13461=DIRECTION('ref_axis',(3.36643834126061E-16,-1.,0.));
#13462=DIRECTION('',(0.130714285714291,0.,0.991420080243588));
#13463=DIRECTION('center_axis',(-0.130714285714291,0.,-0.991420080243588));
#13464=DIRECTION('ref_axis',(0.782170062142638,0.614471400765441,-0.103125610442505));
#13465=DIRECTION('',(-0.130714285714291,0.,-0.991420080243588));
#13466=DIRECTION('center_axis',(0.130714285714286,4.27168940561239E-17,
0.991420080243589));
#13467=DIRECTION('ref_axis',(0.782170062142638,0.614471400765441,-0.103125610442501));
#13468=DIRECTION('',(-0.130714285714291,0.,-0.991420080243588));
#13469=DIRECTION('center_axis',(-0.130714285714291,0.,-0.991420080243588));
#13470=DIRECTION('ref_axis',(-0.6091992912819,-0.788939091703247,0.080320191011262));
#13471=DIRECTION('center_axis',(0.130714285714286,7.47198510791129E-18,
0.991420080243589));
#13472=DIRECTION('ref_axis',(0.782170062142627,-0.614471400765455,-0.103125610442499));
#13473=DIRECTION('',(-0.130714285714291,0.,-0.991420080243588));
#13474=DIRECTION('center_axis',(-0.130714285714291,0.,-0.991420080243588));
#13475=DIRECTION('ref_axis',(0.782170062142635,0.614471400765445,-0.103125610442504));
#13476=DIRECTION('center_axis',(-0.130714285714286,-3.54769656143723E-17,
-0.991420080243589));
#13477=DIRECTION('ref_axis',(0.782170062142635,0.614471400765445,-0.103125610442501));
#13478=DIRECTION('',(-0.130714285714291,0.,-0.991420080243588));
#13479=DIRECTION('center_axis',(-0.130714285714291,0.,-0.991420080243588));
#13480=DIRECTION('ref_axis',(-0.782170062142644,-0.614471400765432,0.103125610442506));
#13481=DIRECTION('center_axis',(0.130714285714286,7.24936954345487E-17,
0.991420080243589));
#13482=DIRECTION('ref_axis',(-0.782170062142645,-0.614471400765432,0.103125610442502));
#13483=DIRECTION('center_axis',(-0.130714285714291,0.,-0.991420080243588));
#13484=DIRECTION('ref_axis',(-0.609221503577141,0.78892164125248,0.0803231196026475));
#13485=DIRECTION('',(-0.130714285714291,0.,-0.991420080243588));
#13486=DIRECTION('center_axis',(0.130714285714286,5.49526454522012E-17,
0.991420080243589));
#13487=DIRECTION('ref_axis',(-0.609221503577141,0.78892164125248,0.0803231196026443));
#13488=DIRECTION('',(-0.130714285714291,0.,-0.991420080243588));
#13489=DIRECTION('center_axis',(-0.130714285714291,0.,-0.991420080243588));
#13490=DIRECTION('ref_axis',(0.609221503577354,0.788921641252312,-0.0803231196026756));
#13491=DIRECTION('center_axis',(0.130714285714286,4.69182376401906E-17,
0.991420080243589));
#13492=DIRECTION('ref_axis',(0.609221503577354,0.788921641252312,-0.0803231196026726));
#13493=DIRECTION('',(-0.130714285714291,0.,-0.991420080243588));
#13494=DIRECTION('center_axis',(-0.130714285714291,0.,-0.991420080243588));
#13495=DIRECTION('ref_axis',(-0.609221503577149,0.788921641252474,0.0803231196026486));
#13496=DIRECTION('center_axis',(-0.130714285714286,1.88452759663051E-17,
-0.991420080243589));
#13497=DIRECTION('ref_axis',(-0.609221503577149,0.788921641252474,0.0803231196026454));
#13498=DIRECTION('',(-0.130714285714291,0.,-0.991420080243588));
#13499=DIRECTION('center_axis',(-0.130714285714291,0.,-0.991420080243588));
#13500=DIRECTION('ref_axis',(0.60922150357713,-0.788921641252488,-0.0803231196026461));
#13501=DIRECTION('center_axis',(0.130714285714282,4.53962536684741E-15,
0.991420080243589));
#13502=DIRECTION('ref_axis',(0.609221503577131,-0.788921641252488,-0.0803231196026374));
#13503=DIRECTION('center_axis',(0.206127825194125,-0.978147600733805,-0.0271770281568942));
#13504=DIRECTION('ref_axis',(-0.969755172809583,-0.207911690817762,0.127857864953062));
#13505=DIRECTION('',(-0.130714285714291,0.,-0.991420080243588));
#13506=DIRECTION('',(-0.969755172809583,-0.207911690817762,0.127857864953062));
#13507=DIRECTION('',(-0.130714285714291,0.,-0.991420080243588));
#13508=DIRECTION('center_axis',(-0.969755172809583,-0.207911690817757,0.127857864953067));
#13509=DIRECTION('ref_axis',(-0.206127825194121,0.978147600733806,0.0271770281568925));
#13510=DIRECTION('',(-0.206127825194121,0.978147600733806,0.0271770281568925));
#13511=DIRECTION('',(-0.130714285714291,0.,-0.991420080243588));
#13512=DIRECTION('center_axis',(-0.206127825194124,0.978147600733806,0.0271770281568939));
#13513=DIRECTION('ref_axis',(0.969755172809583,0.20791169081776,-0.127857864953062));
#13514=DIRECTION('',(0.969755172809583,0.20791169081776,-0.127857864953062));
#13515=DIRECTION('',(-0.130714285714291,0.,-0.991420080243588));
#13516=DIRECTION('center_axis',(0.969755172809583,0.207911690817758,-0.127857864953067));
#13517=DIRECTION('ref_axis',(0.206127825194122,-0.978147600733806,-0.0271770281568925));
#13518=DIRECTION('',(0.206127825194122,-0.978147600733806,-0.0271770281568925));
#13519=DIRECTION('center_axis',(0.969755172809582,-0.207911690817762,-0.127857864953066));
#13520=DIRECTION('ref_axis',(-0.206127825194126,-0.978147600733805,0.0271770281568932));
#13521=DIRECTION('',(-0.130714285714291,0.,-0.991420080243588));
#13522=DIRECTION('',(-0.206127825194126,-0.978147600733805,0.0271770281568932));
#13523=DIRECTION('',(-0.130714285714291,0.,-0.991420080243588));
#13524=DIRECTION('center_axis',(-0.206127825194123,-0.978147600733806,0.0271770281568938));
#13525=DIRECTION('ref_axis',(-0.969755172809583,0.207911690817759,0.127857864953062));
#13526=DIRECTION('',(-0.969755172809583,0.207911690817759,0.127857864953062));
#13527=DIRECTION('',(-0.130714285714291,0.,-0.991420080243588));
#13528=DIRECTION('center_axis',(-0.969755172809583,0.207911690817759,0.127857864953067));
#13529=DIRECTION('ref_axis',(0.206127825194123,0.978147600733806,-0.0271770281568928));
#13530=DIRECTION('',(0.206127825194123,0.978147600733806,-0.0271770281568929));
#13531=DIRECTION('',(-0.130714285714291,0.,-0.991420080243588));
#13532=DIRECTION('center_axis',(0.206127825194124,0.978147600733806,-0.027177028156894));
#13533=DIRECTION('ref_axis',(0.969755172809583,-0.20791169081776,-0.127857864953062));
#13534=DIRECTION('',(0.969755172809583,-0.20791169081776,-0.127857864953062));
#13535=DIRECTION('center_axis',(6.45376833477978E-16,-1.,-8.50900374984312E-17));
#13536=DIRECTION('ref_axis',(-0.991420080243589,-6.50962035507099E-16,0.130714285714285));
#13537=DIRECTION('',(-0.130714285714291,0.,-0.991420080243588));
#13538=DIRECTION('',(-0.991420080243589,-6.50962035507099E-16,0.130714285714285));
#13539=DIRECTION('',(-0.130714285714291,0.,-0.991420080243588));
#13540=DIRECTION('center_axis',(-0.991420080243588,9.35070856814553E-16,
0.130714285714291));
#13541=DIRECTION('ref_axis',(9.21296051773541E-16,1.,-1.6585372531135E-16));
#13542=DIRECTION('',(9.21296051773541E-16,1.,-1.6585372531135E-16));
#13543=DIRECTION('',(-0.130714285714291,0.,-0.991420080243588));
#13544=DIRECTION('center_axis',(-5.66755590609253E-16,1.,7.47241796664715E-17));
#13545=DIRECTION('ref_axis',(0.991420080243589,5.71660390891017E-16,-0.130714285714286));
#13546=DIRECTION('',(0.991420080243589,5.71660390891017E-16,-0.130714285714286));
#13547=DIRECTION('',(-0.130714285714291,0.,-0.991420080243588));
#13548=DIRECTION('center_axis',(0.991420080243588,3.33755457042768E-16,
-0.130714285714291));
#13549=DIRECTION('ref_axis',(3.5737554978998E-16,-1.,1.5724248573745E-16));
#13550=DIRECTION('',(3.5737554978998E-16,-1.,1.5724248573745E-16));
#13551=DIRECTION('center_axis',(-0.130714285714291,0.,-0.991420080243588));
#13552=DIRECTION('ref_axis',(3.30891862003077E-16,-1.,-4.36266061705921E-17));
#13553=DIRECTION('center_axis',(0.130714285714286,4.40041583179065E-17,
0.991420080243589));
#13554=DIRECTION('ref_axis',(3.36643834126061E-16,-1.,0.));
#13555=DIRECTION('',(0.130714285714291,0.,0.991420080243588));
#13556=DIRECTION('center_axis',(-0.130714285714291,0.,-0.991420080243588));
#13557=DIRECTION('ref_axis',(3.30891862003077E-16,-1.,-4.36266061705921E-17));
#13558=DIRECTION('center_axis',(0.130714285714286,4.40041583179065E-17,
0.991420080243589));
#13559=DIRECTION('ref_axis',(3.36643834126061E-16,-1.,5.56083285019968E-33));
#13560=DIRECTION('',(0.130714285714291,0.,0.991420080243588));
#13561=DIRECTION('center_axis',(-0.130714285714291,0.,-0.991420080243588));
#13562=DIRECTION('ref_axis',(0.433289849880526,-0.899442257834512,-0.0571273210650218));
#13563=DIRECTION('',(-0.130714285714291,0.,-0.991420080243588));
#13564=DIRECTION('center_axis',(0.130714285714286,-3.31876992704278E-16,
0.991420080243589));
#13565=DIRECTION('ref_axis',(0.433289849880526,-0.899442257834512,-0.05712732106502));
#13566=DIRECTION('',(-0.130714285714291,0.,-0.991420080243588));
#13567=DIRECTION('center_axis',(-0.130714285714291,0.,-0.991420080243588));
#13568=DIRECTION('ref_axis',(-0.758527254200114,-0.643921363280262,0.100008412380783));
#13569=DIRECTION('center_axis',(0.130714285714286,5.46219382983634E-17,
0.991420080243589));
#13570=DIRECTION('ref_axis',(-0.758527254200114,-0.643921363280262,0.100008412380779));
#13571=DIRECTION('',(-0.130714285714291,0.,-0.991420080243588));
#13572=DIRECTION('center_axis',(-0.130714285714291,0.,-0.991420080243588));
#13573=DIRECTION('ref_axis',(0.433289849880521,-0.899442257834514,-0.0571273210650212));
#13574=DIRECTION('center_axis',(-0.130714285714286,-3.77630239181021E-17,
-0.991420080243589));
#13575=DIRECTION('ref_axis',(0.433289849880522,-0.899442257834515,-0.057127321065019));
#13576=DIRECTION('',(-0.130714285714291,0.,-0.991420080243588));
#13577=DIRECTION('center_axis',(-0.130714285714291,0.,-0.991420080243588));
#13578=DIRECTION('ref_axis',(-0.433289849880535,0.899442257834508,0.057127321065023));
#13579=DIRECTION('center_axis',(0.130714285714287,-2.42358435500481E-15,
0.991420080243589));
#13580=DIRECTION('ref_axis',(-0.433289849880535,0.899442257834508,0.0571273210650235));
#13581=DIRECTION('center_axis',(-0.130714285714291,0.,-0.991420080243588));
#13582=DIRECTION('ref_axis',(-0.206127825194121,-0.978147600733806,0.0271770281568936));
#13583=DIRECTION('',(-0.130714285714291,0.,-0.991420080243588));
#13584=DIRECTION('center_axis',(0.130714285714286,4.73977895298332E-17,
0.991420080243589));
#13585=DIRECTION('ref_axis',(-0.206127825194122,-0.978147600733806,0.0271770281568926));
#13586=DIRECTION('',(-0.130714285714291,0.,-0.991420080243588));
#13587=DIRECTION('center_axis',(0.942896527701535,0.309016994374928,-0.124316673201443));
#13588=DIRECTION('ref_axis',(0.306365653359824,-0.95105651629516,-0.040392935693294));
#13589=DIRECTION('',(0.306365653359824,-0.95105651629516,-0.040392935693294));
#13590=DIRECTION('',(-0.130714285714291,0.,-0.991420080243588));
#13591=DIRECTION('center_axis',(-0.130714285714291,0.,-0.991420080243588));
#13592=DIRECTION('ref_axis',(-0.73676870250741,0.669130606358853,0.0971396450445494));
#13593=DIRECTION('center_axis',(-0.130714285714286,-4.40041583179065E-17,
-0.991420080243589));
#13594=DIRECTION('ref_axis',(-0.736768702507411,0.669130606358853,0.0971396450445456));
#13595=DIRECTION('',(-0.130714285714291,0.,-0.991420080243588));
#13596=DIRECTION('center_axis',(-0.736768702507415,0.669130606358848,0.0971396450445499));
#13597=DIRECTION('ref_axis',(0.66338951944973,0.743144825477403,-0.0874649292597637));
#13598=DIRECTION('',(0.66338951944973,0.743144825477403,-0.0874649292597637));
#13599=DIRECTION('',(-0.130714285714291,0.,-0.991420080243588));
#13600=DIRECTION('center_axis',(-0.130714285714291,0.,-0.991420080243588));
#13601=DIRECTION('ref_axis',(0.736768702507404,-0.66913060635886,-0.0971396450445485));
#13602=DIRECTION('center_axis',(0.130714285714286,5.43173645163571E-17,
0.991420080243589));
#13603=DIRECTION('ref_axis',(0.736768702507404,-0.66913060635886,-0.0971396450445448));
#13604=DIRECTION('',(-0.130714285714291,0.,-0.991420080243588));
#13605=DIRECTION('center_axis',(0.206127825194124,0.978147600733806,-0.0271770281568939));
#13606=DIRECTION('ref_axis',(0.969755172809583,-0.20791169081776,-0.127857864953062));
#13607=DIRECTION('',(0.969755172809583,-0.20791169081776,-0.127857864953062));
#13608=DIRECTION('center_axis',(-0.991420080243588,-3.33755457042769E-16,
0.130714285714291));
#13609=DIRECTION('ref_axis',(-3.25898321088969E-16,1.,8.15007888332754E-17));
#13610=DIRECTION('',(-3.25898321088969E-16,1.,8.15007888332754E-17));
#13611=DIRECTION('',(-0.130714285714291,0.,-0.991420080243588));
#13612=DIRECTION('center_axis',(-0.130714285714291,0.,-0.991420080243588));
#13613=DIRECTION('ref_axis',(0.991420080243588,1.44539798813846E-15,-0.130714285714291));
#13614=DIRECTION('center_axis',(0.130714285714286,4.40041583179065E-17,
0.991420080243589));
#13615=DIRECTION('ref_axis',(0.991420080243589,1.44539798813846E-15,-0.130714285714286));
#13616=DIRECTION('',(-0.130714285714291,0.,-0.991420080243588));
#13617=DIRECTION('center_axis',(-0.495710040121795,0.866025403784438,0.0653571428571454));
#13618=DIRECTION('ref_axis',(0.858594975312954,0.500000000000001,-0.113201892066109));
#13619=DIRECTION('',(0.858594975312954,0.500000000000001,-0.113201892066109));
#13620=DIRECTION('',(-0.130714285714291,0.,-0.991420080243588));
#13621=DIRECTION('center_axis',(-0.130714285714291,0.,-0.991420080243588));
#13622=DIRECTION('ref_axis',(-0.495710040121792,-0.86602540378444,0.0653571428571451));
#13623=DIRECTION('center_axis',(-0.130714285714286,-3.70652644139993E-17,
-0.991420080243589));
#13624=DIRECTION('ref_axis',(-0.495710040121793,-0.86602540378444,0.0653571428571426));
#13625=DIRECTION('',(-0.130714285714291,0.,-0.991420080243588));
#13626=DIRECTION('center_axis',(-0.495710040121793,-0.866025403784439,0.0653571428571452));
#13627=DIRECTION('ref_axis',(-0.858594975312955,0.499999999999999,0.113201892066109));
#13628=DIRECTION('',(-0.858594975312955,0.499999999999999,0.113201892066109));
#13629=DIRECTION('',(-0.130714285714291,0.,-0.991420080243588));
#13630=DIRECTION('center_axis',(-0.130714285714291,0.,-0.991420080243588));
#13631=DIRECTION('ref_axis',(0.495710040121787,0.866025403784443,-0.0653571428571443));
#13632=DIRECTION('center_axis',(0.130714285714286,3.01263780723773E-17,
0.991420080243589));
#13633=DIRECTION('ref_axis',(0.495710040121787,0.866025403784443,-0.0653571428571418));
#13634=DIRECTION('center_axis',(1.26661426250807E-16,-1.,-1.66997402915823E-17));
#13635=DIRECTION('ref_axis',(-0.991420080243589,-1.27757576001171E-16,0.130714285714286));
#13636=DIRECTION('',(-0.991420080243589,-1.27757576001171E-16,0.130714285714286));
#13637=DIRECTION('',(-0.130714285714291,0.,-0.991420080243588));
#13638=DIRECTION('center_axis',(-0.130714285714291,0.,-0.991420080243588));
#13639=DIRECTION('ref_axis',(-3.30891862003077E-16,1.,4.36266061705921E-17));
#13640=DIRECTION('center_axis',(0.130714285714286,4.40041583179066E-17,
0.991420080243589));
#13641=DIRECTION('ref_axis',(-3.36643834126061E-16,1.,-3.02883691695849E-32));
#13642=DIRECTION('',(-0.130714285714291,0.,-0.991420080243588));
#13643=DIRECTION('center_axis',(-0.858594975312957,-0.499999999999994,0.113201892066113));
#13644=DIRECTION('ref_axis',(-0.495710040121789,0.866025403784442,0.065357142857142));
#13645=DIRECTION('',(-0.495710040121788,0.866025403784442,0.065357142857142));
#13646=DIRECTION('',(-0.130714285714291,0.,-0.991420080243588));
#13647=DIRECTION('center_axis',(-0.130714285714291,0.,-0.991420080243588));
#13648=DIRECTION('ref_axis',(0.858594975312952,-0.500000000000004,-0.113201892066113));
#13649=DIRECTION('center_axis',(-0.130714285714286,-2.5046747624102E-17,
-0.991420080243589));
#13650=DIRECTION('ref_axis',(0.858594975312953,-0.500000000000004,-0.113201892066108));
#13651=DIRECTION('',(-0.130714285714291,0.,-0.991420080243588));
#13652=DIRECTION('center_axis',(0.858594975312957,-0.499999999999995,-0.113201892066113));
#13653=DIRECTION('ref_axis',(-0.495710040121789,-0.866025403784442,0.0653571428571426));
#13654=DIRECTION('',(-0.495710040121789,-0.866025403784442,0.0653571428571426));
#13655=DIRECTION('',(-0.130714285714291,0.,-0.991420080243588));
#13656=DIRECTION('center_axis',(-0.130714285714291,0.,-0.991420080243588));
#13657=DIRECTION('ref_axis',(-0.858594975312956,0.499999999999997,0.113201892066113));
#13658=DIRECTION('center_axis',(0.130714285714287,-5.11107354022011E-16,
0.991420080243589));
#13659=DIRECTION('ref_axis',(-0.858594975312956,0.499999999999997,0.11320189206611));
#13660=DIRECTION('center_axis',(0.206127825194124,0.978147600733806,-0.0271770281568939));
#13661=DIRECTION('ref_axis',(0.969755172809583,-0.20791169081776,-0.127857864953062));
#13662=DIRECTION('',(0.969755172809583,-0.20791169081776,-0.127857864953062));
#13663=DIRECTION('center_axis',(-0.130714285714286,-3.77630239181021E-17,
-0.991420080243589));
#13664=DIRECTION('ref_axis',(3.35828028700944E-16,-1.,-6.18758596746517E-18));
#13665=DIRECTION('axis',(0.,0.,1.));
#13666=DIRECTION('refdir',(1.,0.,0.));
#13667=DIRECTION('center_axis',(0.499291762642496,0.,0.866433918863608));
#13668=DIRECTION('ref_axis',(0.,-1.,0.));
#13669=DIRECTION('center_axis',(0.499291762642496,0.,0.866433918863608));
#13670=DIRECTION('ref_axis',(0.,-1.,0.));
#13671=DIRECTION('',(0.499291762642496,0.,0.866433918863608));
#13672=DIRECTION('center_axis',(0.499291762642496,0.,0.866433918863608));
#13673=DIRECTION('ref_axis',(0.,-1.,0.));
#13674=DIRECTION('center_axis',(-0.499291762642496,0.,-0.866433918863608));
#13675=DIRECTION('ref_axis',(0.,-1.,0.));
#13676=DIRECTION('center_axis',(-0.499291762642496,0.,-0.866433918863608));
#13677=DIRECTION('ref_axis',(0.,-1.,0.));
#13678=DIRECTION('center_axis',(0.499291762642496,0.,0.866433918863608));
#13679=DIRECTION('ref_axis',(0.,-1.,0.));
#13680=DIRECTION('center_axis',(0.499291762642496,0.,0.866433918863608));
#13681=DIRECTION('ref_axis',(0.,-1.,0.));
#13682=DIRECTION('',(0.499291762642496,0.,0.866433918863608));
#13683=DIRECTION('center_axis',(0.499291762642496,0.,0.866433918863608));
#13684=DIRECTION('ref_axis',(0.,-1.,0.));
#13685=DIRECTION('center_axis',(-0.499291762642496,0.,-0.866433918863608));
#13686=DIRECTION('ref_axis',(0.,-1.,0.));
#13687=DIRECTION('center_axis',(-0.499291762642496,0.,-0.866433918863608));
#13688=DIRECTION('ref_axis',(0.,-1.,0.));
#13689=DIRECTION('center_axis',(0.499291762642496,0.,0.866433918863608));
#13690=DIRECTION('ref_axis',(0.,-1.,0.));
#13691=DIRECTION('',(0.499291762642496,0.,0.866433918863608));
#13692=DIRECTION('center_axis',(0.499291762642496,0.,0.866433918863608));
#13693=DIRECTION('ref_axis',(0.,-1.,0.));
#13694=DIRECTION('center_axis',(-0.499291762642496,0.,-0.866433918863608));
#13695=DIRECTION('ref_axis',(0.,-1.,0.));
#13696=DIRECTION('center_axis',(0.499291762642496,0.,0.866433918863608));
#13697=DIRECTION('ref_axis',(0.,-1.,0.));
#13698=DIRECTION('',(0.499291762642496,0.,0.866433918863608));
#13699=DIRECTION('center_axis',(0.499291762642496,0.,0.866433918863608));
#13700=DIRECTION('ref_axis',(0.,-1.,0.));
#13701=DIRECTION('center_axis',(-0.499291762642496,0.,-0.866433918863608));
#13702=DIRECTION('ref_axis',(0.,-1.,0.));
#13703=DIRECTION('center_axis',(2.95582200076554E-16,1.,2.71338467673618E-16));
#13704=DIRECTION('ref_axis',(1.,-2.95582200076554E-16,0.));
#13705=DIRECTION('center_axis',(-2.95582200076554E-16,-1.,-2.71338467673618E-16));
#13706=DIRECTION('ref_axis',(-0.125000000000024,-2.32262514961572E-16,0.992156741649219));
#13707=DIRECTION('',(0.866433918863608,-1.20625382161181E-16,-0.499291762642496));
#13708=DIRECTION('center_axis',(0.,1.,2.77555756156289E-16));
#13709=DIRECTION('ref_axis',(-0.125000000000024,-2.75378814654009E-16,0.992156741649219));
#13710=DIRECTION('',(0.,1.,2.77555756156289E-16));
#13711=DIRECTION('',(0.,-1.,-2.77555756156289E-16));
#13712=DIRECTION('center_axis',(2.95582200076554E-16,1.,2.71338467673618E-16));
#13713=DIRECTION('ref_axis',(-0.125000000000024,-2.32262514961572E-16,0.992156741649219));
#13714=DIRECTION('center_axis',(2.95582200076554E-16,1.,2.71338467673618E-16));
#13715=DIRECTION('ref_axis',(1.,-2.95582200076554E-16,0.));
#13716=DIRECTION('',(-0.866433918863608,1.20625382161181E-16,0.499291762642496));
#13717=DIRECTION('center_axis',(0.130714285714284,0.,0.991420080243589));
#13718=DIRECTION('ref_axis',(0.,-1.,0.));
#13719=DIRECTION('center_axis',(0.130714285714285,-3.59232839004871E-18,
0.991420080243589));
#13720=DIRECTION('ref_axis',(0.,-1.,0.));
#13721=DIRECTION('',(0.130714285714284,0.,0.991420080243589));
#13722=DIRECTION('center_axis',(0.130714285714286,0.,0.991420080243589));
#13723=DIRECTION('ref_axis',(0.,-1.,0.));
#13724=DIRECTION('center_axis',(-0.130714285714286,0.,-0.991420080243589));
#13725=DIRECTION('ref_axis',(0.,-1.,0.));
#13726=DIRECTION('center_axis',(-0.130714285714286,0.,-0.991420080243589));
#13727=DIRECTION('ref_axis',(0.,-1.,0.));
#13728=DIRECTION('center_axis',(0.130714285714284,0.,0.991420080243589));
#13729=DIRECTION('ref_axis',(0.,-1.,0.));
#13730=DIRECTION('center_axis',(0.130714285714285,-3.59232839004871E-18,
0.991420080243589));
#13731=DIRECTION('ref_axis',(0.,-1.,0.));
#13732=DIRECTION('',(0.130714285714284,0.,0.991420080243589));
#13733=DIRECTION('center_axis',(0.130714285714286,0.,0.991420080243589));
#13734=DIRECTION('ref_axis',(0.,-1.,0.));
#13735=DIRECTION('center_axis',(-0.130714285714286,0.,-0.991420080243589));
#13736=DIRECTION('ref_axis',(0.,-1.,0.));
#13737=DIRECTION('center_axis',(-0.130714285714286,0.,-0.991420080243589));
#13738=DIRECTION('ref_axis',(0.,-1.,0.));
#13739=DIRECTION('center_axis',(0.130714285714284,0.,0.991420080243589));
#13740=DIRECTION('ref_axis',(0.,-1.,0.));
#13741=DIRECTION('center_axis',(0.130714285714285,-3.59232839004871E-18,
0.991420080243589));
#13742=DIRECTION('ref_axis',(0.,-1.,0.));
#13743=DIRECTION('',(0.130714285714284,0.,0.991420080243589));
#13744=DIRECTION('center_axis',(0.130714285714286,0.,0.991420080243589));
#13745=DIRECTION('ref_axis',(0.,-1.,0.));
#13746=DIRECTION('center_axis',(-0.130714285714286,0.,-0.991420080243589));
#13747=DIRECTION('ref_axis',(0.,-1.,0.));
#13748=DIRECTION('center_axis',(-0.130714285714286,0.,-0.991420080243589));
#13749=DIRECTION('ref_axis',(0.,-1.,0.));
#13750=DIRECTION('center_axis',(-0.124999999999997,0.,0.992156741649222));
#13751=DIRECTION('ref_axis',(0.,1.,0.));
#13752=DIRECTION('center_axis',(-0.125,0.,0.992156741649222));
#13753=DIRECTION('ref_axis',(0.,1.,0.));
#13754=DIRECTION('',(-0.124999999999997,0.,0.992156741649222));
#13755=DIRECTION('center_axis',(-0.124999999999999,0.,0.992156741649222));
#13756=DIRECTION('ref_axis',(0.,1.,0.));
#13757=DIRECTION('center_axis',(0.124999999999999,0.,-0.992156741649222));
#13758=DIRECTION('ref_axis',(0.,1.,0.));
#13759=DIRECTION('center_axis',(0.124999999999999,0.,-0.992156741649222));
#13760=DIRECTION('ref_axis',(0.,1.,0.));
#13761=DIRECTION('center_axis',(-0.124999999999999,0.,0.992156741649222));
#13762=DIRECTION('ref_axis',(0.,1.,0.));
#13763=DIRECTION('center_axis',(-0.125,0.,0.992156741649222));
#13764=DIRECTION('ref_axis',(0.,1.,0.));
#13765=DIRECTION('',(-0.124999999999999,0.,0.992156741649222));
#13766=DIRECTION('center_axis',(-0.124999999999999,0.,0.992156741649222));
#13767=DIRECTION('ref_axis',(0.,1.,0.));
#13768=DIRECTION('center_axis',(0.124999999999999,0.,-0.992156741649222));
#13769=DIRECTION('ref_axis',(0.,1.,0.));
#13770=DIRECTION('center_axis',(0.124999999999999,0.,-0.992156741649222));
#13771=DIRECTION('ref_axis',(0.,1.,0.));
#13772=DIRECTION('center_axis',(-0.124999999999997,0.,0.992156741649222));
#13773=DIRECTION('ref_axis',(0.,1.,0.));
#13774=DIRECTION('center_axis',(-0.125,0.,0.992156741649222));
#13775=DIRECTION('ref_axis',(0.,1.,0.));
#13776=DIRECTION('',(-0.124999999999997,0.,0.992156741649222));
#13777=DIRECTION('center_axis',(-0.124999999999999,0.,0.992156741649222));
#13778=DIRECTION('ref_axis',(0.,1.,0.));
#13779=DIRECTION('center_axis',(0.124999999999999,0.,-0.992156741649222));
#13780=DIRECTION('ref_axis',(0.,1.,0.));
#13781=DIRECTION('center_axis',(0.124999999999999,0.,-0.992156741649222));
#13782=DIRECTION('ref_axis',(0.,1.,0.));
#13783=DIRECTION('center_axis',(-0.124999999999999,0.,0.992156741649222));
#13784=DIRECTION('ref_axis',(0.,1.,0.));
#13785=DIRECTION('center_axis',(-0.125,0.,0.992156741649222));
#13786=DIRECTION('ref_axis',(0.,1.,0.));
#13787=DIRECTION('',(-0.124999999999999,0.,0.992156741649222));
#13788=DIRECTION('center_axis',(-0.124999999999999,0.,0.992156741649222));
#13789=DIRECTION('ref_axis',(0.,1.,0.));
#13790=DIRECTION('center_axis',(0.124999999999999,0.,-0.992156741649222));
#13791=DIRECTION('ref_axis',(0.,1.,0.));
#13792=DIRECTION('center_axis',(0.124999999999999,0.,-0.992156741649222));
#13793=DIRECTION('ref_axis',(0.,1.,0.));
#13794=DIRECTION('center_axis',(0.,0.,1.));
#13795=DIRECTION('ref_axis',(1.,0.,0.));
#13796=DIRECTION('center_axis',(0.,0.,1.));
#13797=DIRECTION('ref_axis',(1.,0.,0.));
#13798=DIRECTION('',(0.,0.,1.));
#13799=DIRECTION('center_axis',(0.,0.,1.));
#13800=DIRECTION('ref_axis',(1.,0.,0.));
#13801=DIRECTION('center_axis',(0.,0.,-1.));
#13802=DIRECTION('ref_axis',(1.,0.,0.));
#13803=DIRECTION('center_axis',(0.,0.,-1.));
#13804=DIRECTION('ref_axis',(1.,0.,0.));
#13805=DIRECTION('center_axis',(0.,0.,1.));
#13806=DIRECTION('ref_axis',(1.,0.,0.));
#13807=DIRECTION('center_axis',(0.,0.,1.));
#13808=DIRECTION('ref_axis',(1.,0.,0.));
#13809=DIRECTION('',(0.,0.,1.));
#13810=DIRECTION('center_axis',(0.,0.,1.));
#13811=DIRECTION('ref_axis',(1.,0.,0.));
#13812=DIRECTION('center_axis',(0.,0.,-1.));
#13813=DIRECTION('ref_axis',(1.,0.,0.));
#13814=DIRECTION('center_axis',(0.,0.,-1.));
#13815=DIRECTION('ref_axis',(1.,0.,0.));
#13816=DIRECTION('center_axis',(0.,0.,1.));
#13817=DIRECTION('ref_axis',(1.,0.,0.));
#13818=DIRECTION('center_axis',(0.,0.,1.));
#13819=DIRECTION('ref_axis',(1.,0.,0.));
#13820=DIRECTION('',(0.,0.,1.));
#13821=DIRECTION('center_axis',(0.,0.,1.));
#13822=DIRECTION('ref_axis',(1.,0.,0.));
#13823=DIRECTION('center_axis',(0.,0.,-1.));
#13824=DIRECTION('ref_axis',(1.,0.,0.));
#13825=DIRECTION('center_axis',(0.,0.,-1.));
#13826=DIRECTION('ref_axis',(1.,0.,0.));
#13827=DIRECTION('center_axis',(0.,0.,1.));
#13828=DIRECTION('ref_axis',(1.,0.,0.));
#13829=DIRECTION('center_axis',(0.,0.,1.));
#13830=DIRECTION('ref_axis',(1.,0.,0.));
#13831=DIRECTION('',(0.,0.,1.));
#13832=DIRECTION('center_axis',(0.,0.,1.));
#13833=DIRECTION('ref_axis',(1.,0.,0.));
#13834=DIRECTION('center_axis',(0.,0.,-1.));
#13835=DIRECTION('ref_axis',(1.,0.,0.));
#13836=DIRECTION('center_axis',(0.,0.,-1.));
#13837=DIRECTION('ref_axis',(1.,0.,0.));
#13838=DIRECTION('center_axis',(0.,0.,1.));
#13839=DIRECTION('ref_axis',(1.,0.,0.));
#13840=DIRECTION('center_axis',(0.,0.,1.));
#13841=DIRECTION('ref_axis',(1.,0.,0.));
#13842=DIRECTION('',(0.,0.,1.));
#13843=DIRECTION('center_axis',(0.,0.,1.));
#13844=DIRECTION('ref_axis',(1.,0.,0.));
#13845=DIRECTION('center_axis',(0.,0.,-1.));
#13846=DIRECTION('ref_axis',(1.,0.,0.));
#13847=DIRECTION('center_axis',(0.,0.,-1.));
#13848=DIRECTION('ref_axis',(1.,0.,0.));
#13849=DIRECTION('center_axis',(0.,0.,1.));
#13850=DIRECTION('ref_axis',(1.,0.,0.));
#13851=DIRECTION('center_axis',(0.,0.,1.));
#13852=DIRECTION('ref_axis',(1.,0.,0.));
#13853=DIRECTION('',(0.,0.,1.));
#13854=DIRECTION('center_axis',(0.,0.,1.));
#13855=DIRECTION('ref_axis',(1.,0.,0.));
#13856=DIRECTION('center_axis',(0.,0.,-1.));
#13857=DIRECTION('ref_axis',(1.,0.,0.));
#13858=DIRECTION('center_axis',(0.,0.,-1.));
#13859=DIRECTION('ref_axis',(1.,0.,0.));
#13860=DIRECTION('center_axis',(0.,0.,-1.));
#13861=DIRECTION('ref_axis',(1.,0.,0.));
#13862=DIRECTION('',(-1.,0.,0.));
#13863=DIRECTION('',(0.,-1.,0.));
#13864=DIRECTION('',(1.,0.,0.));
#13865=DIRECTION('',(0.,-1.,0.));
#13866=DIRECTION('center_axis',(0.,-1.,0.));
#13867=DIRECTION('ref_axis',(0.,0.,-1.));
#13868=DIRECTION('center_axis',(0.,1.,0.));
#13869=DIRECTION('ref_axis',(0.,0.,-1.));
#13870=DIRECTION('center_axis',(0.,-1.,0.));
#13871=DIRECTION('ref_axis',(0.,0.,-1.));
#13872=DIRECTION('',(0.,-1.,0.));
#13873=DIRECTION('center_axis',(0.,0.,1.));
#13874=DIRECTION('ref_axis',(-1.,0.,0.));
#13875=DIRECTION('',(1.,0.,0.));
#13876=DIRECTION('',(-1.,0.,0.));
#13877=DIRECTION('',(0.,-1.,0.));
#13878=DIRECTION('center_axis',(0.,-1.,0.));
#13879=DIRECTION('ref_axis',(0.,0.,1.));
#13880=DIRECTION('center_axis',(0.,1.,0.));
#13881=DIRECTION('ref_axis',(0.,0.,1.));
#13882=DIRECTION('center_axis',(0.,-1.,0.));
#13883=DIRECTION('ref_axis',(0.,0.,1.));
#13884=DIRECTION('center_axis',(0.,0.,1.));
#13885=DIRECTION('ref_axis',(-1.,0.,0.));
#13886=DIRECTION('',(1.,0.,0.));
#13887=DIRECTION('',(0.,-1.,0.));
#13888=DIRECTION('',(-1.,0.,0.));
#13889=DIRECTION('',(0.,-1.,0.));
#13890=DIRECTION('center_axis',(0.,-1.,0.));
#13891=DIRECTION('ref_axis',(0.,0.,1.));
#13892=DIRECTION('center_axis',(0.,1.,0.));
#13893=DIRECTION('ref_axis',(0.,0.,1.));
#13894=DIRECTION('center_axis',(0.,-1.,0.));
#13895=DIRECTION('ref_axis',(0.,0.,1.));
#13896=DIRECTION('',(0.,-1.,0.));
#13897=DIRECTION('center_axis',(0.,0.,-1.));
#13898=DIRECTION('ref_axis',(1.,0.,0.));
#13899=DIRECTION('',(-1.,0.,0.));
#13900=DIRECTION('',(1.,0.,0.));
#13901=DIRECTION('',(0.,-1.,0.));
#13902=DIRECTION('center_axis',(0.,-1.,0.));
#13903=DIRECTION('ref_axis',(0.,0.,-1.));
#13904=DIRECTION('center_axis',(0.,1.,0.));
#13905=DIRECTION('ref_axis',(0.,0.,-1.));
#13906=DIRECTION('center_axis',(0.,-1.,0.));
#13907=DIRECTION('ref_axis',(0.,0.,-1.));
#13908=DIRECTION('center_axis',(0.,0.,1.));
#13909=DIRECTION('ref_axis',(1.,0.,0.));
#13910=DIRECTION('',(0.,0.,1.));
#13911=DIRECTION('center_axis',(0.,0.,1.));
#13912=DIRECTION('ref_axis',(1.,0.,0.));
#13913=DIRECTION('center_axis',(0.,0.,-1.));
#13914=DIRECTION('ref_axis',(1.,0.,0.));
#13915=DIRECTION('center_axis',(0.,0.,1.));
#13916=DIRECTION('ref_axis',(1.,0.,0.));
#13917=DIRECTION('',(0.,0.,1.));
#13918=DIRECTION('center_axis',(0.,0.,1.));
#13919=DIRECTION('ref_axis',(1.,0.,0.));
#13920=DIRECTION('center_axis',(0.,0.,-1.));
#13921=DIRECTION('ref_axis',(1.,0.,0.));
#13922=DIRECTION('center_axis',(0.,0.,1.));
#13923=DIRECTION('ref_axis',(1.,0.,0.));
#13924=DIRECTION('',(0.,0.,1.));
#13925=DIRECTION('center_axis',(0.,0.,1.));
#13926=DIRECTION('ref_axis',(1.,0.,0.));
#13927=DIRECTION('center_axis',(0.,0.,-1.));
#13928=DIRECTION('ref_axis',(1.,0.,0.));
#13929=DIRECTION('center_axis',(0.,0.,1.));
#13930=DIRECTION('ref_axis',(1.,0.,0.));
#13931=DIRECTION('',(0.,0.,1.));
#13932=DIRECTION('center_axis',(0.,0.,1.));
#13933=DIRECTION('ref_axis',(1.,0.,0.));
#13934=DIRECTION('center_axis',(0.,0.,-1.));
#13935=DIRECTION('ref_axis',(1.,0.,0.));
#13936=DIRECTION('center_axis',(0.,0.,1.));
#13937=DIRECTION('ref_axis',(1.,0.,0.));
#13938=DIRECTION('',(0.,0.,1.));
#13939=DIRECTION('center_axis',(0.,0.,1.));
#13940=DIRECTION('ref_axis',(1.,0.,0.));
#13941=DIRECTION('center_axis',(0.,0.,-1.));
#13942=DIRECTION('ref_axis',(1.,0.,0.));
#13943=DIRECTION('center_axis',(0.,0.,1.));
#13944=DIRECTION('ref_axis',(1.,0.,0.));
#13945=DIRECTION('',(0.,0.,1.));
#13946=DIRECTION('center_axis',(0.,0.,1.));
#13947=DIRECTION('ref_axis',(1.,0.,0.));
#13948=DIRECTION('center_axis',(0.,0.,-1.));
#13949=DIRECTION('ref_axis',(1.,0.,0.));
#13950=DIRECTION('center_axis',(-0.707106781186554,-0.707106781186541,1.31388490266423E-17));
#13951=DIRECTION('ref_axis',(1.85811384874499E-17,0.,1.));
#13952=DIRECTION('',(0.707106781186541,-0.707106781186554,0.));
#13953=DIRECTION('',(-5.50112207267097E-32,1.85811384874503E-17,1.));
#13954=DIRECTION('',(0.654830079134162,-0.654830079134173,-0.377352799012118));
#13955=DIRECTION('',(5.50112207267097E-32,-1.85811384874503E-17,-1.));
#13956=DIRECTION('center_axis',(0.,0.,-1.));
#13957=DIRECTION('ref_axis',(1.,0.,0.));
#13958=DIRECTION('',(-2.96059473233377E-15,1.,0.));
#13959=DIRECTION('',(-1.,0.,0.));
#13960=DIRECTION('center_axis',(0.,0.,1.));
#13961=DIRECTION('ref_axis',(8.95097186114262E-7,0.999999999999599,0.));
#13962=DIRECTION('',(-6.8956102834897E-15,1.,0.));
#13963=DIRECTION('',(0.206203989451137,0.97850902639395,0.));
#13964=DIRECTION('center_axis',(0.,0.,1.));
#13965=DIRECTION('ref_axis',(0.978508882012128,-0.206204674591473,0.));
#13966=DIRECTION('',(1.,5.62218518927729E-16,0.));
#13967=DIRECTION('center_axis',(0.,0.,-1.));
#13968=DIRECTION('ref_axis',(-1.,-1.1465599945616E-15,0.));
#13969=DIRECTION('',(-0.503234790078052,-0.864149724327387,0.));
#13970=DIRECTION('center_axis',(0.,0.,1.));
#13971=DIRECTION('ref_axis',(1.,-4.44834310234217E-34,0.));
#13972=DIRECTION('',(-1.,-2.11999729003889E-16,0.));
#13973=DIRECTION('',(-0.209632247135957,-0.977780303013273,0.));
#13974=DIRECTION('',(2.16908056274557E-15,-1.,0.));
#13975=DIRECTION('',(1.,1.47483214542733E-16,0.));
#13976=DIRECTION('center_axis',(1.,2.96059473233377E-15,0.));
#13977=DIRECTION('ref_axis',(-2.96059473233377E-15,1.,0.));
#13978=DIRECTION('',(-2.96059473233377E-15,1.,1.55097655321776E-16));
#13979=DIRECTION('',(0.,0.,1.));
#13980=DIRECTION('center_axis',(0.707106781186548,-0.707106781186548,1.31388490266425E-17));
#13981=DIRECTION('ref_axis',(1.85811384874504E-17,0.,-1.));
#13982=DIRECTION('',(0.707106781186548,0.707106781186548,0.));
#13983=DIRECTION('',(-5.50112207267092E-32,1.85811384874503E-17,1.));
#13984=DIRECTION('',(0.704317394450814,0.704317394450814,0.0887356509416161));
#13985=DIRECTION('',(5.50112207267092E-32,-1.85811384874503E-17,-1.));
#13986=DIRECTION('center_axis',(-1.47483214542733E-16,1.,-1.85811384874503E-17));
#13987=DIRECTION('ref_axis',(0.992156741649221,1.48649107899603E-16,0.125));
#13988=DIRECTION('',(-0.992156741649221,0.,-0.125000000000007));
#13989=DIRECTION('',(0.125,0.,-0.992156741649221));
#13990=DIRECTION('',(-0.992156741649221,-1.9413916925857E-16,-0.125));
#13991=DIRECTION('',(0.125,0.,-0.992156741649221));
#13992=DIRECTION('',(0.,0.,-1.));
#13993=DIRECTION('',(1.,1.47483214542733E-16,0.));
#13994=DIRECTION('',(0.125,0.,-0.992156741649221));
#13995=DIRECTION('',(-0.992156741649221,-1.9413916925857E-16,-0.125));
#13996=DIRECTION('',(0.125,0.,-0.992156741649221));
#13997=DIRECTION('',(1.,1.47483214542733E-16,0.));
#13998=DIRECTION('center_axis',(0.125000000000007,0.,-0.992156741649221));
#13999=DIRECTION('ref_axis',(-0.992156741649221,0.,-0.125000000000007));
#14000=DIRECTION('',(-0.992156741649221,0.,-0.125000000000007));
#14001=DIRECTION('',(2.69144975666706E-15,-1.,0.));
#14002=DIRECTION('',(2.96059473233374E-15,-1.,3.72999875933493E-16));
#14003=DIRECTION('center_axis',(0.,1.,0.));
#14004=DIRECTION('ref_axis',(-1.,0.,0.));
#14005=DIRECTION('',(0.,0.,1.));
#14006=DIRECTION('',(-1.,0.,0.));
#14007=DIRECTION('',(-1.,0.,0.));
#14008=DIRECTION('',(0.,0.,1.));
#14009=DIRECTION('',(-1.,0.,0.));
#14010=DIRECTION('',(0.,0.,1.));
#14011=DIRECTION('',(-0.866433918863608,0.,0.499291762642496));
#14012=DIRECTION('center_axis',(-1.,-2.96059473233374E-15,0.));
#14013=DIRECTION('ref_axis',(2.96059473233374E-15,-1.,0.));
#14014=DIRECTION('',(2.96059473233374E-15,-1.,0.));
#14015=DIRECTION('center_axis',(-1.47483214542733E-16,1.,-1.85811384874503E-17));
#14016=DIRECTION('ref_axis',(0.992156741649221,1.48649107899603E-16,0.125));
#14017=DIRECTION('',(0.,0.,-1.));
#14018=DIRECTION('',(-0.866433918863608,0.,0.499291762642496));
#14019=DIRECTION('center_axis',(0.,0.,-1.));
#14020=DIRECTION('ref_axis',(1.,0.,0.));
#14021=DIRECTION('center_axis',(0.,0.,-1.));
#14022=DIRECTION('ref_axis',(1.,-3.8247057590835E-15,0.));
#14023=DIRECTION('',(0.502955690769545,0.864312196560091,0.));
#14024=DIRECTION('center_axis',(0.,0.,1.));
#14025=DIRECTION('ref_axis',(-1.,-1.42187796675465E-32,0.));
#14026=DIRECTION('',(1.98115127713367E-17,1.,0.));
#14027=DIRECTION('',(-1.,-2.11999729003889E-16,0.));
#14028=DIRECTION('center_axis',(0.,0.,1.));
#14029=DIRECTION('ref_axis',(1.,-1.67194280325649E-15,0.));
#14030=DIRECTION('',(-0.502955690769544,0.864312196560092,0.));
#14031=DIRECTION('center_axis',(0.,0.,-1.));
#14032=DIRECTION('ref_axis',(-1.,1.00207290887987E-14,0.));
#14033=DIRECTION('',(1.,5.62218518927729E-16,0.));
#14034=DIRECTION('center_axis',(0.,0.,1.));
#14035=DIRECTION('ref_axis',(8.83922174557126E-7,-0.999999999999609,0.));
#14036=DIRECTION('',(2.64669640702376E-16,-1.,0.));
#14037=DIRECTION('center_axis',(0.,0.,1.));
#14038=DIRECTION('ref_axis',(-0.999999999999598,8.96420565127473E-7,0.));
#14039=DIRECTION('center_axis',(0.,0.,-1.));
#14040=DIRECTION('ref_axis',(1.,0.,0.));
#14041=DIRECTION('center_axis',(0.,0.,1.));
#14042=DIRECTION('ref_axis',(-1.,9.34320978290376E-16,0.));
#14043=DIRECTION('',(0.502955690769549,-0.864312196560089,0.));
#14044=DIRECTION('center_axis',(0.,0.,-1.));
#14045=DIRECTION('ref_axis',(1.,-3.8247057590835E-15,0.));
#14046=DIRECTION('center_axis',(0.,0.,-1.));
#14047=DIRECTION('ref_axis',(1.,0.,0.));
#14048=DIRECTION('center_axis',(0.,0.,-1.));
#14049=DIRECTION('ref_axis',(-1.,-1.1465599945616E-15,0.));
#14050=DIRECTION('',(1.,5.62218518927729E-16,0.));
#14051=DIRECTION('center_axis',(0.,0.,-1.));
#14052=DIRECTION('ref_axis',(-1.,1.00207290887987E-14,0.));
#14053=DIRECTION('',(-0.502955690769546,-0.864312196560091,0.));
#14054=DIRECTION('center_axis',(0.,0.,1.));
#14055=DIRECTION('ref_axis',(1.,8.80210169895734E-33,0.));
#14056=DIRECTION('',(-1.,-2.11999729003889E-16,0.));
#14057=DIRECTION('center_axis',(0.,0.,1.));
#14058=DIRECTION('ref_axis',(1.,-7.71470945703628E-15,0.));
#14059=DIRECTION('',(-0.503234790078056,0.864149724327384,0.));
#14060=DIRECTION('center_axis',(5.62218518927729E-16,-1.,0.));
#14061=DIRECTION('ref_axis',(1.,5.62218518927729E-16,0.));
#14062=DIRECTION('',(1.,5.62218518927729E-16,0.));
#14063=DIRECTION('',(0.,0.,1.));
#14064=DIRECTION('',(0.,0.,1.));
#14065=DIRECTION('center_axis',(-1.,-2.64669640702376E-16,0.));
#14066=DIRECTION('ref_axis',(2.64669640702376E-16,-1.,0.));
#14067=DIRECTION('',(2.64669640702376E-16,-1.,0.));
#14068=DIRECTION('',(0.,0.,1.));
#14069=DIRECTION('',(0.,0.,1.));
#14070=DIRECTION('center_axis',(0.,0.,1.));
#14071=DIRECTION('ref_axis',(-0.999999999999598,8.96420565127473E-7,0.));
#14072=DIRECTION('center_axis',(0.,0.,1.));
#14073=DIRECTION('ref_axis',(-0.999999999999598,8.96420565127473E-7,0.));
#14074=DIRECTION('center_axis',(0.,0.,1.));
#14075=DIRECTION('ref_axis',(8.95097186114262E-7,0.999999999999599,0.));
#14076=DIRECTION('center_axis',(0.,0.,1.));
#14077=DIRECTION('ref_axis',(8.95097186114262E-7,0.999999999999599,0.));
#14078=DIRECTION('',(0.,0.,1.));
#14079=DIRECTION('center_axis',(1.,6.8956102834897E-15,0.));
#14080=DIRECTION('ref_axis',(-6.8956102834897E-15,1.,0.));
#14081=DIRECTION('',(-6.8956102834897E-15,1.,0.));
#14082=DIRECTION('',(0.,0.,1.));
#14083=DIRECTION('center_axis',(0.97850902639395,-0.206203989451137,0.));
#14084=DIRECTION('ref_axis',(0.206203989451137,0.97850902639395,0.));
#14085=DIRECTION('',(0.206203989451137,0.97850902639395,0.));
#14086=DIRECTION('',(0.,0.,1.));
#14087=DIRECTION('center_axis',(0.,0.,1.));
#14088=DIRECTION('ref_axis',(0.978508882012128,-0.206204674591473,0.));
#14089=DIRECTION('center_axis',(0.,0.,1.));
#14090=DIRECTION('ref_axis',(0.978508882012128,-0.206204674591473,0.));
#14091=DIRECTION('center_axis',(0.,0.,1.));
#14092=DIRECTION('ref_axis',(8.83922174557126E-7,-0.999999999999609,0.));
#14093=DIRECTION('center_axis',(0.,0.,1.));
#14094=DIRECTION('ref_axis',(8.83922174557126E-7,-0.999999999999609,0.));
#14095=DIRECTION('center_axis',(0.977780303013273,-0.209632247135957,0.));
#14096=DIRECTION('ref_axis',(-0.209632247135957,-0.977780303013273,0.));
#14097=DIRECTION('',(0.,0.,-1.));
#14098=DIRECTION('',(-0.209632247135957,-0.977780303013273,1.08540744152964E-15));
#14099=DIRECTION('',(0.,0.,-1.));
#14100=DIRECTION('center_axis',(-0.130714285714285,0.,-0.991420080243589));
#14101=DIRECTION('ref_axis',(4.29895076902396E-34,1.,-1.71958030760958E-34));
#14102=DIRECTION('',(-0.130714285714285,0.,-0.991420080243589));
#14103=DIRECTION('center_axis',(0.130714285714286,-7.29401029250497E-19,
0.991420080243589));
#14104=DIRECTION('ref_axis',(9.53431345377434E-20,1.,7.23142826949284E-19));
#14105=DIRECTION('',(-0.130714285714285,0.,-0.991420080243589));
#14106=DIRECTION('center_axis',(0.858594975312959,-0.499999999999993,-0.113201892066109));
#14107=DIRECTION('ref_axis',(-0.495710040121787,-0.866025403784443,0.0653571428571413));
#14108=DIRECTION('',(-0.130714285714285,0.,-0.991420080243589));
#14109=DIRECTION('',(-0.495710040121787,-0.866025403784443,0.0653571428571413));
#14110=DIRECTION('center_axis',(-0.130714285714285,0.,-0.991420080243589));
#14111=DIRECTION('ref_axis',(0.858594975312949,0.50000000000001,-0.113201892066107));
#14112=DIRECTION('',(-0.130714285714285,0.,-0.991420080243589));
#14113=DIRECTION('center_axis',(0.130714285714285,-3.77724813404764E-16,
0.991420080243589));
#14114=DIRECTION('ref_axis',(0.858594975312949,0.50000000000001,-0.113201892066107));
#14115=DIRECTION('',(-0.130714285714285,0.,-0.991420080243589));
#14116=DIRECTION('center_axis',(-0.130714285714285,0.,-0.991420080243589));
#14117=DIRECTION('ref_axis',(-0.858594975312953,-0.500000000000004,0.113201892066108));
#14118=DIRECTION('',(-0.130714285714285,0.,-0.991420080243589));
#14119=DIRECTION('center_axis',(0.130714285714285,-2.73521374210008E-16,
0.991420080243589));
#14120=DIRECTION('ref_axis',(-0.858594975312953,-0.500000000000004,0.113201892066108));
#14121=DIRECTION('center_axis',(0.125,0.,-0.992156741649222));
#14122=DIRECTION('ref_axis',(-8.94181759894079E-33,1.,0.));
#14123=DIRECTION('',(0.125,0.,-0.992156741649221));
#14124=DIRECTION('center_axis',(-0.124999999999999,9.99477973704244E-18,
0.992156741649222));
#14125=DIRECTION('ref_axis',(1.2493474671303E-18,1.,-9.91638809740569E-18));
#14126=DIRECTION('',(0.125,0.,-0.992156741649221));
#14127=DIRECTION('center_axis',(0.85923294280422,-0.500000000000001,0.108253175473055));
#14128=DIRECTION('ref_axis',(-0.496078370824612,-0.866025403784438,-0.0625000000000005));
#14129=DIRECTION('',(0.125,0.,-0.992156741649221));
#14130=DIRECTION('',(-0.496078370824612,-0.866025403784438,-0.0625000000000005));
#14131=DIRECTION('center_axis',(0.125,0.,-0.992156741649222));
#14132=DIRECTION('ref_axis',(-0.85923294280422,-0.499999999999999,-0.108253175473055));
#14133=DIRECTION('',(0.125,0.,-0.992156741649221));
#14134=DIRECTION('center_axis',(-0.125,-3.79646404043851E-16,0.992156741649222));
#14135=DIRECTION('ref_axis',(-0.85923294280422,-0.499999999999999,-0.108253175473055));
#14136=DIRECTION('center_axis',(2.11999729003889E-16,-1.,2.67094552836846E-17));
#14137=DIRECTION('ref_axis',(-0.992156741649221,-2.13675642269477E-16,-0.125));
#14138=DIRECTION('',(0.991420080243589,2.11707761758954E-15,-0.130714285714285));
#14139=DIRECTION('',(0.992156741649221,2.10091087615305E-16,0.125));
#14140=DIRECTION('',(0.125,0.,-0.992156741649221));
#14141=DIRECTION('',(0.,0.,-1.));
#14142=DIRECTION('',(0.125,0.,-0.992156741649221));
#14143=DIRECTION('',(0.992156741649221,2.10091087615305E-16,0.125));
#14144=DIRECTION('',(-0.991420080243589,-8.17138845375238E-16,0.130714285714287));
#14145=DIRECTION('',(-0.130714285714285,0.,-0.991420080243589));
#14146=DIRECTION('',(0.991420080243589,2.11707761758954E-15,-0.130714285714286));
#14147=DIRECTION('',(-0.130714285714285,0.,-0.991420080243589));
#14148=DIRECTION('center_axis',(-0.859232942804221,-0.499999999999999,-0.108253175473055));
#14149=DIRECTION('ref_axis',(-0.49607837082461,0.866025403784439,-0.0624999999999995));
#14150=DIRECTION('',(0.125,0.,-0.992156741649221));
#14151=DIRECTION('',(0.49607837082461,-0.866025403784439,0.0624999999999995));
#14152=DIRECTION('center_axis',(-0.709140870973762,-3.85827669999884E-17,
-0.705066823155489));
#14153=DIRECTION('ref_axis',(-0.705066823155489,0.,0.709140870973762));
#14154=DIRECTION('',(-0.695290457317331,0.165950234233463,0.699308014912825));
#14155=DIRECTION('',(7.89473190281361E-18,1.,-6.26624918471176E-17));
#14156=DIRECTION('',(0.701778313169739,0.0964700380344322,-0.705833359176421));
#14157=DIRECTION('',(-7.89473190281361E-18,-1.,6.26624918471176E-17));
#14158=DIRECTION('center_axis',(0.206127825194123,0.978147600733806,-0.0271770281568927));
#14159=DIRECTION('ref_axis',(0.969755172809584,-0.207911690817759,-0.127857864953061));
#14160=DIRECTION('',(0.969755172809583,-0.207911690817759,-0.127857864953062));
#14161=DIRECTION('',(-0.130714285714285,0.,-0.991420080243589));
#14162=DIRECTION('',(-0.969755172809582,0.207911690817765,0.127857864953061));
#14163=DIRECTION('',(-0.130714285714285,0.,-0.991420080243589));
#14164=DIRECTION('',(0.969755172809583,-0.207911690817759,-0.127857864953062));
#14165=DIRECTION('',(-0.130714285714285,0.,-0.991420080243589));
#14166=DIRECTION('',(-0.969755172809584,0.207911690817757,0.127857864953061));
#14167=DIRECTION('',(-0.124818766284762,0.0538297066831979,0.990718243630121));
#14168=DIRECTION('center_axis',(0.130714285714286,6.10928984537505E-17,
0.991420080243589));
#14169=DIRECTION('ref_axis',(-0.991420080243589,4.144086675355E-18,0.130714285714286));
#14170=DIRECTION('',(-0.982339174199194,-0.135037369664041,0.12951700902917));
#14171=DIRECTION('',(2.16908056274557E-15,-1.,-1.69459418964497E-17));
#14172=DIRECTION('center_axis',(0.130714285714286,6.10928984537505E-17,
0.991420080243589));
#14173=DIRECTION('ref_axis',(-0.94289652770153,-0.309016994374945,0.124316673201437));
#14174=DIRECTION('',(0.306365653359824,-0.95105651629516,-0.0403929356932941));
#14175=DIRECTION('center_axis',(-0.130714285714286,-6.10928984537505E-17,
-0.991420080243589));
#14176=DIRECTION('ref_axis',(0.942896527701273,0.309016994375743,-0.124316673201403));
#14177=DIRECTION('',(0.663389519449727,0.743144825477407,-0.0874649292597632));
#14178=DIRECTION('center_axis',(0.130714285714286,6.10928984537505E-17,
0.991420080243589));
#14179=DIRECTION('ref_axis',(-0.206127825194113,-0.978147600733808,0.0271770281568913));
#14180=DIRECTION('center_axis',(-0.608610903918216,0.,0.793468819571287));
#14181=DIRECTION('ref_axis',(-0.793468819571287,-1.31653796496786E-34,-0.608610903918216));
#14182=DIRECTION('',(0.793468819571287,4.7590721237483E-16,0.608610903918216));
#14183=DIRECTION('',(0.,-1.,0.));
#14184=DIRECTION('',(-0.793468819571287,-6.70851962775028E-17,-0.608610903918216));
#14185=DIRECTION('',(2.44229002042053E-17,-1.,1.85238771324213E-16));
#14186=DIRECTION('center_axis',(0.130714285714287,0.,0.991420080243589));
#14187=DIRECTION('ref_axis',(-0.991420080243589,4.28313506176084E-34,0.130714285714287));
#14188=DIRECTION('',(0.991420080243589,6.73034434171648E-16,-0.130714285714287));
#14189=DIRECTION('',(-6.24271902033277E-16,1.,8.23074470568824E-17));
#14190=DIRECTION('center_axis',(0.130714285714287,0.,0.991420080243589));
#14191=DIRECTION('ref_axis',(0.495710040121794,-0.866025403784439,-0.0653571428571424));
#14192=DIRECTION('',(0.858594975312954,0.500000000000001,-0.11320189206611));
#14193=DIRECTION('center_axis',(-0.130714285714287,0.,-0.991420080243589));
#14194=DIRECTION('ref_axis',(-0.495710040121796,0.866025403784438,0.0653571428571427));
#14195=DIRECTION('',(-0.858594975312956,0.499999999999997,0.11320189206611));
#14196=DIRECTION('center_axis',(0.130714285714287,0.,0.991420080243589));
#14197=DIRECTION('ref_axis',(0.991420080243589,7.9446571629598E-16,-0.130714285714285));
#14198=DIRECTION('',(-6.24271902033277E-16,1.,8.23074470568824E-17));
#14199=DIRECTION('',(-4.48303260498748E-18,1.,3.55829681765731E-17));
#14200=DIRECTION('',(-0.991420080243589,-7.51652909802779E-17,0.130714285714287));
#14201=DIRECTION('center_axis',(-6.67259852733154E-16,1.,8.7975215323865E-17));
#14202=DIRECTION('ref_axis',(0.991420080243589,6.73034434171648E-16,-0.130714285714285));
#14203=DIRECTION('',(-0.991420080243589,-6.73034434171648E-16,0.130714285714286));
#14204=DIRECTION('',(-0.130714285714285,0.,-0.991420080243589));
#14205=DIRECTION('center_axis',(0.130714285714284,0.,0.991420080243589));
#14206=DIRECTION('ref_axis',(0.,-1.,0.));
#14207=DIRECTION('',(0.130714285714284,0.,0.991420080243589));
#14208=DIRECTION('center_axis',(0.130714285714286,0.,0.991420080243589));
#14209=DIRECTION('ref_axis',(0.,-1.,0.));
#14210=DIRECTION('center_axis',(-0.130714285714286,0.,-0.991420080243589));
#14211=DIRECTION('ref_axis',(0.,-1.,0.));
#14212=DIRECTION('center_axis',(0.130714285714284,0.,0.991420080243589));
#14213=DIRECTION('ref_axis',(0.,-1.,0.));
#14214=DIRECTION('',(0.130714285714284,0.,0.991420080243589));
#14215=DIRECTION('center_axis',(0.130714285714286,0.,0.991420080243589));
#14216=DIRECTION('ref_axis',(0.,-1.,0.));
#14217=DIRECTION('center_axis',(-0.130714285714286,0.,-0.991420080243589));
#14218=DIRECTION('ref_axis',(0.,-1.,0.));
#14219=DIRECTION('center_axis',(0.130714285714286,0.,0.991420080243589));
#14220=DIRECTION('ref_axis',(0.,-1.,0.));
#14221=DIRECTION('',(0.130714285714286,0.,0.991420080243589));
#14222=DIRECTION('center_axis',(0.130714285714286,0.,0.991420080243589));
#14223=DIRECTION('ref_axis',(0.,-1.,0.));
#14224=DIRECTION('center_axis',(-0.130714285714286,0.,-0.991420080243589));
#14225=DIRECTION('ref_axis',(0.,-1.,0.));
#14226=DIRECTION('center_axis',(-0.991420080243589,-6.29674458358656E-16,
0.130714285714285));
#14227=DIRECTION('ref_axis',(-6.23236278668858E-16,1.,9.01622717491047E-17));
#14228=DIRECTION('',(-2.32678830271136E-15,-1.,-1.26372166729413E-16));
#14229=DIRECTION('',(-0.130714285714285,0.,-0.991420080243589));
#14230=DIRECTION('',(-2.27112492523246E-15,-1.,2.95814206131032E-16));
#14231=DIRECTION('',(-0.130714285714285,0.,-0.991420080243589));
#14232=DIRECTION('center_axis',(-0.130714285714285,0.,-0.991420080243589));
#14233=DIRECTION('ref_axis',(0.942896527701273,0.309016994375743,-0.124316673201403));
#14234=DIRECTION('',(-0.130714285714285,0.,-0.991420080243589));
#14235=DIRECTION('center_axis',(0.130714285714286,8.21957186416788E-17,
0.991420080243589));
#14236=DIRECTION('ref_axis',(0.942896527701273,0.309016994375743,-0.124316673201404));
#14237=DIRECTION('',(-0.130714285714285,0.,-0.991420080243589));
#14238=DIRECTION('center_axis',(0.942896527701536,0.309016994374928,-0.124316673201438));
#14239=DIRECTION('ref_axis',(0.306365653359824,-0.95105651629516,-0.0403929356932938));
#14240=DIRECTION('',(-0.130714285714285,0.,-0.991420080243589));
#14241=DIRECTION('',(-0.306365653359824,0.95105651629516,0.0403929356932938));
#14242=DIRECTION('center_axis',(-0.130714285714285,0.,-0.991420080243589));
#14243=DIRECTION('ref_axis',(-0.94289652770153,-0.309016994374945,0.124316673201437));
#14244=DIRECTION('center_axis',(0.130714285714283,-9.80222234730528E-16,
0.991420080243589));
#14245=DIRECTION('ref_axis',(-0.94289652770153,-0.309016994374945,0.124316673201435));
#14246=DIRECTION('center_axis',(-0.124999999999999,0.,0.992156741649222));
#14247=DIRECTION('ref_axis',(0.,1.,0.));
#14248=DIRECTION('',(-0.124999999999999,0.,0.992156741649222));
#14249=DIRECTION('center_axis',(-0.124999999999999,0.,0.992156741649222));
#14250=DIRECTION('ref_axis',(0.,1.,0.));
#14251=DIRECTION('center_axis',(0.124999999999999,0.,-0.992156741649222));
#14252=DIRECTION('ref_axis',(0.,1.,0.));
#14253=DIRECTION('center_axis',(-0.124999999999999,0.,0.992156741649222));
#14254=DIRECTION('ref_axis',(0.,1.,0.));
#14255=DIRECTION('',(-0.124999999999999,0.,0.992156741649222));
#14256=DIRECTION('center_axis',(-0.124999999999999,0.,0.992156741649222));
#14257=DIRECTION('ref_axis',(0.,1.,0.));
#14258=DIRECTION('center_axis',(0.124999999999999,0.,-0.992156741649222));
#14259=DIRECTION('ref_axis',(0.,1.,0.));
#14260=DIRECTION('center_axis',(-0.124999999999999,0.,0.992156741649222));
#14261=DIRECTION('ref_axis',(0.,1.,0.));
#14262=DIRECTION('',(-0.124999999999999,0.,0.992156741649222));
#14263=DIRECTION('center_axis',(-0.124999999999999,0.,0.992156741649222));
#14264=DIRECTION('ref_axis',(0.,1.,0.));
#14265=DIRECTION('center_axis',(0.124999999999999,0.,-0.992156741649222));
#14266=DIRECTION('ref_axis',(0.,1.,0.));
#14267=DIRECTION('center_axis',(-0.124999999999999,0.,0.992156741649222));
#14268=DIRECTION('ref_axis',(0.,1.,0.));
#14269=DIRECTION('',(-0.124999999999999,0.,0.992156741649222));
#14270=DIRECTION('center_axis',(-0.124999999999999,0.,0.992156741649222));
#14271=DIRECTION('ref_axis',(0.,1.,0.));
#14272=DIRECTION('center_axis',(0.124999999999999,0.,-0.992156741649222));
#14273=DIRECTION('ref_axis',(0.,1.,0.));
#14274=DIRECTION('center_axis',(0.499291762642496,0.,0.866433918863608));
#14275=DIRECTION('ref_axis',(-0.866433918863608,0.,0.499291762642496));
#14276=DIRECTION('center_axis',(0.499291762642496,0.,0.866433918863608));
#14277=DIRECTION('ref_axis',(-0.866433918863608,-3.1610697530333E-16,0.499291762642496));
#14278=DIRECTION('',(-0.787063522460311,-0.41811485022629,0.453553727393586));
#14279=DIRECTION('center_axis',(-0.499291762642496,0.,-0.866433918863608));
#14280=DIRECTION('ref_axis',(0.866433918863608,4.91721961582963E-16,-0.499291762642496));
#14281=DIRECTION('',(0.787063522460311,-0.41811485022629,-0.453553727393586));
#14282=DIRECTION('center_axis',(0.499291762642496,0.,0.866433918863608));
#14283=DIRECTION('ref_axis',(-0.866433918863608,1.51731348145609E-14,0.499291762642496));
#14284=DIRECTION('',(-7.32591870123505E-33,-1.,4.22163858279315E-33));
#14285=DIRECTION('',(2.16908056274557E-15,-1.,-1.69459418964497E-17));
#14286=DIRECTION('',(-0.860352981985984,-0.118268523460556,0.49578755807935));
#14287=DIRECTION('',(-7.32591870123505E-33,-1.,4.22163858279315E-33));
#14288=DIRECTION('center_axis',(-0.136184423772813,0.990683502800802,0.));
#14289=DIRECTION('ref_axis',(0.,0.,1.));
#14290=DIRECTION('',(0.124981550317492,0.0171806034562007,-0.992010301834168));
#14291=DIRECTION('center_axis',(0.125,0.,-0.992156741649222));
#14292=DIRECTION('ref_axis',(-0.49607837082462,0.866025403784433,-0.0625000000000012));
#14293=DIRECTION('',(0.125,0.,-0.992156741649221));
#14294=DIRECTION('center_axis',(-0.125,6.86772387994187E-16,0.992156741649222));
#14295=DIRECTION('ref_axis',(-0.49607837082462,0.866025403784433,-0.0625000000000015));
#14296=DIRECTION('',(0.125,0.,-0.992156741649221));
#14297=DIRECTION('center_axis',(0.992156741649222,-6.74075480535533E-33,
0.125));
#14298=DIRECTION('ref_axis',(9.75363007574131E-19,-1.,-7.74170386815954E-18));
#14299=DIRECTION('',(-2.4144645714915E-17,-1.,1.91642184166279E-16));
#14300=DIRECTION('',(0.125,0.,-0.992156741649221));
#14301=DIRECTION('',(-4.47952516851728E-16,1.,-7.78945077455098E-17));
#14302=DIRECTION('',(0.125,0.,-0.992156741649221));
#14303=DIRECTION('',(-4.50613703900564E-16,1.,-5.67719903751709E-17));
#14304=DIRECTION('center_axis',(-0.124999999999999,-3.70268374282622E-17,
0.992156741649222));
#14305=DIRECTION('ref_axis',(0.701560760020114,-0.707106781186548,0.0883883476483176));
#14306=DIRECTION('center_axis',(0.125,6.59025377071315E-19,-0.992156741649222));
#14307=DIRECTION('ref_axis',(0.701560760020114,-0.707106781186548,0.0883883476483176));
#14308=DIRECTION('',(0.124999999999999,3.70268374282622E-17,-0.992156741649222));
#14309=DIRECTION('center_axis',(-0.130714285714285,1.31846730318071E-18,
-0.991420080243589));
#14310=DIRECTION('ref_axis',(0.991420080243589,-3.35601279650225E-16,-0.130714285714285));
#14311=DIRECTION('center_axis',(-0.969755172809569,0.207911690817827,0.127857864953059));
#14312=DIRECTION('ref_axis',(0.11930069437948,-0.0532418650225715,0.991429598170991));
#14313=DIRECTION('',(-0.124999999999999,-3.70268374282622E-17,0.992156741649222));
#14314=DIRECTION('center_axis',(-1.44742712034347E-16,1.,1.90836766300613E-17));
#14315=DIRECTION('ref_axis',(-0.991420080243589,-1.45995340339268E-16,0.130714285714285));
#14316=DIRECTION('',(0.992156741649221,1.41221997970712E-16,0.125));
#14317=DIRECTION('',(0.991420080243589,1.45995340339268E-16,-0.130714285714285));
#14318=DIRECTION('center_axis',(0.125,6.59025377071315E-19,-0.992156741649222));
#14319=DIRECTION('ref_axis',(-8.23781721339144E-20,1.,6.53856470779225E-19));
#14320=DIRECTION('',(-8.23781721339137E-20,1.,6.53856470779225E-19));
#14321=DIRECTION('',(-8.23781721339137E-20,1.,6.53856470779225E-19));
#14322=DIRECTION('',(0.992156741649221,0.,0.125));
#14323=DIRECTION('center_axis',(0.125,6.59025377071315E-19,-0.992156741649222));
#14324=DIRECTION('ref_axis',(-0.992156741649221,-2.34071992455908E-15,-0.125));
#14325=DIRECTION('',(-2.80337615166438E-16,1.,-3.46549845154303E-17));
#14326=DIRECTION('center_axis',(0.125,6.59025377071315E-19,-0.992156741649222));
#14327=DIRECTION('ref_axis',(-0.992156741649221,5.50757629308019E-16,-0.125));
#14328=DIRECTION('',(-0.992156741649221,-2.87976331586079E-16,-0.125));
#14329=DIRECTION('',(2.58167371205516E-18,1.,9.89495459604813E-19));
#14330=DIRECTION('',(-0.992156741649221,6.99353086378051E-16,-0.125));
#14331=DIRECTION('center_axis',(-0.125,-6.59025377071315E-19,0.992156741649222));
#14332=DIRECTION('ref_axis',(-0.701560760020125,-0.707106781186537,-0.0883883476483163));
#14333=DIRECTION('',(1.48024323832823E-14,1.,1.86559542014559E-15));
#14334=DIRECTION('',(-0.992156741649221,-1.16558847729675E-15,-0.125));
#14335=DIRECTION('center_axis',(-0.125,-6.59025377071315E-19,0.992156741649222));
#14336=DIRECTION('ref_axis',(-0.701560760020118,-0.707106781186543,-0.0883883476483187));
#14337=DIRECTION('',(-8.23781721339143E-20,1.,6.53856470779225E-19));
#14338=DIRECTION('',(-0.992156741649221,2.3311769545935E-16,-0.125));
#14339=DIRECTION('',(8.23781721339143E-20,-1.,-6.53856470779225E-19));
#14340=DIRECTION('center_axis',(-0.125,-6.59025377071315E-19,0.992156741649222));
#14341=DIRECTION('ref_axis',(0.701560760020115,-0.707106781186546,0.0883883476483183));
#14342=DIRECTION('',(-0.992156741649221,-2.3311769545935E-16,-0.125));
#14343=DIRECTION('',(8.23781721339143E-20,-1.,-6.53856470779225E-19));
#14344=DIRECTION('center_axis',(-0.125,-6.59025377071315E-19,0.992156741649222));
#14345=DIRECTION('ref_axis',(0.701560760020114,-0.707106781186547,0.0883883476483181));
#14346=DIRECTION('',(-0.992156741649221,-1.27333357012869E-16,-0.125));
#14347=DIRECTION('center_axis',(-0.125,-6.59025377071315E-19,0.992156741649222));
#14348=DIRECTION('ref_axis',(-0.701560760020113,-0.707106781186548,-0.0883883476483183));
#14349=DIRECTION('',(9.0265001963696E-17,1.,1.20365564443803E-17));
#14350=DIRECTION('center_axis',(-0.125,-6.59025377071315E-19,0.992156741649222));
#14351=DIRECTION('ref_axis',(-0.701560760020115,0.707106781186546,-0.0883883476483186));
#14352=DIRECTION('',(0.992156741649221,0.,0.125));
#14353=DIRECTION('',(3.08303346024833E-16,1.,3.95068057140044E-17));
#14354=DIRECTION('center_axis',(-0.125,-6.59025377071315E-19,0.992156741649222));
#14355=DIRECTION('ref_axis',(-0.701560760020122,0.70710678118654,-0.0883883476483191));
#14356=DIRECTION('',(0.992156741649221,0.,0.125));
#14357=DIRECTION('',(-8.23781721339143E-20,1.,6.53856470779225E-19));
#14358=DIRECTION('center_axis',(-0.125,-6.59025377071315E-19,0.992156741649222));
#14359=DIRECTION('ref_axis',(-0.701560760020109,0.707106781186553,-0.0883883476483175));
#14360=DIRECTION('',(0.992156741649221,0.,0.125));
#14361=DIRECTION('center_axis',(-0.125,-6.59025377071315E-19,0.992156741649222));
#14362=DIRECTION('ref_axis',(0.701560760020122,0.70710678118654,0.0883883476483191));
#14363=DIRECTION('',(8.23781721339143E-20,-1.,-6.53856470779225E-19));
#14364=DIRECTION('',(0.992156741649221,0.,0.125));
#14365=DIRECTION('center_axis',(-0.125,-6.59025377071315E-19,0.992156741649222));
#14366=DIRECTION('ref_axis',(0.701560760020103,0.707106781186559,0.0883883476483198));
#14367=DIRECTION('',(8.23781721339143E-20,-1.,-6.53856470779225E-19));
#14368=DIRECTION('',(0.992156741649221,0.,0.125));
#14369=DIRECTION('center_axis',(-0.125,-6.59025377071315E-19,0.992156741649222));
#14370=DIRECTION('ref_axis',(0.701560760020103,0.707106781186559,0.0883883476483198));
#14371=DIRECTION('',(8.23781721339143E-20,-1.,-6.53856470779225E-19));
#14372=DIRECTION('center_axis',(-0.125,-6.59025377071315E-19,0.992156741649222));
#14373=DIRECTION('ref_axis',(0.701560760020106,-0.707106781186556,0.0883883476483171));
#14374=DIRECTION('center_axis',(0.,0.,1.));
#14375=DIRECTION('ref_axis',(0.707106781186544,0.707106781186551,0.));
#14376=DIRECTION('center_axis',(-0.499291762642496,0.,-0.866433918863608));
#14377=DIRECTION('ref_axis',(0.866433918863608,-6.01209303774114E-17,-0.499291762642496));
#14378=DIRECTION('',(0.,0.,-1.));
#14379=DIRECTION('center_axis',(0.,0.,1.));
#14380=DIRECTION('ref_axis',(0.707106781186544,0.707106781186551,0.));
#14381=DIRECTION('',(0.,0.,1.));
#14382=DIRECTION('center_axis',(0.,1.,0.));
#14383=DIRECTION('ref_axis',(-1.,0.,0.));
#14384=DIRECTION('',(1.,0.,0.));
#14385=DIRECTION('',(0.,0.,-1.));
#14386=DIRECTION('',(0.866433918863608,0.,-0.499291762642496));
#14387=DIRECTION('center_axis',(0.,0.,-1.));
#14388=DIRECTION('ref_axis',(-1.,0.,0.));
#14389=DIRECTION('',(0.,-1.,0.));
#14390=DIRECTION('',(-0.206203989451173,-0.978509026393942,0.));
#14391=DIRECTION('center_axis',(0.,0.,1.));
#14392=DIRECTION('ref_axis',(0.629998416882464,-0.776596416889487,0.));
#14393=DIRECTION('',(-1.,-2.90252859752168E-16,0.));
#14394=DIRECTION('center_axis',(0.,0.,1.));
#14395=DIRECTION('ref_axis',(-0.707106781186548,-0.707106781186547,0.));
#14396=DIRECTION('',(-2.80337615166438E-16,1.,0.));
#14397=DIRECTION('center_axis',(0.,0.,1.));
#14398=DIRECTION('ref_axis',(-0.707106781186545,0.70710678118655,0.));
#14399=DIRECTION('center_axis',(0.,0.,1.));
#14400=DIRECTION('ref_axis',(0.629998416882464,-0.776596416889487,0.));
#14401=DIRECTION('center_axis',(-0.130714285714285,1.31846730318071E-18,
-0.991420080243589));
#14402=DIRECTION('ref_axis',(0.991420080243589,-1.10069740016215E-15,-0.130714285714285));
#14403=DIRECTION('',(0.,0.,-1.));
#14404=DIRECTION('',(0.,0.,1.));
#14405=DIRECTION('center_axis',(2.90252859752168E-16,-1.,0.));
#14406=DIRECTION('ref_axis',(1.,2.90252859752168E-16,0.));
#14407=DIRECTION('',(-0.991420080243589,-2.87762513506425E-16,0.130714285714285));
#14408=DIRECTION('',(0.,0.,1.));
#14409=DIRECTION('center_axis',(0.,0.,1.));
#14410=DIRECTION('ref_axis',(-0.707106781186548,-0.707106781186547,0.));
#14411=DIRECTION('',(0.,0.,-1.));
#14412=DIRECTION('center_axis',(0.,0.,-1.));
#14413=DIRECTION('ref_axis',(-0.707106781186545,0.70710678118655,0.));
#14414=DIRECTION('',(0.,0.,1.));
#14415=DIRECTION('center_axis',(-0.130714285714285,8.67361737988404E-17,
-0.991420080243589));
#14416=DIRECTION('ref_axis',(0.539966075798385,0.838670567945427,-0.0711921024341062));
#14417=DIRECTION('center_axis',(0.130714285714285,-1.31846730318071E-18,
0.991420080243589));
#14418=DIRECTION('ref_axis',(0.539966075798385,0.838670567945427,-0.0711921024341062));
#14419=DIRECTION('',(-0.130714285714285,9.0129805010767E-17,-0.991420080243589));
#14420=DIRECTION('center_axis',(-0.130714285714285,-1.86841859485739E-16,
-0.991420080243589));
#14421=DIRECTION('ref_axis',(0.539966075798385,0.838670567945427,-0.0711921024341062));
#14422=DIRECTION('',(0.130714285714285,-8.09654651429747E-17,0.991420080243589));
#14423=DIRECTION('center_axis',(-0.206127825194125,0.978147600733805,0.027177028156893));
#14424=DIRECTION('ref_axis',(0.969755172809583,0.207911690817762,-0.127857864953061));
#14425=DIRECTION('',(0.969755172809583,0.207911690817761,-0.127857864953061));
#14426=DIRECTION('',(0.130714285714285,-9.35992519627206E-17,0.991420080243589));
#14427=DIRECTION('',(0.969755172809583,0.207911690817762,-0.127857864953061));
#14428=DIRECTION('center_axis',(-0.130714285714285,9.12223031916474E-17,
-0.991420080243589));
#14429=DIRECTION('ref_axis',(0.701039861744753,0.707106781186548,-0.0924289578265264));
#14430=DIRECTION('center_axis',(0.130714285714285,-1.31846730318071E-18,
0.991420080243589));
#14431=DIRECTION('ref_axis',(0.701039861744753,0.707106781186548,-0.0924289578265264));
#14432=DIRECTION('',(-0.130714285714285,9.12223031916474E-17,-0.991420080243589));
#14433=DIRECTION('center_axis',(-0.130714285714285,-1.86841859485739E-16,
-0.991420080243589));
#14434=DIRECTION('ref_axis',(0.701039861744753,0.707106781186548,-0.0924289578265264));
#14435=DIRECTION('',(0.130714285714285,-9.12223031916474E-17,0.991420080243589));
#14436=DIRECTION('center_axis',(1.19240582029082E-17,1.,9.0439623150268E-17));
#14437=DIRECTION('ref_axis',(0.991420080243589,0.,-0.130714285714285));
#14438=DIRECTION('',(0.991420080243589,-1.54074395550979E-33,-0.130714285714285));
#14439=DIRECTION('',(0.130714285714285,-9.12223031916474E-17,0.991420080243589));
#14440=DIRECTION('',(0.991420080243589,-2.9274135154686E-32,-0.130714285714285));
#14441=DIRECTION('center_axis',(-0.130714285714285,9.12223031916474E-17,
-0.991420080243589));
#14442=DIRECTION('ref_axis',(-0.701039861744753,0.707106781186548,0.0924289578265264));
#14443=DIRECTION('center_axis',(0.130714285714285,-1.31846730318071E-18,
0.991420080243589));
#14444=DIRECTION('ref_axis',(-0.701039861744753,0.707106781186548,0.0924289578265264));
#14445=DIRECTION('',(-0.130714285714285,9.12223031916474E-17,-0.991420080243589));
#14446=DIRECTION('center_axis',(-0.130714285714285,-1.86841859485739E-16,
-0.991420080243589));
#14447=DIRECTION('ref_axis',(-0.701039861744753,0.707106781186548,0.0924289578265264));
#14448=DIRECTION('center_axis',(-0.991420080243589,9.32470781837406E-16,
0.130714285714285));
#14449=DIRECTION('ref_axis',(9.12091083302753E-16,1.,-2.15778762709838E-16));
#14450=DIRECTION('',(9.24642599865816E-16,1.,-1.205800972378E-16));
#14451=DIRECTION('',(-0.130714285714285,9.12223031916474E-17,-0.991420080243589));
#14452=DIRECTION('',(9.00047357149836E-16,1.,-3.07126023521531E-16));
#14453=DIRECTION('center_axis',(-0.130714285714285,9.02056207507939E-17,
-0.991420080243589));
#14454=DIRECTION('ref_axis',(-0.831474841770389,0.544639035015027,0.109626224238579));
#14455=DIRECTION('center_axis',(0.130714285714285,-1.31846730318071E-18,
0.991420080243589));
#14456=DIRECTION('ref_axis',(-0.831474841770389,0.544639035015027,0.109626224238579));
#14457=DIRECTION('',(-0.130714285714285,9.02056207507939E-17,-0.991420080243589));
#14458=DIRECTION('center_axis',(-0.130714285714285,-1.86841859485739E-16,
-0.991420080243589));
#14459=DIRECTION('ref_axis',(-0.831474841770389,0.544639035015027,0.109626224238579));
#14460=DIRECTION('center_axis',(-0.969755172809584,-0.207911690817758,0.127857864953061));
#14461=DIRECTION('ref_axis',(-0.206127825194122,0.978147600733806,0.0271770281568926));
#14462=DIRECTION('',(-0.206127825194122,0.978147600733806,0.0271770281568926));
#14463=DIRECTION('',(0.130714285714285,-1.02915223310567E-16,0.991420080243589));
#14464=DIRECTION('',(-0.206127825194122,0.978147600733806,0.0271770281568923));
#14465=DIRECTION('center_axis',(-0.130714285714285,9.71445146547012E-17,
-0.991420080243589));
#14466=DIRECTION('ref_axis',(-0.539966075798387,-0.838670567945425,0.0711921024341065));
#14467=DIRECTION('center_axis',(0.130714285714285,-1.31846730318071E-18,
0.991420080243589));
#14468=DIRECTION('ref_axis',(-0.539966075798387,-0.838670567945425,0.0711921024341065));
#14469=DIRECTION('',(-0.130714285714285,9.03572522308479E-17,-0.991420080243589));
#14470=DIRECTION('center_axis',(-0.130714285714285,-1.86841859485739E-16,
-0.991420080243589));
#14471=DIRECTION('ref_axis',(-0.539966075798387,-0.838670567945425,0.0711921024341065));
#14472=DIRECTION('center_axis',(0.206127825194131,-0.978147600733804,-0.0271770281568937));
#14473=DIRECTION('ref_axis',(-0.969755172809582,-0.207911690817767,0.127857864953061));
#14474=DIRECTION('',(-0.969755172809582,-0.207911690817767,0.127857864953061));
#14475=DIRECTION('',(-0.130714285714285,9.12223031916474E-17,-0.991420080243589));
#14476=DIRECTION('',(-0.969755172809582,-0.207911690817767,0.127857864953061));
#14477=DIRECTION('center_axis',(-0.130714285714285,9.0205620750794E-17,
-0.991420080243589));
#14478=DIRECTION('ref_axis',(0.539966075798385,-0.838670567945426,-0.0711921024341063));
#14479=DIRECTION('center_axis',(0.130714285714285,-1.31846730318071E-18,
0.991420080243589));
#14480=DIRECTION('ref_axis',(0.539966075798385,-0.838670567945426,-0.0711921024341063));
#14481=DIRECTION('',(-0.130714285714285,9.0205620750794E-17,-0.991420080243589));
#14482=DIRECTION('center_axis',(-0.130714285714285,-1.86841859485739E-16,
-0.991420080243589));
#14483=DIRECTION('ref_axis',(0.539966075798385,-0.838670567945426,-0.0711921024341063));
#14484=DIRECTION('',(0.130714285714285,-8.34183583269407E-17,0.991420080243589));
#14485=DIRECTION('center_axis',(0.969755172809583,-0.207911690817761,-0.127857864953061));
#14486=DIRECTION('ref_axis',(-0.206127825194124,-0.978147600733805,0.0271770281568929));
#14487=DIRECTION('',(-0.206127825194124,-0.978147600733805,0.0271770281568929));
#14488=DIRECTION('',(0.130714285714285,-8.44349120949284E-17,0.991420080243589));
#14489=DIRECTION('',(-0.206127825194124,-0.978147600733805,0.027177028156893));
#14490=DIRECTION('center_axis',(-0.130714285714285,9.0205620750794E-17,
-0.991420080243589));
#14491=DIRECTION('ref_axis',(0.831474841770381,0.544639035015038,-0.10962622423858));
#14492=DIRECTION('center_axis',(0.130714285714285,-1.31846730318071E-18,
0.991420080243589));
#14493=DIRECTION('ref_axis',(0.831474841770381,0.544639035015038,-0.10962622423858));
#14494=DIRECTION('',(-0.130714285714285,9.0205620750794E-17,-0.991420080243589));
#14495=DIRECTION('center_axis',(-0.130714285714285,-1.86841859485739E-16,
-0.991420080243589));
#14496=DIRECTION('ref_axis',(0.831474841770381,0.544639035015038,-0.10962622423858));
#14497=DIRECTION('center_axis',(0.206127825194124,0.978147600733805,-0.0271770281568926));
#14498=DIRECTION('ref_axis',(0.969755172809583,-0.20791169081776,-0.127857864953061));
#14499=DIRECTION('',(0.969755172809583,-0.20791169081776,-0.127857864953061));
#14500=DIRECTION('',(0.130714285714285,-9.36750677027476E-17,0.991420080243589));
#14501=DIRECTION('',(0.969755172809583,-0.20791169081776,-0.127857864953061));
#14502=DIRECTION('center_axis',(-0.130714285714285,9.36750677027476E-17,
-0.991420080243589));
#14503=DIRECTION('ref_axis',(-0.539966075798385,0.838670567945427,0.0711921024341062));
#14504=DIRECTION('center_axis',(0.130714285714285,-1.31846730318071E-18,
0.991420080243589));
#14505=DIRECTION('ref_axis',(-0.539966075798385,0.838670567945427,0.0711921024341062));
#14506=DIRECTION('',(-0.130714285714285,9.36750677027476E-17,-0.991420080243589));
#14507=DIRECTION('center_axis',(-0.130714285714285,-1.86841859485739E-16,
-0.991420080243589));
#14508=DIRECTION('ref_axis',(-0.539966075798385,0.838670567945427,0.0711921024341062));
#14509=DIRECTION('center_axis',(-0.969755172809584,0.207911690817757,0.127857864953061));
#14510=DIRECTION('ref_axis',(0.206127825194121,0.978147600733806,-0.0271770281568925));
#14511=DIRECTION('',(0.206127825194121,0.978147600733806,-0.0271770281568925));
#14512=DIRECTION('',(-0.130714285714285,9.12223031916474E-17,-0.991420080243589));
#14513=DIRECTION('',(0.206127825194121,0.978147600733806,-0.0271770281568926));
#14514=DIRECTION('center_axis',(0.125,0.,-0.992156741649222));
#14515=DIRECTION('ref_axis',(-0.701560760020115,0.707106781186546,-0.0883883476483186));
#14516=DIRECTION('',(0.125,0.,-0.992156741649221));
#14517=DIRECTION('center_axis',(0.125000000000005,0.,-0.992156741649221));
#14518=DIRECTION('ref_axis',(-0.701560760020115,0.707106781186546,-0.0883883476483186));
#14519=DIRECTION('',(-0.125,0.,0.992156741649221));
#14520=DIRECTION('center_axis',(-0.992156741649222,9.10615997888088E-17,
-0.125));
#14521=DIRECTION('ref_axis',(9.03473801358299E-17,1.,1.13826999736011E-17));
#14522=DIRECTION('',(-0.125,0.,0.992156741649221));
#14523=DIRECTION('',(9.03473801358299E-17,1.,1.13826999736015E-17));
#14524=DIRECTION('center_axis',(0.125,0.,-0.992156741649222));
#14525=DIRECTION('ref_axis',(-0.701560760020113,-0.707106781186548,-0.0883883476483183));
#14526=DIRECTION('',(0.125,0.,-0.992156741649221));
#14527=DIRECTION('center_axis',(0.125000000000005,0.,-0.992156741649221));
#14528=DIRECTION('ref_axis',(-0.701560760020113,-0.707106781186548,-0.0883883476483183));
#14529=DIRECTION('center_axis',(1.26334648597146E-16,-1.,1.59166696266087E-17));
#14530=DIRECTION('ref_axis',(-0.992156741649221,-1.27333357012869E-16,-0.125));
#14531=DIRECTION('',(-0.125,0.,0.992156741649221));
#14532=DIRECTION('',(-0.992156741649221,-1.27333357012869E-16,-0.125000000000005));
#14533=DIRECTION('center_axis',(0.125,0.,-0.992156741649222));
#14534=DIRECTION('ref_axis',(0.701560760020114,-0.707106781186547,0.0883883476483181));
#14535=DIRECTION('',(0.125,0.,-0.992156741649221));
#14536=DIRECTION('center_axis',(0.125000000000005,0.,-0.992156741649221));
#14537=DIRECTION('ref_axis',(0.701560760020114,-0.707106781186547,0.0883883476483181));
#14538=DIRECTION('center_axis',(0.992156741649222,0.,0.125));
#14539=DIRECTION('ref_axis',(0.,-1.,0.));
#14540=DIRECTION('',(0.125,0.,-0.992156741649221));
#14541=DIRECTION('',(0.,-1.,0.));
#14542=DIRECTION('center_axis',(0.125,0.,-0.992156741649222));
#14543=DIRECTION('ref_axis',(0.701560760020115,-0.707106781186546,0.0883883476483183));
#14544=DIRECTION('',(0.125,0.,-0.992156741649221));
#14545=DIRECTION('center_axis',(0.125000000000005,0.,-0.992156741649221));
#14546=DIRECTION('ref_axis',(0.701560760020115,-0.707106781186546,0.0883883476483183));
#14547=DIRECTION('',(-0.125,0.,0.992156741649221));
#14548=DIRECTION('center_axis',(0.992156741649222,0.,0.125));
#14549=DIRECTION('ref_axis',(0.,-1.,0.));
#14550=DIRECTION('',(0.125,0.,-0.992156741649221));
#14551=DIRECTION('',(0.,-1.,0.));
#14552=DIRECTION('center_axis',(0.125,0.,-0.992156741649222));
#14553=DIRECTION('ref_axis',(-0.701560760020118,-0.707106781186543,-0.0883883476483187));
#14554=DIRECTION('',(0.125,0.,-0.992156741649221));
#14555=DIRECTION('center_axis',(0.125000000000005,0.,-0.992156741649221));
#14556=DIRECTION('ref_axis',(-0.701560760020118,-0.707106781186543,-0.0883883476483187));
#14557=DIRECTION('',(-0.125,0.,0.992156741649221));
#14558=DIRECTION('center_axis',(1.15644646573862E-15,-1.,1.45698559662094E-16));
#14559=DIRECTION('ref_axis',(-0.992156741649221,-1.16558847729675E-15,-0.125));
#14560=DIRECTION('',(0.125,0.,-0.992156741649221));
#14561=DIRECTION('',(-0.992156741649221,-1.16558847729675E-15,-0.125000000000005));
#14562=DIRECTION('center_axis',(0.125,0.,-0.992156741649222));
#14563=DIRECTION('ref_axis',(-0.701560760020125,-0.707106781186537,-0.0883883476483163));
#14564=DIRECTION('',(0.125,0.,-0.992156741649221));
#14565=DIRECTION('center_axis',(0.125000000000005,0.,-0.992156741649221));
#14566=DIRECTION('ref_axis',(-0.701560760020125,-0.707106781186537,-0.0883883476483163));
#14567=DIRECTION('',(-0.125,0.,0.992156741649221));
#14568=DIRECTION('center_axis',(-6.93867879443173E-16,-1.,-8.74191357972563E-17));
#14569=DIRECTION('ref_axis',(-0.992156741649221,6.99353086378051E-16,-0.125));
#14570=DIRECTION('',(-0.125,0.,0.992156741649221));
#14571=DIRECTION('',(-0.992156741649221,6.99353086378051E-16,-0.125000000000005));
#14572=DIRECTION('center_axis',(0.125,0.,-0.992156741649222));
#14573=DIRECTION('ref_axis',(0.701560760020106,-0.707106781186556,0.0883883476483171));
#14574=DIRECTION('',(0.125,0.,-0.992156741649221));
#14575=DIRECTION('center_axis',(0.125000000000005,0.,-0.992156741649221));
#14576=DIRECTION('ref_axis',(0.701560760020106,-0.707106781186556,0.0883883476483171));
#14577=DIRECTION('center_axis',(0.992156741649222,0.,0.125));
#14578=DIRECTION('ref_axis',(0.,-1.,0.));
#14579=DIRECTION('',(-0.125,0.,0.992156741649221));
#14580=DIRECTION('',(0.,-1.,0.));
#14581=DIRECTION('center_axis',(0.125,0.,-0.992156741649222));
#14582=DIRECTION('ref_axis',(0.701560760020103,0.707106781186559,0.0883883476483198));
#14583=DIRECTION('',(0.125,0.,-0.992156741649221));
#14584=DIRECTION('center_axis',(0.125000000000005,0.,-0.992156741649221));
#14585=DIRECTION('ref_axis',(0.701560760020103,0.707106781186559,0.0883883476483198));
#14586=DIRECTION('center_axis',(0.,1.,0.));
#14587=DIRECTION('ref_axis',(0.992156741649221,0.,0.125));
#14588=DIRECTION('',(0.125,0.,-0.992156741649221));
#14589=DIRECTION('',(0.992156741649221,0.,0.125000000000005));
#14590=DIRECTION('center_axis',(0.125,0.,-0.992156741649222));
#14591=DIRECTION('ref_axis',(0.701560760020103,0.707106781186559,0.0883883476483198));
#14592=DIRECTION('',(0.125,0.,-0.992156741649221));
#14593=DIRECTION('center_axis',(0.125000000000005,0.,-0.992156741649221));
#14594=DIRECTION('ref_axis',(0.701560760020103,0.707106781186559,0.0883883476483198));
#14595=DIRECTION('',(-0.125,0.,0.992156741649221));
#14596=DIRECTION('center_axis',(0.,1.,0.));
#14597=DIRECTION('ref_axis',(0.992156741649221,0.,0.125));
#14598=DIRECTION('',(0.125,0.,-0.992156741649221));
#14599=DIRECTION('',(0.992156741649221,0.,0.125000000000005));
#14600=DIRECTION('center_axis',(0.125,0.,-0.992156741649222));
#14601=DIRECTION('ref_axis',(0.701560760020122,0.70710678118654,0.0883883476483191));
#14602=DIRECTION('',(0.125,0.,-0.992156741649221));
#14603=DIRECTION('center_axis',(0.125000000000005,0.,-0.992156741649221));
#14604=DIRECTION('ref_axis',(0.701560760020122,0.70710678118654,0.0883883476483191));
#14605=DIRECTION('',(-0.125,0.,0.992156741649221));
#14606=DIRECTION('center_axis',(0.,1.,0.));
#14607=DIRECTION('ref_axis',(0.992156741649221,0.,0.125));
#14608=DIRECTION('',(-0.125,0.,0.992156741649221));
#14609=DIRECTION('',(0.992156741649221,0.,0.125000000000005));
#14610=DIRECTION('center_axis',(0.125,0.,-0.992156741649222));
#14611=DIRECTION('ref_axis',(-0.701560760020109,0.707106781186553,-0.0883883476483175));
#14612=DIRECTION('',(0.125,0.,-0.992156741649221));
#14613=DIRECTION('center_axis',(0.125000000000005,0.,-0.992156741649221));
#14614=DIRECTION('ref_axis',(-0.701560760020109,0.707106781186553,-0.0883883476483175));
#14615=DIRECTION('center_axis',(-0.992156741649222,0.,-0.125));
#14616=DIRECTION('ref_axis',(0.,1.,0.));
#14617=DIRECTION('',(0.125,0.,-0.992156741649221));
#14618=DIRECTION('',(0.,1.,0.));
#14619=DIRECTION('center_axis',(0.125,0.,-0.992156741649222));
#14620=DIRECTION('ref_axis',(-0.701560760020122,0.70710678118654,-0.0883883476483191));
#14621=DIRECTION('',(0.125,0.,-0.992156741649221));
#14622=DIRECTION('center_axis',(0.125000000000005,0.,-0.992156741649221));
#14623=DIRECTION('ref_axis',(-0.701560760020122,0.70710678118654,-0.0883883476483191));
#14624=DIRECTION('',(-0.125,0.,0.992156741649221));
#14625=DIRECTION('center_axis',(-0.992156741649222,3.10823593945801E-16,
-0.125));
#14626=DIRECTION('ref_axis',(3.08385724196967E-16,1.,3.88529492432251E-17));
#14627=DIRECTION('',(0.125,0.,-0.992156741649221));
#14628=DIRECTION('',(3.08385724196966E-16,1.,3.88529492432266E-17));
#14629=DIRECTION('center_axis',(-0.130714285714285,0.,-0.991420080243589));
#14630=DIRECTION('ref_axis',(-0.539966075798363,0.838670567945441,0.0711921024341032));
#14631=DIRECTION('center_axis',(0.130714285714285,-1.31846730318071E-18,
0.991420080243589));
#14632=DIRECTION('ref_axis',(-0.539966075798363,0.838670567945441,0.0711921024341032));
#14633=DIRECTION('',(0.130714285714285,-3.39363121192664E-18,0.991420080243589));
#14634=DIRECTION('center_axis',(0.202119008150175,0.,0.979360968460756));
#14635=DIRECTION('ref_axis',(-0.979360968460756,-7.6819769199117E-15,0.202119008150175));
#14636=DIRECTION('',(-0.130714285714285,0.,-0.991420080243589));
#14637=DIRECTION('center_axis',(-0.969755172809569,0.207911690817827,0.127857864953059));
#14638=DIRECTION('ref_axis',(-0.206127825194189,-0.978147600733791,0.0271770281569145));
#14639=DIRECTION('',(0.206127825194189,0.978147600733791,-0.0271770281569145));
#14640=DIRECTION('',(-0.204132670378532,-0.978036315848558,0.0421285860848648));
#14641=DIRECTION('',(-0.0802923529389521,-0.766420795522737,0.637300794170085));
#14642=DIRECTION('center_axis',(-0.124818766284761,0.0538297066831972,0.990718243630121));
#14643=DIRECTION('ref_axis',(-0.759929396029409,0.636803132216471,-0.130342179856213));
#14644=DIRECTION('center_axis',(0.499291762642496,0.,0.866433918863608));
#14645=DIRECTION('ref_axis',(-0.862999855385628,0.0889448243613612,0.497312847032641));
#14646=DIRECTION('',(0.124818766284761,-0.0538297066831972,-0.990718243630121));
#14647=DIRECTION('center_axis',(0.202119008150175,0.,0.979360968460756));
#14648=DIRECTION('ref_axis',(-0.965995796765278,0.164643317865942,0.199360724602187));
#14649=DIRECTION('',(-0.124818766284761,0.0538297066831972,0.990718243630121));
#14650=DIRECTION('center_axis',(-0.992156741649222,0.,-0.124999999999999));
#14651=DIRECTION('ref_axis',(-0.124999999999999,0.,0.992156741649222));
#14652=DIRECTION('',(0.,1.,0.));
#14653=DIRECTION('center_axis',(0.20612782519412,0.978147600733806,-0.0271770281568923));
#14654=DIRECTION('ref_axis',(-0.969755172809585,0.207911690817757,0.127857864953055));
#14655=DIRECTION('',(-0.969755172809585,0.207911690817757,0.127857864953055));
#14656=DIRECTION('',(-0.958068035754791,0.207390017229333,0.197724605496063));
#14657=DIRECTION('center_axis',(-0.130714285714285,1.31846730318071E-18,
-0.991420080243589));
#14658=DIRECTION('ref_axis',(3.30719519491305E-16,-1.,-4.49337611301084E-17));
#14659=DIRECTION('',(-0.206127825194124,-0.978147600733805,0.0271770281568929));
#14660=DIRECTION('',(-0.969755172809584,0.207911690817758,0.127857864953061));
#14661=DIRECTION('',(-0.991420080243589,1.57354444435061E-15,0.130714285714285));
#14662=DIRECTION('',(0.206127825194125,-0.978147600733805,-0.027177028156893));
#14663=DIRECTION('center_axis',(0.130714285714285,-1.31846730318071E-18,
0.991420080243589));
#14664=DIRECTION('ref_axis',(1.19240582029081E-17,1.,9.0439623150268E-17));
#14665=DIRECTION('',(9.2429791484227E-16,-1.,-1.23194407156836E-16));
#14666=DIRECTION('center_axis',(0.130714285714285,-1.31846730318071E-18,
0.991420080243589));
#14667=DIRECTION('ref_axis',(1.19240582029081E-17,1.,9.0439623150268E-17));
#14668=DIRECTION('center_axis',(-0.178532497074994,0.98101031223016,-0.0757952161171818));
#14669=DIRECTION('ref_axis',(0.975984847767278,0.186336067299072,0.112838144934231));
#14670=DIRECTION('',(0.966663142445722,0.160507748518934,-0.199498450375797));
#14671=DIRECTION('',(0.860352981985984,0.118268523460557,-0.49578755807935));
#14672=DIRECTION('center_axis',(0.202119008150175,0.,0.979360968460756));
#14673=DIRECTION('ref_axis',(0.979360968460756,0.,-0.202119008150175));
#14674=DIRECTION('',(0.,-1.,0.));
#14675=DIRECTION('center_axis',(-0.499291762642496,0.,-0.866433918863608));
#14676=DIRECTION('ref_axis',(0.866433918863608,0.,-0.499291762642496));
#14677=DIRECTION('',(0.,-1.,0.));
#14678=DIRECTION('center_axis',(1.,0.,0.));
#14679=DIRECTION('ref_axis',(0.,1.,0.));
#14680=DIRECTION('',(0.,0.,1.));
#14681=DIRECTION('center_axis',(1.,2.16908056274557E-15,0.));
#14682=DIRECTION('ref_axis',(2.16908056274557E-15,-1.,-1.69459418964497E-17));
#14683=DIRECTION('center_axis',(-1.,1.98115127713367E-17,0.));
#14684=DIRECTION('ref_axis',(1.98115127713367E-17,1.,0.));
#14685=DIRECTION('',(1.98115127713367E-17,1.,2.38848233854105E-17));
#14686=DIRECTION('center_axis',(0.125,0.,-0.992156741649222));
#14687=DIRECTION('ref_axis',(-0.992156741649222,1.9032394707861E-14,-0.125));
#14688=DIRECTION('',(0.125,0.,-0.992156741649221));
#14689=DIRECTION('center_axis',(-0.125,1.67407722240372E-29,0.992156741649222));
#14690=DIRECTION('ref_axis',(-0.992156741649222,1.9032394707861E-14,-0.125));
#14691=DIRECTION('center_axis',(0.496078370824612,0.866025403784438,0.0625000000000002));
#14692=DIRECTION('ref_axis',(0.859232942804219,-0.500000000000001,0.108253175473055));
#14693=DIRECTION('',(0.125,0.,-0.992156741649221));
#14694=DIRECTION('',(0.859232942804219,-0.500000000000001,0.108253175473055));
#14695=DIRECTION('center_axis',(0.125,0.,-0.992156741649222));
#14696=DIRECTION('ref_axis',(0.496078370824606,-0.866025403784442,0.0624999999999994));
#14697=DIRECTION('',(0.125,0.,-0.992156741649221));
#14698=DIRECTION('center_axis',(-0.124999999999999,-8.01234452659701E-17,
0.992156741649222));
#14699=DIRECTION('ref_axis',(0.496078370824606,-0.866025403784442,0.0624999999999988));
#14700=DIRECTION('center_axis',(0.496078370824612,-0.866025403784438,0.0625000000000002));
#14701=DIRECTION('ref_axis',(-0.859232942804219,-0.500000000000001,-0.108253175473055));
#14702=DIRECTION('',(0.859232942804219,0.500000000000001,0.108253175473055));
#14703=DIRECTION('center_axis',(-0.992156741649222,2.26417288815277E-17,
-0.125));
#14704=DIRECTION('ref_axis',(2.03599081289735E-17,1.,1.95320701760628E-17));
#14705=DIRECTION('',(-1.0613310413216E-18,-1.,8.42405398215056E-18));
#14706=DIRECTION('',(0.125,0.,-0.992156741649221));
#14707=DIRECTION('',(-2.24641439524015E-17,-1.,-2.83021611019096E-18));
#14708=DIRECTION('',(-0.125,0.,0.992156741649221));
#14709=DIRECTION('',(-1.0613310413216E-18,-1.,8.42405398215056E-18));
#14710=DIRECTION('center_axis',(0.,-1.,0.));
#14711=DIRECTION('ref_axis',(-0.992156741649221,0.,-0.125000000000005));
#14712=DIRECTION('',(0.992156741649221,0.,0.125));
#14713=DIRECTION('',(0.125000000000005,0.,-0.992156741649221));
#14714=DIRECTION('',(0.992156741649221,0.,0.125000000000005));
#14715=DIRECTION('center_axis',(0.125000000000005,0.,-0.992156741649221));
#14716=DIRECTION('ref_axis',(0.,1.,0.));
#14717=DIRECTION('center_axis',(-0.125,0.,0.992156741649222));
#14718=DIRECTION('ref_axis',(0.,1.,0.));
#14719=DIRECTION('',(0.125000000000005,0.,-0.992156741649221));
#14720=DIRECTION('center_axis',(-0.125000000000005,0.,0.992156741649221));
#14721=DIRECTION('ref_axis',(0.,1.,0.));
#14722=DIRECTION('center_axis',(0.,1.,0.));
#14723=DIRECTION('ref_axis',(0.992156741649221,0.,0.125000000000005));
#14724=DIRECTION('',(-0.992156741649221,0.,-0.125));
#14725=DIRECTION('',(-0.992156741649221,0.,-0.125000000000005));
#14726=DIRECTION('center_axis',(0.125,0.,-0.992156741649222));
#14727=DIRECTION('ref_axis',(-0.992156741649221,0.,-0.125));
#14728=DIRECTION('center_axis',(7.70964310492416E-17,-1.,9.71323731080627E-18));
#14729=DIRECTION('ref_axis',(-0.992156741649221,-7.77058984864501E-17,-0.125));
#14730=DIRECTION('',(0.992156741649221,7.77058984864501E-17,0.125));
#14731=DIRECTION('',(-0.991420080243589,-7.5165290980278E-17,0.130714285714285));
#14732=DIRECTION('center_axis',(-0.130714285714285,0.,-0.991420080243589));
#14733=DIRECTION('ref_axis',(-0.495710040121796,0.866025403784438,0.0653571428571427));
#14734=DIRECTION('',(-0.130714285714285,0.,-0.991420080243589));
#14735=DIRECTION('center_axis',(0.130714285714285,6.61018423444349E-16,
0.991420080243589));
#14736=DIRECTION('ref_axis',(-0.495710040121796,0.866025403784438,0.0653571428571422));
#14737=DIRECTION('',(-0.130714285714285,0.,-0.991420080243589));
#14738=DIRECTION('center_axis',(-0.495710040121795,0.866025403784438,0.0653571428571426));
#14739=DIRECTION('ref_axis',(0.858594975312954,0.500000000000001,-0.113201892066108));
#14740=DIRECTION('',(-0.130714285714285,0.,-0.991420080243589));
#14741=DIRECTION('',(-0.858594975312954,-0.500000000000001,0.113201892066108));
#14742=DIRECTION('center_axis',(-0.130714285714285,0.,-0.991420080243589));
#14743=DIRECTION('ref_axis',(0.495710040121794,-0.866025403784439,-0.0653571428571424));
#14744=DIRECTION('center_axis',(0.130714285714286,2.93323762185241E-29,
0.991420080243589));
#14745=DIRECTION('ref_axis',(0.495710040121794,-0.866025403784439,-0.0653571428571427));
#14746=DIRECTION('center_axis',(-0.130714285714285,-1.86841859485739E-16,
-0.991420080243589));
#14747=DIRECTION('ref_axis',(2.44229002042074E-17,-1.,1.85238771324213E-16));
#14748=DIRECTION('',(0.206127825194124,0.978147600733805,-0.027177028156893));
#14749=DIRECTION('',(-0.991420080243589,1.57354444435061E-15,0.130714285714285));
#14750=DIRECTION('',(-0.969755172809584,0.207911690817758,0.127857864953061));
#14751=DIRECTION('center_axis',(0.130714285714285,1.86841859485739E-16,
0.991420080243589));
#14752=DIRECTION('ref_axis',(1.19240582029081E-17,1.,9.0439623150268E-17));
#14753=DIRECTION('',(9.48893157558251E-16,-1.,6.33515191268956E-17));
#14754=DIRECTION('center_axis',(0.130714285714285,1.86841859485739E-16,
0.991420080243589));
#14755=DIRECTION('ref_axis',(1.19240582029081E-17,1.,9.0439623150268E-17));
#14756=DIRECTION('',(0.206127825194125,-0.978147600733805,-0.0271770281568928));
#14757=DIRECTION('center_axis',(0.991420080243589,9.32470781837406E-16,
-0.130714285714285));
#14758=DIRECTION('ref_axis',(9.36849431405333E-16,-1.,-2.79957416847976E-17));
#14759=DIRECTION('',(-0.130714285714285,9.12223031916474E-17,-0.991420080243589));
#14760=DIRECTION('center_axis',(-0.130714285714285,9.12223031916474E-17,
-0.991420080243589));
#14761=DIRECTION('ref_axis',(-0.103622583330712,-0.99452285306661,0.0136621723060268));
#14762=DIRECTION('center_axis',(-0.206127825194122,-0.978147600733806,0.0271770281568924));
#14763=DIRECTION('ref_axis',(-0.969755172809584,0.207911690817758,0.127857864953061));
#14764=DIRECTION('',(-0.130714285714285,9.12223031916474E-17,-0.991420080243589));
#14765=DIRECTION('center_axis',(-1.57196761748785E-15,-1.,1.15245114932704E-16));
#14766=DIRECTION('ref_axis',(-0.991420080243589,1.57354444435061E-15,0.130714285714285));
#14767=DIRECTION('center_axis',(0.130714285714285,-3.59232839004871E-18,
0.991420080243589));
#14768=DIRECTION('ref_axis',(4.69568639556367E-19,1.,3.56150650072341E-18));
#14769=DIRECTION('center_axis',(0.130714285714286,-1.52503747759198E-16,
0.991420080243589));
#14770=DIRECTION('ref_axis',(-0.206127825194113,-0.978147600733808,0.0271770281568913));
#14771=DIRECTION('',(0.663389519449727,0.743144825477407,-0.0874649292597634));
#14772=DIRECTION('center_axis',(0.130714285714285,-3.59232839004871E-18,
0.991420080243589));
#14773=DIRECTION('ref_axis',(4.69568639556367E-19,1.,3.56150650072341E-18));
#14774=DIRECTION('center_axis',(0.130714285714285,6.93749800300141E-16,
0.991420080243589));
#14775=DIRECTION('ref_axis',(0.991420080243589,7.9446571629598E-16,-0.130714285714285));
#14776=DIRECTION('',(-0.858594975312956,0.499999999999997,0.113201892066108));
#14777=DIRECTION('center_axis',(0.969755172809583,-0.20791169081776,-0.127857864953061));
#14778=DIRECTION('ref_axis',(-0.206127825194124,-0.978147600733805,0.0271770281568928));
#14779=DIRECTION('center_axis',(-0.736768702507419,0.669130606358844,0.0971396450445462));
#14780=DIRECTION('ref_axis',(0.663389519449727,0.743144825477407,-0.0874649292597634));
#14781=DIRECTION('',(-0.130714285714285,0.,-0.991420080243589));
#14782=DIRECTION('center_axis',(-0.130714285714285,0.,-0.991420080243589));
#14783=DIRECTION('ref_axis',(-0.206127825194113,-0.978147600733808,0.0271770281568913));
#14784=DIRECTION('center_axis',(-0.495710040121792,-0.86602540378444,0.0653571428571421));
#14785=DIRECTION('ref_axis',(-0.858594975312956,0.499999999999997,0.113201892066108));
#14786=DIRECTION('',(-0.130714285714285,0.,-0.991420080243589));
#14787=DIRECTION('center_axis',(-0.130714285714285,0.,-0.991420080243589));
#14788=DIRECTION('ref_axis',(0.991420080243589,7.9446571629598E-16,-0.130714285714285));
#14789=DIRECTION('center_axis',(-0.858594975312957,-0.499999999999997,0.113201892066108));
#14790=DIRECTION('ref_axis',(-0.495710040121791,0.86602540378444,0.0653571428571425));
#14791=DIRECTION('',(0.495710040121791,-0.86602540378444,-0.0653571428571425));
#14792=DIRECTION('center_axis',(0.130714285714285,-3.59232839004871E-18,
0.991420080243589));
#14793=DIRECTION('ref_axis',(4.69568639556367E-19,1.,3.56150650072341E-18));
#14794=DIRECTION('center_axis',(-0.125000000000005,0.,0.992156741649221));
#14795=DIRECTION('ref_axis',(0.992156741649221,0.,0.125000000000005));
#14796=DIRECTION('',(1.48025147614544E-14,1.,1.86494156367488E-15));
#14797=DIRECTION('',(0.,-1.,0.));
#14798=DIRECTION('',(0.,-1.,0.));
#14799=DIRECTION('',(0.992156741649221,0.,0.125000000000005));
#14800=DIRECTION('',(0.992156741649221,0.,0.125000000000005));
#14801=DIRECTION('',(-0.992156741649221,-2.3311769545935E-16,-0.125000000000005));
#14802=DIRECTION('',(-0.992156741649221,2.3311769545935E-16,-0.125000000000005));
#14803=DIRECTION('',(0.,1.,0.));
#14804=DIRECTION('center_axis',(0.,1.,0.));
#14805=DIRECTION('ref_axis',(0.992156741649221,0.,0.125));
#14806=DIRECTION('center_axis',(0.992156741649222,0.,0.125));
#14807=DIRECTION('ref_axis',(0.,-1.,0.));
#14808=DIRECTION('center_axis',(0.992156741649222,0.,0.125));
#14809=DIRECTION('ref_axis',(0.,-1.,0.));
#14810=DIRECTION('center_axis',(-0.125,0.,0.992156741649222));
#14811=DIRECTION('ref_axis',(0.,-1.,0.));
#14812=DIRECTION('center_axis',(-0.124999999999999,1.60040381320072E-17,
0.992156741649222));
#14813=DIRECTION('ref_axis',(-2.00050476650089E-18,-1.,1.58785143262822E-17));
#14814=DIRECTION('',(0.49607837082461,0.866025403784439,0.0625000000000001));
#14815=DIRECTION('center_axis',(-0.125,-3.77106592600848E-16,0.992156741649222));
#14816=DIRECTION('ref_axis',(0.859232942804226,0.499999999999989,0.108253175473056));
#14817=DIRECTION('',(-0.496078370824614,0.866025403784437,-0.0625000000000001));
#14818=DIRECTION('center_axis',(-0.125,-7.93016446160769E-16,0.992156741649221));
#14819=DIRECTION('ref_axis',(-0.85923294280423,-0.499999999999982,-0.108253175473057));
#14820=DIRECTION('center_axis',(-0.125,0.,0.992156741649222));
#14821=DIRECTION('ref_axis',(0.,-1.,0.));
#14822=DIRECTION('center_axis',(-0.125,-5.32248600695455E-16,0.992156741649222));
#14823=DIRECTION('ref_axis',(0.85923294280422,0.5,0.108253175473055));
#14824=DIRECTION('center_axis',(0.125,0.,-0.992156741649222));
#14825=DIRECTION('ref_axis',(0.85923294280422,0.5,0.108253175473055));
#14826=DIRECTION('center_axis',(0.125,0.,-0.992156741649222));
#14827=DIRECTION('ref_axis',(-0.85923294280423,-0.499999999999982,-0.108253175473056));
#14828=DIRECTION('',(0.125,0.,-0.992156741649221));
#14829=DIRECTION('center_axis',(0.859232942804218,0.500000000000004,0.108253175473055));
#14830=DIRECTION('ref_axis',(0.496078370824614,-0.866025403784437,0.0625000000000001));
#14831=DIRECTION('',(0.125,0.,-0.992156741649221));
#14832=DIRECTION('center_axis',(0.125,0.,-0.992156741649222));
#14833=DIRECTION('ref_axis',(0.859232942804226,0.499999999999989,0.108253175473056));
#14834=DIRECTION('',(0.125,0.,-0.992156741649221));
#14835=DIRECTION('center_axis',(-0.85923294280422,0.5,-0.108253175473055));
#14836=DIRECTION('ref_axis',(0.49607837082461,0.866025403784439,0.0625000000000001));
#14837=DIRECTION('',(0.125,0.,-0.992156741649221));
#14838=DIRECTION('center_axis',(0.125,0.,-0.992156741649222));
#14839=DIRECTION('ref_axis',(1.44444745829044E-32,-1.,0.));
#14840=DIRECTION('center_axis',(-0.125,0.,0.992156741649222));
#14841=DIRECTION('ref_axis',(0.,-1.,0.));
#14842=DIRECTION('center_axis',(-0.130714285714285,9.12223031916474E-17,
-0.991420080243589));
#14843=DIRECTION('ref_axis',(0.103633703595567,-0.99452167420475,-0.0136636384630139));
#14844=DIRECTION('',(-0.130714285714285,9.12223031916474E-17,-0.991420080243589));
#14845=DIRECTION('center_axis',(0.969755172809583,0.207911690817761,-0.127857864953061));
#14846=DIRECTION('ref_axis',(0.206127825194125,-0.978147600733805,-0.027177028156893));
#14847=DIRECTION('center_axis',(0.978509026393942,-0.206203989451173,0.));
#14848=DIRECTION('ref_axis',(0.206203989451173,0.978509026393942,0.));
#14849=DIRECTION('center_axis',(0.,1.,0.));
#14850=DIRECTION('ref_axis',(0.992156741649221,0.,0.125));
#14851=DIRECTION('center_axis',(2.31289293147724E-16,-1.,2.91397119324188E-17));
#14852=DIRECTION('ref_axis',(-0.992156741649221,-2.3311769545935E-16,-0.125));
#14853=DIRECTION('center_axis',(-2.31289293147724E-16,-1.,-2.91397119324188E-17));
#14854=DIRECTION('ref_axis',(-0.992156741649221,2.3311769545935E-16,-0.125));
#14855=DIRECTION('',(0.125,0.,-0.992156741649221));
#14856=DIRECTION('center_axis',(-0.992156741649222,0.,-0.125));
#14857=DIRECTION('ref_axis',(0.,1.,0.));
#14858=DIRECTION('center_axis',(-0.992156741649222,1.49195325093984E-14,
-0.125));
#14859=DIRECTION('ref_axis',(1.48025147614544E-14,1.,1.86494156367481E-15));
#14860=DIRECTION('center_axis',(-1.,-2.80337615166438E-16,0.));
#14861=DIRECTION('ref_axis',(2.80337615166438E-16,-1.,0.));
#14862=DIRECTION('axis',(0.,0.,1.));
#14863=DIRECTION('refdir',(1.,0.,0.));
#14864=DIRECTION('center_axis',(-0.992156741649221,-4.93038065763132E-32,
-0.125000000000001));
#14865=DIRECTION('ref_axis',(-4.27898457407614E-17,1.,3.39633871406611E-16));
#14866=DIRECTION('',(4.89171040836584E-32,-1.,6.16297582203916E-33));
#14867=DIRECTION('',(0.125000000000001,0.,-0.992156741649221));
#14868=DIRECTION('',(-4.27898457407614E-17,1.,3.39633871406611E-16));
#14869=DIRECTION('',(0.125000000000001,0.,-0.992156741649221));
#14870=DIRECTION('center_axis',(2.75378814654009E-16,1.,3.46944695195363E-17));
#14871=DIRECTION('ref_axis',(0.992156741649221,-2.77555756156289E-16,0.124999999999999));
#14872=DIRECTION('',(-0.992156741649221,2.77555756156289E-16,-0.125));
#14873=DIRECTION('',(0.992156741649221,-2.77555756156289E-16,0.124999999999999));
#14874=DIRECTION('',(0.125000000000001,0.,-0.992156741649221));
#14875=DIRECTION('center_axis',(0.992156741649221,6.93334779979405E-33,
0.125000000000001));
#14876=DIRECTION('ref_axis',(5.78241158658943E-18,-1.,-4.58964691090019E-17));
#14877=DIRECTION('',(-6.87896776176446E-33,1.,-8.66668474974257E-34));
#14878=DIRECTION('',(5.78241158658943E-18,-1.,-4.58964691090019E-17));
#14879=DIRECTION('',(0.125000000000001,0.,-0.992156741649221));
#14880=DIRECTION('center_axis',(0.,-1.,0.));
#14881=DIRECTION('ref_axis',(-0.992156741649221,0.,-0.125));
#14882=DIRECTION('',(0.992156741649221,0.,0.125));
#14883=DIRECTION('',(-0.992156741649221,0.,-0.125));
#14884=DIRECTION('',(0.125000000000001,0.,-0.992156741649221));
#14885=DIRECTION('center_axis',(-0.992156741649221,-4.93038065763132E-32,
-0.125000000000001));
#14886=DIRECTION('ref_axis',(-4.27898457407614E-17,1.,3.39633871406611E-16));
#14887=DIRECTION('',(4.89171040836584E-32,-1.,6.16297582203916E-33));
#14888=DIRECTION('',(-4.27898457407614E-17,1.,3.39633871406611E-16));
#14889=DIRECTION('',(0.125000000000001,0.,-0.992156741649221));
#14890=DIRECTION('center_axis',(0.,-1.,0.));
#14891=DIRECTION('ref_axis',(-0.992156741649221,0.,-0.125));
#14892=DIRECTION('',(0.992156741649221,0.,0.125));
#14893=DIRECTION('',(-0.992156741649221,0.,-0.125));
#14894=DIRECTION('',(0.125000000000001,0.,-0.992156741649221));
#14895=DIRECTION('center_axis',(0.,1.,0.));
#14896=DIRECTION('ref_axis',(0.992156741649221,0.,0.125));
#14897=DIRECTION('',(-0.992156741649221,0.,-0.125));
#14898=DIRECTION('',(0.125000000000001,0.,-0.992156741649221));
#14899=DIRECTION('',(0.992156741649221,0.,0.125));
#14900=DIRECTION('',(0.125000000000001,0.,-0.992156741649221));
#14901=DIRECTION('center_axis',(-0.992156741649221,0.,-0.125000000000001));
#14902=DIRECTION('ref_axis',(0.,1.,0.));
#14903=DIRECTION('',(0.,-1.,0.));
#14904=DIRECTION('',(0.,1.,0.));
#14905=DIRECTION('',(0.125000000000001,0.,-0.992156741649221));
#14906=DIRECTION('center_axis',(-1.83585876436006E-16,-1.,-2.31296463463576E-17));
#14907=DIRECTION('ref_axis',(-0.992156741649221,1.85037170770859E-16,-0.125));
#14908=DIRECTION('',(0.992156741649221,-1.85037170770859E-16,0.125));
#14909=DIRECTION('',(-0.992156741649221,1.85037170770859E-16,-0.125));
#14910=DIRECTION('',(0.125000000000001,0.,-0.992156741649221));
#14911=DIRECTION('center_axis',(0.,1.,0.));
#14912=DIRECTION('ref_axis',(0.992156741649221,0.,0.125));
#14913=DIRECTION('',(-0.992156741649221,0.,-0.125));
#14914=DIRECTION('',(0.125000000000001,0.,-0.992156741649221));
#14915=DIRECTION('',(0.992156741649221,0.,0.125));
#14916=DIRECTION('center_axis',(0.125000000000001,0.,-0.992156741649221));
#14917=DIRECTION('ref_axis',(-0.992156741649221,0.,-0.125000000000001));
#14918=DIRECTION('',(2.77555756156291E-17,-1.,-2.20303051723208E-16));
#14919=DIRECTION('',(2.77555756156291E-17,-1.,-2.20303051723208E-16));
#14920=DIRECTION('center_axis',(0.125,0.,-0.992156741649222));
#14921=DIRECTION('ref_axis',(0.,1.,0.));
#14922=DIRECTION('',(0.,-1.,0.));
#14923=DIRECTION('',(-0.992156741649221,-2.13329853464359E-16,-0.125));
#14924=DIRECTION('',(7.67781656846046E-17,1.,-1.34302786990039E-17));
#14925=DIRECTION('',(0.992156741649221,0.,0.125));
#14926=DIRECTION('center_axis',(-0.125,0.,0.992156741649222));
#14927=DIRECTION('ref_axis',(0.,1.,0.));
#14928=DIRECTION('',(-0.992156741649221,0.,-0.125));
#14929=DIRECTION('',(7.67781656846046E-17,1.,-1.34302786990039E-17));
#14930=DIRECTION('',(0.992156741649221,1.50156960219801E-16,0.125));
#14931=DIRECTION('',(0.,-1.,0.));
#14932=DIRECTION('',(-0.859232942804222,0.499999999999997,-0.108253175473055));
#14933=DIRECTION('',(2.86623656740186E-32,1.,3.61111864572607E-33));
#14934=DIRECTION('',(0.859232942804221,0.499999999999999,0.108253175473055));
#14935=DIRECTION('',(0.,-1.,0.));
#14936=DIRECTION('',(-0.992156741649221,-7.77058984864501E-17,-0.125));
#14937=DIRECTION('',(0.,-1.,0.));
#14938=DIRECTION('center_axis',(-0.125,0.,0.992156741649222));
#14939=DIRECTION('ref_axis',(0.,1.,0.));
#14940=DIRECTION('center_axis',(-0.125,0.,0.992156741649222));
#14941=DIRECTION('ref_axis',(0.,1.,0.));
#14942=DIRECTION('center_axis',(-0.125,0.,0.992156741649222));
#14943=DIRECTION('ref_axis',(0.,1.,0.));
#14944=DIRECTION('center_axis',(-0.125,0.,0.992156741649222));
#14945=DIRECTION('ref_axis',(0.,1.,0.));
#14946=DIRECTION('center_axis',(-0.125,0.,0.992156741649222));
#14947=DIRECTION('ref_axis',(0.,1.,0.));
#14948=DIRECTION('center_axis',(-0.125,0.,0.992156741649222));
#14949=DIRECTION('ref_axis',(0.,1.,0.));
#14950=DIRECTION('center_axis',(0.49607837082461,-0.866025403784439,0.0625000000000005));
#14951=DIRECTION('ref_axis',(-0.859232942804221,-0.499999999999999,-0.108253175473054));
#14952=DIRECTION('',(0.125000000000001,0.,-0.992156741649221));
#14953=DIRECTION('',(-0.859232942804221,-0.499999999999999,-0.108253175473054));
#14954=DIRECTION('',(-0.125,6.73036940234247E-16,0.992156741649221));
#14955=DIRECTION('center_axis',(0.992156741649221,-2.88889491658085E-32,
0.125000000000001));
#14956=DIRECTION('ref_axis',(3.19914741102371E-18,-1.,-2.53924453710146E-17));
#14957=DIRECTION('',(0.125000000000001,0.,-0.992156741649221));
#14958=DIRECTION('',(3.19914741102371E-18,-1.,-2.53924453710146E-17));
#14959=DIRECTION('center_axis',(0.496078370824608,0.86602540378444,0.0625000000000002));
#14960=DIRECTION('ref_axis',(0.859232942804222,-0.499999999999997,0.108253175473055));
#14961=DIRECTION('',(0.125,6.81049284760844E-16,-0.992156741649221));
#14962=DIRECTION('',(0.859232942804222,-0.499999999999997,0.108253175473055));
#14963=DIRECTION('center_axis',(0.992156741649222,0.,0.125));
#14964=DIRECTION('ref_axis',(0.,-1.,0.));
#14965=DIRECTION('',(0.125,0.,-0.992156741649221));
#14966=DIRECTION('',(0.,1.,0.));
#14967=DIRECTION('center_axis',(0.992156741649222,0.,0.125));
#14968=DIRECTION('ref_axis',(0.,-1.,0.));
#14969=DIRECTION('',(0.,1.,0.));
#14970=DIRECTION('',(0.125,0.,-0.992156741649221));
#14971=DIRECTION('center_axis',(0.125,0.,-0.992156741649222));
#14972=DIRECTION('ref_axis',(0.,1.,0.));
#14973=DIRECTION('',(-0.125,0.,0.992156741649221));
#14974=DIRECTION('center_axis',(-0.125,0.,0.992156741649222));
#14975=DIRECTION('ref_axis',(0.,1.,0.));
#14976=DIRECTION('center_axis',(0.125,0.,-0.992156741649222));
#14977=DIRECTION('ref_axis',(0.,1.,0.));
#14978=DIRECTION('',(-0.125,0.,0.992156741649221));
#14979=DIRECTION('center_axis',(-0.125,0.,0.992156741649222));
#14980=DIRECTION('ref_axis',(0.,1.,0.));
#14981=DIRECTION('center_axis',(0.125,0.,-0.992156741649222));
#14982=DIRECTION('ref_axis',(0.,1.,0.));
#14983=DIRECTION('',(-0.125,0.,0.992156741649221));
#14984=DIRECTION('center_axis',(-0.125,0.,0.992156741649222));
#14985=DIRECTION('ref_axis',(0.,1.,0.));
#14986=DIRECTION('center_axis',(0.125,0.,-0.992156741649222));
#14987=DIRECTION('ref_axis',(0.,1.,0.));
#14988=DIRECTION('',(-0.125,0.,0.992156741649221));
#14989=DIRECTION('center_axis',(-0.125,0.,0.992156741649222));
#14990=DIRECTION('ref_axis',(0.,1.,0.));
#14991=DIRECTION('center_axis',(0.125,0.,-0.992156741649222));
#14992=DIRECTION('ref_axis',(0.,1.,0.));
#14993=DIRECTION('',(-0.125,0.,0.992156741649221));
#14994=DIRECTION('center_axis',(-0.125,0.,0.992156741649222));
#14995=DIRECTION('ref_axis',(0.,1.,0.));
#14996=DIRECTION('center_axis',(0.125,0.,-0.992156741649222));
#14997=DIRECTION('ref_axis',(0.,1.,0.));
#14998=DIRECTION('',(-0.125,0.,0.992156741649221));
#14999=DIRECTION('center_axis',(-0.125,0.,0.992156741649222));
#15000=DIRECTION('ref_axis',(0.,1.,0.));
#15001=DIRECTION('center_axis',(0.125,0.,-0.992156741649222));
#15002=DIRECTION('ref_axis',(0.,1.,0.));
#15003=DIRECTION('center_axis',(0.125,0.,-0.992156741649222));
#15004=DIRECTION('ref_axis',(0.,1.,0.));
#15005=DIRECTION('',(0.125,0.,-0.992156741649221));
#15006=DIRECTION('',(0.125,0.,-0.992156741649221));
#15007=DIRECTION('center_axis',(0.,1.,0.));
#15008=DIRECTION('ref_axis',(0.992156741649221,0.,0.125));
#15009=DIRECTION('',(-0.992156741649221,0.,-0.125));
#15010=DIRECTION('',(0.125,0.,-0.992156741649221));
#15011=DIRECTION('center_axis',(-0.992156741649222,7.44971898580659E-17,
-0.125));
#15012=DIRECTION('ref_axis',(7.67781656846046E-17,1.,-1.34302786990039E-17));
#15013=DIRECTION('',(-7.67781656846046E-17,-1.,1.34302786990039E-17));
#15014=DIRECTION('',(0.125,0.,-0.992156741649221));
#15015=DIRECTION('center_axis',(2.11656652309705E-16,-1.,2.66662316830449E-17));
#15016=DIRECTION('ref_axis',(-0.992156741649221,-2.1332985346436E-16,-0.125));
#15017=DIRECTION('',(0.992156741649221,2.1332985346436E-16,0.125));
#15018=DIRECTION('',(0.125,0.,-0.992156741649221));
#15019=DIRECTION('center_axis',(0.992156741649222,0.,0.125));
#15020=DIRECTION('ref_axis',(0.,-1.,0.));
#15021=DIRECTION('',(0.,1.,0.));
#15022=DIRECTION('',(0.,-1.,0.));
#15023=DIRECTION('',(0.125,0.,-0.992156741649221));
#15024=DIRECTION('center_axis',(7.70964310492415E-17,-1.,9.71323731080627E-18));
#15025=DIRECTION('ref_axis',(-0.992156741649221,-7.77058984864501E-17,-0.125));
#15026=DIRECTION('',(0.992156741649221,7.77058984864501E-17,0.125));
#15027=DIRECTION('center_axis',(-1.4897924038763E-16,1.,-1.87696200274752E-17));
#15028=DIRECTION('ref_axis',(0.992156741649221,1.50156960219801E-16,0.125));
#15029=DIRECTION('',(-0.992156741649221,-1.50156960219801E-16,-0.125));
#15030=DIRECTION('',(0.125,0.,-0.992156741649221));
#15031=DIRECTION('center_axis',(-0.992156741649222,7.44971898580659E-17,
-0.125));
#15032=DIRECTION('ref_axis',(7.67781656846046E-17,1.,-1.34302786990039E-17));
#15033=DIRECTION('',(-7.67781656846046E-17,-1.,1.34302786990039E-17));
#15034=DIRECTION('',(0.125,0.,-0.992156741649221));
#15035=DIRECTION('center_axis',(0.,-1.,0.));
#15036=DIRECTION('ref_axis',(-0.992156741649221,0.,-0.125));
#15037=DIRECTION('',(-0.992156741649221,0.,-0.125));
#15038=DIRECTION('center_axis',(0.125,0.,-0.992156741649222));
#15039=DIRECTION('ref_axis',(0.,1.,0.));
#15040=DIRECTION('center_axis',(0.125,0.,-0.992156741649222));
#15041=DIRECTION('ref_axis',(0.,1.,0.));
#15042=DIRECTION('axis',(0.,0.,1.));
#15043=DIRECTION('refdir',(1.,0.,0.));
#15044=DIRECTION('center_axis',(0.991420080243589,2.22044604925031E-15,
-0.130714285714285));
#15045=DIRECTION('ref_axis',(2.22013972657043E-15,-1.,-1.4807060510725E-16));
#15046=DIRECTION('',(-2.20714677244729E-15,1.,2.46617413124272E-16));
#15047=DIRECTION('',(-0.130714285714285,0.,-0.991420080243589));
#15048=DIRECTION('',(2.22013972657043E-15,-1.,-1.4807060510725E-16));
#15049=DIRECTION('',(-0.130714285714285,0.,-0.991420080243589));
#15050=DIRECTION('center_axis',(-1.10069740016215E-15,1.,1.4512200964743E-16));
#15051=DIRECTION('ref_axis',(0.991420080243589,1.11022302462515E-15,-0.130714285714285));
#15052=DIRECTION('',(-0.991420080243589,-1.11022302462515E-15,0.130714285714286));
#15053=DIRECTION('',(0.991420080243589,1.11022302462515E-15,-0.130714285714285));
#15054=DIRECTION('',(-0.130714285714285,0.,-0.991420080243589));
#15055=DIRECTION('center_axis',(0.,-1.,0.));
#15056=DIRECTION('ref_axis',(-0.991420080243589,0.,0.130714285714286));
#15057=DIRECTION('',(0.991420080243589,0.,-0.130714285714286));
#15058=DIRECTION('',(-0.130714285714285,0.,-0.991420080243589));
#15059=DIRECTION('',(-0.991420080243589,0.,0.130714285714286));
#15060=DIRECTION('',(-0.130714285714285,0.,-0.991420080243589));
#15061=DIRECTION('center_axis',(0.991420080243589,8.88178419700125E-16,
-0.130714285714285));
#15062=DIRECTION('ref_axis',(8.85999995491501E-16,-1.,-7.48214552118635E-17));
#15063=DIRECTION('',(-8.86309892252705E-16,1.,7.24710015473543E-17));
#15064=DIRECTION('',(8.85999995491501E-16,-1.,-7.48214552118635E-17));
#15065=DIRECTION('',(-0.130714285714285,0.,-0.991420080243589));
#15066=DIRECTION('center_axis',(0.,1.,0.));
#15067=DIRECTION('ref_axis',(0.991420080243589,0.,-0.130714285714286));
#15068=DIRECTION('',(-0.991420080243589,0.,0.130714285714286));
#15069=DIRECTION('',(0.991420080243589,0.,-0.130714285714286));
#15070=DIRECTION('',(-0.130714285714285,0.,-0.991420080243589));
#15071=DIRECTION('center_axis',(0.,-1.,0.));
#15072=DIRECTION('ref_axis',(-0.991420080243589,0.,0.130714285714285));
#15073=DIRECTION('',(0.991420080243589,0.,-0.130714285714286));
#15074=DIRECTION('',(-0.130714285714285,0.,-0.991420080243589));
#15075=DIRECTION('',(-0.991420080243589,0.,0.130714285714285));
#15076=DIRECTION('',(-0.130714285714285,0.,-0.991420080243589));
#15077=DIRECTION('center_axis',(0.991420080243589,2.22044604925031E-15,
-0.130714285714285));
#15078=DIRECTION('ref_axis',(2.22013972657043E-15,-1.,-1.4807060510725E-16));
#15079=DIRECTION('',(-2.20714677244729E-15,1.,2.46617413124272E-16));
#15080=DIRECTION('',(2.22013972657043E-15,-1.,-1.4807060510725E-16));
#15081=DIRECTION('',(-0.130714285714285,0.,-0.991420080243589));
#15082=DIRECTION('center_axis',(0.,-1.,0.));
#15083=DIRECTION('ref_axis',(-0.991420080243589,0.,0.130714285714286));
#15084=DIRECTION('',(0.991420080243589,0.,-0.130714285714286));
#15085=DIRECTION('',(-0.991420080243589,0.,0.130714285714286));
#15086=DIRECTION('',(-0.130714285714285,0.,-0.991420080243589));
#15087=DIRECTION('center_axis',(-0.991420080243589,-1.11022302462516E-15,
0.130714285714285));
#15088=DIRECTION('ref_axis',(-1.1078779162645E-15,1.,9.06604195352401E-17));
#15089=DIRECTION('',(1.10644937228514E-15,-1.,-1.01495403476841E-16));
#15090=DIRECTION('',(-1.1078779162645E-15,1.,9.06604195352402E-17));
#15091=DIRECTION('',(-0.130714285714285,0.,-0.991420080243589));
#15092=DIRECTION('center_axis',(0.,1.,0.));
#15093=DIRECTION('ref_axis',(0.991420080243589,0.,-0.130714285714286));
#15094=DIRECTION('',(-0.991420080243589,0.,0.130714285714286));
#15095=DIRECTION('',(0.991420080243589,0.,-0.130714285714286));
#15096=DIRECTION('center_axis',(-0.130714285714285,0.,-0.991420080243589));
#15097=DIRECTION('ref_axis',(-0.991420080243589,0.,0.130714285714285));
#15098=DIRECTION('',(-1.76837194074182E-15,1.,1.77160345427781E-16));
#15099=DIRECTION('',(-1.76837194074182E-15,1.,1.77160345427781E-16));
#15100=DIRECTION('center_axis',(-0.130714285714286,-4.40041583179065E-17,
-0.991420080243589));
#15101=DIRECTION('ref_axis',(3.36643834126061E-16,-1.,0.));
#15102=DIRECTION('',(6.46528719903525E-16,-1.,-1.65233235398282E-16));
#15103=DIRECTION('center_axis',(-0.991420080243589,0.,0.130714285714284));
#15104=DIRECTION('ref_axis',(0.130714285714284,0.,0.991420080243589));
#15105=DIRECTION('',(-6.46528719903525E-16,1.,1.65233235398282E-16));
#15106=DIRECTION('',(-0.130714285714284,0.,-0.991420080243589));
#15107=DIRECTION('',(6.46528719903525E-16,-1.,-1.65233235398282E-16));
#15108=DIRECTION('',(6.46528719903525E-16,-1.,-1.65233235398282E-16));
#15109=DIRECTION('',(0.130714285714284,0.,0.991420080243589));
#15110=DIRECTION('center_axis',(-0.130714285714284,0.,-0.991420080243589));
#15111=DIRECTION('ref_axis',(3.30891862003078E-16,-1.,-4.362660617059E-17));
#15112=DIRECTION('center_axis',(0.130714285714286,4.40041583179065E-17,
0.991420080243589));
#15113=DIRECTION('ref_axis',(3.36643834126061E-16,-1.,0.));
#15114=DIRECTION('',(0.130714285714284,0.,0.991420080243589));
#15115=DIRECTION('center_axis',(0.130714285714286,4.40041583179065E-17,
0.991420080243589));
#15116=DIRECTION('ref_axis',(3.36643834126061E-16,-1.,0.));
#15117=DIRECTION('center_axis',(-0.130714285714284,0.,-0.991420080243589));
#15118=DIRECTION('ref_axis',(3.30891862003078E-16,-1.,-4.362660617059E-17));
#15119=DIRECTION('center_axis',(0.130714285714286,4.40041583179065E-17,
0.991420080243589));
#15120=DIRECTION('ref_axis',(3.36643834126061E-16,-1.,0.));
#15121=DIRECTION('',(0.130714285714284,0.,0.991420080243589));
#15122=DIRECTION('center_axis',(0.130714285714286,4.40041583179065E-17,
0.991420080243589));
#15123=DIRECTION('ref_axis',(3.36643834126061E-16,-1.,0.));
#15124=DIRECTION('center_axis',(-0.130714285714284,0.,-0.991420080243589));
#15125=DIRECTION('ref_axis',(3.30891862003078E-16,-1.,-4.362660617059E-17));
#15126=DIRECTION('center_axis',(0.130714285714286,4.40041583179065E-17,
0.991420080243589));
#15127=DIRECTION('ref_axis',(3.36643834126061E-16,-1.,0.));
#15128=DIRECTION('',(0.130714285714284,0.,0.991420080243589));
#15129=DIRECTION('center_axis',(0.130714285714286,4.40041583179065E-17,
0.991420080243589));
#15130=DIRECTION('ref_axis',(3.36643834126061E-16,-1.,0.));
#15131=DIRECTION('center_axis',(-0.130714285714284,0.,-0.991420080243589));
#15132=DIRECTION('ref_axis',(3.30891862003078E-16,-1.,-4.362660617059E-17));
#15133=DIRECTION('center_axis',(0.130714285714286,4.40041583179065E-17,
0.991420080243589));
#15134=DIRECTION('ref_axis',(3.36643834126061E-16,-1.,0.));
#15135=DIRECTION('',(0.130714285714284,0.,0.991420080243589));
#15136=DIRECTION('center_axis',(0.130714285714286,4.40041583179065E-17,
0.991420080243589));
#15137=DIRECTION('ref_axis',(3.36643834126061E-16,-1.,0.));
#15138=DIRECTION('center_axis',(0.969755172809583,-0.207911690817761,-0.12785786495306));
#15139=DIRECTION('ref_axis',(-0.206127825194125,-0.978147600733805,0.0271770281568931));
#15140=DIRECTION('',(0.206127825194125,0.978147600733805,-0.0271770281568931));
#15141=DIRECTION('',(-0.130714285714284,0.,-0.991420080243589));
#15142=DIRECTION('',(-0.206127825194125,-0.978147600733805,0.0271770281568931));
#15143=DIRECTION('',(-0.130714285714284,0.,-0.991420080243589));
#15144=DIRECTION('center_axis',(0.206127825194124,0.978147600733806,-0.0271770281568925));
#15145=DIRECTION('ref_axis',(0.969755172809583,-0.20791169081776,-0.127857864953061));
#15146=DIRECTION('',(-0.969755172809583,0.20791169081776,0.127857864953061));
#15147=DIRECTION('',(0.969755172809583,-0.20791169081776,-0.127857864953061));
#15148=DIRECTION('',(-0.130714285714284,0.,-0.991420080243589));
#15149=DIRECTION('center_axis',(-0.969755172809585,0.207911690817755,0.12785786495306));
#15150=DIRECTION('ref_axis',(0.206127825194119,0.978147600733807,-0.0271770281568923));
#15151=DIRECTION('',(0.206127825194119,0.978147600733807,-0.0271770281568923));
#15152=DIRECTION('',(0.206127825194119,0.978147600733807,-0.0271770281568923));
#15153=DIRECTION('',(-0.130714285714284,0.,-0.991420080243589));
#15154=DIRECTION('center_axis',(-4.42149840990896E-17,1.,5.82954711080787E-18));
#15155=DIRECTION('ref_axis',(0.991420080243589,4.45976281701154E-17,-0.130714285714286));
#15156=DIRECTION('',(-0.991420080243589,0.,0.130714285714284));
#15157=DIRECTION('',(-0.991420080243589,0.,0.130714285714284));
#15158=DIRECTION('center_axis',(1.31410971268302E-16,-1.,-1.73259464748142E-17));
#15159=DIRECTION('ref_axis',(-0.991420080243589,-1.32548224397487E-16,0.130714285714285));
#15160=DIRECTION('',(-0.991420080243589,-1.32548224397487E-16,0.130714285714285));
#15161=DIRECTION('',(-0.991420080243589,-1.32548224397487E-16,0.130714285714285));
#15162=DIRECTION('center_axis',(-0.130714285714286,-4.40041583179065E-17,
-0.991420080243589));
#15163=DIRECTION('ref_axis',(3.36643834126061E-16,-1.,0.));
#15164=DIRECTION('center_axis',(-0.130714285714286,-4.40041583179065E-17,
-0.991420080243589));
#15165=DIRECTION('ref_axis',(3.36643834126061E-16,-1.,0.));
#15166=DIRECTION('axis',(0.,0.,1.));
#15167=DIRECTION('refdir',(1.,0.,0.));
#15168=DIRECTION('center_axis',(0.,0.,1.));
#15169=DIRECTION('ref_axis',(1.,0.,0.));
#15170=DIRECTION('center_axis',(0.,0.,1.));
#15171=DIRECTION('ref_axis',(1.,0.,0.));
#15172=DIRECTION('',(0.,0.,1.));
#15173=DIRECTION('center_axis',(0.,0.,1.));
#15174=DIRECTION('ref_axis',(1.,0.,0.));
#15175=DIRECTION('center_axis',(0.,0.,-1.));
#15176=DIRECTION('ref_axis',(1.,0.,0.));
#15177=DIRECTION('center_axis',(0.,0.,1.));
#15178=DIRECTION('ref_axis',(1.,0.,0.));
#15179=DIRECTION('center_axis',(0.,0.,1.));
#15180=DIRECTION('ref_axis',(1.,0.,0.));
#15181=DIRECTION('',(0.,0.,1.));
#15182=DIRECTION('center_axis',(0.,0.,1.));
#15183=DIRECTION('ref_axis',(1.,0.,0.));
#15184=DIRECTION('center_axis',(0.,0.,-1.));
#15185=DIRECTION('ref_axis',(1.,0.,0.));
#15186=DIRECTION('center_axis',(0.,0.,1.));
#15187=DIRECTION('ref_axis',(1.,0.,0.));
#15188=DIRECTION('center_axis',(0.,0.,1.));
#15189=DIRECTION('ref_axis',(1.,0.,0.));
#15190=DIRECTION('',(0.,0.,1.));
#15191=DIRECTION('center_axis',(0.,0.,1.));
#15192=DIRECTION('ref_axis',(1.,0.,0.));
#15193=DIRECTION('center_axis',(0.,0.,-1.));
#15194=DIRECTION('ref_axis',(1.,0.,0.));
#15195=DIRECTION('center_axis',(0.,0.,1.));
#15196=DIRECTION('ref_axis',(1.,0.,0.));
#15197=DIRECTION('center_axis',(0.,0.,1.));
#15198=DIRECTION('ref_axis',(1.,0.,0.));
#15199=DIRECTION('',(0.,0.,1.));
#15200=DIRECTION('center_axis',(0.,0.,1.));
#15201=DIRECTION('ref_axis',(1.,0.,0.));
#15202=DIRECTION('center_axis',(0.,0.,-1.));
#15203=DIRECTION('ref_axis',(1.,0.,0.));
#15204=DIRECTION('center_axis',(0.,0.,-1.));
#15205=DIRECTION('ref_axis',(0.70710678118655,0.707106781186545,0.));
#15206=DIRECTION('center_axis',(0.,0.,1.));
#15207=DIRECTION('ref_axis',(0.70710678118655,0.707106781186545,0.));
#15208=DIRECTION('',(0.,0.,1.));
#15209=DIRECTION('center_axis',(0.,0.,1.));
#15210=DIRECTION('ref_axis',(0.70710678118655,0.707106781186545,0.));
#15211=DIRECTION('',(0.,0.,-1.));
#15212=DIRECTION('center_axis',(-1.85037170770859E-16,1.,0.));
#15213=DIRECTION('ref_axis',(1.,1.85037170770859E-16,0.));
#15214=DIRECTION('',(1.,1.85037170770859E-16,0.));
#15215=DIRECTION('',(0.,0.,1.));
#15216=DIRECTION('',(1.,1.85037170770859E-16,0.));
#15217=DIRECTION('center_axis',(0.,0.,-1.));
#15218=DIRECTION('ref_axis',(0.707106781186549,-0.707106781186546,0.));
#15219=DIRECTION('center_axis',(0.,0.,1.));
#15220=DIRECTION('ref_axis',(0.707106781186549,-0.707106781186546,0.));
#15221=DIRECTION('',(0.,0.,1.));
#15222=DIRECTION('center_axis',(0.,0.,1.));
#15223=DIRECTION('ref_axis',(0.707106781186549,-0.707106781186546,0.));
#15224=DIRECTION('',(0.,0.,-1.));
#15225=DIRECTION('center_axis',(1.,0.,0.));
#15226=DIRECTION('ref_axis',(0.,-1.,0.));
#15227=DIRECTION('',(0.,-1.,0.));
#15228=DIRECTION('',(0.,-1.,0.));
#15229=DIRECTION('center_axis',(0.,0.,-1.));
#15230=DIRECTION('ref_axis',(-0.707106781186546,-0.707106781186549,0.));
#15231=DIRECTION('center_axis',(0.,0.,1.));
#15232=DIRECTION('ref_axis',(-0.707106781186546,-0.707106781186549,0.));
#15233=DIRECTION('',(0.,0.,1.));
#15234=DIRECTION('center_axis',(0.,0.,1.));
#15235=DIRECTION('ref_axis',(-0.707106781186546,-0.707106781186549,0.));
#15236=DIRECTION('',(0.,0.,-1.));
#15237=DIRECTION('center_axis',(0.,-1.,0.));
#15238=DIRECTION('ref_axis',(-1.,0.,0.));
#15239=DIRECTION('',(-1.,0.,0.));
#15240=DIRECTION('',(-1.,0.,0.));
#15241=DIRECTION('center_axis',(0.,0.,-1.));
#15242=DIRECTION('ref_axis',(-0.707106781186547,0.707106781186548,0.));
#15243=DIRECTION('center_axis',(0.,0.,1.));
#15244=DIRECTION('ref_axis',(-0.707106781186547,0.707106781186548,0.));
#15245=DIRECTION('center_axis',(0.,0.,1.));
#15246=DIRECTION('ref_axis',(-0.707106781186547,0.707106781186548,0.));
#15247=DIRECTION('',(0.,0.,-1.));
#15248=DIRECTION('center_axis',(-1.,0.,0.));
#15249=DIRECTION('ref_axis',(0.,1.,0.));
#15250=DIRECTION('',(0.,1.,0.));
#15251=DIRECTION('',(0.,1.,0.));
#15252=DIRECTION('center_axis',(0.,0.,1.));
#15253=DIRECTION('ref_axis',(1.,0.,0.));
#15254=DIRECTION('center_axis',(0.,0.,-1.));
#15255=DIRECTION('ref_axis',(-1.,0.,0.));
#15256=DIRECTION('center_axis',(0.,0.,-1.));
#15257=DIRECTION('ref_axis',(-1.,0.,0.));
#15258=DIRECTION('center_axis',(0.,0.,-1.));
#15259=DIRECTION('ref_axis',(-1.,0.,0.));
#15260=DIRECTION('center_axis',(0.,0.,-1.));
#15261=DIRECTION('ref_axis',(-1.,0.,0.));
#15262=DIRECTION('center_axis',(0.,0.,-1.));
#15263=DIRECTION('ref_axis',(-1.,0.,0.));
#15264=DIRECTION('center_axis',(0.,0.,-1.));
#15265=DIRECTION('ref_axis',(-1.,0.,0.));
#15266=DIRECTION('center_axis',(0.,0.,-1.));
#15267=DIRECTION('ref_axis',(-1.,0.,0.));
#15268=DIRECTION('center_axis',(0.,0.,-1.));
#15269=DIRECTION('ref_axis',(-1.,0.,0.));
#15270=DIRECTION('center_axis',(0.,0.,-1.));
#15271=DIRECTION('ref_axis',(-1.,0.,0.));
#15272=DIRECTION('center_axis',(0.,0.,-1.));
#15273=DIRECTION('ref_axis',(-1.,0.,0.));
#15274=DIRECTION('center_axis',(0.,0.,-1.));
#15275=DIRECTION('ref_axis',(-1.,0.,0.));
#15276=DIRECTION('center_axis',(0.,0.,-1.));
#15277=DIRECTION('ref_axis',(-1.,0.,0.));
#15278=DIRECTION('center_axis',(0.,0.,-1.));
#15279=DIRECTION('ref_axis',(-1.,0.,0.));
#15280=DIRECTION('center_axis',(0.,0.,-1.));
#15281=DIRECTION('ref_axis',(-1.,0.,0.));
#15282=DIRECTION('',(0.,0.,-1.));
#15283=DIRECTION('center_axis',(0.,0.,-1.));
#15284=DIRECTION('ref_axis',(-1.,0.,0.));
#15285=DIRECTION('center_axis',(0.,0.,-1.));
#15286=DIRECTION('ref_axis',(-1.,0.,0.));
#15287=DIRECTION('',(0.,0.,-1.));
#15288=DIRECTION('center_axis',(0.,0.,-1.));
#15289=DIRECTION('ref_axis',(-1.,0.,0.));
#15290=DIRECTION('center_axis',(0.,0.,-1.));
#15291=DIRECTION('ref_axis',(-1.,0.,0.));
#15292=DIRECTION('',(0.,0.,-1.));
#15293=DIRECTION('center_axis',(0.,0.,-1.));
#15294=DIRECTION('ref_axis',(-1.,0.,0.));
#15295=DIRECTION('center_axis',(0.,0.,-1.));
#15296=DIRECTION('ref_axis',(-1.,0.,0.));
#15297=DIRECTION('',(0.,0.,-1.));
#15298=DIRECTION('center_axis',(0.,0.,-1.));
#15299=DIRECTION('ref_axis',(-1.,0.,0.));
#15300=DIRECTION('center_axis',(0.,0.,-1.));
#15301=DIRECTION('ref_axis',(-1.,0.,0.));
#15302=DIRECTION('',(0.,0.,-1.));
#15303=DIRECTION('center_axis',(0.,0.,-1.));
#15304=DIRECTION('ref_axis',(-1.,0.,0.));
#15305=DIRECTION('center_axis',(0.,0.,-1.));
#15306=DIRECTION('ref_axis',(-1.,0.,0.));
#15307=DIRECTION('center_axis',(0.,0.,1.));
#15308=DIRECTION('ref_axis',(-1.,0.,0.));
#15309=DIRECTION('center_axis',(0.691910368015405,-0.145808239248644,-0.707106781186545));
#15310=DIRECTION('ref_axis',(-0.714745356785127,0.,-0.69938478318741));
#15311=DIRECTION('',(0.206203989451173,0.978509026393942,0.));
#15312=DIRECTION('',(0.705194382527762,-0.0734967053857263,0.705194382527777));
#15313=DIRECTION('',(-0.206203989451173,-0.978509026393942,0.));
#15314=DIRECTION('center_axis',(0.707106781186555,4.08116490475687E-16,
-0.70710678118654));
#15315=DIRECTION('ref_axis',(-0.70710678118654,0.,-0.707106781186555));
#15316=DIRECTION('',(-5.7716387585882E-16,1.,0.));
#15317=DIRECTION('',(5.7716387585882E-16,-1.,0.));
#15318=DIRECTION('center_axis',(0.,0.,-1.));
#15319=DIRECTION('ref_axis',(-1.,0.,0.));
#15320=DIRECTION('center_axis',(0.,0.,-1.));
#15321=DIRECTION('ref_axis',(-1.,0.,0.));
#15322=DIRECTION('center_axis',(0.,0.,1.));
#15323=DIRECTION('ref_axis',(-1.,0.,0.));
#15324=DIRECTION('center_axis',(0.,0.707106781186555,-0.70710678118654));
#15325=DIRECTION('ref_axis',(-1.,0.,0.));
#15326=DIRECTION('',(-1.,0.,0.));
#15327=DIRECTION('',(1.,0.,0.));
#15328=DIRECTION('center_axis',(0.,0.,-1.));
#15329=DIRECTION('ref_axis',(1.,0.,0.));
#15330=DIRECTION('center_axis',(0.,0.,-1.));
#15331=DIRECTION('ref_axis',(1.,0.,0.));
#15332=DIRECTION('center_axis',(0.,0.,1.));
#15333=DIRECTION('ref_axis',(1.,0.,0.));
#15334=DIRECTION('center_axis',(0.,0.707106781186555,-0.70710678118654));
#15335=DIRECTION('ref_axis',(-1.,0.,0.));
#15336=DIRECTION('',(-1.,0.,0.));
#15337=DIRECTION('',(1.,0.,0.));
#15338=DIRECTION('center_axis',(0.,0.,-1.));
#15339=DIRECTION('ref_axis',(1.,0.,0.));
#15340=DIRECTION('center_axis',(0.,0.,1.));
#15341=DIRECTION('ref_axis',(1.,0.,0.));
#15342=DIRECTION('center_axis',(0.,0.,-1.));
#15343=DIRECTION('ref_axis',(1.,0.,0.));
#15344=DIRECTION('center_axis',(-0.707106781186548,-1.01060841252666E-16,
-0.707106781186547));
#15345=DIRECTION('ref_axis',(-0.707106781186547,0.,0.707106781186548));
#15346=DIRECTION('',(-1.42921612324354E-16,1.,0.));
#15347=DIRECTION('',(1.42921612324354E-16,-1.,0.));
#15348=DIRECTION('center_axis',(0.,0.,-1.));
#15349=DIRECTION('ref_axis',(1.,0.,0.));
#15350=DIRECTION('center_axis',(0.,0.,1.));
#15351=DIRECTION('ref_axis',(1.,0.,0.));
#15352=DIRECTION('center_axis',(0.,0.,-1.));
#15353=DIRECTION('ref_axis',(1.,0.,0.));
#15354=DIRECTION('center_axis',(3.39085508605151E-16,-0.707106781186548,
-0.707106781186548));
#15355=DIRECTION('ref_axis',(-1.,0.,-4.79539325073584E-16));
#15356=DIRECTION('',(-1.,-4.79539325073584E-16,0.));
#15357=DIRECTION('',(1.,4.79539325073584E-16,0.));
#15358=DIRECTION('center_axis',(0.,0.,-1.));
#15359=DIRECTION('ref_axis',(1.,0.,0.));
#15360=DIRECTION('center_axis',(0.,0.,1.));
#15361=DIRECTION('ref_axis',(1.,0.,0.));
#15362=DIRECTION('center_axis',(0.,0.,-1.));
#15363=DIRECTION('ref_axis',(1.,0.,0.));
#15364=DIRECTION('center_axis',(3.39085508605152E-16,-0.707106781186548,
-0.707106781186547));
#15365=DIRECTION('ref_axis',(-1.,0.,-4.79539325073585E-16));
#15366=DIRECTION('',(-1.,-4.79539325073584E-16,0.));
#15367=DIRECTION('',(1.,4.79539325073584E-16,0.));
#15368=DIRECTION('center_axis',(0.,0.,-1.));
#15369=DIRECTION('ref_axis',(1.,0.,0.));
#15370=DIRECTION('',(0.,0.,-1.));
#15371=DIRECTION('center_axis',(0.,0.,-1.));
#15372=DIRECTION('ref_axis',(1.,0.,0.));
#15373=DIRECTION('',(0.,0.,-1.));
#15374=DIRECTION('center_axis',(-1.,-1.42921612324354E-16,0.));
#15375=DIRECTION('ref_axis',(-1.42921612324354E-16,1.,0.));
#15376=DIRECTION('',(0.,0.,-1.));
#15377=DIRECTION('',(1.42921612324354E-16,-1.,0.));
#15378=DIRECTION('center_axis',(0.,0.,-1.));
#15379=DIRECTION('ref_axis',(1.,0.,0.));
#15380=DIRECTION('',(0.,0.,-1.));
#15381=DIRECTION('center_axis',(0.,0.,-1.));
#15382=DIRECTION('ref_axis',(1.,0.,0.));
#15383=DIRECTION('center_axis',(4.79539325073584E-16,-1.,0.));
#15384=DIRECTION('ref_axis',(-1.,-4.79539325073584E-16,0.));
#15385=DIRECTION('',(0.,0.,-1.));
#15386=DIRECTION('',(1.,4.79539325073584E-16,0.));
#15387=DIRECTION('center_axis',(0.,0.,-1.));
#15388=DIRECTION('ref_axis',(1.,0.,0.));
#15389=DIRECTION('',(0.,0.,-1.));
#15390=DIRECTION('center_axis',(0.,0.,-1.));
#15391=DIRECTION('ref_axis',(1.,0.,0.));
#15392=DIRECTION('center_axis',(4.79539325073584E-16,-1.,0.));
#15393=DIRECTION('ref_axis',(-1.,-4.79539325073584E-16,0.));
#15394=DIRECTION('',(0.,0.,-1.));
#15395=DIRECTION('',(1.,4.79539325073584E-16,0.));
#15396=DIRECTION('center_axis',(0.,0.,-1.));
#15397=DIRECTION('ref_axis',(1.,0.,0.));
#15398=DIRECTION('',(0.,0.,-1.));
#15399=DIRECTION('center_axis',(0.,0.,-1.));
#15400=DIRECTION('ref_axis',(1.,0.,0.));
#15401=DIRECTION('center_axis',(0.,0.,-1.));
#15402=DIRECTION('ref_axis',(1.,0.,0.));
#15403=DIRECTION('center_axis',(0.691910368015405,-0.145808239248644,-0.707106781186545));
#15404=DIRECTION('ref_axis',(-0.714745356785127,0.,-0.69938478318741));
#15405=DIRECTION('',(-0.206203989451173,-0.978509026393942,0.));
#15406=DIRECTION('',(-0.691910368015402,0.145808239248627,-0.707106781186552));
#15407=DIRECTION('',(0.206203989451173,0.978509026393942,0.));
#15408=DIRECTION('',(0.70519438252776,-0.0734967053857574,0.705194382527776));
#15409=DIRECTION('center_axis',(0.,0.,1.));
#15410=DIRECTION('ref_axis',(0.978509026393941,-0.206203989451177,0.));
#15411=DIRECTION('',(0.,0.70710678118654,-0.707106781186555));
#15412=DIRECTION('center_axis',(0.,0.,1.));
#15413=DIRECTION('ref_axis',(0.978509026393941,-0.206203989451177,0.));
#15414=DIRECTION('center_axis',(0.,0.,-1.));
#15415=DIRECTION('ref_axis',(0.978509026393941,-0.206203989451177,0.));
#15416=DIRECTION('center_axis',(1.98774263665088E-16,-0.707106781186546,
-0.707106781186549));
#15417=DIRECTION('ref_axis',(-1.,0.,-2.81109259525892E-16));
#15418=DIRECTION('',(0.,0.707106781186549,-0.707106781186546));
#15419=DIRECTION('',(1.,2.81109259525894E-16,0.));
#15420=DIRECTION('',(-1.,-2.81109259525894E-16,0.));
#15421=DIRECTION('center_axis',(0.,0.,1.));
#15422=DIRECTION('ref_axis',(9.71445146547014E-16,-1.,0.));
#15423=DIRECTION('',(0.707106781186552,0.,-0.707106781186543));
#15424=DIRECTION('center_axis',(0.,0.,1.));
#15425=DIRECTION('ref_axis',(9.71445146547014E-16,-1.,0.));
#15426=DIRECTION('center_axis',(0.,0.,-1.));
#15427=DIRECTION('ref_axis',(9.71445146547014E-16,-1.,0.));
#15428=DIRECTION('center_axis',(-0.707106781186547,-2.13350664866738E-16,
-0.707106781186548));
#15429=DIRECTION('ref_axis',(-0.707106781186548,0.,0.707106781186547));
#15430=DIRECTION('',(0.707106781186548,0.,-0.707106781186547));
#15431=DIRECTION('',(3.01723403795859E-16,-1.,0.));
#15432=DIRECTION('',(-3.01723403795859E-16,1.,0.));
#15433=DIRECTION('center_axis',(0.,0.,1.));
#15434=DIRECTION('ref_axis',(-1.,4.44089209850061E-15,0.));
#15435=DIRECTION('',(3.24236118737996E-15,-0.70710678118654,-0.707106781186555));
#15436=DIRECTION('center_axis',(0.,0.,1.));
#15437=DIRECTION('ref_axis',(-1.,4.44089209850061E-15,0.));
#15438=DIRECTION('center_axis',(0.,0.,-1.));
#15439=DIRECTION('ref_axis',(-1.,4.44089209850061E-15,0.));
#15440=DIRECTION('center_axis',(0.,0.707106781186555,-0.70710678118654));
#15441=DIRECTION('ref_axis',(-1.,0.,0.));
#15442=DIRECTION('',(0.,-0.70710678118654,-0.707106781186555));
#15443=DIRECTION('',(-1.,0.,0.));
#15444=DIRECTION('',(1.,0.,0.));
#15445=DIRECTION('center_axis',(0.,0.,1.));
#15446=DIRECTION('ref_axis',(1.33226762955018E-14,1.,0.));
#15447=DIRECTION('',(-0.707106781186571,0.,-0.707106781186524));
#15448=DIRECTION('center_axis',(0.,0.,1.));
#15449=DIRECTION('ref_axis',(1.33226762955018E-14,1.,0.));
#15450=DIRECTION('center_axis',(0.,0.,-1.));
#15451=DIRECTION('ref_axis',(1.33226762955018E-14,1.,0.));
#15452=DIRECTION('center_axis',(0.707106781186555,0.,-0.70710678118654));
#15453=DIRECTION('ref_axis',(-0.70710678118654,0.,-0.707106781186555));
#15454=DIRECTION('',(0.,1.,0.));
#15455=DIRECTION('',(0.,-1.,0.));
#15456=DIRECTION('center_axis',(-1.,-3.01723403795859E-16,0.));
#15457=DIRECTION('ref_axis',(-3.01723403795859E-16,1.,0.));
#15458=DIRECTION('',(0.,0.,-1.));
#15459=DIRECTION('',(-3.01723403795859E-16,1.,0.));
#15460=DIRECTION('',(0.,0.,-1.));
#15461=DIRECTION('center_axis',(0.,0.,-1.));
#15462=DIRECTION('ref_axis',(9.71445146547014E-16,-1.,0.));
#15463=DIRECTION('',(0.,0.,-1.));
#15464=DIRECTION('center_axis',(0.,0.,-1.));
#15465=DIRECTION('ref_axis',(9.71445146547014E-16,-1.,0.));
#15466=DIRECTION('center_axis',(2.81109259525894E-16,-1.,0.));
#15467=DIRECTION('ref_axis',(-1.,-2.81109259525894E-16,0.));
#15468=DIRECTION('',(0.,0.,-1.));
#15469=DIRECTION('',(-1.,-2.81109259525894E-16,0.));
#15470=DIRECTION('center_axis',(0.,0.,-1.));
#15471=DIRECTION('ref_axis',(0.978509026393941,-0.206203989451177,0.));
#15472=DIRECTION('',(0.,0.,-1.));
#15473=DIRECTION('center_axis',(0.,0.,-1.));
#15474=DIRECTION('ref_axis',(0.978509026393941,-0.206203989451177,0.));
#15475=DIRECTION('center_axis',(0.978509026393942,-0.206203989451173,0.));
#15476=DIRECTION('ref_axis',(-0.206203989451173,-0.978509026393942,0.));
#15477=DIRECTION('',(0.,0.,-1.));
#15478=DIRECTION('',(-0.206203989451173,-0.978509026393942,0.));
#15479=DIRECTION('center_axis',(0.,0.,-1.));
#15480=DIRECTION('ref_axis',(1.,0.,0.));
#15481=DIRECTION('center_axis',(0.,0.,1.));
#15482=DIRECTION('ref_axis',(-1.,0.,0.));
#15483=DIRECTION('center_axis',(0.,0.,1.));
#15484=DIRECTION('ref_axis',(-1.,0.,0.));
#15485=DIRECTION('center_axis',(0.,0.,1.));
#15486=DIRECTION('ref_axis',(-1.,0.,0.));
#15487=DIRECTION('center_axis',(0.,0.,1.));
#15488=DIRECTION('ref_axis',(-1.,0.,0.));
#15489=DIRECTION('center_axis',(0.,0.,1.));
#15490=DIRECTION('ref_axis',(-1.,0.,0.));
#15491=DIRECTION('center_axis',(0.,0.,1.));
#15492=DIRECTION('ref_axis',(-1.,0.,0.));
#15493=DIRECTION('',(0.206203989451173,0.978509026393942,0.));
#15494=DIRECTION('',(-5.7716387585882E-16,1.,0.));
#15495=DIRECTION('center_axis',(0.,0.,-1.));
#15496=DIRECTION('ref_axis',(1.,0.,0.));
#15497=DIRECTION('',(-1.,0.,0.));
#15498=DIRECTION('center_axis',(0.,0.,-1.));
#15499=DIRECTION('ref_axis',(1.,0.,0.));
#15500=DIRECTION('',(-1.,0.,0.));
#15501=DIRECTION('center_axis',(0.978509026393942,-0.206203989451173,0.));
#15502=DIRECTION('ref_axis',(-0.206203989451173,-0.978509026393942,0.));
#15503=DIRECTION('',(0.,0.,-1.));
#15504=DIRECTION('center_axis',(1.,5.7716387585882E-16,0.));
#15505=DIRECTION('ref_axis',(5.7716387585882E-16,-1.,0.));
#15506=DIRECTION('',(0.,0.,-1.));
#15507=DIRECTION('center_axis',(0.,0.,-1.));
#15508=DIRECTION('ref_axis',(1.,0.,0.));
#15509=DIRECTION('',(0.,0.,-1.));
#15510=DIRECTION('center_axis',(0.,1.,0.));
#15511=DIRECTION('ref_axis',(1.,0.,0.));
#15512=DIRECTION('',(0.,0.,-1.));
#15513=DIRECTION('center_axis',(0.,0.,-1.));
#15514=DIRECTION('ref_axis',(1.,0.,0.));
#15515=DIRECTION('',(0.,0.,-1.));
#15516=DIRECTION('center_axis',(0.,1.,0.));
#15517=DIRECTION('ref_axis',(1.,0.,0.));
#15518=DIRECTION('center_axis',(0.,0.,-1.));
#15519=DIRECTION('ref_axis',(-1.,0.,0.));
#15520=DIRECTION('center_axis',(0.,0.,-1.));
#15521=DIRECTION('ref_axis',(-1.,0.,0.));
#15522=DIRECTION('',(0.,0.,-1.));
#15523=DIRECTION('center_axis',(0.,0.,-1.));
#15524=DIRECTION('ref_axis',(-1.,0.,0.));
#15525=DIRECTION('center_axis',(0.,0.,-1.));
#15526=DIRECTION('ref_axis',(-1.,0.,0.));
#15527=DIRECTION('',(0.,0.,-1.));
#15528=DIRECTION('center_axis',(0.,0.,-1.));
#15529=DIRECTION('ref_axis',(-1.,0.,0.));
#15530=DIRECTION('',(0.,0.,-1.));
#15531=DIRECTION('center_axis',(0.,-1.,0.));
#15532=DIRECTION('ref_axis',(-1.,0.,0.));
#15533=DIRECTION('',(-1.,0.,0.));
#15534=DIRECTION('',(0.,0.,-1.));
#15535=DIRECTION('',(-1.,0.,0.));
#15536=DIRECTION('center_axis',(0.,0.,-1.));
#15537=DIRECTION('ref_axis',(0.707106781186548,-0.707106781186547,0.));
#15538=DIRECTION('center_axis',(0.,0.,-1.));
#15539=DIRECTION('ref_axis',(-1.,0.,0.));
#15540=DIRECTION('',(0.,0.,-1.));
#15541=DIRECTION('center_axis',(0.,0.,-1.));
#15542=DIRECTION('ref_axis',(-1.,0.,0.));
#15543=DIRECTION('center_axis',(1.,0.,0.));
#15544=DIRECTION('ref_axis',(0.,-1.,0.));
#15545=DIRECTION('',(0.,-1.,0.));
#15546=DIRECTION('',(0.,0.,1.));
#15547=DIRECTION('',(0.,-1.,0.));
#15548=DIRECTION('center_axis',(-1.,4.88010120714354E-16,0.));
#15549=DIRECTION('ref_axis',(4.88010120714354E-16,1.,0.));
#15550=DIRECTION('',(4.88010120714354E-16,1.,0.));
#15551=DIRECTION('',(4.88010120714354E-16,1.,0.));
#15552=DIRECTION('',(0.,0.,-1.));
#15553=DIRECTION('center_axis',(0.,0.,1.));
#15554=DIRECTION('ref_axis',(-1.,0.,0.));
#15555=DIRECTION('',(1.,-3.71600688657927E-16,0.));
#15556=DIRECTION('center_axis',(3.71600688657927E-16,1.,0.));
#15557=DIRECTION('ref_axis',(-1.,3.71600688657927E-16,0.));
#15558=DIRECTION('',(-1.,3.71600688657927E-16,0.));
#15559=DIRECTION('',(0.,0.,1.));
#15560=DIRECTION('',(1.,-3.71600688657927E-16,0.));
#15561=DIRECTION('',(0.,0.,1.));
#15562=DIRECTION('',(-1.,3.71600688657927E-16,0.));
#15563=DIRECTION('center_axis',(0.,0.,-1.));
#15564=DIRECTION('ref_axis',(-1.,0.,0.));
#15565=DIRECTION('center_axis',(0.,0.,-1.));
#15566=DIRECTION('ref_axis',(-1.,0.,0.));
#15567=DIRECTION('',(0.,0.,-1.));
#15568=DIRECTION('center_axis',(0.,0.,-1.));
#15569=DIRECTION('ref_axis',(-1.,0.,0.));
#15570=DIRECTION('center_axis',(0.,0.,-1.));
#15571=DIRECTION('ref_axis',(-1.,0.,0.));
#15572=DIRECTION('',(0.,0.,-1.));
#15573=DIRECTION('center_axis',(0.,0.,-1.));
#15574=DIRECTION('ref_axis',(-1.,0.,0.));
#15575=DIRECTION('center_axis',(0.,0.,-1.));
#15576=DIRECTION('ref_axis',(-1.,0.,0.));
#15577=DIRECTION('',(0.,0.,-1.));
#15578=DIRECTION('center_axis',(0.,0.,-1.));
#15579=DIRECTION('ref_axis',(-1.,0.,0.));
#15580=DIRECTION('center_axis',(0.,0.,-1.));
#15581=DIRECTION('ref_axis',(-1.,0.,0.));
#15582=DIRECTION('',(0.,0.,-1.));
#15583=DIRECTION('center_axis',(0.,0.,-1.));
#15584=DIRECTION('ref_axis',(-1.,0.,0.));
#15585=DIRECTION('center_axis',(0.,0.,-1.));
#15586=DIRECTION('ref_axis',(-1.,0.,0.));
#15587=DIRECTION('',(0.,0.,-1.));
#15588=DIRECTION('center_axis',(0.,0.,-1.));
#15589=DIRECTION('ref_axis',(-1.,0.,0.));
#15590=DIRECTION('center_axis',(0.,0.,-1.));
#15591=DIRECTION('ref_axis',(-1.,0.,0.));
#15592=DIRECTION('',(0.,0.,-1.));
#15593=DIRECTION('center_axis',(-1.,1.43715615146487E-15,0.));
#15594=DIRECTION('ref_axis',(-1.43715615146487E-15,-1.,0.));
#15595=DIRECTION('',(-1.43715615146487E-15,-1.,0.));
#15596=DIRECTION('',(0.,0.,1.));
#15597=DIRECTION('',(1.43715615146487E-15,1.,0.));
#15598=DIRECTION('',(0.,0.,1.));
#15599=DIRECTION('center_axis',(0.,0.,1.));
#15600=DIRECTION('ref_axis',(-0.999999999999528,9.71122278888064E-7,0.));
#15601=DIRECTION('center_axis',(0.,0.,1.));
#15602=DIRECTION('ref_axis',(-0.999999999999528,9.71122278888064E-7,0.));
#15603=DIRECTION('center_axis',(0.,0.,-1.));
#15604=DIRECTION('ref_axis',(-0.999999999999528,9.71122278888064E-7,0.));
#15605=DIRECTION('center_axis',(0.,0.,1.));
#15606=DIRECTION('ref_axis',(9.69688625691862E-7,0.99999999999953,0.));
#15607=DIRECTION('center_axis',(0.,0.,1.));
#15608=DIRECTION('ref_axis',(9.69688625691862E-7,0.99999999999953,0.));
#15609=DIRECTION('',(0.,0.,1.));
#15610=DIRECTION('center_axis',(0.,0.,-1.));
#15611=DIRECTION('ref_axis',(9.69688625691862E-7,0.99999999999953,0.));
#15612=DIRECTION('center_axis',(1.,5.46086594246951E-15,0.));
#15613=DIRECTION('ref_axis',(-5.46086594246951E-15,1.,0.));
#15614=DIRECTION('',(-5.46086594246951E-15,1.,0.));
#15615=DIRECTION('',(0.,0.,1.));
#15616=DIRECTION('',(5.46086594246951E-15,-1.,0.));
#15617=DIRECTION('center_axis',(0.97850902639395,-0.206203989451137,0.));
#15618=DIRECTION('ref_axis',(0.206203989451137,0.97850902639395,0.));
#15619=DIRECTION('',(0.206203989451137,0.97850902639395,0.));
#15620=DIRECTION('',(0.,0.,1.));
#15621=DIRECTION('',(-0.206203989451137,-0.97850902639395,0.));
#15622=DIRECTION('center_axis',(0.,0.,1.));
#15623=DIRECTION('ref_axis',(0.978508869980287,-0.206204731686502,0.));
#15624=DIRECTION('center_axis',(0.,0.,1.));
#15625=DIRECTION('ref_axis',(0.978508869980287,-0.206204731686502,0.));
#15626=DIRECTION('',(0.,0.,1.));
#15627=DIRECTION('center_axis',(0.,0.,-1.));
#15628=DIRECTION('ref_axis',(0.978508869980287,-0.206204731686502,0.));
#15629=DIRECTION('center_axis',(-1.98430065768511E-15,-1.,0.));
#15630=DIRECTION('ref_axis',(1.,-1.98430065768511E-15,0.));
#15631=DIRECTION('',(1.,-1.98430065768511E-15,0.));
#15632=DIRECTION('',(0.,0.,1.));
#15633=DIRECTION('',(-1.,1.98430065768511E-15,0.));
#15634=DIRECTION('center_axis',(0.,0.,1.));
#15635=DIRECTION('ref_axis',(9.57582355492007E-7,-0.999999999999541,0.));
#15636=DIRECTION('center_axis',(0.,0.,1.));
#15637=DIRECTION('ref_axis',(9.57582355492007E-7,-0.999999999999541,0.));
#15638=DIRECTION('center_axis',(0.,0.,-1.));
#15639=DIRECTION('ref_axis',(9.57582355492007E-7,-0.999999999999541,0.));
#15640=DIRECTION('center_axis',(0.,0.,-1.));
#15641=DIRECTION('ref_axis',(-1.,0.,0.));
#15642=DIRECTION('center_axis',(0.,0.,-1.));
#15643=DIRECTION('ref_axis',(-1.,4.44089209850061E-15,0.));
#15644=DIRECTION('center_axis',(0.,0.,-1.));
#15645=DIRECTION('ref_axis',(-1.,4.44089209850061E-15,0.));
#15646=DIRECTION('',(0.,0.,-1.));
#15647=DIRECTION('center_axis',(1.,0.,0.));
#15648=DIRECTION('ref_axis',(0.,-1.,0.));
#15649=DIRECTION('',(0.,0.,-1.));
#15650=DIRECTION('',(0.,-1.,0.));
#15651=DIRECTION('center_axis',(0.,0.,-1.));
#15652=DIRECTION('ref_axis',(1.33226762955018E-14,1.,0.));
#15653=DIRECTION('',(0.,0.,-1.));
#15654=DIRECTION('center_axis',(0.,0.,-1.));
#15655=DIRECTION('ref_axis',(1.33226762955018E-14,1.,0.));
#15656=DIRECTION('center_axis',(0.,1.,0.));
#15657=DIRECTION('ref_axis',(1.,0.,0.));
#15658=DIRECTION('',(1.,0.,0.));
#15659=DIRECTION('center_axis',(0.,0.,-1.));
#15660=DIRECTION('ref_axis',(1.,0.,0.));
#15661=DIRECTION('axis',(0.,0.,1.));
#15662=DIRECTION('refdir',(1.,0.,0.));
#15663=DIRECTION('center_axis',(-0.125000000000001,0.,0.992156741649221));
#15664=DIRECTION('ref_axis',(0.,1.,0.));
#15665=DIRECTION('center_axis',(-0.125000000000001,0.,0.992156741649222));
#15666=DIRECTION('ref_axis',(0.,1.,0.));
#15667=DIRECTION('',(-0.0883883476483194,-0.707106781186547,0.701560760020114));
#15668=DIRECTION('center_axis',(0.125000000000001,0.,-0.992156741649222));
#15669=DIRECTION('ref_axis',(0.,1.,0.));
#15670=DIRECTION('center_axis',(0.125,0.,-0.992156741649221));
#15671=DIRECTION('ref_axis',(0.,1.,0.));
#15672=DIRECTION('center_axis',(0.125000000000001,0.,-0.992156741649222));
#15673=DIRECTION('ref_axis',(0.,1.,0.));
#15674=DIRECTION('',(-0.125,0.,0.992156741649221));
#15675=DIRECTION('center_axis',(0.125000000000002,0.,-0.992156741649221));
#15676=DIRECTION('ref_axis',(0.,1.,0.));
#15677=DIRECTION('',(-0.125000000000002,0.,0.992156741649221));
#15678=DIRECTION('center_axis',(0.125000000000001,0.,-0.992156741649222));
#15679=DIRECTION('ref_axis',(0.,1.,0.));
#15680=DIRECTION('center_axis',(0.125,0.,-0.992156741649221));
#15681=DIRECTION('ref_axis',(0.,1.,0.));
#15682=DIRECTION('center_axis',(-0.125000000000001,0.,0.992156741649222));
#15683=DIRECTION('ref_axis',(0.,1.,0.));
#15684=DIRECTION('',(-0.125,0.,0.992156741649221));
#15685=DIRECTION('center_axis',(-0.125000000000001,0.,0.992156741649222));
#15686=DIRECTION('ref_axis',(0.,1.,0.));
#15687=DIRECTION('center_axis',(0.125000000000001,0.,-0.992156741649222));
#15688=DIRECTION('ref_axis',(0.,1.,0.));
#15689=DIRECTION('center_axis',(0.125000000000001,0.,-0.992156741649222));
#15690=DIRECTION('ref_axis',(0.,1.,0.));
#15691=DIRECTION('axis',(0.,0.,1.));
#15692=DIRECTION('refdir',(1.,0.,0.));
#15693=DIRECTION('center_axis',(0.124999999999997,0.,-0.992156741649222));
#15694=DIRECTION('ref_axis',(0.,1.,0.));
#15695=DIRECTION('center_axis',(-0.125,0.,0.992156741649222));
#15696=DIRECTION('ref_axis',(0.,1.,0.));
#15697=DIRECTION('',(-0.124999999999997,0.,0.992156741649222));
#15698=DIRECTION('center_axis',(-0.125,0.,0.992156741649222));
#15699=DIRECTION('ref_axis',(0.,1.,0.));
#15700=DIRECTION('center_axis',(0.124999999999997,0.,-0.992156741649222));
#15701=DIRECTION('ref_axis',(0.,1.,0.));
#15702=DIRECTION('center_axis',(0.125000000000001,0.,-0.992156741649222));
#15703=DIRECTION('ref_axis',(0.,1.,0.));
#15704=DIRECTION('',(-0.124999999999997,0.,0.992156741649222));
#15705=DIRECTION('center_axis',(0.125000000000001,0.,-0.992156741649222));
#15706=DIRECTION('ref_axis',(0.,1.,0.));
#15707=DIRECTION('center_axis',(0.125000000000001,0.,-0.992156741649222));
#15708=DIRECTION('ref_axis',(0.,1.,0.));
#15709=DIRECTION('center_axis',(0.125000000000001,0.,-0.992156741649222));
#15710=DIRECTION('ref_axis',(0.,1.,0.));
#15711=DIRECTION('',(0.,0.,1.));
#15712=DIRECTION('',(1.,0.,0.));
#15713=DIRECTION('',(0.,0.,1.));
#15714=DIRECTION('',(1.,0.,0.));
#15715=DIRECTION('',(0.,0.,1.));
#15716=DIRECTION('',(1.,0.,0.));
#15717=DIRECTION('',(0.,0.,1.));
#15718=DIRECTION('',(1.,0.,0.));
#15719=DIRECTION('',(0.,0.,1.));
#15720=DIRECTION('',(1.,0.,0.));
#15721=DIRECTION('',(0.,0.,1.));
#15722=DIRECTION('',(1.,0.,0.));
#15723=DIRECTION('',(0.,0.,1.));
#15724=DIRECTION('',(1.,0.,0.));
#15725=DIRECTION('',(0.,0.,1.));
#15726=DIRECTION('',(1.,0.,0.));
#15727=CARTESIAN_POINT('',(0.,0.,0.));
#15728=CARTESIAN_POINT('',(0.,0.,0.));
#15729=CARTESIAN_POINT('Origin',(19.8380859284177,19.05,-5.05992556236916));
#15730=CARTESIAN_POINT('',(19.8380859284177,18.25,-5.05992556236916));
#15731=CARTESIAN_POINT('Origin',(19.8380859284177,19.05,-5.05992556236916));
#15732=CARTESIAN_POINT('',(20.0255859284177,18.25,-6.54816067484299));
#15733=CARTESIAN_POINT('',(19.8380859284177,18.25,-5.05992556236916));
#15734=CARTESIAN_POINT('Origin',(20.0255859284177,19.05,-6.54816067484299));
#15735=CARTESIAN_POINT('Origin',(57.639257785253,32.95625,-0.297425562369156));
#15736=CARTESIAN_POINT('',(57.639257785253,32.15625,-0.297425562369156));
#15737=CARTESIAN_POINT('Origin',(57.639257785253,32.95625,-0.297425562369153));
#15738=CARTESIAN_POINT('',(57.826757785253,32.15625,-1.78566067484299));
#15739=CARTESIAN_POINT('',(57.639257785253,32.15625,-0.297425562369156));
#15740=CARTESIAN_POINT('Origin',(57.826757785253,32.95625,-1.78566067484299));
#15741=CARTESIAN_POINT('Origin',(95.4404296420884,32.95625,4.46507443763085));
#15742=CARTESIAN_POINT('',(95.4404296420884,32.15625,4.46507443763085));
#15743=CARTESIAN_POINT('Origin',(95.4404296420884,32.95625,4.46507443763086));
#15744=CARTESIAN_POINT('',(95.6279296420884,32.15625,2.97683932515703));
#15745=CARTESIAN_POINT('',(95.4404296420884,32.15625,4.46507443763085));
#15746=CARTESIAN_POINT('Origin',(95.6279296420884,32.95625,2.97683932515703));
#15747=CARTESIAN_POINT('Origin',(19.8380859284177,90.86875,-5.05992556236916));
#15748=CARTESIAN_POINT('',(19.8380859284177,90.06875,-5.05992556236916));
#15749=CARTESIAN_POINT('Origin',(19.8380859284177,90.86875,-5.05992556236916));
#15750=CARTESIAN_POINT('',(20.0255859284177,90.06875,-6.54816067484299));
#15751=CARTESIAN_POINT('',(19.8380859284177,90.06875,-5.05992556236916));
#15752=CARTESIAN_POINT('Origin',(20.0255859284177,90.86875,-6.54816067484299));
#15753=CARTESIAN_POINT('Origin',(57.639257785253,90.86875,-0.297425562369156));
#15754=CARTESIAN_POINT('',(57.639257785253,90.06875,-0.297425562369156));
#15755=CARTESIAN_POINT('Origin',(57.639257785253,90.86875,-0.297425562369153));
#15756=CARTESIAN_POINT('',(57.826757785253,90.06875,-1.78566067484299));
#15757=CARTESIAN_POINT('',(57.639257785253,90.06875,-0.297425562369156));
#15758=CARTESIAN_POINT('Origin',(57.826757785253,90.86875,-1.78566067484299));
#15759=CARTESIAN_POINT('Origin',(95.4404296420884,70.246875,4.46507443763085));
#15760=CARTESIAN_POINT('',(95.4404296420884,69.446875,4.46507443763085));
#15761=CARTESIAN_POINT('Origin',(95.4404296420884,70.246875,4.46507443763086));
#15762=CARTESIAN_POINT('',(95.6279296420884,69.446875,2.97683932515703));
#15763=CARTESIAN_POINT('',(95.4404296420884,69.446875,4.46507443763085));
#15764=CARTESIAN_POINT('Origin',(95.6279296420884,70.246875,2.97683932515703));
#15765=CARTESIAN_POINT('Origin',(114.341015570506,30.95625,6.84632443763085));
#15766=CARTESIAN_POINT('',(114.528515570506,28.95625,5.35808932515702));
#15767=CARTESIAN_POINT('',(116.512829053805,30.95625,5.60808932515702));
#15768=CARTESIAN_POINT('Origin',(114.528515570506,30.95625,5.35808932515702));
#15769=CARTESIAN_POINT('',(116.325329053804,30.95625,7.09632443763085));
#15770=CARTESIAN_POINT('',(116.325329053804,30.95625,7.09632443763085));
#15771=CARTESIAN_POINT('',(114.341015570506,28.95625,6.84632443763085));
#15772=CARTESIAN_POINT('Origin',(114.341015570506,30.95625,6.84632443763085));
#15773=CARTESIAN_POINT('',(114.341015570506,28.95625,6.84632443763085));
#15774=CARTESIAN_POINT('Origin',(116.325329053804,28.95625,7.09632443763085));
#15775=CARTESIAN_POINT('',(59.6235712685515,28.95625,-0.0474255623691533));
#15776=CARTESIAN_POINT('',(59.6235712685515,28.95625,-0.0474255623691533));
#15777=CARTESIAN_POINT('',(59.8110712685515,28.95625,-1.53566067484299));
#15778=CARTESIAN_POINT('',(59.6235712685515,28.95625,-0.0474255623691533));
#15779=CARTESIAN_POINT('',(59.8110712685515,28.95625,-1.53566067484299));
#15780=CARTESIAN_POINT('Origin',(60.6157280102007,46.434375,0.0775744376308507));
#15781=CARTESIAN_POINT('',(116.325329053805,43.6553970389141,7.09632443763085));
#15782=CARTESIAN_POINT('',(116.325329053804,28.95625,7.09632443763085));
#15783=CARTESIAN_POINT('',(117.317485795454,45.387447846483,7.22132443763085));
#15784=CARTESIAN_POINT('Origin',(118.309642537103,43.6553970389141,7.34632443763085));
#15785=CARTESIAN_POINT('',(120.790034391226,47.4081737886467,7.65882443763086));
#15786=CARTESIAN_POINT('',(117.317485795454,45.387447846483,7.22132443763085));
#15787=CARTESIAN_POINT('',(120.790034391226,52.6043262113533,7.65882443763086));
#15788=CARTESIAN_POINT('Origin',(119.301799278752,50.00625,7.47132443763086));
#15789=CARTESIAN_POINT('',(117.317485795454,54.625052153517,7.22132443763085));
#15790=CARTESIAN_POINT('',(117.317485795454,54.625052153517,7.22132443763085));
#15791=CARTESIAN_POINT('',(116.325329053805,56.3571029610859,7.09632443763085));
#15792=CARTESIAN_POINT('Origin',(118.309642537103,56.3571029610859,7.34632443763085));
#15793=CARTESIAN_POINT('',(116.325329053804,92.86875,7.09632443763085));
#15794=CARTESIAN_POINT('',(116.325329053804,28.95625,7.09632443763085));
#15795=CARTESIAN_POINT('',(114.341015570506,94.86875,6.84632443763085));
#15796=CARTESIAN_POINT('Origin',(114.341015570506,92.86875,6.84632443763085));
#15797=CARTESIAN_POINT('',(101.741471222653,94.86875,5.25893105776659));
#15798=CARTESIAN_POINT('',(116.325329053804,94.86875,7.09632443763085));
#15799=CARTESIAN_POINT('',(100.023005337044,95.86875,5.04242470682048));
#15800=CARTESIAN_POINT('Origin',(101.741471222653,96.86875,5.25893105776659));
#15801=CARTESIAN_POINT('',(98.018128470501,99.36875,4.78983396405001));
#15802=CARTESIAN_POINT('',(100.023005337044,95.86875,5.04242470682048));
#15803=CARTESIAN_POINT('',(92.8627308136757,99.36875,4.14031491121169));
#15804=CARTESIAN_POINT('Origin',(95.4404296420884,97.86875,4.46507443763085));
#15805=CARTESIAN_POINT('',(90.8578539471326,95.86875,3.88772416844123));
#15806=CARTESIAN_POINT('',(90.8578539471326,95.86875,3.88772416844123));
#15807=CARTESIAN_POINT('',(89.1393880615241,94.86875,3.67121781749512));
#15808=CARTESIAN_POINT('Origin',(89.1393880615241,96.86875,3.67121781749512));
#15809=CARTESIAN_POINT('',(0.9375,94.86875,-7.44117556236916));
#15810=CARTESIAN_POINT('',(116.325329053804,94.86875,7.09632443763085));
#15811=CARTESIAN_POINT('',(-1.04681348329844,92.86875,-7.69117556236916));
#15812=CARTESIAN_POINT('Origin',(0.937500000000007,92.86875,-7.44117556236916));
#15813=CARTESIAN_POINT('',(-1.04681348329844,0.,-7.69117556236916));
#15814=CARTESIAN_POINT('',(-1.04681348329844,94.86875,-7.69117556236916));
#15815=CARTESIAN_POINT('',(0.937500000000001,-1.99999999999999,-7.44117556236916));
#15816=CARTESIAN_POINT('Origin',(0.9375,7.5272306085343E-15,-7.44117556236916));
#15817=CARTESIAN_POINT('',(13.5370443478534,-1.99999999999998,-5.85378218250489));
#15818=CARTESIAN_POINT('',(-1.04681348329844,-1.99999999999999,-7.69117556236916));
#15819=CARTESIAN_POINT('',(15.2555102334618,-2.99999999999998,-5.63727583155878));
#15820=CARTESIAN_POINT('Origin',(13.5370443478534,-3.99999999999998,-5.85378218250489));
#15821=CARTESIAN_POINT('',(17.260387100005,-6.49999999999999,-5.38468508878832));
#15822=CARTESIAN_POINT('',(15.2555102334618,-2.99999999999998,-5.63727583155878));
#15823=CARTESIAN_POINT('',(22.4157847568303,-6.49999999999999,-4.73516603594999));
#15824=CARTESIAN_POINT('Origin',(19.8380859284177,-4.99999999999999,-5.05992556236916));
#15825=CARTESIAN_POINT('',(24.4206616233735,-2.99999999999998,-4.48257529317953));
#15826=CARTESIAN_POINT('',(24.4206616233735,-2.99999999999998,-4.48257529317953));
#15827=CARTESIAN_POINT('',(26.1391275089819,-1.99999999999999,-4.26606894223342));
#15828=CARTESIAN_POINT('Origin',(26.1391275089819,-3.99999999999998,-4.26606894223342));
#15829=CARTESIAN_POINT('',(57.639257785253,-1.99999999999998,-0.297425562369152));
#15830=CARTESIAN_POINT('',(-1.04681348329844,-1.99999999999999,-7.69117556236916));
#15831=CARTESIAN_POINT('',(59.6235712685515,1.94289029309402E-14,-0.0474255623691533));
#15832=CARTESIAN_POINT('Origin',(57.639257785253,1.99840144432528E-14,-0.297425562369153));
#15833=CARTESIAN_POINT('',(59.6235712685515,-1.99999999999998,-0.0474255623691533));
#15834=CARTESIAN_POINT('',(1.20903763455769,85.7422973674393,-7.40696503605324));
#15835=CARTESIAN_POINT('',(1.45968775876176,84.1623678483406,-7.37538608868508));
#15836=CARTESIAN_POINT('Origin',(1.33436269665972,84.9523326078899,-7.39117556236916));
#15837=CARTESIAN_POINT('',(6.06929834666982,83.1368421052605,-6.7946297431396));
#15838=CARTESIAN_POINT('Origin',(1.92965674164923,81.2,-7.31617556236916));
#15839=CARTESIAN_POINT('',(4.62942301078271,82.4631578839269,-6.97603698398212));
#15840=CARTESIAN_POINT('Origin',(5.3493606762363,82.8,-6.88533336387457));
#15841=CARTESIAN_POINT('Origin',(1.92965674164923,81.2,-7.31617556236916));
#15842=CARTESIAN_POINT('',(74.0346479410064,57.29375,1.76819943763085));
#15843=CARTESIAN_POINT('',(74.0346479410064,71.29375,1.76819943763085));
#15844=CARTESIAN_POINT('',(74.0346479410064,71.29375,1.76819943763085));
#15845=CARTESIAN_POINT('',(60.1444535579173,57.29375,0.0181994376308459));
#15846=CARTESIAN_POINT('',(74.0346479410064,57.29375,1.76819943763085));
#15847=CARTESIAN_POINT('',(60.1444535579173,71.29375,0.0181994376308459));
#15848=CARTESIAN_POINT('',(60.1444535579173,57.29375,0.0181994376308459));
#15849=CARTESIAN_POINT('',(60.1444535579173,71.29375,0.0181994376308459));
#15850=CARTESIAN_POINT('',(92.9352338694241,54.9125,4.14944943763085));
#15851=CARTESIAN_POINT('',(92.9352338694241,68.9125,4.14944943763085));
#15852=CARTESIAN_POINT('',(92.9352338694241,68.9125,4.14944943763085));
#15853=CARTESIAN_POINT('',(79.045039486335,54.9125,2.39944943763085));
#15854=CARTESIAN_POINT('',(92.9352338694241,54.9125,4.14944943763085));
#15855=CARTESIAN_POINT('',(79.045039486335,68.9125,2.39944943763085));
#15856=CARTESIAN_POINT('',(79.045039486335,54.9125,2.39944943763085));
#15857=CARTESIAN_POINT('',(79.045039486335,68.9125,2.39944943763085));
#15858=CARTESIAN_POINT('',(95.4404296420884,96.51875,4.46507443763085));
#15859=CARTESIAN_POINT('Origin',(95.4404296420884,97.86875,4.46507443763085));
#15860=CARTESIAN_POINT('',(55.1340620125887,73.9625,-0.613050562369155));
#15861=CARTESIAN_POINT('',(55.1340620125887,87.9625,-0.613050562369152));
#15862=CARTESIAN_POINT('',(55.1340620125887,87.9625,-0.613050562369152));
#15863=CARTESIAN_POINT('',(41.2438676294996,73.9625,-2.36305056236915));
#15864=CARTESIAN_POINT('',(55.1340620125887,73.9625,-0.613050562369155));
#15865=CARTESIAN_POINT('',(41.2438676294996,87.9625,-2.36305056236915));
#15866=CARTESIAN_POINT('',(41.2438676294996,73.9625,-2.36305056236915));
#15867=CARTESIAN_POINT('',(41.2438676294996,87.9625,-2.36305056236915));
#15868=CARTESIAN_POINT('',(111.835819797842,52.53125,6.53069943763086));
#15869=CARTESIAN_POINT('',(111.835819797842,66.53125,6.53069943763086));
#15870=CARTESIAN_POINT('',(111.835819797842,66.53125,6.53069943763086));
#15871=CARTESIAN_POINT('',(97.9456254147527,52.53125,4.78069943763086));
#15872=CARTESIAN_POINT('',(111.835819797842,52.53125,6.53069943763086));
#15873=CARTESIAN_POINT('',(97.9456254147527,66.53125,4.78069943763086));
#15874=CARTESIAN_POINT('',(97.9456254147527,52.53125,4.78069943763086));
#15875=CARTESIAN_POINT('',(97.9456254147527,66.53125,4.78069943763086));
#15876=CARTESIAN_POINT('',(3.44269577266428,59.675,-7.12555056236916));
#15877=CARTESIAN_POINT('',(17.3328901557534,59.675,-5.37555056236916));
#15878=CARTESIAN_POINT('',(17.3328901557534,59.675,-5.37555056236916));
#15879=CARTESIAN_POINT('',(3.44269577266428,73.675,-7.12555056236916));
#15880=CARTESIAN_POINT('',(3.44269577266428,59.675,-7.12555056236916));
#15881=CARTESIAN_POINT('',(17.3328901557534,73.675,-5.37555056236916));
#15882=CARTESIAN_POINT('',(3.44269577266428,73.675,-7.12555056236916));
#15883=CARTESIAN_POINT('',(17.3328901557534,73.675,-5.37555056236916));
#15884=CARTESIAN_POINT('',(17.3328901557534,35.575,-5.37555056236916));
#15885=CARTESIAN_POINT('',(3.44269577266428,35.575,-7.12555056236916));
#15886=CARTESIAN_POINT('',(3.44269577266428,35.575,-7.12555056236916));
#15887=CARTESIAN_POINT('',(17.3328901557534,21.575,-5.37555056236916));
#15888=CARTESIAN_POINT('',(17.3328901557534,35.575,-5.37555056236916));
#15889=CARTESIAN_POINT('',(3.44269577266428,21.575,-7.12555056236916));
#15890=CARTESIAN_POINT('',(17.3328901557534,21.575,-5.37555056236916));
#15891=CARTESIAN_POINT('',(3.44269577266428,21.575,-7.12555056236916));
#15892=CARTESIAN_POINT('',(92.9352338694241,35.8625,4.14944943763085));
#15893=CARTESIAN_POINT('',(92.9352338694241,49.8625,4.14944943763085));
#15894=CARTESIAN_POINT('',(92.9352338694241,49.8625,4.14944943763085));
#15895=CARTESIAN_POINT('',(79.045039486335,35.8625,2.39944943763085));
#15896=CARTESIAN_POINT('',(92.9352338694241,35.8625,4.14944943763085));
#15897=CARTESIAN_POINT('',(79.045039486335,49.8625,2.39944943763085));
#15898=CARTESIAN_POINT('',(79.045039486335,35.8625,2.39944943763085));
#15899=CARTESIAN_POINT('',(79.045039486335,49.8625,2.39944943763085));
#15900=CARTESIAN_POINT('',(111.835819797842,33.48125,6.53069943763086));
#15901=CARTESIAN_POINT('',(111.835819797842,47.48125,6.53069943763086));
#15902=CARTESIAN_POINT('',(111.835819797842,47.48125,6.53069943763086));
#15903=CARTESIAN_POINT('',(97.9456254147527,33.48125,4.78069943763086));
#15904=CARTESIAN_POINT('',(111.835819797842,33.48125,6.53069943763086));
#15905=CARTESIAN_POINT('',(97.9456254147527,47.48125,4.78069943763086));
#15906=CARTESIAN_POINT('',(97.9456254147527,33.48125,4.78069943763086));
#15907=CARTESIAN_POINT('',(97.9456254147527,47.48125,4.78069943763086));
#15908=CARTESIAN_POINT('',(55.1340620125887,35.8625,-0.613050562369155));
#15909=CARTESIAN_POINT('',(55.1340620125887,49.8625,-0.613050562369152));
#15910=CARTESIAN_POINT('',(55.1340620125887,49.8625,-0.613050562369152));
#15911=CARTESIAN_POINT('',(41.2438676294996,35.8625,-2.36305056236915));
#15912=CARTESIAN_POINT('',(55.1340620125887,35.8625,-0.613050562369155));
#15913=CARTESIAN_POINT('',(41.2438676294996,49.8625,-2.36305056236915));
#15914=CARTESIAN_POINT('',(41.2438676294996,35.8625,-2.36305056236915));
#15915=CARTESIAN_POINT('',(41.2438676294996,49.8625,-2.36305056236915));
#15916=CARTESIAN_POINT('',(16.6068127879192,-0.818715301367233,-5.46702771226828));
#15917=CARTESIAN_POINT('',(17.5822914718438,-2.08098992737017,-5.34412895003452));
#15918=CARTESIAN_POINT('Origin',(17.0945521298815,-1.4498526143687,-5.4055783311514));
#15919=CARTESIAN_POINT('',(23.0693590689161,-0.818715301367239,-4.65282341247004));
#15920=CARTESIAN_POINT('Origin',(19.8380859284177,-4.99999999999999,-5.05992556236916));
#15921=CARTESIAN_POINT('',(22.0938803849916,-2.08098992737017,-4.77572217470379));
#15922=CARTESIAN_POINT('Origin',(22.5816197269538,-1.4498526143687,-4.71427279358692));
#15923=CARTESIAN_POINT('Origin',(19.8380859284177,-4.99999999999999,-5.05992556236916));
#15924=CARTESIAN_POINT('',(115.153309476249,46.7494328008043,6.94866385030182));
#15925=CARTESIAN_POINT('',(116.40568375625,47.7326228986753,7.10644817855209));
#15926=CARTESIAN_POINT('Origin',(115.77949661625,47.2410278497398,7.02755601442696));
#15927=CARTESIAN_POINT('',(115.153309476249,53.263067199195,6.94866385030176));
#15928=CARTESIAN_POINT('Origin',(119.301799278752,50.00625,7.47132443763085));
#15929=CARTESIAN_POINT('',(116.40568375625,52.2798771013244,7.10644817855207));
#15930=CARTESIAN_POINT('Origin',(115.779496616249,52.7714721502602,7.02755601442684));
#15931=CARTESIAN_POINT('Origin',(119.301799278752,50.00625,7.47132443763085));
#15932=CARTESIAN_POINT('',(98.6717027919188,93.6874653086935,4.8721765887057));
#15933=CARTESIAN_POINT('',(97.6962240986647,94.9497399273688,4.74927782529652));
#15934=CARTESIAN_POINT('Origin',(98.1839634406263,94.3186026143685,4.81072720641332));
#15935=CARTESIAN_POINT('',(92.2091565015888,93.6874653013682,4.05797228773159));
#15936=CARTESIAN_POINT('Origin',(95.4404296420884,97.86875,4.46507443763085));
#15937=CARTESIAN_POINT('',(93.1846351855121,94.9497399273687,4.1808710499652));
#15938=CARTESIAN_POINT('Origin',(92.6968958435505,94.3186026143685,4.11942166884839));
#15939=CARTESIAN_POINT('Origin',(95.4404296420884,97.86875,4.46507443763085));
#15940=CARTESIAN_POINT('',(92.9352338694241,73.9625,4.14944943763085));
#15941=CARTESIAN_POINT('',(92.9352338694241,87.9625,4.14944943763085));
#15942=CARTESIAN_POINT('',(92.9352338694241,87.9625,4.14944943763085));
#15943=CARTESIAN_POINT('',(79.045039486335,73.9625,2.39944943763085));
#15944=CARTESIAN_POINT('',(92.9352338694241,73.9625,4.14944943763085));
#15945=CARTESIAN_POINT('',(79.045039486335,87.9625,2.39944943763085));
#15946=CARTESIAN_POINT('',(79.045039486335,73.9625,2.39944943763085));
#15947=CARTESIAN_POINT('',(79.045039486335,87.9625,2.39944943763085));
#15948=CARTESIAN_POINT('',(111.835819797842,85.58125,6.53069943763086));
#15949=CARTESIAN_POINT('',(97.9456254147527,85.58125,4.78069943763086));
#15950=CARTESIAN_POINT('',(97.9456254147527,85.58125,4.78069943763086));
#15951=CARTESIAN_POINT('',(111.835819797842,71.58125,6.53069943763086));
#15952=CARTESIAN_POINT('',(111.835819797842,85.58125,6.53069943763086));
#15953=CARTESIAN_POINT('',(97.9456254147527,71.58125,4.78069943763086));
#15954=CARTESIAN_POINT('',(111.835819797842,71.58125,6.53069943763086));
#15955=CARTESIAN_POINT('',(97.9456254147527,71.58125,4.78069943763086));
#15956=CARTESIAN_POINT('',(55.1340620125887,54.9125,-0.613050562369155));
#15957=CARTESIAN_POINT('',(55.1340620125887,68.9125,-0.613050562369152));
#15958=CARTESIAN_POINT('',(55.1340620125887,68.9125,-0.613050562369152));
#15959=CARTESIAN_POINT('',(41.2438676294996,54.9125,-2.36305056236915));
#15960=CARTESIAN_POINT('',(55.1340620125887,54.9125,-0.613050562369155));
#15961=CARTESIAN_POINT('',(41.2438676294996,68.9125,-2.36305056236915));
#15962=CARTESIAN_POINT('',(41.2438676294996,54.9125,-2.36305056236915));
#15963=CARTESIAN_POINT('',(41.2438676294996,68.9125,-2.36305056236915));
#15964=CARTESIAN_POINT('',(36.2334760841711,21.575,-2.99430056236916));
#15965=CARTESIAN_POINT('',(36.2334760841711,35.575,-2.99430056236915));
#15966=CARTESIAN_POINT('',(36.2334760841711,35.575,-2.99430056236915));
#15967=CARTESIAN_POINT('',(22.343281701082,21.575,-4.74430056236915));
#15968=CARTESIAN_POINT('',(36.2334760841711,21.575,-2.99430056236916));
#15969=CARTESIAN_POINT('',(22.343281701082,35.575,-4.74430056236915));
#15970=CARTESIAN_POINT('',(22.343281701082,21.575,-4.74430056236915));
#15971=CARTESIAN_POINT('',(22.343281701082,35.575,-4.74430056236915));
#15972=CARTESIAN_POINT('',(55.1340620125887,16.8125,-0.613050562369155));
#15973=CARTESIAN_POINT('',(55.1340620125887,30.8125,-0.613050562369152));
#15974=CARTESIAN_POINT('',(55.1340620125887,30.8125,-0.613050562369152));
#15975=CARTESIAN_POINT('',(41.2438676294996,16.8125,-2.36305056236915));
#15976=CARTESIAN_POINT('',(55.1340620125887,16.8125,-0.613050562369155));
#15977=CARTESIAN_POINT('',(41.2438676294996,30.8125,-2.36305056236915));
#15978=CARTESIAN_POINT('',(41.2438676294996,16.8125,-2.36305056236915));
#15979=CARTESIAN_POINT('',(41.2438676294996,30.8125,-2.36305056236915));
#15980=CARTESIAN_POINT('',(22.343281701082,40.625,-4.74430056236915));
#15981=CARTESIAN_POINT('',(36.2334760841711,40.625,-2.99430056236916));
#15982=CARTESIAN_POINT('',(36.2334760841711,40.625,-2.99430056236916));
#15983=CARTESIAN_POINT('',(22.343281701082,54.625,-4.74430056236915));
#15984=CARTESIAN_POINT('',(22.343281701082,40.625,-4.74430056236915));
#15985=CARTESIAN_POINT('',(36.2334760841711,54.625,-2.99430056236915));
#15986=CARTESIAN_POINT('',(22.343281701082,54.625,-4.74430056236915));
#15987=CARTESIAN_POINT('',(36.2334760841711,54.625,-2.99430056236915));
#15988=CARTESIAN_POINT('',(17.3328901557534,54.625,-5.37555056236916));
#15989=CARTESIAN_POINT('',(3.44269577266428,54.625,-7.12555056236916));
#15990=CARTESIAN_POINT('',(3.44269577266428,54.625,-7.12555056236916));
#15991=CARTESIAN_POINT('',(17.3328901557534,40.625,-5.37555056236916));
#15992=CARTESIAN_POINT('',(17.3328901557534,54.625,-5.37555056236916));
#15993=CARTESIAN_POINT('',(3.44269577266428,40.625,-7.12555056236916));
#15994=CARTESIAN_POINT('',(17.3328901557534,40.625,-5.37555056236916));
#15995=CARTESIAN_POINT('',(3.44269577266428,40.625,-7.12555056236916));
#15996=CARTESIAN_POINT('',(74.0346479410064,76.34375,1.76819943763085));
#15997=CARTESIAN_POINT('',(74.0346479410064,90.34375,1.76819943763085));
#15998=CARTESIAN_POINT('',(74.0346479410064,90.34375,1.76819943763085));
#15999=CARTESIAN_POINT('',(60.1444535579173,76.34375,0.0181994376308459));
#16000=CARTESIAN_POINT('',(74.0346479410064,76.34375,1.76819943763085));
#16001=CARTESIAN_POINT('',(60.1444535579173,90.34375,0.0181994376308459));
#16002=CARTESIAN_POINT('',(60.1444535579173,76.34375,0.0181994376308459));
#16003=CARTESIAN_POINT('',(60.1444535579173,90.34375,0.0181994376308459));
#16004=CARTESIAN_POINT('',(19.8380859284177,-6.34999999999999,-5.05992556236916));
#16005=CARTESIAN_POINT('Origin',(19.8380859284177,-4.99999999999999,-5.05992556236916));
#16006=CARTESIAN_POINT('',(17.3328901557534,16.525,-5.37555056236916));
#16007=CARTESIAN_POINT('',(3.44269577266428,16.525,-7.12555056236916));
#16008=CARTESIAN_POINT('',(3.44269577266428,16.525,-7.12555056236916));
#16009=CARTESIAN_POINT('',(17.3328901557534,2.525,-5.37555056236916));
#16010=CARTESIAN_POINT('',(17.3328901557534,16.525,-5.37555056236916));
#16011=CARTESIAN_POINT('',(3.44269577266428,2.52499999999999,-7.12555056236916));
#16012=CARTESIAN_POINT('',(17.3328901557534,2.525,-5.37555056236916));
#16013=CARTESIAN_POINT('',(3.44269577266428,2.52499999999999,-7.12555056236916));
#16014=CARTESIAN_POINT('',(22.343281701082,59.675,-4.74430056236915));
#16015=CARTESIAN_POINT('',(36.2334760841711,59.675,-2.99430056236916));
#16016=CARTESIAN_POINT('',(36.2334760841711,59.675,-2.99430056236916));
#16017=CARTESIAN_POINT('',(22.343281701082,73.675,-4.74430056236915));
#16018=CARTESIAN_POINT('',(22.343281701082,59.675,-4.74430056236915));
#16019=CARTESIAN_POINT('',(36.2334760841711,73.675,-2.99430056236915));
#16020=CARTESIAN_POINT('',(22.343281701082,73.675,-4.74430056236915));
#16021=CARTESIAN_POINT('',(36.2334760841711,73.675,-2.99430056236915));
#16022=CARTESIAN_POINT('',(119.301799278752,48.65625,7.47132443763085));
#16023=CARTESIAN_POINT('Origin',(119.301799278752,50.00625,7.47132443763085));
#16024=CARTESIAN_POINT('',(36.2334760841711,16.525,-2.99430056236916));
#16025=CARTESIAN_POINT('',(22.343281701082,16.525,-4.74430056236915));
#16026=CARTESIAN_POINT('',(22.343281701082,16.525,-4.74430056236915));
#16027=CARTESIAN_POINT('',(36.2334760841711,2.525,-2.99430056236916));
#16028=CARTESIAN_POINT('',(36.2334760841711,16.525,-2.99430056236916));
#16029=CARTESIAN_POINT('',(22.343281701082,2.52499999999999,-4.74430056236916));
#16030=CARTESIAN_POINT('',(36.2334760841711,2.525,-2.99430056236916));
#16031=CARTESIAN_POINT('',(22.343281701082,2.52499999999999,-4.74430056236916));
#16032=CARTESIAN_POINT('',(74.0346479410064,38.24375,1.76819943763085));
#16033=CARTESIAN_POINT('',(74.0346479410064,52.24375,1.76819943763085));
#16034=CARTESIAN_POINT('',(74.0346479410064,52.24375,1.76819943763085));
#16035=CARTESIAN_POINT('',(60.1444535579173,38.24375,0.0181994376308459));
#16036=CARTESIAN_POINT('',(74.0346479410064,38.24375,1.76819943763085));
#16037=CARTESIAN_POINT('',(60.1444535579173,52.24375,0.0181994376308459));
#16038=CARTESIAN_POINT('',(60.1444535579173,38.24375,0.0181994376308459));
#16039=CARTESIAN_POINT('',(60.1444535579173,52.24375,0.0181994376308459));
#16040=CARTESIAN_POINT('',(1.92965674164923,79.85,-7.31617556236916));
#16041=CARTESIAN_POINT('Origin',(1.92965674164923,81.2,-7.31617556236916));
#16042=CARTESIAN_POINT('',(6.06929834666984,79.2631578947395,-6.7946297431396));
#16043=CARTESIAN_POINT('',(4.62942300580275,79.9368421052604,-6.97603698460953));
#16044=CARTESIAN_POINT('Origin',(5.3493606762363,79.6,-6.88533336387457));
#16045=CARTESIAN_POINT('',(1.20903763455768,76.6577026325607,-7.40696503605324));
#16046=CARTESIAN_POINT('Origin',(1.92965674164923,81.2,-7.31617556236916));
#16047=CARTESIAN_POINT('',(1.45968775876176,78.2376321516595,-7.37538608868508));
#16048=CARTESIAN_POINT('Origin',(1.33436269665972,77.4476673921101,-7.39117556236916));
#16049=CARTESIAN_POINT('Origin',(1.92965674164923,81.2,-7.31617556236916));
#16050=CARTESIAN_POINT('Origin',(57.639257785253,1.99840144432528E-14,-0.297425562369154));
#16051=CARTESIAN_POINT('',(57.826757785253,-1.99999999999998,-1.78566067484299));
#16052=CARTESIAN_POINT('',(59.8110712685515,1.94289029309402E-14,-1.53566067484299));
#16053=CARTESIAN_POINT('Origin',(57.826757785253,1.99840144432528E-14,-1.78566067484299));
#16054=CARTESIAN_POINT('',(59.6235712685515,1.94101862698144E-14,-0.0474255623691548));
#16055=CARTESIAN_POINT('',(57.639257785253,-1.99999999999998,-0.297425562369154));
#16056=CARTESIAN_POINT('Origin',(59.6235712685515,-1.99999999999998,-0.0474255623691522));
#16057=CARTESIAN_POINT('',(26.3266275089819,-1.99999999999999,-5.75430405470726));
#16058=CARTESIAN_POINT('',(26.1391275089819,-1.99999999999999,-4.26606894223342));
#16059=CARTESIAN_POINT('',(-0.859313483298444,-1.99999999999999,-9.17941067484299));
#16060=CARTESIAN_POINT('Origin',(0.9375,7.5272306085343E-15,-7.44117556236916));
#16061=CARTESIAN_POINT('',(-0.859313483298444,0.,-9.17941067484299));
#16062=CARTESIAN_POINT('',(1.125,-1.99999999999999,-8.92941067484299));
#16063=CARTESIAN_POINT('Origin',(1.125,7.5272306085343E-15,-8.92941067484299));
#16064=CARTESIAN_POINT('',(0.9375,-1.99999999999999,-7.44117556236916));
#16065=CARTESIAN_POINT('',(-1.04681348329844,7.68768609438244E-15,-7.69117556236916));
#16066=CARTESIAN_POINT('Origin',(-1.04681348329844,-1.99999999999999,-7.69117556236916));
#16067=CARTESIAN_POINT('',(-0.859313483298436,92.86875,-9.17941067484299));
#16068=CARTESIAN_POINT('',(-1.04681348329844,92.86875,-7.69117556236916));
#16069=CARTESIAN_POINT('',(-0.859313483298436,94.86875,-9.17941067484299));
#16070=CARTESIAN_POINT('Origin',(114.341015570506,92.86875,6.84632443763085));
#16071=CARTESIAN_POINT('',(116.512829053805,92.86875,5.60808932515702));
#16072=CARTESIAN_POINT('',(114.528515570506,94.86875,5.35808932515702));
#16073=CARTESIAN_POINT('Origin',(114.528515570506,92.86875,5.35808932515702));
#16074=CARTESIAN_POINT('',(114.341015570506,94.86875,6.84632443763085));
#16075=CARTESIAN_POINT('',(116.325329053804,92.86875,7.09632443763085));
#16076=CARTESIAN_POINT('Origin',(116.325329053804,94.86875,7.09632443763085));
#16077=CARTESIAN_POINT('',(116.512829053805,56.3571029610859,5.60808932515702));
#16078=CARTESIAN_POINT('',(116.325329053805,56.3571029610859,7.09632443763085));
#16079=CARTESIAN_POINT('',(116.512829053805,28.95625,5.60808932515702));
#16080=CARTESIAN_POINT('Origin',(0.937500000000007,92.86875,-7.44117556236916));
#16081=CARTESIAN_POINT('',(1.12500000000001,94.86875,-8.92941067484299));
#16082=CARTESIAN_POINT('Origin',(1.12500000000001,92.86875,-8.92941067484299));
#16083=CARTESIAN_POINT('',(0.937500000000007,94.86875,-7.44117556236916));
#16084=CARTESIAN_POINT('Origin',(1.92965674164923,81.2,-7.31617556236916));
#16085=CARTESIAN_POINT('',(6.25679834666984,79.2631578947395,-8.28286485561343));
#16086=CARTESIAN_POINT('',(6.06929834666984,79.2631578947395,-6.7946297431396));
#16087=CARTESIAN_POINT('',(1.39653763455768,76.6577026325607,-8.89520014852707));
#16088=CARTESIAN_POINT('Origin',(2.11715674164923,81.2,-8.80441067484299));
#16089=CARTESIAN_POINT('',(1.20903763455768,76.6577026325607,-7.40696503605324));
#16090=CARTESIAN_POINT('Origin',(1.33436269665972,77.4476673921101,-7.39117556236916));
#16091=CARTESIAN_POINT('',(1.64718775876176,78.2376321516595,-8.86362120115891));
#16092=CARTESIAN_POINT('Origin',(1.52186269665972,77.4476673921101,-8.87941067484299));
#16093=CARTESIAN_POINT('',(1.45968775876176,78.2376321516595,-7.37538608868508));
#16094=CARTESIAN_POINT('Origin',(1.92965674164923,81.2,-7.31617556236916));
#16095=CARTESIAN_POINT('',(4.81692300580275,79.9368421052604,-8.46427209708337));
#16096=CARTESIAN_POINT('Origin',(2.11715674164923,81.2,-8.80441067484299));
#16097=CARTESIAN_POINT('',(4.62942300580275,79.9368421052604,-6.97603698460953));
#16098=CARTESIAN_POINT('Origin',(5.3493606762363,79.6,-6.88533336387457));
#16099=CARTESIAN_POINT('Origin',(5.5368606762363,79.6,-8.3735684763484));
#16100=CARTESIAN_POINT('Origin',(1.92965674164923,81.2,-7.31617556236916));
#16101=CARTESIAN_POINT('',(2.11715674164923,79.85,-8.80441067484299));
#16102=CARTESIAN_POINT('Origin',(2.11715674164923,81.2,-8.80441067484299));
#16103=CARTESIAN_POINT('',(1.92965674164923,79.85,-7.31617556236916));
#16104=CARTESIAN_POINT('Origin',(60.1444535579173,38.24375,0.018199437630847));
#16105=CARTESIAN_POINT('',(74.2221479410064,38.24375,0.279964325157015));
#16106=CARTESIAN_POINT('',(74.0346479410064,38.24375,1.76819943763085));
#16107=CARTESIAN_POINT('',(60.3319535579173,38.24375,-1.47003567484299));
#16108=CARTESIAN_POINT('',(74.2221479410064,38.24375,0.279964325157014));
#16109=CARTESIAN_POINT('',(60.1444535579173,38.24375,0.0181994376308459));
#16110=CARTESIAN_POINT('Origin',(60.1444535579173,52.24375,0.0181994376308459));
#16111=CARTESIAN_POINT('',(60.3319535579173,52.24375,-1.47003567484299));
#16112=CARTESIAN_POINT('',(60.3319535579173,38.24375,-1.47003567484299));
#16113=CARTESIAN_POINT('',(60.1444535579173,52.24375,0.0181994376308459));
#16114=CARTESIAN_POINT('Origin',(74.0346479410064,52.24375,1.76819943763085));
#16115=CARTESIAN_POINT('',(74.2221479410064,52.24375,0.279964325157017));
#16116=CARTESIAN_POINT('',(60.3319535579173,52.24375,-1.47003567484299));
#16117=CARTESIAN_POINT('',(74.0346479410064,52.24375,1.76819943763085));
#16118=CARTESIAN_POINT('Origin',(74.0346479410064,38.24375,1.76819943763085));
#16119=CARTESIAN_POINT('',(74.2221479410064,52.24375,0.279964325157016));
#16120=CARTESIAN_POINT('Origin',(36.2334760841711,2.525,-2.99430056236916));
#16121=CARTESIAN_POINT('',(36.4209760841711,16.525,-4.48253567484299));
#16122=CARTESIAN_POINT('',(36.2334760841711,16.525,-2.99430056236916));
#16123=CARTESIAN_POINT('',(36.4209760841711,2.525,-4.48253567484299));
#16124=CARTESIAN_POINT('',(36.4209760841711,16.525,-4.48253567484299));
#16125=CARTESIAN_POINT('',(36.2334760841711,2.525,-2.99430056236916));
#16126=CARTESIAN_POINT('Origin',(22.3432817010819,2.52499999999999,-4.74430056236916));
#16127=CARTESIAN_POINT('',(22.530781701082,2.525,-6.23253567484299));
#16128=CARTESIAN_POINT('',(36.4209760841711,2.525,-4.48253567484299));
#16129=CARTESIAN_POINT('',(22.343281701082,2.52499999999999,-4.74430056236916));
#16130=CARTESIAN_POINT('Origin',(22.343281701082,16.525,-4.74430056236915));
#16131=CARTESIAN_POINT('',(22.530781701082,16.525,-6.23253567484299));
#16132=CARTESIAN_POINT('',(22.530781701082,2.52499999999999,-6.23253567484299));
#16133=CARTESIAN_POINT('',(22.343281701082,16.525,-4.74430056236915));
#16134=CARTESIAN_POINT('Origin',(36.2334760841711,16.525,-2.99430056236916));
#16135=CARTESIAN_POINT('',(22.530781701082,16.525,-6.23253567484299));
#16136=CARTESIAN_POINT('Origin',(119.301799278752,50.00625,7.47132443763085));
#16137=CARTESIAN_POINT('',(119.489299278752,48.65625,5.98308932515702));
#16138=CARTESIAN_POINT('Origin',(119.489299278752,50.00625,5.98308932515702));
#16139=CARTESIAN_POINT('',(119.301799278752,48.65625,7.47132443763085));
#16140=CARTESIAN_POINT('Origin',(22.343281701082,73.675,-4.74430056236915));
#16141=CARTESIAN_POINT('',(22.530781701082,59.675,-6.23253567484299));
#16142=CARTESIAN_POINT('',(22.343281701082,59.675,-4.74430056236915));
#16143=CARTESIAN_POINT('',(22.530781701082,73.675,-6.23253567484299));
#16144=CARTESIAN_POINT('',(22.530781701082,59.675,-6.23253567484299));
#16145=CARTESIAN_POINT('',(22.343281701082,73.675,-4.74430056236915));
#16146=CARTESIAN_POINT('Origin',(36.2334760841711,73.675,-2.99430056236915));
#16147=CARTESIAN_POINT('',(36.4209760841711,73.675,-4.48253567484298));
#16148=CARTESIAN_POINT('',(22.530781701082,73.675,-6.23253567484299));
#16149=CARTESIAN_POINT('',(36.2334760841711,73.675,-2.99430056236915));
#16150=CARTESIAN_POINT('Origin',(36.2334760841711,59.675,-2.99430056236916));
#16151=CARTESIAN_POINT('',(36.4209760841711,59.675,-4.48253567484299));
#16152=CARTESIAN_POINT('',(36.4209760841711,73.675,-4.48253567484299));
#16153=CARTESIAN_POINT('',(36.2334760841711,59.675,-2.99430056236916));
#16154=CARTESIAN_POINT('Origin',(22.343281701082,59.675,-4.74430056236915));
#16155=CARTESIAN_POINT('',(36.4209760841711,59.675,-4.48253567484299));
#16156=CARTESIAN_POINT('Origin',(17.3328901557534,2.525,-5.37555056236916));
#16157=CARTESIAN_POINT('',(17.5203901557534,16.525,-6.86378567484299));
#16158=CARTESIAN_POINT('',(17.3328901557534,16.525,-5.37555056236916));
#16159=CARTESIAN_POINT('',(17.5203901557534,2.525,-6.86378567484299));
#16160=CARTESIAN_POINT('',(17.5203901557534,16.525,-6.86378567484299));
#16161=CARTESIAN_POINT('',(17.3328901557534,2.525,-5.37555056236916));
#16162=CARTESIAN_POINT('Origin',(3.44269577266428,2.52499999999999,-7.12555056236916));
#16163=CARTESIAN_POINT('',(3.63019577266428,2.525,-8.61378567484299));
#16164=CARTESIAN_POINT('',(17.5203901557534,2.525,-6.86378567484299));
#16165=CARTESIAN_POINT('',(3.44269577266428,2.52499999999999,-7.12555056236916));
#16166=CARTESIAN_POINT('Origin',(3.44269577266428,16.525,-7.12555056236916));
#16167=CARTESIAN_POINT('',(3.63019577266428,16.525,-8.61378567484299));
#16168=CARTESIAN_POINT('',(3.63019577266428,2.52499999999999,-8.61378567484299));
#16169=CARTESIAN_POINT('',(3.44269577266428,16.525,-7.12555056236916));
#16170=CARTESIAN_POINT('Origin',(17.3328901557534,16.525,-5.37555056236916));
#16171=CARTESIAN_POINT('',(3.63019577266428,16.525,-8.61378567484299));
#16172=CARTESIAN_POINT('Origin',(19.8380859284177,-4.99999999999999,-5.05992556236916));
#16173=CARTESIAN_POINT('',(20.0255859284177,-6.35,-6.54816067484299));
#16174=CARTESIAN_POINT('Origin',(20.0255859284177,-4.99999999999999,-6.54816067484299));
#16175=CARTESIAN_POINT('',(19.8380859284177,-6.34999999999999,-5.05992556236916));
#16176=CARTESIAN_POINT('Origin',(60.1444535579173,76.34375,0.018199437630847));
#16177=CARTESIAN_POINT('',(74.2221479410064,76.34375,0.279964325157015));
#16178=CARTESIAN_POINT('',(74.0346479410064,76.34375,1.76819943763085));
#16179=CARTESIAN_POINT('',(60.3319535579173,76.34375,-1.47003567484299));
#16180=CARTESIAN_POINT('',(74.2221479410064,76.34375,0.279964325157014));
#16181=CARTESIAN_POINT('',(60.1444535579173,76.34375,0.0181994376308459));
#16182=CARTESIAN_POINT('Origin',(60.1444535579173,90.34375,0.0181994376308459));
#16183=CARTESIAN_POINT('',(60.3319535579173,90.34375,-1.47003567484299));
#16184=CARTESIAN_POINT('',(60.3319535579173,76.34375,-1.47003567484299));
#16185=CARTESIAN_POINT('',(60.1444535579173,90.34375,0.0181994376308459));
#16186=CARTESIAN_POINT('Origin',(74.0346479410064,90.34375,1.76819943763085));
#16187=CARTESIAN_POINT('',(74.2221479410064,90.34375,0.279964325157017));
#16188=CARTESIAN_POINT('',(60.3319535579173,90.34375,-1.47003567484299));
#16189=CARTESIAN_POINT('',(74.0346479410064,90.34375,1.76819943763085));
#16190=CARTESIAN_POINT('Origin',(74.0346479410064,76.34375,1.76819943763085));
#16191=CARTESIAN_POINT('',(74.2221479410064,90.34375,0.279964325157016));
#16192=CARTESIAN_POINT('Origin',(17.3328901557534,40.625,-5.37555056236916));
#16193=CARTESIAN_POINT('',(17.5203901557534,54.625,-6.86378567484299));
#16194=CARTESIAN_POINT('',(17.3328901557534,54.625,-5.37555056236916));
#16195=CARTESIAN_POINT('',(17.5203901557534,40.625,-6.86378567484299));
#16196=CARTESIAN_POINT('',(17.5203901557534,54.625,-6.86378567484299));
#16197=CARTESIAN_POINT('',(17.3328901557534,40.625,-5.37555056236916));
#16198=CARTESIAN_POINT('Origin',(3.44269577266428,40.625,-7.12555056236916));
#16199=CARTESIAN_POINT('',(3.63019577266428,40.625,-8.61378567484299));
#16200=CARTESIAN_POINT('',(17.5203901557534,40.625,-6.86378567484299));
#16201=CARTESIAN_POINT('',(3.44269577266428,40.625,-7.12555056236916));
#16202=CARTESIAN_POINT('Origin',(3.44269577266428,54.625,-7.12555056236916));
#16203=CARTESIAN_POINT('',(3.63019577266428,54.625,-8.61378567484299));
#16204=CARTESIAN_POINT('',(3.63019577266428,40.625,-8.61378567484299));
#16205=CARTESIAN_POINT('',(3.44269577266428,54.625,-7.12555056236916));
#16206=CARTESIAN_POINT('Origin',(17.3328901557534,54.625,-5.37555056236916));
#16207=CARTESIAN_POINT('',(3.63019577266428,54.625,-8.61378567484299));
#16208=CARTESIAN_POINT('Origin',(22.343281701082,54.625,-4.74430056236915));
#16209=CARTESIAN_POINT('',(22.530781701082,40.625,-6.23253567484299));
#16210=CARTESIAN_POINT('',(22.343281701082,40.625,-4.74430056236915));
#16211=CARTESIAN_POINT('',(22.530781701082,54.625,-6.23253567484299));
#16212=CARTESIAN_POINT('',(22.530781701082,40.625,-6.23253567484299));
#16213=CARTESIAN_POINT('',(22.343281701082,54.625,-4.74430056236915));
#16214=CARTESIAN_POINT('Origin',(36.2334760841711,54.625,-2.99430056236915));
#16215=CARTESIAN_POINT('',(36.4209760841711,54.625,-4.48253567484298));
#16216=CARTESIAN_POINT('',(22.530781701082,54.625,-6.23253567484299));
#16217=CARTESIAN_POINT('',(36.2334760841711,54.625,-2.99430056236915));
#16218=CARTESIAN_POINT('Origin',(36.2334760841711,40.625,-2.99430056236916));
#16219=CARTESIAN_POINT('',(36.4209760841711,40.625,-4.48253567484299));
#16220=CARTESIAN_POINT('',(36.4209760841711,54.625,-4.48253567484299));
#16221=CARTESIAN_POINT('',(36.2334760841711,40.625,-2.99430056236916));
#16222=CARTESIAN_POINT('Origin',(22.343281701082,40.625,-4.74430056236915));
#16223=CARTESIAN_POINT('',(36.4209760841711,40.625,-4.48253567484299));
#16224=CARTESIAN_POINT('Origin',(41.2438676294996,16.8125,-2.36305056236915));
#16225=CARTESIAN_POINT('',(55.3215620125887,16.8125,-2.10128567484299));
#16226=CARTESIAN_POINT('',(55.1340620125887,16.8125,-0.613050562369155));
#16227=CARTESIAN_POINT('',(41.4313676294996,16.8125,-3.85128567484299));
#16228=CARTESIAN_POINT('',(55.3215620125887,16.8125,-2.10128567484299));
#16229=CARTESIAN_POINT('',(41.2438676294996,16.8125,-2.36305056236915));
#16230=CARTESIAN_POINT('Origin',(41.2438676294996,30.8125,-2.36305056236915));
#16231=CARTESIAN_POINT('',(41.4313676294996,30.8125,-3.85128567484299));
#16232=CARTESIAN_POINT('',(41.4313676294996,16.8125,-3.85128567484299));
#16233=CARTESIAN_POINT('',(41.2438676294996,30.8125,-2.36305056236915));
#16234=CARTESIAN_POINT('Origin',(55.1340620125887,30.8125,-0.613050562369152));
#16235=CARTESIAN_POINT('',(55.3215620125887,30.8125,-2.10128567484298));
#16236=CARTESIAN_POINT('',(41.4313676294996,30.8125,-3.85128567484299));
#16237=CARTESIAN_POINT('',(55.1340620125887,30.8125,-0.613050562369152));
#16238=CARTESIAN_POINT('Origin',(55.1340620125887,16.8125,-0.613050562369155));
#16239=CARTESIAN_POINT('',(55.3215620125887,30.8125,-2.10128567484298));
#16240=CARTESIAN_POINT('Origin',(22.343281701082,21.575,-4.74430056236915));
#16241=CARTESIAN_POINT('',(36.4209760841711,21.575,-4.48253567484299));
#16242=CARTESIAN_POINT('',(36.2334760841711,21.575,-2.99430056236916));
#16243=CARTESIAN_POINT('',(22.530781701082,21.575,-6.23253567484299));
#16244=CARTESIAN_POINT('',(36.4209760841711,21.575,-4.48253567484299));
#16245=CARTESIAN_POINT('',(22.343281701082,21.575,-4.74430056236915));
#16246=CARTESIAN_POINT('Origin',(22.343281701082,35.575,-4.74430056236915));
#16247=CARTESIAN_POINT('',(22.530781701082,35.575,-6.23253567484299));
#16248=CARTESIAN_POINT('',(22.530781701082,21.575,-6.23253567484299));
#16249=CARTESIAN_POINT('',(22.343281701082,35.575,-4.74430056236915));
#16250=CARTESIAN_POINT('Origin',(36.2334760841711,35.575,-2.99430056236915));
#16251=CARTESIAN_POINT('',(36.4209760841711,35.575,-4.48253567484298));
#16252=CARTESIAN_POINT('',(22.530781701082,35.575,-6.23253567484299));
#16253=CARTESIAN_POINT('',(36.2334760841711,35.575,-2.99430056236915));
#16254=CARTESIAN_POINT('Origin',(36.2334760841711,21.575,-2.99430056236916));
#16255=CARTESIAN_POINT('',(36.4209760841711,35.575,-4.48253567484299));
#16256=CARTESIAN_POINT('Origin',(41.2438676294996,54.9125,-2.36305056236915));
#16257=CARTESIAN_POINT('',(55.3215620125887,54.9125,-2.10128567484299));
#16258=CARTESIAN_POINT('',(55.1340620125887,54.9125,-0.613050562369155));
#16259=CARTESIAN_POINT('',(41.4313676294996,54.9125,-3.85128567484299));
#16260=CARTESIAN_POINT('',(55.3215620125887,54.9125,-2.10128567484299));
#16261=CARTESIAN_POINT('',(41.2438676294996,54.9125,-2.36305056236915));
#16262=CARTESIAN_POINT('Origin',(41.2438676294996,68.9125,-2.36305056236915));
#16263=CARTESIAN_POINT('',(41.4313676294996,68.9125,-3.85128567484299));
#16264=CARTESIAN_POINT('',(41.4313676294996,54.9125,-3.85128567484299));
#16265=CARTESIAN_POINT('',(41.2438676294996,68.9125,-2.36305056236915));
#16266=CARTESIAN_POINT('Origin',(55.1340620125887,68.9125,-0.613050562369152));
#16267=CARTESIAN_POINT('',(55.3215620125887,68.9125,-2.10128567484298));
#16268=CARTESIAN_POINT('',(41.4313676294996,68.9125,-3.85128567484299));
#16269=CARTESIAN_POINT('',(55.1340620125887,68.9125,-0.613050562369152));
#16270=CARTESIAN_POINT('Origin',(55.1340620125887,54.9125,-0.613050562369155));
#16271=CARTESIAN_POINT('',(55.3215620125887,68.9125,-2.10128567484298));
#16272=CARTESIAN_POINT('Origin',(111.835819797842,71.58125,6.53069943763086));
#16273=CARTESIAN_POINT('',(112.023319797842,85.58125,5.04246432515703));
#16274=CARTESIAN_POINT('',(111.835819797842,85.58125,6.53069943763086));
#16275=CARTESIAN_POINT('',(112.023319797842,71.58125,5.04246432515703));
#16276=CARTESIAN_POINT('',(112.023319797842,85.58125,5.04246432515703));
#16277=CARTESIAN_POINT('',(111.835819797842,71.58125,6.53069943763086));
#16278=CARTESIAN_POINT('Origin',(97.9456254147527,71.58125,4.78069943763086));
#16279=CARTESIAN_POINT('',(98.1331254147527,71.58125,3.29246432515702));
#16280=CARTESIAN_POINT('',(112.023319797842,71.58125,5.04246432515703));
#16281=CARTESIAN_POINT('',(97.9456254147527,71.58125,4.78069943763086));
#16282=CARTESIAN_POINT('Origin',(97.9456254147527,85.58125,4.78069943763086));
#16283=CARTESIAN_POINT('',(98.1331254147527,85.58125,3.29246432515702));
#16284=CARTESIAN_POINT('',(98.1331254147527,71.58125,3.29246432515703));
#16285=CARTESIAN_POINT('',(97.9456254147527,85.58125,4.78069943763086));
#16286=CARTESIAN_POINT('Origin',(111.835819797842,85.58125,6.53069943763086));
#16287=CARTESIAN_POINT('',(98.1331254147527,85.58125,3.29246432515702));
#16288=CARTESIAN_POINT('Origin',(79.045039486335,73.9625,2.39944943763085));
#16289=CARTESIAN_POINT('',(93.1227338694241,73.9625,2.66121432515702));
#16290=CARTESIAN_POINT('',(92.9352338694241,73.9625,4.14944943763085));
#16291=CARTESIAN_POINT('',(79.232539486335,73.9625,0.911214325157023));
#16292=CARTESIAN_POINT('',(93.1227338694241,73.9625,2.66121432515702));
#16293=CARTESIAN_POINT('',(79.045039486335,73.9625,2.39944943763085));
#16294=CARTESIAN_POINT('Origin',(79.045039486335,87.9625,2.39944943763085));
#16295=CARTESIAN_POINT('',(79.232539486335,87.9625,0.911214325157023));
#16296=CARTESIAN_POINT('',(79.232539486335,73.9625,0.911214325157021));
#16297=CARTESIAN_POINT('',(79.045039486335,87.9625,2.39944943763085));
#16298=CARTESIAN_POINT('Origin',(92.9352338694241,87.9625,4.14944943763086));
#16299=CARTESIAN_POINT('',(93.1227338694241,87.9625,2.66121432515702));
#16300=CARTESIAN_POINT('',(79.232539486335,87.9625,0.911214325157021));
#16301=CARTESIAN_POINT('',(92.9352338694241,87.9625,4.14944943763085));
#16302=CARTESIAN_POINT('Origin',(92.9352338694241,73.9625,4.14944943763085));
#16303=CARTESIAN_POINT('',(93.1227338694241,87.9625,2.66121432515702));
#16304=CARTESIAN_POINT('Origin',(95.4404296420884,97.86875,4.46507443763085));
#16305=CARTESIAN_POINT('',(98.8592027919189,93.6874653086935,3.38394147623187));
#16306=CARTESIAN_POINT('',(98.6717027919188,93.6874653086935,4.8721765887057));
#16307=CARTESIAN_POINT('',(92.3966565015888,93.6874653013682,2.56973717525776));
#16308=CARTESIAN_POINT('Origin',(95.6279296420884,97.86875,2.97683932515702));
#16309=CARTESIAN_POINT('',(92.2091565015888,93.6874653013682,4.05797228773159));
#16310=CARTESIAN_POINT('Origin',(92.6968958435505,94.3186026143685,4.11942166884839));
#16311=CARTESIAN_POINT('',(93.3721351855122,94.9497399273687,2.69263593749136));
#16312=CARTESIAN_POINT('Origin',(92.8843958435505,94.3186026143685,2.63118655637456));
#16313=CARTESIAN_POINT('',(93.1846351855121,94.9497399273687,4.1808710499652));
#16314=CARTESIAN_POINT('Origin',(95.4404296420884,97.86875,4.46507443763085));
#16315=CARTESIAN_POINT('',(97.8837240986647,94.9497399273688,3.26104271282269));
#16316=CARTESIAN_POINT('Origin',(95.6279296420884,97.86875,2.97683932515702));
#16317=CARTESIAN_POINT('',(97.6962240986647,94.9497399273688,4.74927782529652));
#16318=CARTESIAN_POINT('Origin',(98.1839634406263,94.3186026143685,4.81072720641332));
#16319=CARTESIAN_POINT('Origin',(98.3714634406263,94.3186026143685,3.32249209393949));
#16320=CARTESIAN_POINT('Origin',(119.301799278752,50.00625,7.47132443763085));
#16321=CARTESIAN_POINT('',(115.340809476249,46.7494328008043,5.46042873782799));
#16322=CARTESIAN_POINT('',(115.153309476249,46.7494328008043,6.94866385030182));
#16323=CARTESIAN_POINT('',(115.340809476249,53.263067199195,5.46042873782793));
#16324=CARTESIAN_POINT('Origin',(119.489299278752,50.00625,5.98308932515702));
#16325=CARTESIAN_POINT('',(115.153309476249,53.263067199195,6.94866385030176));
#16326=CARTESIAN_POINT('Origin',(115.779496616249,52.7714721502602,7.02755601442684));
#16327=CARTESIAN_POINT('',(116.59318375625,52.2798771013244,5.61821306607824));
#16328=CARTESIAN_POINT('Origin',(115.966996616249,52.7714721502602,5.53932090195301));
#16329=CARTESIAN_POINT('',(116.40568375625,52.2798771013244,7.10644817855207));
#16330=CARTESIAN_POINT('Origin',(119.301799278752,50.00625,7.47132443763085));
#16331=CARTESIAN_POINT('',(116.59318375625,47.7326228986753,5.61821306607826));
#16332=CARTESIAN_POINT('Origin',(119.489299278752,50.00625,5.98308932515702));
#16333=CARTESIAN_POINT('',(116.40568375625,47.7326228986753,7.10644817855209));
#16334=CARTESIAN_POINT('Origin',(115.77949661625,47.2410278497398,7.02755601442696));
#16335=CARTESIAN_POINT('Origin',(115.96699661625,47.2410278497398,5.53932090195313));
#16336=CARTESIAN_POINT('Origin',(19.8380859284177,-4.99999999999999,-5.05992556236916));
#16337=CARTESIAN_POINT('',(16.7943127879192,-0.818715301367234,-6.95526282474211));
#16338=CARTESIAN_POINT('',(16.6068127879192,-0.818715301367233,-5.46702771226828));
#16339=CARTESIAN_POINT('',(23.2568590689161,-0.818715301367234,-6.14105852494387));
#16340=CARTESIAN_POINT('Origin',(20.0255859284177,-4.99999999999999,-6.54816067484299));
#16341=CARTESIAN_POINT('',(23.0693590689161,-0.818715301367239,-4.65282341247004));
#16342=CARTESIAN_POINT('Origin',(22.5816197269538,-1.4498526143687,-4.71427279358692));
#16343=CARTESIAN_POINT('',(22.2813803849916,-2.08098992737016,-6.26395728717763));
#16344=CARTESIAN_POINT('Origin',(22.7691197269538,-1.4498526143687,-6.20250790606075));
#16345=CARTESIAN_POINT('',(22.0938803849916,-2.08098992737017,-4.77572217470379));
#16346=CARTESIAN_POINT('Origin',(19.8380859284177,-4.99999999999999,-5.05992556236916));
#16347=CARTESIAN_POINT('',(17.7697914718438,-2.08098992737018,-6.83236406250836));
#16348=CARTESIAN_POINT('Origin',(20.0255859284177,-4.99999999999999,-6.54816067484299));
#16349=CARTESIAN_POINT('',(17.5822914718438,-2.08098992737017,-5.34412895003452));
#16350=CARTESIAN_POINT('Origin',(17.0945521298815,-1.4498526143687,-5.4055783311514));
#16351=CARTESIAN_POINT('Origin',(17.2820521298815,-1.4498526143687,-6.89381344362523));
#16352=CARTESIAN_POINT('Origin',(41.2438676294996,35.8625,-2.36305056236915));
#16353=CARTESIAN_POINT('',(55.3215620125887,35.8625,-2.10128567484299));
#16354=CARTESIAN_POINT('',(55.1340620125887,35.8625,-0.613050562369155));
#16355=CARTESIAN_POINT('',(41.4313676294996,35.8625,-3.85128567484299));
#16356=CARTESIAN_POINT('',(55.3215620125887,35.8625,-2.10128567484299));
#16357=CARTESIAN_POINT('',(41.2438676294996,35.8625,-2.36305056236915));
#16358=CARTESIAN_POINT('Origin',(41.2438676294996,49.8625,-2.36305056236915));
#16359=CARTESIAN_POINT('',(41.4313676294996,49.8625,-3.85128567484299));
#16360=CARTESIAN_POINT('',(41.4313676294996,35.8625,-3.85128567484299));
#16361=CARTESIAN_POINT('',(41.2438676294996,49.8625,-2.36305056236915));
#16362=CARTESIAN_POINT('Origin',(55.1340620125887,49.8625,-0.613050562369152));
#16363=CARTESIAN_POINT('',(55.3215620125887,49.8625,-2.10128567484298));
#16364=CARTESIAN_POINT('',(41.4313676294996,49.8625,-3.85128567484299));
#16365=CARTESIAN_POINT('',(55.1340620125887,49.8625,-0.613050562369152));
#16366=CARTESIAN_POINT('Origin',(55.1340620125887,35.8625,-0.613050562369155));
#16367=CARTESIAN_POINT('',(55.3215620125887,49.8625,-2.10128567484298));
#16368=CARTESIAN_POINT('Origin',(97.9456254147527,33.48125,4.78069943763086));
#16369=CARTESIAN_POINT('',(112.023319797842,33.48125,5.04246432515703));
#16370=CARTESIAN_POINT('',(111.835819797842,33.48125,6.53069943763086));
#16371=CARTESIAN_POINT('',(98.1331254147527,33.48125,3.29246432515702));
#16372=CARTESIAN_POINT('',(112.023319797842,33.48125,5.04246432515703));
#16373=CARTESIAN_POINT('',(97.9456254147527,33.48125,4.78069943763086));
#16374=CARTESIAN_POINT('Origin',(97.9456254147527,47.48125,4.78069943763086));
#16375=CARTESIAN_POINT('',(98.1331254147527,47.48125,3.29246432515702));
#16376=CARTESIAN_POINT('',(98.1331254147527,33.48125,3.29246432515702));
#16377=CARTESIAN_POINT('',(97.9456254147527,47.48125,4.78069943763086));
#16378=CARTESIAN_POINT('Origin',(111.835819797842,47.48125,6.53069943763086));
#16379=CARTESIAN_POINT('',(112.023319797842,47.48125,5.04246432515702));
#16380=CARTESIAN_POINT('',(98.1331254147527,47.48125,3.29246432515702));
#16381=CARTESIAN_POINT('',(111.835819797842,47.48125,6.53069943763086));
#16382=CARTESIAN_POINT('Origin',(111.835819797842,33.48125,6.53069943763086));
#16383=CARTESIAN_POINT('',(112.023319797842,47.48125,5.04246432515702));
#16384=CARTESIAN_POINT('Origin',(79.045039486335,35.8625,2.39944943763085));
#16385=CARTESIAN_POINT('',(93.1227338694241,35.8625,2.66121432515702));
#16386=CARTESIAN_POINT('',(92.9352338694241,35.8625,4.14944943763085));
#16387=CARTESIAN_POINT('',(79.232539486335,35.8625,0.911214325157023));
#16388=CARTESIAN_POINT('',(93.1227338694241,35.8625,2.66121432515702));
#16389=CARTESIAN_POINT('',(79.045039486335,35.8625,2.39944943763085));
#16390=CARTESIAN_POINT('Origin',(79.045039486335,49.8625,2.39944943763085));
#16391=CARTESIAN_POINT('',(79.232539486335,49.8625,0.911214325157023));
#16392=CARTESIAN_POINT('',(79.232539486335,35.8625,0.911214325157021));
#16393=CARTESIAN_POINT('',(79.045039486335,49.8625,2.39944943763085));
#16394=CARTESIAN_POINT('Origin',(92.9352338694241,49.8625,4.14944943763086));
#16395=CARTESIAN_POINT('',(93.1227338694241,49.8625,2.66121432515702));
#16396=CARTESIAN_POINT('',(79.232539486335,49.8625,0.911214325157021));
#16397=CARTESIAN_POINT('',(92.9352338694241,49.8625,4.14944943763085));
#16398=CARTESIAN_POINT('Origin',(92.9352338694241,35.8625,4.14944943763085));
#16399=CARTESIAN_POINT('',(93.1227338694241,49.8625,2.66121432515702));
#16400=CARTESIAN_POINT('Origin',(17.3328901557534,21.575,-5.37555056236916));
#16401=CARTESIAN_POINT('',(17.5203901557534,35.575,-6.86378567484299));
#16402=CARTESIAN_POINT('',(17.3328901557534,35.575,-5.37555056236916));
#16403=CARTESIAN_POINT('',(17.5203901557534,21.575,-6.86378567484299));
#16404=CARTESIAN_POINT('',(17.5203901557534,35.575,-6.86378567484299));
#16405=CARTESIAN_POINT('',(17.3328901557534,21.575,-5.37555056236916));
#16406=CARTESIAN_POINT('Origin',(3.44269577266428,21.575,-7.12555056236916));
#16407=CARTESIAN_POINT('',(3.63019577266428,21.575,-8.61378567484299));
#16408=CARTESIAN_POINT('',(17.5203901557534,21.575,-6.86378567484299));
#16409=CARTESIAN_POINT('',(3.44269577266428,21.575,-7.12555056236916));
#16410=CARTESIAN_POINT('Origin',(3.44269577266428,35.575,-7.12555056236916));
#16411=CARTESIAN_POINT('',(3.63019577266428,35.575,-8.61378567484299));
#16412=CARTESIAN_POINT('',(3.63019577266428,21.575,-8.61378567484299));
#16413=CARTESIAN_POINT('',(3.44269577266428,35.575,-7.12555056236916));
#16414=CARTESIAN_POINT('Origin',(17.3328901557534,35.575,-5.37555056236916));
#16415=CARTESIAN_POINT('',(3.63019577266428,35.575,-8.61378567484299));
#16416=CARTESIAN_POINT('Origin',(3.44269577266428,73.675,-7.12555056236916));
#16417=CARTESIAN_POINT('',(3.63019577266428,59.675,-8.61378567484299));
#16418=CARTESIAN_POINT('',(3.44269577266428,59.675,-7.12555056236916));
#16419=CARTESIAN_POINT('',(3.63019577266428,73.675,-8.61378567484299));
#16420=CARTESIAN_POINT('',(3.63019577266428,59.675,-8.61378567484299));
#16421=CARTESIAN_POINT('',(3.44269577266428,73.675,-7.12555056236916));
#16422=CARTESIAN_POINT('Origin',(17.3328901557534,73.675,-5.37555056236916));
#16423=CARTESIAN_POINT('',(17.5203901557534,73.675,-6.86378567484299));
#16424=CARTESIAN_POINT('',(3.63019577266428,73.675,-8.61378567484299));
#16425=CARTESIAN_POINT('',(17.3328901557534,73.675,-5.37555056236916));
#16426=CARTESIAN_POINT('Origin',(17.3328901557534,59.675,-5.37555056236916));
#16427=CARTESIAN_POINT('',(17.5203901557534,59.675,-6.86378567484299));
#16428=CARTESIAN_POINT('',(17.5203901557534,73.675,-6.86378567484299));
#16429=CARTESIAN_POINT('',(17.3328901557534,59.675,-5.37555056236916));
#16430=CARTESIAN_POINT('Origin',(3.44269577266428,59.675,-7.12555056236916));
#16431=CARTESIAN_POINT('',(17.5203901557534,59.675,-6.86378567484299));
#16432=CARTESIAN_POINT('Origin',(97.9456254147527,52.53125,4.78069943763086));
#16433=CARTESIAN_POINT('',(112.023319797842,52.53125,5.04246432515703));
#16434=CARTESIAN_POINT('',(111.835819797842,52.53125,6.53069943763086));
#16435=CARTESIAN_POINT('',(98.1331254147527,52.53125,3.29246432515702));
#16436=CARTESIAN_POINT('',(112.023319797842,52.53125,5.04246432515703));
#16437=CARTESIAN_POINT('',(97.9456254147527,52.53125,4.78069943763086));
#16438=CARTESIAN_POINT('Origin',(97.9456254147527,66.53125,4.78069943763086));
#16439=CARTESIAN_POINT('',(98.1331254147527,66.53125,3.29246432515702));
#16440=CARTESIAN_POINT('',(98.1331254147527,52.53125,3.29246432515702));
#16441=CARTESIAN_POINT('',(97.9456254147527,66.53125,4.78069943763086));
#16442=CARTESIAN_POINT('Origin',(111.835819797842,66.53125,6.53069943763086));
#16443=CARTESIAN_POINT('',(112.023319797842,66.53125,5.04246432515702));
#16444=CARTESIAN_POINT('',(98.1331254147527,66.53125,3.29246432515702));
#16445=CARTESIAN_POINT('',(111.835819797842,66.53125,6.53069943763086));
#16446=CARTESIAN_POINT('Origin',(111.835819797842,52.53125,6.53069943763086));
#16447=CARTESIAN_POINT('',(112.023319797842,66.53125,5.04246432515702));
#16448=CARTESIAN_POINT('Origin',(41.2438676294996,73.9625,-2.36305056236915));
#16449=CARTESIAN_POINT('',(55.3215620125887,73.9625,-2.10128567484299));
#16450=CARTESIAN_POINT('',(55.1340620125887,73.9625,-0.613050562369155));
#16451=CARTESIAN_POINT('',(41.4313676294996,73.9625,-3.85128567484299));
#16452=CARTESIAN_POINT('',(55.3215620125887,73.9625,-2.10128567484299));
#16453=CARTESIAN_POINT('',(41.2438676294996,73.9625,-2.36305056236915));
#16454=CARTESIAN_POINT('Origin',(41.2438676294996,87.9625,-2.36305056236915));
#16455=CARTESIAN_POINT('',(41.4313676294996,87.9625,-3.85128567484299));
#16456=CARTESIAN_POINT('',(41.4313676294996,73.9625,-3.85128567484299));
#16457=CARTESIAN_POINT('',(41.2438676294996,87.9625,-2.36305056236915));
#16458=CARTESIAN_POINT('Origin',(55.1340620125887,87.9625,-0.613050562369152));
#16459=CARTESIAN_POINT('',(55.3215620125887,87.9625,-2.10128567484298));
#16460=CARTESIAN_POINT('',(41.4313676294996,87.9625,-3.85128567484299));
#16461=CARTESIAN_POINT('',(55.1340620125887,87.9625,-0.613050562369152));
#16462=CARTESIAN_POINT('Origin',(55.1340620125887,73.9625,-0.613050562369155));
#16463=CARTESIAN_POINT('',(55.3215620125887,87.9625,-2.10128567484298));
#16464=CARTESIAN_POINT('Origin',(95.4404296420884,97.86875,4.46507443763085));
#16465=CARTESIAN_POINT('',(95.6279296420884,96.51875,2.97683932515702));
#16466=CARTESIAN_POINT('Origin',(95.6279296420884,97.86875,2.97683932515702));
#16467=CARTESIAN_POINT('',(95.4404296420884,96.51875,4.46507443763085));
#16468=CARTESIAN_POINT('Origin',(79.045039486335,54.9125,2.39944943763085));
#16469=CARTESIAN_POINT('',(93.1227338694241,54.9125,2.66121432515702));
#16470=CARTESIAN_POINT('',(92.9352338694241,54.9125,4.14944943763085));
#16471=CARTESIAN_POINT('',(79.232539486335,54.9125,0.911214325157023));
#16472=CARTESIAN_POINT('',(93.1227338694241,54.9125,2.66121432515702));
#16473=CARTESIAN_POINT('',(79.045039486335,54.9125,2.39944943763085));
#16474=CARTESIAN_POINT('Origin',(79.045039486335,68.9125,2.39944943763085));
#16475=CARTESIAN_POINT('',(79.232539486335,68.9125,0.911214325157023));
#16476=CARTESIAN_POINT('',(79.232539486335,54.9125,0.911214325157021));
#16477=CARTESIAN_POINT('',(79.045039486335,68.9125,2.39944943763085));
#16478=CARTESIAN_POINT('Origin',(92.9352338694241,68.9125,4.14944943763086));
#16479=CARTESIAN_POINT('',(93.1227338694241,68.9125,2.66121432515702));
#16480=CARTESIAN_POINT('',(79.232539486335,68.9125,0.911214325157021));
#16481=CARTESIAN_POINT('',(92.9352338694241,68.9125,4.14944943763085));
#16482=CARTESIAN_POINT('Origin',(92.9352338694241,54.9125,4.14944943763085));
#16483=CARTESIAN_POINT('',(93.1227338694241,68.9125,2.66121432515702));
#16484=CARTESIAN_POINT('Origin',(60.1444535579173,57.29375,0.018199437630847));
#16485=CARTESIAN_POINT('',(74.2221479410064,57.29375,0.279964325157015));
#16486=CARTESIAN_POINT('',(74.0346479410064,57.29375,1.76819943763085));
#16487=CARTESIAN_POINT('',(60.3319535579173,57.29375,-1.47003567484299));
#16488=CARTESIAN_POINT('',(74.2221479410064,57.29375,0.279964325157014));
#16489=CARTESIAN_POINT('',(60.1444535579173,57.29375,0.0181994376308459));
#16490=CARTESIAN_POINT('Origin',(60.1444535579173,71.29375,0.0181994376308459));
#16491=CARTESIAN_POINT('',(60.3319535579173,71.29375,-1.47003567484299));
#16492=CARTESIAN_POINT('',(60.3319535579173,57.29375,-1.47003567484299));
#16493=CARTESIAN_POINT('',(60.1444535579173,71.29375,0.0181994376308459));
#16494=CARTESIAN_POINT('Origin',(74.0346479410064,71.29375,1.76819943763085));
#16495=CARTESIAN_POINT('',(74.2221479410064,71.29375,0.279964325157017));
#16496=CARTESIAN_POINT('',(60.3319535579173,71.29375,-1.47003567484299));
#16497=CARTESIAN_POINT('',(74.0346479410064,71.29375,1.76819943763085));
#16498=CARTESIAN_POINT('Origin',(74.0346479410064,57.29375,1.76819943763085));
#16499=CARTESIAN_POINT('',(74.2221479410064,71.29375,0.279964325157016));
#16500=CARTESIAN_POINT('Origin',(1.92965674164923,81.2,-7.31617556236916));
#16501=CARTESIAN_POINT('',(1.39653763455769,85.7422973674393,-8.89520014852707));
#16502=CARTESIAN_POINT('',(1.20903763455769,85.7422973674393,-7.40696503605324));
#16503=CARTESIAN_POINT('',(6.25679834666982,83.1368421052605,-8.28286485561343));
#16504=CARTESIAN_POINT('Origin',(2.11715674164923,81.2,-8.80441067484299));
#16505=CARTESIAN_POINT('',(6.06929834666982,83.1368421052605,-6.7946297431396));
#16506=CARTESIAN_POINT('Origin',(5.3493606762363,82.8,-6.88533336387457));
#16507=CARTESIAN_POINT('',(4.81692301078271,82.4631578839269,-8.46427209645595));
#16508=CARTESIAN_POINT('Origin',(5.5368606762363,82.8,-8.3735684763484));
#16509=CARTESIAN_POINT('',(4.62942301078271,82.4631578839269,-6.97603698398212));
#16510=CARTESIAN_POINT('Origin',(1.92965674164923,81.2,-7.31617556236916));
#16511=CARTESIAN_POINT('',(1.64718775876176,84.1623678483406,-8.86362120115891));
#16512=CARTESIAN_POINT('Origin',(2.11715674164923,81.2,-8.80441067484299));
#16513=CARTESIAN_POINT('',(1.45968775876176,84.1623678483406,-7.37538608868508));
#16514=CARTESIAN_POINT('Origin',(1.33436269665972,84.9523326078899,-7.39117556236916));
#16515=CARTESIAN_POINT('Origin',(1.52186269665972,84.9523326078899,-8.87941067484299));
#16516=CARTESIAN_POINT('Origin',(24.4206616233735,-2.99999999999998,-4.48257529317953));
#16517=CARTESIAN_POINT('',(22.6032847568303,-6.49999999999999,-6.22340114842383));
#16518=CARTESIAN_POINT('',(22.4157847568303,-6.49999999999999,-4.73516603594999));
#16519=CARTESIAN_POINT('',(24.6081616233735,-2.99999999999999,-5.97081040565336));
#16520=CARTESIAN_POINT('',(24.6081616233735,-2.99999999999998,-5.97081040565337));
#16521=CARTESIAN_POINT('',(24.4206616233735,-2.99999999999998,-4.48257529317953));
#16522=CARTESIAN_POINT('Origin',(26.1391275089819,-3.99999999999998,-4.26606894223342));
#16523=CARTESIAN_POINT('Origin',(26.3266275089819,-3.99999999999998,-5.75430405470726));
#16524=CARTESIAN_POINT('Origin',(59.6235712685515,28.95625,-0.0474255623691533));
#16525=CARTESIAN_POINT('',(59.8110712685515,-1.99999999999998,-1.53566067484299));
#16526=CARTESIAN_POINT('Origin',(116.325329053804,43.6553970389141,7.09632443763085));
#16527=CARTESIAN_POINT('',(116.512829053805,43.6553970389141,5.60808932515702));
#16528=CARTESIAN_POINT('',(116.512829053805,28.95625,5.60808932515702));
#16529=CARTESIAN_POINT('',(116.325329053805,43.6553970389141,7.09632443763085));
#16530=CARTESIAN_POINT('Origin',(118.309642537103,43.6553970389141,7.34632443763085));
#16531=CARTESIAN_POINT('',(117.504985795454,45.387447846483,5.73308932515702));
#16532=CARTESIAN_POINT('Origin',(118.497142537103,43.6553970389141,5.85808932515702));
#16533=CARTESIAN_POINT('',(117.317485795454,45.387447846483,7.22132443763085));
#16534=CARTESIAN_POINT('Origin',(120.790034391226,47.4081737886467,7.65882443763085));
#16535=CARTESIAN_POINT('',(120.977534391226,47.4081737886467,6.17058932515702));
#16536=CARTESIAN_POINT('',(117.504985795454,45.387447846483,5.73308932515702));
#16537=CARTESIAN_POINT('',(120.790034391226,47.4081737886467,7.65882443763086));
#16538=CARTESIAN_POINT('Origin',(119.301799278752,50.00625,7.47132443763086));
#16539=CARTESIAN_POINT('',(120.977534391226,52.6043262113533,6.17058932515703));
#16540=CARTESIAN_POINT('Origin',(119.489299278752,50.00625,5.98308932515703));
#16541=CARTESIAN_POINT('',(120.790034391226,52.6043262113533,7.65882443763086));
#16542=CARTESIAN_POINT('Origin',(117.317485795454,54.625052153517,7.22132443763085));
#16543=CARTESIAN_POINT('',(117.504985795454,54.625052153517,5.73308932515702));
#16544=CARTESIAN_POINT('',(117.504985795454,54.625052153517,5.73308932515702));
#16545=CARTESIAN_POINT('',(117.317485795454,54.625052153517,7.22132443763085));
#16546=CARTESIAN_POINT('Origin',(118.309642537103,56.3571029610859,7.34632443763085));
#16547=CARTESIAN_POINT('Origin',(118.497142537103,56.3571029610859,5.85808932515702));
#16548=CARTESIAN_POINT('Origin',(101.741471222653,94.86875,5.25893105776659));
#16549=CARTESIAN_POINT('',(101.928971222653,94.86875,3.77069594529276));
#16550=CARTESIAN_POINT('',(116.512829053805,94.86875,5.60808932515702));
#16551=CARTESIAN_POINT('',(101.741471222653,94.86875,5.25893105776659));
#16552=CARTESIAN_POINT('Origin',(101.741471222653,96.86875,5.25893105776659));
#16553=CARTESIAN_POINT('',(100.210505337044,95.86875,3.55418959434665));
#16554=CARTESIAN_POINT('Origin',(101.928971222653,96.86875,3.77069594529276));
#16555=CARTESIAN_POINT('',(100.023005337044,95.86875,5.04242470682048));
#16556=CARTESIAN_POINT('Origin',(98.018128470501,99.36875,4.78983396405002));
#16557=CARTESIAN_POINT('',(98.205628470501,99.36875,3.30159885157618));
#16558=CARTESIAN_POINT('',(100.210505337044,95.86875,3.55418959434665));
#16559=CARTESIAN_POINT('',(98.018128470501,99.36875,4.78983396405001));
#16560=CARTESIAN_POINT('Origin',(95.4404296420884,97.86875,4.46507443763085));
#16561=CARTESIAN_POINT('',(93.0502308136758,99.36875,2.65207979873786));
#16562=CARTESIAN_POINT('Origin',(95.6279296420884,97.86875,2.97683932515702));
#16563=CARTESIAN_POINT('',(92.8627308136757,99.36875,4.14031491121169));
#16564=CARTESIAN_POINT('Origin',(90.8578539471326,95.86875,3.88772416844123));
#16565=CARTESIAN_POINT('',(91.0453539471326,95.86875,2.3994890559674));
#16566=CARTESIAN_POINT('',(91.0453539471326,95.86875,2.3994890559674));
#16567=CARTESIAN_POINT('',(90.8578539471326,95.86875,3.88772416844123));
#16568=CARTESIAN_POINT('Origin',(89.1393880615241,96.86875,3.67121781749512));
#16569=CARTESIAN_POINT('',(89.3268880615241,94.86875,2.18298270502129));
#16570=CARTESIAN_POINT('Origin',(89.3268880615241,96.86875,2.18298270502129));
#16571=CARTESIAN_POINT('',(89.1393880615241,94.86875,3.67121781749512));
#16572=CARTESIAN_POINT('Origin',(-1.04681348329843,94.86875,-7.69117556236916));
#16573=CARTESIAN_POINT('',(116.512829053805,94.86875,5.60808932515702));
#16574=CARTESIAN_POINT('Origin',(13.5370443478534,-1.99999999999999,-5.85378218250489));
#16575=CARTESIAN_POINT('',(13.7245443478534,-1.99999999999998,-7.34201729497873));
#16576=CARTESIAN_POINT('',(-0.859313483298444,-1.99999999999999,-9.17941067484299));
#16577=CARTESIAN_POINT('',(13.5370443478534,-1.99999999999998,-5.85378218250489));
#16578=CARTESIAN_POINT('Origin',(13.5370443478534,-3.99999999999998,-5.85378218250489));
#16579=CARTESIAN_POINT('',(15.4430102334618,-2.99999999999999,-7.12551094403262));
#16580=CARTESIAN_POINT('Origin',(13.7245443478534,-3.99999999999998,-7.34201729497873));
#16581=CARTESIAN_POINT('',(15.2555102334618,-2.99999999999998,-5.63727583155878));
#16582=CARTESIAN_POINT('Origin',(17.260387100005,-6.49999999999999,-5.38468508878832));
#16583=CARTESIAN_POINT('',(17.447887100005,-6.49999999999999,-6.87292020126216));
#16584=CARTESIAN_POINT('',(15.4430102334618,-2.99999999999998,-7.12551094403262));
#16585=CARTESIAN_POINT('',(17.260387100005,-6.49999999999999,-5.38468508878832));
#16586=CARTESIAN_POINT('Origin',(19.8380859284177,-4.99999999999999,-5.05992556236916));
#16587=CARTESIAN_POINT('Origin',(20.0255859284177,-4.99999999999999,-6.54816067484299));
#16588=CARTESIAN_POINT('Origin',(60.8032280102007,46.434375,-1.41066067484298));
#16589=CARTESIAN_POINT('',(0.,0.,0.));
#16590=CARTESIAN_POINT('Origin',(132.636704274774,2.9947997111677,-6.32706485584743));
#16591=CARTESIAN_POINT('',(132.636704274774,3.7947997111677,-6.32706485584743));
#16592=CARTESIAN_POINT('Origin',(132.636704274774,2.9947997111677,-6.32706485584743));
#16593=CARTESIAN_POINT('',(132.440632846202,3.7947997111677,-7.81419497621282));
#16594=CARTESIAN_POINT('',(132.636704274774,3.7947997111677,-6.32706485584743));
#16595=CARTESIAN_POINT('Origin',(132.440632846202,2.9947997111677,-7.81419497621282));
#16596=CARTESIAN_POINT('Origin',(76.9836796871291,2.19864019873811,1.01053653207907));
#16597=CARTESIAN_POINT('',(76.9836796871291,2.99864019873811,1.01053653207907));
#16598=CARTESIAN_POINT('Origin',(76.9836796871291,2.19864019873811,1.01053653207907));
#16599=CARTESIAN_POINT('',(76.7876082585577,2.99864019873811,-0.476593588286314));
#16600=CARTESIAN_POINT('',(76.9836796871291,2.99864019873811,1.01053653207907));
#16601=CARTESIAN_POINT('Origin',(76.7876082585577,2.19864019873811,-0.476593588286314));
#16602=CARTESIAN_POINT('Origin',(137.485861362466,26.0057220184305,-6.96640444323833));
#16603=CARTESIAN_POINT('',(137.485861362466,26.8057220184305,-6.96640444323833));
#16604=CARTESIAN_POINT('Origin',(137.485861362466,26.0057220184305,-6.96640444323834));
#16605=CARTESIAN_POINT('',(137.289789933894,26.8057220184305,-8.45353456360372));
#16606=CARTESIAN_POINT('',(137.485861362466,26.8057220184305,-6.96640444323833));
#16607=CARTESIAN_POINT('Origin',(137.289789933894,26.0057220184305,-8.45353456360372));
#16608=CARTESIAN_POINT('Origin',(76.9836796871291,20.8120775113402,1.01053653207907));
#16609=CARTESIAN_POINT('',(76.9836796871291,21.6120775113402,1.01053653207907));
#16610=CARTESIAN_POINT('Origin',(76.9836796871291,20.8120775113402,1.01053653207907));
#16611=CARTESIAN_POINT('',(76.7876082585577,21.6120775113402,-0.476593588286315));
#16612=CARTESIAN_POINT('',(76.9836796871291,21.6120775113402,1.01053653207907));
#16613=CARTESIAN_POINT('Origin',(76.7876082585577,20.8120775113402,-0.476593588286315));
#16614=CARTESIAN_POINT('Origin',(140.454965932425,27.9505676909685,-7.35786754834098));
#16615=CARTESIAN_POINT('',(142.198404849473,27.534744309333,-9.10071339861249));
#16616=CARTESIAN_POINT('',(140.671150154242,29.9068628924361,-8.89935172502015));
#16617=CARTESIAN_POINT('Origin',(140.258894503854,27.9505676909685,-8.84499766870641));
#16618=CARTESIAN_POINT('',(140.867221582813,29.9068628924361,-7.41222160465477));
#16619=CARTESIAN_POINT('',(140.867221582813,29.9068628924361,-7.41222160465477));
#16620=CARTESIAN_POINT('',(142.394476278044,27.534744309333,-7.6135832782471));
#16621=CARTESIAN_POINT('Origin',(140.454965932425,27.9505676909685,-7.35786754834102));
#16622=CARTESIAN_POINT('',(142.394476278044,27.534744309333,-7.61358327824712));
#16623=CARTESIAN_POINT('Origin',(142.806731928432,29.4910395108006,-7.66793733456089));
#16624=CARTESIAN_POINT('',(136.504373673122,-0.415823381635503,-6.83699969866388));
#16625=CARTESIAN_POINT('',(136.170535629843,-1.99999999999998,-6.7929846517216));
#16626=CARTESIAN_POINT('',(136.308302244551,-0.415823381635499,-8.32412981902927));
#16627=CARTESIAN_POINT('',(136.504373673122,-0.415823381635503,-6.83699969866387));
#16628=CARTESIAN_POINT('',(135.974464201272,-1.99999999999998,-8.28011477208698));
#16629=CARTESIAN_POINT('Origin',(131.630303561802,34.1942348599389,-6.19437544097684));
#16630=CARTESIAN_POINT('',(137.789076072568,30.566805170201,-7.00638194121207));
#16631=CARTESIAN_POINT('',(142.806731928432,29.4910395108006,-7.66793733456089));
#16632=CARTESIAN_POINT('',(136.315538667553,31.9050663829183,-6.81210265112304));
#16633=CARTESIAN_POINT('Origin',(138.201331722956,32.523100371668,-7.06073599752584));
#16634=CARTESIAN_POINT('',(135.077376620489,35.7487155328015,-6.64885654505185));
#16635=CARTESIAN_POINT('',(136.315538667553,31.9050663829183,-6.81210265112304));
#16636=CARTESIAN_POINT('',(130.038380929862,36.8290563687533,-5.98448759031389));
#16637=CARTESIAN_POINT('Origin',(132.248687037384,34.8216645496767,-6.27590652544753));
#16638=CARTESIAN_POINT('',(127.357324106439,33.8256723134992,-5.63100228714442));
#16639=CARTESIAN_POINT('',(127.357324106439,33.8256723134992,-5.63100228714442));
#16640=CARTESIAN_POINT('',(125.471531051036,33.2076383247496,-5.38236894074162));
#16641=CARTESIAN_POINT('Origin',(125.883786701424,35.1639335262165,-5.43672299705539));
#16642=CARTESIAN_POINT('',(122.393385540791,33.8675806025145,-4.97652927729893));
#16643=CARTESIAN_POINT('',(142.806731928432,29.4910395108006,-7.66793733456089));
#16644=CARTESIAN_POINT('',(120.041619544783,32.3271087826824,-4.66645949107902));
#16645=CARTESIAN_POINT('Origin',(121.981129890402,31.9112854010469,-4.92217522098509));
#16646=CARTESIAN_POINT('',(118.499815650428,25.0107177100783,-4.46317957091377));
#16647=CARTESIAN_POINT('',(118.499815650428,25.0107177100783,-4.46317957091377));
#16648=CARTESIAN_POINT('',(74.8039036448694,25.0107177100783,1.29793021519984));
#16649=CARTESIAN_POINT('',(118.499815650428,25.0107177100783,-4.46317957091377));
#16650=CARTESIAN_POINT('',(72.8210634843822,23.0107177100783,1.55935878662841));
#16651=CARTESIAN_POINT('Origin',(74.8039036448694,23.0107177100783,1.29793021520012));
#16652=CARTESIAN_POINT('',(72.8210634843822,17.8547373269436,1.55935878662841));
#16653=CARTESIAN_POINT('',(72.8210634843822,25.0107177100783,1.55935878662841));
#16654=CARTESIAN_POINT('',(71.830909393141,16.1248982531469,1.68990615737752));
#16655=CARTESIAN_POINT('Origin',(70.8407553018997,17.8547373269436,1.82045352812663));
#16656=CARTESIAN_POINT('',(68.3596731232861,14.1034350663925,2.14757307234269));
#16657=CARTESIAN_POINT('',(71.830909393141,16.1248982531469,1.68990615737752));
#16658=CARTESIAN_POINT('',(68.3596731232861,8.90728264368584,2.14757307234269));
#16659=CARTESIAN_POINT('Origin',(69.8468032436515,11.5053588550392,1.95150164377126));
#16660=CARTESIAN_POINT('',(71.830909393141,6.88581945693144,1.68990615737752));
#16661=CARTESIAN_POINT('',(71.830909393141,6.88581945693144,1.68990615737752));
#16662=CARTESIAN_POINT('',(72.8210634843822,5.15598038313474,1.55935878662841));
#16663=CARTESIAN_POINT('Origin',(70.8407553018998,5.15598038313474,1.82045352812663));
#16664=CARTESIAN_POINT('',(72.8210634843822,8.88178419700125E-15,1.5593587866284));
#16665=CARTESIAN_POINT('',(72.8210634843822,25.0107177100783,1.55935878662841));
#16666=CARTESIAN_POINT('',(74.8039036448694,-1.99999999999999,1.29793021519983));
#16667=CARTESIAN_POINT('Origin',(74.8039036448695,9.45757121858481E-15,
1.29793021520012));
#16668=CARTESIAN_POINT('',(117.560591284588,-1.99999999999999,-4.33934705576438));
#16669=CARTESIAN_POINT('',(136.170535629843,-1.99999999999998,-6.7929846517216));
#16670=CARTESIAN_POINT('',(119.27778123513,-2.99999999995073,-4.56575083988545));
#16671=CARTESIAN_POINT('Origin',(117.560591284588,-3.99999999990148,-4.33934705576438));
#16672=CARTESIAN_POINT('',(121.281170057405,-6.50000095478688,-4.8298886600992));
#16673=CARTESIAN_POINT('',(119.27778123513,-2.99999999995073,-4.56575083988545));
#16674=CARTESIAN_POINT('',(126.432738816249,-6.50000095478688,-5.50909986838426));
#16675=CARTESIAN_POINT('Origin',(123.856954436827,-5.00000127304918,-5.16949426424173));
#16676=CARTESIAN_POINT('',(128.436127638524,-2.99999999995074,-5.77323768859802));
#16677=CARTESIAN_POINT('',(128.436127638524,-2.99999999995074,-5.77323768859802));
#16678=CARTESIAN_POINT('',(130.153317589066,-1.99999999999999,-5.99964147271909));
#16679=CARTESIAN_POINT('Origin',(130.153317589066,-3.99999999990148,-5.99964147271909));
#16680=CARTESIAN_POINT('',(134.564863327503,-1.99999999999998,-6.58128396875776));
#16681=CARTESIAN_POINT('',(136.170535629843,-1.99999999999998,-6.7929846517216));
#16682=CARTESIAN_POINT('Origin',(134.564863327503,1.77635683940025E-14,
-6.58128396875778));
#16683=CARTESIAN_POINT('',(133.851859481942,31.493728195689,-6.4872776133881));
#16684=CARTESIAN_POINT('',(134.545123241751,30.0546205831538,-6.57868132709213));
#16685=CARTESIAN_POINT('Origin',(134.198491361847,30.7741743894214,-6.53297947024011));
#16686=CARTESIAN_POINT('',(128.228492590124,31.4088813242914,-5.74586193982938));
#16687=CARTESIAN_POINT('Origin',(132.248687037384,34.8216645496767,-6.27590652544752));
#16688=CARTESIAN_POINT('',(129.442136196844,32.4391555055398,-5.90587539963862));
#16689=CARTESIAN_POINT('Origin',(128.835314393484,31.9240184149156,-5.825868669734));
#16690=CARTESIAN_POINT('Origin',(132.248687037384,34.8216645496767,-6.27590652544752));
#16691=CARTESIAN_POINT('',(69.8468032436515,12.8553588550392,1.95150164377126));
#16692=CARTESIAN_POINT('Origin',(69.8468032436515,11.5053588550392,1.95150164377126));
#16693=CARTESIAN_POINT('',(123.856954436827,-3.64999999999998,-5.16949426424173));
#16694=CARTESIAN_POINT('Origin',(123.856954436827,-4.99999999999998,-5.16949426424173));
#16695=CARTESIAN_POINT('',(99.7078104594551,20.4857177100783,-1.98553806997336));
#16696=CARTESIAN_POINT('',(99.7078104594551,6.48571771007833,-1.98553806997336));
#16697=CARTESIAN_POINT('',(99.7078104594551,6.48571771007833,-1.98553806997336));
#16698=CARTESIAN_POINT('',(113.587691582865,20.4857177100783,-3.81553806997336));
#16699=CARTESIAN_POINT('',(99.7078104594551,20.4857177100783,-1.98553806997336));
#16700=CARTESIAN_POINT('',(113.587691582865,6.48571771007833,-3.81553806997336));
#16701=CARTESIAN_POINT('',(113.587691582865,20.4857177100783,-3.81553806997336));
#16702=CARTESIAN_POINT('',(113.587691582865,6.48571771007833,-3.81553806997336));
#16703=CARTESIAN_POINT('',(120.041815622927,10.5639913311111,-4.66648534310177));
#16704=CARTESIAN_POINT('',(133.618388042261,7.65322765966245,-6.45649545244464));
#16705=CARTESIAN_POINT('',(133.618388042261,7.65322765966245,-6.45649545244464));
#16706=CARTESIAN_POINT('',(122.927605175644,24.2580577413844,-5.04696373729827));
#16707=CARTESIAN_POINT('',(120.041815622927,10.5639913311111,-4.66648534310177));
#16708=CARTESIAN_POINT('',(136.504177594979,21.3472940699358,-6.83697384664114));
#16709=CARTESIAN_POINT('',(122.927605175644,24.2580577413844,-5.04696373729827));
#16710=CARTESIAN_POINT('',(136.504177594979,21.3472940699358,-6.83697384664114));
#16711=CARTESIAN_POINT('',(77.7730082148287,16.688866121441,0.906467110097202));
#16712=CARTESIAN_POINT('',(80.6587977675464,2.99479971116771,0.525988715900707));
#16713=CARTESIAN_POINT('',(80.6587977675464,2.99479971116771,0.525988715900707));
#16714=CARTESIAN_POINT('',(91.3495806341629,19.5996297928897,-0.883542999245663));
#16715=CARTESIAN_POINT('',(77.7730082148287,16.688866121441,0.906467110097202));
#16716=CARTESIAN_POINT('',(94.2353701868806,5.90556338261635,-1.26402139344216));
#16717=CARTESIAN_POINT('',(91.3495806341629,19.5996297928897,-0.883542999245663));
#16718=CARTESIAN_POINT('',(94.2353701868806,5.90556338261635,-1.26402139344216));
#16719=CARTESIAN_POINT('',(121.602834873592,-2.08098992736601,-4.87229872171196));
#16720=CARTESIAN_POINT('',(120.628080467868,-0.818715301361572,-4.74378173034769));
#16721=CARTESIAN_POINT('Origin',(121.11545767073,-1.44985261436402,-4.80804022602985));
#16722=CARTESIAN_POINT('',(127.085828405786,-0.818715301361709,-5.5952067981358));
#16723=CARTESIAN_POINT('Origin',(123.856954436827,-4.99999999999998,-5.16949426424173));
#16724=CARTESIAN_POINT('',(126.111074000062,-2.08098992736584,-5.46668980677148));
#16725=CARTESIAN_POINT('Origin',(126.598451202924,-1.44985261436402,-5.53094830245362));
#16726=CARTESIAN_POINT('Origin',(123.856954436827,-4.99999999999998,-5.16949426424173));
#16727=CARTESIAN_POINT('',(72.7408324735798,13.7789030378718,1.56993688513393));
#16728=CARTESIAN_POINT('',(73.9923045730081,14.7620572790965,1.40493590842592));
#16729=CARTESIAN_POINT('Origin',(73.366568523294,14.2704801584842,1.48743639677992));
#16730=CARTESIAN_POINT('',(73.9923045730081,8.24866043098179,1.40493590842592));
#16731=CARTESIAN_POINT('Origin',(69.8468032436515,11.5053588550392,1.95150164377126));
#16732=CARTESIAN_POINT('',(72.7408324808421,9.23181468161142,1.56993688417643));
#16733=CARTESIAN_POINT('Origin',(73.366568523294,8.74023755159417,1.48743639677992));
#16734=CARTESIAN_POINT('Origin',(69.8468032436515,11.5053588550392,1.95150164377126));
#16735=CARTESIAN_POINT('',(132.248687037384,36.1716645496767,-6.27590652544752));
#16736=CARTESIAN_POINT('Origin',(132.248687037384,34.8216645496767,-6.27590652544752));
#16737=CARTESIAN_POINT('Origin',(134.564863327503,1.77635683940025E-14,
-6.58128396875774));
#16738=CARTESIAN_POINT('',(134.368791898932,-1.99999999999998,-8.06841408912315));
#16739=CARTESIAN_POINT('Origin',(134.368791898932,1.77635683940025E-14,
-8.06841408912316));
#16740=CARTESIAN_POINT('',(134.564863327503,-1.99999999999998,-6.58128396875774));
#16741=CARTESIAN_POINT('Origin',(136.170535629843,-1.99999999999998,-6.7929846517216));
#16742=CARTESIAN_POINT('',(129.957246160494,-1.99999999999999,-7.48677159308447));
#16743=CARTESIAN_POINT('',(130.153317589066,-1.99999999999999,-5.99964147271909));
#16744=CARTESIAN_POINT('',(135.974464201272,-1.99999999999998,-8.28011477208698));
#16745=CARTESIAN_POINT('Origin',(74.8039036448694,9.45757121858481E-15,
1.29793021519994));
#16746=CARTESIAN_POINT('',(72.6249920558108,8.88178419700125E-15,0.0722286662630202));
#16747=CARTESIAN_POINT('',(74.607832216298,-1.99999999999999,-0.189199905165552));
#16748=CARTESIAN_POINT('Origin',(74.607832216298,9.45757121858481E-15,-0.189199905165262));
#16749=CARTESIAN_POINT('',(74.8039036448694,-1.99999999999999,1.29793021519994));
#16750=CARTESIAN_POINT('',(72.8210634843822,8.79006030449927E-15,1.55935878662852));
#16751=CARTESIAN_POINT('Origin',(72.8210634843822,-1.99999999999999,1.5593587866284));
#16752=CARTESIAN_POINT('',(72.6249920558108,5.15598038313474,0.0722286662630223));
#16753=CARTESIAN_POINT('',(72.8210634843822,5.15598038313474,1.55935878662841));
#16754=CARTESIAN_POINT('',(72.6249920558108,25.0107177100783,0.0722286662630223));
#16755=CARTESIAN_POINT('Origin',(74.8039036448694,23.0107177100783,1.29793021519983));
#16756=CARTESIAN_POINT('',(74.607832216298,25.0107177100783,-0.189199905165548));
#16757=CARTESIAN_POINT('',(72.6249920558108,23.0107177100783,0.0722286662630221));
#16758=CARTESIAN_POINT('Origin',(74.607832216298,23.0107177100783,-0.18919990516526));
#16759=CARTESIAN_POINT('',(72.8210634843822,23.0107177100783,1.55935878662841));
#16760=CARTESIAN_POINT('',(74.8039036448694,25.0107177100783,1.29793021519983));
#16761=CARTESIAN_POINT('Origin',(72.8210634843822,25.0107177100783,1.55935878662841));
#16762=CARTESIAN_POINT('',(118.303744221857,25.0107177100783,-5.95030969127915));
#16763=CARTESIAN_POINT('',(118.499815650428,25.0107177100783,-4.46317957091377));
#16764=CARTESIAN_POINT('',(118.303744221857,25.0107177100783,-5.95030969127915));
#16765=CARTESIAN_POINT('Origin',(121.981129890402,31.9112854010469,-4.92217522098515));
#16766=CARTESIAN_POINT('',(122.197314112219,33.8675806025145,-6.46365939766431));
#16767=CARTESIAN_POINT('',(119.845548116212,32.3271087826824,-6.1535896114444));
#16768=CARTESIAN_POINT('Origin',(121.785058461831,31.9112854010469,-6.40930534135047));
#16769=CARTESIAN_POINT('',(120.041619544783,32.3271087826824,-4.66645949107902));
#16770=CARTESIAN_POINT('',(122.393385540791,33.8675806025145,-4.97652927729894));
#16771=CARTESIAN_POINT('Origin',(118.499815650428,25.0107177100783,-4.46317957091377));
#16772=CARTESIAN_POINT('',(118.303744221857,25.0107177100783,-5.95030969127915));
#16773=CARTESIAN_POINT('Origin',(132.248687037384,34.8216645496767,-6.27590652544752));
#16774=CARTESIAN_POINT('',(132.052615608813,36.1716645496767,-7.76303664581291));
#16775=CARTESIAN_POINT('Origin',(132.052615608813,34.8216645496767,-7.76303664581291));
#16776=CARTESIAN_POINT('',(132.248687037384,36.1716645496767,-6.27590652544752));
#16777=CARTESIAN_POINT('Origin',(69.8468032436515,11.5053588550392,1.95150164377126));
#16778=CARTESIAN_POINT('',(73.7962331444366,14.7620572790965,-0.0821942119394625));
#16779=CARTESIAN_POINT('',(73.9923045730081,14.7620572790965,1.40493590842592));
#16780=CARTESIAN_POINT('',(73.7962331444366,8.24866043098179,-0.0821942119394614));
#16781=CARTESIAN_POINT('Origin',(69.65073181508,11.5053588550392,0.464371523405878));
#16782=CARTESIAN_POINT('',(73.9923045730081,8.24866043098179,1.40493590842592));
#16783=CARTESIAN_POINT('Origin',(73.366568523294,8.74023755159417,1.48743639677992));
#16784=CARTESIAN_POINT('',(72.5447610522706,9.23181468161142,0.0828067638110475));
#16785=CARTESIAN_POINT('Origin',(73.1704970947225,8.74023755159417,0.000306276414540063));
#16786=CARTESIAN_POINT('',(72.7408324808421,9.23181468161142,1.56993688417643));
#16787=CARTESIAN_POINT('Origin',(69.8468032436515,11.5053588550392,1.95150164377126));
#16788=CARTESIAN_POINT('',(72.5447610450084,13.7789030378718,0.0828067647685415));
#16789=CARTESIAN_POINT('Origin',(69.65073181508,11.5053588550392,0.464371523405878));
#16790=CARTESIAN_POINT('',(72.7408324735798,13.7789030378718,1.56993688513393));
#16791=CARTESIAN_POINT('Origin',(73.366568523294,14.2704801584842,1.48743639677992));
#16792=CARTESIAN_POINT('Origin',(73.1704970947225,14.2704801584842,0.000306276414540063));
#16793=CARTESIAN_POINT('Origin',(123.856954436827,-4.99999999999998,-5.16949426424173));
#16794=CARTESIAN_POINT('',(120.432009039297,-0.818715301361572,-6.23091185071307));
#16795=CARTESIAN_POINT('',(120.628080467868,-0.818715301361572,-4.74378173034769));
#16796=CARTESIAN_POINT('',(126.889756977215,-0.81871530136171,-7.08233691850118));
#16797=CARTESIAN_POINT('Origin',(123.660883008256,-4.99999999999998,-6.65662438460711));
#16798=CARTESIAN_POINT('',(127.085828405786,-0.818715301361709,-5.5952067981358));
#16799=CARTESIAN_POINT('Origin',(126.598451202924,-1.44985261436402,-5.53094830245362));
#16800=CARTESIAN_POINT('',(125.915002571491,-2.08098992736584,-6.95381992713686));
#16801=CARTESIAN_POINT('Origin',(126.402379774353,-1.44985261436402,-7.018078422819));
#16802=CARTESIAN_POINT('',(126.111074000062,-2.08098992736584,-5.46668980677148));
#16803=CARTESIAN_POINT('Origin',(123.856954436827,-4.99999999999998,-5.16949426424173));
#16804=CARTESIAN_POINT('',(121.40676344502,-2.08098992736601,-6.35942884207734));
#16805=CARTESIAN_POINT('Origin',(123.660883008256,-4.99999999999998,-6.65662438460711));
#16806=CARTESIAN_POINT('',(121.602834873592,-2.08098992736601,-4.87229872171196));
#16807=CARTESIAN_POINT('Origin',(121.11545767073,-1.44985261436402,-4.80804022602985));
#16808=CARTESIAN_POINT('Origin',(120.919386242159,-1.44985261436402,-6.29517034639523));
#16809=CARTESIAN_POINT('Origin',(91.3495806341629,19.5996297928897,-0.883542999245663));
#16810=CARTESIAN_POINT('',(77.5769367862573,16.688866121441,-0.58066301026818));
#16811=CARTESIAN_POINT('',(77.7730082148287,16.688866121441,0.906467110097202));
#16812=CARTESIAN_POINT('',(91.1535092055915,19.5996297928897,-2.37067311961105));
#16813=CARTESIAN_POINT('',(77.5769367862573,16.688866121441,-0.580663010268181));
#16814=CARTESIAN_POINT('',(91.3495806341629,19.5996297928897,-0.883542999245663));
#16815=CARTESIAN_POINT('Origin',(94.2353701868806,5.90556338261635,-1.26402139344216));
#16816=CARTESIAN_POINT('',(94.0392987583092,5.90556338261635,-2.75115151380754));
#16817=CARTESIAN_POINT('',(91.1535092055915,19.5996297928897,-2.37067311961105));
#16818=CARTESIAN_POINT('',(94.2353701868806,5.90556338261635,-1.26402139344216));
#16819=CARTESIAN_POINT('Origin',(80.6587977675465,2.99479971116771,0.525988715900708));
#16820=CARTESIAN_POINT('',(80.462726338975,2.99479971116771,-0.961141404464677));
#16821=CARTESIAN_POINT('',(94.0392987583092,5.90556338261635,-2.75115151380754));
#16822=CARTESIAN_POINT('',(80.6587977675464,2.99479971116771,0.525988715900707));
#16823=CARTESIAN_POINT('Origin',(77.7730082148287,16.688866121441,0.906467110097202));
#16824=CARTESIAN_POINT('',(80.462726338975,2.99479971116771,-0.961141404464676));
#16825=CARTESIAN_POINT('Origin',(122.927605175644,24.2580577413844,-5.04696373729827));
#16826=CARTESIAN_POINT('',(119.845744194355,10.5639913311111,-6.15361546346715));
#16827=CARTESIAN_POINT('',(120.041815622927,10.5639913311111,-4.66648534310177));
#16828=CARTESIAN_POINT('',(122.731533747073,24.2580577413844,-6.53409385766366));
#16829=CARTESIAN_POINT('',(119.845744194355,10.5639913311111,-6.15361546346715));
#16830=CARTESIAN_POINT('',(122.927605175644,24.2580577413844,-5.04696373729827));
#16831=CARTESIAN_POINT('Origin',(136.504177594979,21.3472940699358,-6.83697384664114));
#16832=CARTESIAN_POINT('',(136.308106166407,21.3472940699358,-8.32410396700652));
#16833=CARTESIAN_POINT('',(122.731533747073,24.2580577413844,-6.53409385766366));
#16834=CARTESIAN_POINT('',(136.504177594979,21.3472940699358,-6.83697384664114));
#16835=CARTESIAN_POINT('Origin',(133.618388042261,7.65322765966245,-6.45649545244464));
#16836=CARTESIAN_POINT('',(133.422316613689,7.65322765966245,-7.94362557281002));
#16837=CARTESIAN_POINT('',(136.308106166407,21.3472940699358,-8.32410396700652));
#16838=CARTESIAN_POINT('',(133.618388042261,7.65322765966245,-6.45649545244464));
#16839=CARTESIAN_POINT('Origin',(120.041815622927,10.5639913311111,-4.66648534310177));
#16840=CARTESIAN_POINT('',(133.422316613689,7.65322765966245,-7.94362557281002));
#16841=CARTESIAN_POINT('Origin',(113.587691582865,20.4857177100783,-3.81553806997336));
#16842=CARTESIAN_POINT('',(99.5117390308836,20.4857177100783,-3.47266819033875));
#16843=CARTESIAN_POINT('',(99.7078104594551,20.4857177100783,-1.98553806997336));
#16844=CARTESIAN_POINT('',(113.391620154294,20.4857177100783,-5.30266819033874));
#16845=CARTESIAN_POINT('',(99.5117390308836,20.4857177100783,-3.47266819033875));
#16846=CARTESIAN_POINT('',(113.587691582865,20.4857177100783,-3.81553806997336));
#16847=CARTESIAN_POINT('Origin',(113.587691582865,6.48571771007834,-3.81553806997336));
#16848=CARTESIAN_POINT('',(113.391620154294,6.48571771007834,-5.30266819033874));
#16849=CARTESIAN_POINT('',(113.391620154294,20.4857177100783,-5.30266819033874));
#16850=CARTESIAN_POINT('',(113.587691582865,6.48571771007833,-3.81553806997336));
#16851=CARTESIAN_POINT('Origin',(99.7078104594551,6.48571771007833,-1.98553806997336));
#16852=CARTESIAN_POINT('',(99.5117390308836,6.48571771007833,-3.47266819033875));
#16853=CARTESIAN_POINT('',(113.391620154294,6.48571771007833,-5.30266819033874));
#16854=CARTESIAN_POINT('',(99.7078104594551,6.48571771007833,-1.98553806997336));
#16855=CARTESIAN_POINT('Origin',(99.7078104594551,20.4857177100783,-1.98553806997336));
#16856=CARTESIAN_POINT('',(99.5117390308836,6.48571771007833,-3.47266819033875));
#16857=CARTESIAN_POINT('Origin',(123.856954436827,-4.99999999999998,-5.16949426424173));
#16858=CARTESIAN_POINT('',(123.660883008256,-3.64999999999998,-6.65662438460711));
#16859=CARTESIAN_POINT('Origin',(123.660883008256,-4.99999999999998,-6.65662438460711));
#16860=CARTESIAN_POINT('',(123.856954436827,-3.64999999999998,-5.16949426424173));
#16861=CARTESIAN_POINT('Origin',(69.8468032436515,11.5053588550392,1.95150164377126));
#16862=CARTESIAN_POINT('',(69.65073181508,12.8553588550392,0.464371523405879));
#16863=CARTESIAN_POINT('Origin',(69.65073181508,11.5053588550392,0.464371523405878));
#16864=CARTESIAN_POINT('',(69.8468032436515,12.8553588550392,1.95150164377126));
#16865=CARTESIAN_POINT('Origin',(132.248687037384,34.8216645496767,-6.27590652544752));
#16866=CARTESIAN_POINT('',(134.34905181318,30.0546205831538,-8.06581144745751));
#16867=CARTESIAN_POINT('',(134.545123241751,30.0546205831538,-6.57868132709213));
#16868=CARTESIAN_POINT('',(128.032421161552,31.4088813242914,-7.23299206019477));
#16869=CARTESIAN_POINT('Origin',(132.052615608813,34.8216645496767,-7.76303664581291));
#16870=CARTESIAN_POINT('',(128.228492590124,31.4088813242914,-5.74586193982938));
#16871=CARTESIAN_POINT('Origin',(128.835314393484,31.9240184149156,-5.825868669734));
#16872=CARTESIAN_POINT('',(129.246064768272,32.4391555055398,-7.39300552000401));
#16873=CARTESIAN_POINT('Origin',(128.639242964912,31.9240184149156,-7.31299879009939));
#16874=CARTESIAN_POINT('',(129.442136196844,32.4391555055398,-5.90587539963862));
#16875=CARTESIAN_POINT('Origin',(132.248687037384,34.8216645496767,-6.27590652544752));
#16876=CARTESIAN_POINT('',(133.655788053371,31.493728195689,-7.97440773375348));
#16877=CARTESIAN_POINT('Origin',(132.052615608813,34.8216645496767,-7.76303664581291));
#16878=CARTESIAN_POINT('',(133.851859481942,31.493728195689,-6.4872776133881));
#16879=CARTESIAN_POINT('Origin',(134.198491361847,30.7741743894214,-6.53297947024011));
#16880=CARTESIAN_POINT('Origin',(134.002419933275,30.7741743894214,-8.0201095906055));
#16881=CARTESIAN_POINT('Origin',(138.201331722956,32.523100371668,-7.06073599752584));
#16882=CARTESIAN_POINT('',(137.593004643996,30.566805170201,-8.49351206157745));
#16883=CARTESIAN_POINT('',(137.789076072568,30.566805170201,-7.00638194121207));
#16884=CARTESIAN_POINT('',(136.119467238982,31.9050663829183,-8.29923277148843));
#16885=CARTESIAN_POINT('Origin',(138.005260294384,32.523100371668,-8.54786611789122));
#16886=CARTESIAN_POINT('',(136.315538667553,31.9050663829183,-6.81210265112304));
#16887=CARTESIAN_POINT('Origin',(135.077376620489,35.7487155328015,-6.64885654505185));
#16888=CARTESIAN_POINT('',(134.881305191918,35.7487155328015,-8.13598666541724));
#16889=CARTESIAN_POINT('',(136.119467238982,31.9050663829183,-8.29923277148843));
#16890=CARTESIAN_POINT('',(135.077376620489,35.7487155328015,-6.64885654505185));
#16891=CARTESIAN_POINT('Origin',(132.248687037384,34.8216645496767,-6.27590652544753));
#16892=CARTESIAN_POINT('',(129.842309501291,36.8290563687533,-7.47161771067927));
#16893=CARTESIAN_POINT('Origin',(132.052615608813,34.8216645496767,-7.76303664581292));
#16894=CARTESIAN_POINT('',(130.038380929862,36.8290563687533,-5.98448759031389));
#16895=CARTESIAN_POINT('Origin',(127.357324106439,33.8256723134992,-5.63100228714442));
#16896=CARTESIAN_POINT('',(127.161252677867,33.8256723134992,-7.1181324075098));
#16897=CARTESIAN_POINT('',(127.161252677867,33.8256723134992,-7.1181324075098));
#16898=CARTESIAN_POINT('',(127.357324106439,33.8256723134992,-5.63100228714442));
#16899=CARTESIAN_POINT('Origin',(125.883786701424,35.1639335262165,-5.43672299705539));
#16900=CARTESIAN_POINT('',(125.275459622465,33.2076383247496,-6.86949906110701));
#16901=CARTESIAN_POINT('Origin',(125.687715272853,35.1639335262165,-6.92385311742077));
#16902=CARTESIAN_POINT('',(125.471531051036,33.2076383247496,-5.38236894074162));
#16903=CARTESIAN_POINT('Origin',(120.453875195171,34.28340398415,-4.7208135473928));
#16904=CARTESIAN_POINT('',(142.610660499861,29.4910395108006,-9.15506745492627));
#16905=CARTESIAN_POINT('Origin',(72.8210634843822,17.8547373269436,1.5593587866284));
#16906=CARTESIAN_POINT('',(72.6249920558108,17.8547373269436,0.0722286662630223));
#16907=CARTESIAN_POINT('',(72.6249920558108,25.0107177100783,0.0722286662630223));
#16908=CARTESIAN_POINT('',(72.8210634843822,17.8547373269436,1.55935878662841));
#16909=CARTESIAN_POINT('Origin',(70.8407553018997,17.8547373269436,1.82045352812663));
#16910=CARTESIAN_POINT('',(71.6348379645695,16.1248982531469,0.202776037012137));
#16911=CARTESIAN_POINT('Origin',(70.6446838733283,17.8547373269436,0.333323407761248));
#16912=CARTESIAN_POINT('',(71.830909393141,16.1248982531469,1.68990615737752));
#16913=CARTESIAN_POINT('Origin',(68.3596731232861,14.1034350663925,2.14757307234269));
#16914=CARTESIAN_POINT('',(68.1636016947146,14.1034350663925,0.660442951977308));
#16915=CARTESIAN_POINT('',(71.6348379645695,16.1248982531469,0.202776037012137));
#16916=CARTESIAN_POINT('',(68.3596731232861,14.1034350663925,2.14757307234269));
#16917=CARTESIAN_POINT('Origin',(69.8468032436515,11.5053588550392,1.95150164377126));
#16918=CARTESIAN_POINT('',(68.1636016947146,8.90728264368584,0.660442951977308));
#16919=CARTESIAN_POINT('Origin',(69.65073181508,11.5053588550392,0.464371523405879));
#16920=CARTESIAN_POINT('',(68.3596731232861,8.90728264368584,2.14757307234269));
#16921=CARTESIAN_POINT('Origin',(71.830909393141,6.88581945693144,1.68990615737752));
#16922=CARTESIAN_POINT('',(71.6348379645695,6.88581945693144,0.202776037012137));
#16923=CARTESIAN_POINT('',(71.6348379645695,6.88581945693144,0.202776037012137));
#16924=CARTESIAN_POINT('',(71.830909393141,6.88581945693144,1.68990615737752));
#16925=CARTESIAN_POINT('Origin',(70.8407553018998,5.15598038313474,1.82045352812663));
#16926=CARTESIAN_POINT('Origin',(70.6446838733283,5.15598038313474,0.333323407761248));
#16927=CARTESIAN_POINT('Origin',(117.560591284588,-1.99999999999999,-4.33934705576438));
#16928=CARTESIAN_POINT('',(117.364519856017,-1.99999999999999,-5.82647717612977));
#16929=CARTESIAN_POINT('',(135.974464201272,-1.99999999999998,-8.28011477208698));
#16930=CARTESIAN_POINT('',(117.560591284588,-1.99999999999999,-4.33934705576438));
#16931=CARTESIAN_POINT('Origin',(117.560591284588,-3.99999999990148,-4.33934705576438));
#16932=CARTESIAN_POINT('',(119.081709806558,-2.99999999995073,-6.05288096025083));
#16933=CARTESIAN_POINT('Origin',(117.364519856017,-3.99999999990148,-5.82647717612977));
#16934=CARTESIAN_POINT('',(119.27778123513,-2.99999999995073,-4.56575083988545));
#16935=CARTESIAN_POINT('Origin',(121.281170057405,-6.50000095478688,-4.8298886600992));
#16936=CARTESIAN_POINT('',(121.085098628834,-6.50000095478688,-6.31701878046458));
#16937=CARTESIAN_POINT('',(119.081709806558,-2.99999999995073,-6.05288096025083));
#16938=CARTESIAN_POINT('',(121.281170057405,-6.50000095478688,-4.8298886600992));
#16939=CARTESIAN_POINT('Origin',(123.856954436827,-5.00000127304918,-5.16949426424173));
#16940=CARTESIAN_POINT('',(126.236667387678,-6.50000095478688,-6.99622998874965));
#16941=CARTESIAN_POINT('Origin',(123.660883008256,-5.00000127304918,-6.65662438460711));
#16942=CARTESIAN_POINT('',(126.432738816249,-6.50000095478688,-5.50909986838426));
#16943=CARTESIAN_POINT('Origin',(128.436127638524,-2.99999999995074,-5.77323768859802));
#16944=CARTESIAN_POINT('',(128.240056209953,-2.99999999995074,-7.2603678089634));
#16945=CARTESIAN_POINT('',(128.240056209953,-2.99999999995074,-7.2603678089634));
#16946=CARTESIAN_POINT('',(128.436127638524,-2.99999999995074,-5.77323768859802));
#16947=CARTESIAN_POINT('Origin',(130.153317589066,-3.99999999990148,-5.99964147271909));
#16948=CARTESIAN_POINT('Origin',(129.957246160494,-3.99999999990148,-7.48677159308447));
#16949=CARTESIAN_POINT('Origin',(137.789076072568,30.566805170201,-7.00638194121207));
#16950=CARTESIAN_POINT('',(142.610660499861,29.4910395108006,-9.15506745492627));
#16951=CARTESIAN_POINT('Origin',(131.43423213323,34.1942348599389,-7.68150556134223));
#16952=CARTESIAN_POINT('',(0.,0.,0.));
#16953=CARTESIAN_POINT('Origin',(141.050969332209,90.4687500000001,-8.75177059339374));
#16954=CARTESIAN_POINT('',(141.050969332209,92.3187500000001,-8.75177059339374));
#16955=CARTESIAN_POINT('Origin',(141.050969332209,90.4687500000001,-8.75177059339375));
#16956=CARTESIAN_POINT('',(141.849836152437,92.3187500000001,-7.36547632321197));
#16957=CARTESIAN_POINT('',(141.050969332209,92.3187500000001,-8.75177059339374));
#16958=CARTESIAN_POINT('Origin',(141.849836152437,90.4687500000001,-7.36547632321197));
#16959=CARTESIAN_POINT('Origin',(141.849836152437,90.4687500000001,-7.36547632321197));
#16960=CARTESIAN_POINT('',(141.849836152437,92.1187500000001,-7.36547632321197));
#16961=CARTESIAN_POINT('Origin',(141.849836152437,90.4687500000001,-7.36547632321197));
#16962=CARTESIAN_POINT('Origin',(119.37546993052,90.4687500000001,3.73896651512086));
#16963=CARTESIAN_POINT('',(119.37546993052,92.3187500000001,3.73896651512086));
#16964=CARTESIAN_POINT('Origin',(119.37546993052,90.4687500000001,3.73896651512084));
#16965=CARTESIAN_POINT('',(120.174336750748,92.3187500000001,5.12526078530264));
#16966=CARTESIAN_POINT('',(119.37546993052,92.3187500000001,3.73896651512086));
#16967=CARTESIAN_POINT('Origin',(120.174336750748,90.4687500000001,5.12526078530264));
#16968=CARTESIAN_POINT('Origin',(120.174336750748,90.4687500000001,5.12526078530264));
#16969=CARTESIAN_POINT('',(120.174336750748,92.1187500000001,5.12526078530264));
#16970=CARTESIAN_POINT('Origin',(120.174336750748,90.4687500000001,5.12526078530264));
#16971=CARTESIAN_POINT('Origin',(141.050969332209,90.4687500000001,-8.75177059339374));
#16972=CARTESIAN_POINT('',(143.797074026742,92.1187500000001,-3.9863840396439));
#16973=CARTESIAN_POINT('',(141.050969332209,92.1187500000001,-8.75177059339374));
#16974=CARTESIAN_POINT('Origin',(143.797074026742,90.4687500000001,-3.9863840396439));
#16975=CARTESIAN_POINT('Origin',(143.797074026742,90.4687500000001,-3.9863840396439));
#16976=CARTESIAN_POINT('Origin',(119.37546993052,90.4687500000001,3.73896651512086));
#16977=CARTESIAN_POINT('',(122.121574625054,92.1187500000001,8.50435306887071));
#16978=CARTESIAN_POINT('',(119.37546993052,92.1187500000001,3.73896651512086));
#16979=CARTESIAN_POINT('Origin',(122.121574625054,90.4687500000001,8.5043530688707));
#16980=CARTESIAN_POINT('Origin',(122.121574625054,90.4687500000001,8.5043530688707));
#16981=CARTESIAN_POINT('Origin',(131.202473541297,59.0562499999999,-3.01887020812824));
#16982=CARTESIAN_POINT('',(138.88488453505,59.0562499999999,-7.50354118678753));
#16983=CARTESIAN_POINT('',(123.520062547543,59.0562499999999,1.35060093046941));
#16984=CARTESIAN_POINT('Origin',(125.356031651669,59.0562499999999,-13.221952062468));
#16985=CARTESIAN_POINT('',(137.197304877055,59.0562499999999,-6.53105545683719));
#16986=CARTESIAN_POINT('Origin',(125.356031651669,69.0562499999999,-13.221952062468));
#16987=CARTESIAN_POINT('',(138.88488453505,79.0562499999999,-7.50354118678752));
#16988=CARTESIAN_POINT('',(138.88488453505,69.0562499999999,-7.50354118678754));
#16989=CARTESIAN_POINT('',(123.520062547543,79.0562499999999,1.35060093046942));
#16990=CARTESIAN_POINT('',(123.520062547543,69.0562499999999,1.35060093046942));
#16991=CARTESIAN_POINT('Origin',(125.356031651669,79.0562499999999,-13.221952062468));
#16992=CARTESIAN_POINT('Origin',(131.202473541297,79.0562499999999,-3.01887020812824));
#16993=CARTESIAN_POINT('',(137.197304877055,79.0562499999999,-6.53105545683718));
#16994=CARTESIAN_POINT('Origin',(69.8468032436515,11.5053588550392,1.9515016437713));
#16995=CARTESIAN_POINT('',(69.8468032436515,13.3553588550392,1.9515016437713));
#16996=CARTESIAN_POINT('Origin',(69.8468032436515,11.5053588550392,1.95150164377123));
#16997=CARTESIAN_POINT('',(70.0559461007943,13.3553588550392,3.53777377216104));
#16998=CARTESIAN_POINT('',(69.8468032436515,13.3553588550392,1.9515016437713));
#16999=CARTESIAN_POINT('Origin',(70.0559461007943,11.5053588550392,3.53777377216104));
#17000=CARTESIAN_POINT('Origin',(70.0559461007943,11.5053588550392,3.53777377216104));
#17001=CARTESIAN_POINT('',(70.0559461007943,13.1553588550392,3.53777377216104));
#17002=CARTESIAN_POINT('Origin',(70.0559461007943,11.5053588550392,3.53777377216104));
#17003=CARTESIAN_POINT('Origin',(123.856954436827,-5.0000012730491,-5.16949426424167));
#17004=CARTESIAN_POINT('',(123.856954436827,-3.1500012730491,-5.16949426424167));
#17005=CARTESIAN_POINT('Origin',(123.856954436827,-5.0000012730491,-5.16949426424169));
#17006=CARTESIAN_POINT('',(124.06609729397,-3.1500012730491,-3.58322213585193));
#17007=CARTESIAN_POINT('',(123.856954436827,-3.1500012730491,-5.16949426424167));
#17008=CARTESIAN_POINT('Origin',(124.06609729397,-5.0000012730491,-3.58322213585193));
#17009=CARTESIAN_POINT('Origin',(124.06609729397,-5.0000012730491,-3.58322213585193));
#17010=CARTESIAN_POINT('',(124.06609729397,-3.35000127304911,-3.58322213585193));
#17011=CARTESIAN_POINT('Origin',(124.06609729397,-5.00000127304911,-3.58322213585193));
#17012=CARTESIAN_POINT('Origin',(132.248687037387,34.8216645496748,-6.27590652544773));
#17013=CARTESIAN_POINT('',(132.248687037387,36.6716645496749,-6.27590652544773));
#17014=CARTESIAN_POINT('Origin',(132.248687037387,34.8216645496748,-6.27590652544774));
#17015=CARTESIAN_POINT('',(132.457829894529,36.6716645496749,-4.68963439705799));
#17016=CARTESIAN_POINT('',(132.248687037387,36.6716645496749,-6.27590652544773));
#17017=CARTESIAN_POINT('Origin',(132.457829894529,34.8216645496748,-4.68963439705799));
#17018=CARTESIAN_POINT('Origin',(132.457829894529,34.8216645496748,-4.68963439705799));
#17019=CARTESIAN_POINT('',(132.457829894529,36.4716645496748,-4.68963439705799));
#17020=CARTESIAN_POINT('Origin',(132.457829894529,34.8216645496748,-4.68963439705799));
#17021=CARTESIAN_POINT('Origin',(119.301799278752,50.00625,7.47132443763085));
#17022=CARTESIAN_POINT('',(119.301799278752,48.15625,7.47132443763085));
#17023=CARTESIAN_POINT('Origin',(119.301799278752,50.00625,7.47132443763069));
#17024=CARTESIAN_POINT('',(119.101799278752,48.15625,9.0587752242696));
#17025=CARTESIAN_POINT('',(119.301799278752,48.15625,7.47132443763085));
#17026=CARTESIAN_POINT('Origin',(119.101799278752,50.00625,9.0587752242696));
#17027=CARTESIAN_POINT('Origin',(119.101799278752,50.00625,9.0587752242696));
#17028=CARTESIAN_POINT('',(119.101799278752,48.35625,9.0587752242696));
#17029=CARTESIAN_POINT('Origin',(119.101799278752,50.00625,9.0587752242696));
#17030=CARTESIAN_POINT('Origin',(19.8380859284177,-4.99999999999999,-5.05992556236916));
#17031=CARTESIAN_POINT('',(19.8380859284177,-6.84999999999999,-5.05992556236916));
#17032=CARTESIAN_POINT('Origin',(19.8380859284177,-4.99999999999999,-5.0599255623691));
#17033=CARTESIAN_POINT('',(19.6380859284177,-6.84999999999999,-3.4724747757304));
#17034=CARTESIAN_POINT('',(19.8380859284177,-6.84999999999999,-5.05992556236916));
#17035=CARTESIAN_POINT('Origin',(19.6380859284177,-4.99999999999999,-3.4724747757304));
#17036=CARTESIAN_POINT('Origin',(19.6380859284177,-4.99999999999999,-3.4724747757304));
#17037=CARTESIAN_POINT('',(19.6380859284177,-6.64999999999999,-3.4724747757304));
#17038=CARTESIAN_POINT('Origin',(19.6380859284177,-4.99999999999999,-3.4724747757304));
#17039=CARTESIAN_POINT('Origin',(95.4404296420883,97.8687500000001,4.46507443763084));
#17040=CARTESIAN_POINT('',(95.4404296420883,96.0187500000001,4.46507443763084));
#17041=CARTESIAN_POINT('Origin',(95.4404296420883,97.8687500000001,4.46507443763075));
#17042=CARTESIAN_POINT('',(95.2404296420883,96.0187500000001,6.0525252242696));
#17043=CARTESIAN_POINT('',(95.4404296420883,96.0187500000001,4.46507443763084));
#17044=CARTESIAN_POINT('Origin',(95.2404296420883,97.8687500000001,6.0525252242696));
#17045=CARTESIAN_POINT('Origin',(95.2404296420883,97.8687500000001,6.0525252242696));
#17046=CARTESIAN_POINT('',(95.2404296420883,96.2187500000001,6.0525252242696));
#17047=CARTESIAN_POINT('Origin',(95.2404296420883,97.8687500000001,6.0525252242696));
#17048=CARTESIAN_POINT('Origin',(1.92965674164922,81.2,-7.31617556236915));
#17049=CARTESIAN_POINT('',(1.92965674164922,79.35,-7.31617556236916));
#17050=CARTESIAN_POINT('Origin',(1.92965674164922,81.2,-7.31617556236915));
#17051=CARTESIAN_POINT('',(1.72965674164922,79.35,-5.7287247757304));
#17052=CARTESIAN_POINT('',(1.92965674164922,79.35,-7.31617556236915));
#17053=CARTESIAN_POINT('Origin',(1.72965674164922,81.2,-5.7287247757304));
#17054=CARTESIAN_POINT('Origin',(1.72965674164922,81.2,-5.7287247757304));
#17055=CARTESIAN_POINT('',(1.72965674164922,79.55,-5.7287247757304));
#17056=CARTESIAN_POINT('Origin',(1.72965674164922,81.2,-5.7287247757304));
#17057=CARTESIAN_POINT('Origin',(1.4432899320127E-14,-6.00000000000001,
-17.));
#17058=CARTESIAN_POINT('',(-1.84999999999999,-6.00000000000001,-17.));
#17059=CARTESIAN_POINT('Origin',(1.4432899320127E-14,-6.00000000000001,
-17.));
#17060=CARTESIAN_POINT('',(-1.84999999999999,-6.00000000000001,-15.4));
#17061=CARTESIAN_POINT('',(-1.84999999999999,-6.00000000000001,-17.));
#17062=CARTESIAN_POINT('Origin',(1.4432899320127E-14,-6.00000000000001,
-15.4));
#17063=CARTESIAN_POINT('Origin',(1.4432899320127E-14,-6.00000000000001,
-15.4));
#17064=CARTESIAN_POINT('',(-1.64999999999999,-6.00000000000001,-15.4));
#17065=CARTESIAN_POINT('Origin',(1.4432899320127E-14,-6.00000000000001,
-15.4));
#17066=CARTESIAN_POINT('Origin',(143.408520869194,98.86875,-17.));
#17067=CARTESIAN_POINT('',(141.558520869194,98.86875,-17.));
#17068=CARTESIAN_POINT('Origin',(143.408520869194,98.86875,-17.));
#17069=CARTESIAN_POINT('',(141.558520869194,98.86875,-15.4));
#17070=CARTESIAN_POINT('',(141.558520869194,98.86875,-17.));
#17071=CARTESIAN_POINT('Origin',(143.408520869194,98.86875,-15.4));
#17072=CARTESIAN_POINT('Origin',(143.408520869194,98.86875,-15.4));
#17073=CARTESIAN_POINT('',(141.758520869194,98.86875,-15.4));
#17074=CARTESIAN_POINT('Origin',(143.408520869194,98.86875,-15.4));
#17075=CARTESIAN_POINT('Origin',(71.7042604345968,-5.99999999999998,-17.));
#17076=CARTESIAN_POINT('',(69.8542604345968,-5.99999999999998,-17.));
#17077=CARTESIAN_POINT('Origin',(71.7042604345968,-5.99999999999998,-17.));
#17078=CARTESIAN_POINT('',(69.8542604345968,-5.99999999999998,-15.4));
#17079=CARTESIAN_POINT('',(69.8542604345968,-5.99999999999998,-17.));
#17080=CARTESIAN_POINT('Origin',(71.7042604345968,-5.99999999999998,-15.4));
#17081=CARTESIAN_POINT('Origin',(71.7042604345968,-5.99999999999998,-15.4));
#17082=CARTESIAN_POINT('',(70.0542604345968,-5.99999999999998,-15.4));
#17083=CARTESIAN_POINT('Origin',(71.7042604345968,-5.99999999999998,-15.4));
#17084=CARTESIAN_POINT('Origin',(2.77555756156289E-15,98.86875,-17.));
#17085=CARTESIAN_POINT('',(-1.85,98.86875,-17.));
#17086=CARTESIAN_POINT('Origin',(2.77555756156289E-15,98.86875,-17.));
#17087=CARTESIAN_POINT('',(-1.85,98.86875,-15.4));
#17088=CARTESIAN_POINT('',(-1.85,98.86875,-17.));
#17089=CARTESIAN_POINT('Origin',(2.77555756156289E-15,98.86875,-15.4));
#17090=CARTESIAN_POINT('Origin',(2.77555756156289E-15,98.86875,-15.4));
#17091=CARTESIAN_POINT('',(-1.65,98.86875,-15.4));
#17092=CARTESIAN_POINT('Origin',(2.77555756156289E-15,98.86875,-15.4));
#17093=CARTESIAN_POINT('Origin',(71.7042604345968,98.86875,-17.));
#17094=CARTESIAN_POINT('',(69.8542604345968,98.86875,-17.));
#17095=CARTESIAN_POINT('Origin',(71.7042604345968,98.86875,-17.));
#17096=CARTESIAN_POINT('',(69.8542604345968,98.86875,-15.4));
#17097=CARTESIAN_POINT('',(69.8542604345968,98.86875,-17.));
#17098=CARTESIAN_POINT('Origin',(71.7042604345968,98.86875,-15.4));
#17099=CARTESIAN_POINT('Origin',(71.7042604345968,98.86875,-15.4));
#17100=CARTESIAN_POINT('',(70.0542604345968,98.86875,-15.4));
#17101=CARTESIAN_POINT('Origin',(71.7042604345968,98.86875,-15.4));
#17102=CARTESIAN_POINT('Origin',(134.280823409797,-5.99999999999995,-17.));
#17103=CARTESIAN_POINT('',(132.430823409797,-5.99999999999995,-17.));
#17104=CARTESIAN_POINT('Origin',(134.280823409797,-5.99999999999995,-17.));
#17105=CARTESIAN_POINT('',(132.430823409797,-5.99999999999995,-15.4));
#17106=CARTESIAN_POINT('',(132.430823409797,-5.99999999999995,-17.));
#17107=CARTESIAN_POINT('Origin',(134.280823409797,-5.99999999999995,-15.4));
#17108=CARTESIAN_POINT('Origin',(134.280823409797,-5.99999999999995,-15.4));
#17109=CARTESIAN_POINT('',(132.630823409797,-5.99999999999995,-15.4));
#17110=CARTESIAN_POINT('Origin',(134.280823409797,-5.99999999999995,-15.4));
#17111=CARTESIAN_POINT('Origin',(128.342054129368,102.86875,-16.15));
#17112=CARTESIAN_POINT('',(133.892054129368,101.46875,-16.15));
#17113=CARTESIAN_POINT('',(128.342054129368,101.46875,-16.15));
#17114=CARTESIAN_POINT('',(135.875288662907,101.46875,-16.15));
#17115=CARTESIAN_POINT('',(133.892054129368,102.86875,-16.15));
#17116=CARTESIAN_POINT('',(133.892054129368,102.86875,-16.15));
#17117=CARTESIAN_POINT('',(128.342054129368,102.86875,-16.15));
#17118=CARTESIAN_POINT('',(137.875287499281,102.86875,-16.15));
#17119=CARTESIAN_POINT('',(128.342054129368,102.86875,-16.15));
#17120=CARTESIAN_POINT('Origin',(128.342054129368,102.86875,-14.6));
#17121=CARTESIAN_POINT('',(128.342054129368,101.46875,-13.05));
#17122=CARTESIAN_POINT('Origin',(128.342054129368,101.46875,-14.6));
#17123=CARTESIAN_POINT('',(128.342054129368,102.86875,-13.05));
#17124=CARTESIAN_POINT('Origin',(128.342054129368,102.86875,-14.6));
#17125=CARTESIAN_POINT('',(128.342054129368,102.86875,-13.05));
#17126=CARTESIAN_POINT('Origin',(133.892054129368,102.86875,-13.05));
#17127=CARTESIAN_POINT('',(133.892054129368,101.46875,-13.05));
#17128=CARTESIAN_POINT('',(138.650288662907,101.46875,-13.05));
#17129=CARTESIAN_POINT('',(133.892054129368,102.86875,-13.05));
#17130=CARTESIAN_POINT('',(140.650287499281,102.86875,-13.05));
#17131=CARTESIAN_POINT('',(133.892054129368,102.86875,-13.05));
#17132=CARTESIAN_POINT('Origin',(133.892054129368,102.86875,-14.6));
#17133=CARTESIAN_POINT('Origin',(133.892054129368,101.46875,-14.6));
#17134=CARTESIAN_POINT('Origin',(133.892054129368,102.86875,-14.6));
#17135=CARTESIAN_POINT('Origin',(120.892054129368,102.86875,-13.05));
#17136=CARTESIAN_POINT('',(115.342054129368,101.46875,-13.05));
#17137=CARTESIAN_POINT('',(120.892054129368,101.46875,-13.05));
#17138=CARTESIAN_POINT('',(132.150288662907,101.46875,-13.05));
#17139=CARTESIAN_POINT('',(115.342054129368,102.86875,-13.05));
#17140=CARTESIAN_POINT('',(115.342054129368,102.86875,-13.05));
#17141=CARTESIAN_POINT('',(120.892054129368,102.86875,-13.05));
#17142=CARTESIAN_POINT('',(134.150287499281,102.86875,-13.05));
#17143=CARTESIAN_POINT('',(120.892054129368,102.86875,-13.05));
#17144=CARTESIAN_POINT('Origin',(120.892054129368,102.86875,-14.6));
#17145=CARTESIAN_POINT('',(120.892054129368,101.46875,-16.15));
#17146=CARTESIAN_POINT('Origin',(120.892054129368,101.46875,-14.6));
#17147=CARTESIAN_POINT('',(120.892054129368,102.86875,-16.15));
#17148=CARTESIAN_POINT('Origin',(120.892054129368,102.86875,-14.6));
#17149=CARTESIAN_POINT('',(120.892054129368,102.86875,-16.15));
#17150=CARTESIAN_POINT('Origin',(115.342054129368,102.86875,-16.15));
#17151=CARTESIAN_POINT('',(115.342054129368,101.46875,-16.15));
#17152=CARTESIAN_POINT('',(129.375288662907,101.46875,-16.15));
#17153=CARTESIAN_POINT('',(115.342054129368,102.86875,-16.15));
#17154=CARTESIAN_POINT('',(131.375287499281,102.86875,-16.15));
#17155=CARTESIAN_POINT('',(115.342054129368,102.86875,-16.15));
#17156=CARTESIAN_POINT('Origin',(115.342054129368,102.86875,-14.6));
#17157=CARTESIAN_POINT('Origin',(115.342054129368,101.46875,-14.6));
#17158=CARTESIAN_POINT('Origin',(115.342054129368,102.86875,-14.6));
#17159=CARTESIAN_POINT('Origin',(1.4432899320127E-14,-6.00000000000001,
-17.));
#17160=CARTESIAN_POINT('',(-1.64999999999999,-6.00000000000001,-11.5));
#17161=CARTESIAN_POINT('',(-1.64999999999999,-6.00000000000001,-17.));
#17162=CARTESIAN_POINT('Origin',(1.4432899320127E-14,-6.00000000000001,
-11.5));
#17163=CARTESIAN_POINT('Origin',(1.4432899320127E-14,-6.00000000000001,
-11.5));
#17164=CARTESIAN_POINT('Origin',(143.408520869194,98.86875,-17.));
#17165=CARTESIAN_POINT('',(141.758520869194,98.86875,-11.5));
#17166=CARTESIAN_POINT('',(141.758520869194,98.86875,-17.));
#17167=CARTESIAN_POINT('Origin',(143.408520869194,98.86875,-11.5));
#17168=CARTESIAN_POINT('Origin',(143.408520869194,98.86875,-11.5));
#17169=CARTESIAN_POINT('Origin',(71.7042604345968,-5.99999999999998,-17.));
#17170=CARTESIAN_POINT('',(70.0542604345968,-5.99999999999998,-11.5));
#17171=CARTESIAN_POINT('',(70.0542604345968,-5.99999999999998,-17.));
#17172=CARTESIAN_POINT('Origin',(71.7042604345968,-5.99999999999998,-11.5));
#17173=CARTESIAN_POINT('Origin',(71.7042604345968,-5.99999999999998,-11.5));
#17174=CARTESIAN_POINT('Origin',(2.77555756156289E-15,98.86875,-17.));
#17175=CARTESIAN_POINT('',(-1.65,98.86875,-11.5));
#17176=CARTESIAN_POINT('',(-1.65,98.86875,-17.));
#17177=CARTESIAN_POINT('Origin',(2.77555756156289E-15,98.86875,-11.5));
#17178=CARTESIAN_POINT('Origin',(2.77555756156289E-15,98.86875,-11.5));
#17179=CARTESIAN_POINT('Origin',(71.7042604345968,98.86875,-17.));
#17180=CARTESIAN_POINT('',(70.0542604345968,98.86875,-11.5));
#17181=CARTESIAN_POINT('',(70.0542604345968,98.86875,-17.));
#17182=CARTESIAN_POINT('Origin',(71.7042604345968,98.86875,-11.5));
#17183=CARTESIAN_POINT('Origin',(71.7042604345968,98.86875,-11.5));
#17184=CARTESIAN_POINT('Origin',(134.280823409797,-5.99999999999995,-17.));
#17185=CARTESIAN_POINT('',(132.630823409797,-5.99999999999995,-11.5));
#17186=CARTESIAN_POINT('',(132.630823409797,-5.99999999999995,-17.));
#17187=CARTESIAN_POINT('Origin',(134.280823409797,-5.99999999999995,-11.5));
#17188=CARTESIAN_POINT('Origin',(134.280823409797,-5.99999999999995,-11.5));
#17189=CARTESIAN_POINT('Origin',(137.717054129368,95.96875,-5.8705344711167));
#17190=CARTESIAN_POINT('',(137.217054129368,96.46875,-17.));
#17191=CARTESIAN_POINT('',(138.217054129368,95.46875,-17.));
#17192=CARTESIAN_POINT('',(133.597449455675,100.088354673692,-17.));
#17193=CARTESIAN_POINT('',(138.217054129368,95.46875,-7.11869681130813));
#17194=CARTESIAN_POINT('',(138.217054129368,95.46875,-5.8705344711167));
#17195=CARTESIAN_POINT('',(137.217054129368,96.46875,-6.54243617356977));
#17196=CARTESIAN_POINT('',(139.2764351494,94.4093689799675,-7.72917639352));
#17197=CARTESIAN_POINT('',(137.217054129368,96.46875,-5.8705344711167));
#17198=CARTESIAN_POINT('Origin',(71.704260434597,46.434375,-17.));
#17199=CARTESIAN_POINT('',(137.217054129368,101.46875,-17.));
#17200=CARTESIAN_POINT('',(137.217054129368,70.9515625000001,-17.));
#17201=CARTESIAN_POINT('',(143.408523196446,101.46875,-17.));
#17202=CARTESIAN_POINT('',(2.32411366429819E-6,101.46875,-17.));
#17203=CARTESIAN_POINT('',(146.008520869193,98.8687523535623,-17.));
#17204=CARTESIAN_POINT('Origin',(143.408520869194,98.86875,-17.));
#17205=CARTESIAN_POINT('',(146.008520869194,37.0430945902719,-17.));
#17206=CARTESIAN_POINT('',(146.008520869193,98.8687523535623,-17.));
#17207=CARTESIAN_POINT('',(136.82494650303,-6.53613215393806,-17.));
#17208=CARTESIAN_POINT('',(146.008520869194,37.0430945902719,-17.));
#17209=CARTESIAN_POINT('',(134.280825737625,-8.59999999999993,-17.));
#17210=CARTESIAN_POINT('Origin',(134.280823409797,-5.99999999999997,-17.));
#17211=CARTESIAN_POINT('',(122.297155379188,-8.59999999999993,-17.));
#17212=CARTESIAN_POINT('',(134.280825737625,-8.59999999999993,-17.));
#17213=CARTESIAN_POINT('',(125.44182731443,-6.80000095478678,-17.));
#17214=CARTESIAN_POINT('Origin',(122.297155379188,-5.00000127304911,-17.));
#17215=CARTESIAN_POINT('',(127.480041522218,-3.29999999995066,-17.));
#17216=CARTESIAN_POINT('',(131.417857194709,3.46197750026814,-17.));
#17217=CARTESIAN_POINT('',(128.702969713177,-2.5999999999999,-17.));
#17218=CARTESIAN_POINT('Origin',(128.702969713177,-3.9999999999014,-17.));
#17219=CARTESIAN_POINT('',(136.237780282963,-2.59999999999989,-17.));
#17220=CARTESIAN_POINT('',(65.961562874069,-2.59999999999998,-17.));
#17221=CARTESIAN_POINT('',(143.217054129368,29.9531810567503,-17.));
#17222=CARTESIAN_POINT('',(143.33482543846,30.5024976235647,-17.));
#17223=CARTESIAN_POINT('',(143.217054129368,95.4687500000001,-17.));
#17224=CARTESIAN_POINT('',(143.217054129368,70.9515625000001,-17.));
#17225=CARTESIAN_POINT('',(86.7228658286248,95.46875,-17.));
#17226=CARTESIAN_POINT('Origin',(137.217054129368,95.46875,-17.));
#17227=CARTESIAN_POINT('',(137.217054129368,101.46875,-6.54243617356978));
#17228=CARTESIAN_POINT('',(137.217054129368,95.46875,-6.54243617356977));
#17229=CARTESIAN_POINT('',(137.217054129368,101.46875,-17.));
#17230=CARTESIAN_POINT('Origin',(111.517054129368,95.96875,-5.8705344711167));
#17231=CARTESIAN_POINT('',(111.017054129368,95.46875,-17.));
#17232=CARTESIAN_POINT('',(112.017054129368,96.46875,-17.));
#17233=CARTESIAN_POINT('',(89.180261955675,73.6319578263073,-17.));
#17234=CARTESIAN_POINT('',(112.017054129368,96.46875,4.34331265365993));
#17235=CARTESIAN_POINT('',(112.017054129368,96.46875,-5.8705344711167));
#17236=CARTESIAN_POINT('',(111.017054129368,95.46875,4.21732449599018));
#17237=CARTESIAN_POINT('',(112.50643048553,96.9581263561619,4.40496827917991));
#17238=CARTESIAN_POINT('',(111.017054129368,95.46875,-5.8705344711167));
#17239=CARTESIAN_POINT('Origin',(101.741471222653,95.46875,5.25893105776659));
#17240=CARTESIAN_POINT('',(117.194733703263,95.46875,4.99563896417929));
#17241=CARTESIAN_POINT('',(117.194733703263,95.46875,4.9956389641793));
#17242=CARTESIAN_POINT('',(116.845623098794,95.46875,7.76661848262038));
#17243=CARTESIAN_POINT('',(116.920623098794,95.46875,7.17132443763085));
#17244=CARTESIAN_POINT('',(-1.71710752828798,95.46875,-7.17088151737963));
#17245=CARTESIAN_POINT('',(-1.71710752828799,95.46875,-7.17088151737963));
#17246=CARTESIAN_POINT('',(-1.36067210283322,95.46875,-10.));
#17247=CARTESIAN_POINT('',(-1.64210752828798,95.46875,-7.76617556236915));
#17248=CARTESIAN_POINT('',(-1.36067210283322,95.46875,-17.));
#17249=CARTESIAN_POINT('',(-1.36067210283322,95.46875,-10.));
#17250=CARTESIAN_POINT('',(91.7437167111403,95.46875,-17.));
#17251=CARTESIAN_POINT('',(86.7228658286248,95.46875,-17.));
#17252=CARTESIAN_POINT('',(89.1393880615241,95.46875,3.67121781749512));
#17253=CARTESIAN_POINT('',(89.1393880615241,95.46875,3.67121781749512));
#17254=CARTESIAN_POINT('',(101.741471222653,95.46875,5.25893105776659));
#17255=CARTESIAN_POINT('',(88.7681755544973,95.46875,3.62444943763085));
#17256=CARTESIAN_POINT('',(104.545832938319,95.46875,-17.));
#17257=CARTESIAN_POINT('',(101.741471222653,95.46875,5.25893105776659));
#17258=CARTESIAN_POINT('',(86.7228658286248,95.46875,-17.));
#17259=CARTESIAN_POINT('Origin',(117.194733703263,95.46875,4.9956389641793));
#17260=CARTESIAN_POINT('',(117.194733703263,101.46875,4.99563896417929));
#17261=CARTESIAN_POINT('',(112.017054129368,101.46875,4.34331265365994));
#17262=CARTESIAN_POINT('',(128.546858737555,101.46875,6.42587228288641));
#17263=CARTESIAN_POINT('',(117.194733703263,96.96875,4.99563896417929));
#17264=CARTESIAN_POINT('',(112.017054129368,98.46875,4.34331265365993));
#17265=CARTESIAN_POINT('Origin',(143.408523196446,101.46875,-20.));
#17266=CARTESIAN_POINT('',(112.017054129368,101.46875,-17.));
#17267=CARTESIAN_POINT('',(112.017054129368,101.46875,-17.));
#17268=CARTESIAN_POINT('',(98.1447748247294,101.46875,-17.));
#17269=CARTESIAN_POINT('',(2.32411366429819E-6,101.46875,-17.));
#17270=CARTESIAN_POINT('',(2.32411366429819E-6,101.46875,-17.));
#17271=CARTESIAN_POINT('',(2.32411366429819E-6,101.46875,-17.));
#17272=CARTESIAN_POINT('',(2.32411366429819E-6,101.46875,-20.));
#17273=CARTESIAN_POINT('',(2.32411366429819E-6,101.46875,-20.));
#17274=CARTESIAN_POINT('',(143.408523196446,101.46875,-20.));
#17275=CARTESIAN_POINT('',(107.556391815522,101.46875,-20.));
#17276=CARTESIAN_POINT('',(143.408523196446,101.46875,-20.));
#17277=CARTESIAN_POINT('',(142.451939377088,101.46875,-9.55909448490828));
#17278=CARTESIAN_POINT('Origin',(112.017054129368,101.46875,-17.));
#17279=CARTESIAN_POINT('',(112.017054129368,73.9515625000001,-17.));
#17280=CARTESIAN_POINT('Origin',(101.741471222653,95.46875,5.25893105776659));
#17281=CARTESIAN_POINT('',(143.217054129368,95.4687500000001,-10.));
#17282=CARTESIAN_POINT('',(143.217054129368,95.4687500000001,-10.));
#17283=CARTESIAN_POINT('',(143.217054129368,95.46875,-10.));
#17284=CARTESIAN_POINT('Origin',(71.704260434597,46.434375,-17.));
#17285=CARTESIAN_POINT('',(95.0024372053311,99.66875,-17.));
#17286=CARTESIAN_POINT('Origin',(98.1447748247294,97.8687500000001,-17.));
#17287=CARTESIAN_POINT('',(92.9657368964618,96.16875,-17.));
#17288=CARTESIAN_POINT('',(79.1346885541461,72.4005652615292,-17.));
#17289=CARTESIAN_POINT('Origin',(91.7437167111403,96.86875,-17.));
#17290=CARTESIAN_POINT('',(-1.36067210283322,-2.6,-17.));
#17291=CARTESIAN_POINT('',(-1.36067210283322,21.9171875,-17.));
#17292=CARTESIAN_POINT('',(14.9413357956653,-2.59999999999998,-17.));
#17293=CARTESIAN_POINT('',(65.961562874069,-2.59999999999998,-17.));
#17294=CARTESIAN_POINT('',(16.1633559809868,-3.29999999999998,-17.));
#17295=CARTESIAN_POINT('Origin',(14.9413357956653,-3.99999999999998,-17.));
#17296=CARTESIAN_POINT('',(18.2000562898561,-6.79999999999999,-17.));
#17297=CARTESIAN_POINT('',(13.2125511907282,1.77085736714939,-17.));
#17298=CARTESIAN_POINT('',(21.3423939092544,-8.59999999999999,-17.));
#17299=CARTESIAN_POINT('Origin',(21.3423939092544,-4.99999999999999,-17.));
#17300=CARTESIAN_POINT('',(2.2981976671721E-6,-8.6,-17.));
#17301=CARTESIAN_POINT('',(134.280825737625,-8.59999999999993,-17.));
#17302=CARTESIAN_POINT('',(-2.59999999999996,-6.00000232500357,-17.));
#17303=CARTESIAN_POINT('Origin',(1.33226762955019E-14,-6.00000000000001,
-17.));
#17304=CARTESIAN_POINT('',(-2.59999999999997,98.8687523306935,-17.));
#17305=CARTESIAN_POINT('',(-2.59999999999995,-6.00000232500357,-17.));
#17306=CARTESIAN_POINT('Origin',(1.94289029309402E-15,98.86875,-17.));
#17307=CARTESIAN_POINT('Origin',(71.704260434597,46.434375,-17.));
#17308=CARTESIAN_POINT('',(103.323812752997,96.16875,-17.));
#17309=CARTESIAN_POINT('Origin',(104.545832938319,96.86875,-17.));
#17310=CARTESIAN_POINT('',(101.287112444128,99.66875,-17.));
#17311=CARTESIAN_POINT('',(108.767923342052,86.8132316752298,-17.));
#17312=CARTESIAN_POINT('Origin',(98.1447748247294,97.8687500000001,-17.));
#17313=CARTESIAN_POINT('Origin',(71.704260434597,46.434375,-17.));
#17314=CARTESIAN_POINT('',(119.152483443946,-6.8000009547868,-17.));
#17315=CARTESIAN_POINT('Origin',(122.297155379188,-5.00000127304911,-17.));
#17316=CARTESIAN_POINT('',(134.280825737625,-8.59999999999993,-17.));
#17317=CARTESIAN_POINT('',(24.4847315286527,-6.79999999999999,-17.));
#17318=CARTESIAN_POINT('Origin',(21.3423939092544,-4.99999999999999,-17.));
#17319=CARTESIAN_POINT('',(26.5214318375219,-3.29999999999998,-17.));
#17320=CARTESIAN_POINT('',(42.8457859786339,24.7528456960918,-17.));
#17321=CARTESIAN_POINT('',(27.7434520228435,-2.59999999999999,-17.));
#17322=CARTESIAN_POINT('Origin',(27.7434520228435,-3.99999999999998,-17.));
#17323=CARTESIAN_POINT('',(115.891341045199,-2.5999999999999,-17.));
#17324=CARTESIAN_POINT('',(65.961562874069,-2.59999999999998,-17.));
#17325=CARTESIAN_POINT('',(117.114269236158,-3.29999999995065,-17.));
#17326=CARTESIAN_POINT('Origin',(115.891341045199,-3.99999999990143,-17.));
#17327=CARTESIAN_POINT('',(101.773752166166,23.042581750045,-17.));
#17328=CARTESIAN_POINT('Origin',(2.29819766772721E-6,-8.6,-20.));
#17329=CARTESIAN_POINT('',(2.2981976671721E-6,-8.6,-20.));
#17330=CARTESIAN_POINT('',(134.280825737625,-8.59999999999993,-20.));
#17331=CARTESIAN_POINT('',(35.8521313663972,-8.59999999999998,-20.));
#17332=CARTESIAN_POINT('',(2.2981976671721E-6,-8.6,-20.));
#17333=CARTESIAN_POINT('',(134.280825737625,-8.59999999999993,-20.));
#17334=CARTESIAN_POINT('Origin',(-2.59999999999997,98.8687523306935,-20.));
#17335=CARTESIAN_POINT('',(-2.59999999999997,98.8687523306935,-20.));
#17336=CARTESIAN_POINT('',(-2.59999999999996,-6.00000232500357,-20.));
#17337=CARTESIAN_POINT('',(-2.59999999999996,72.6515636653467,-20.));
#17338=CARTESIAN_POINT('',(-2.59999999999997,98.8687523306935,-20.));
#17339=CARTESIAN_POINT('',(-2.59999999999996,-6.00000232500357,-20.));
#17340=CARTESIAN_POINT('Origin',(1.94289029309402E-15,98.86875,-20.));
#17341=CARTESIAN_POINT('Origin',(1.94289029309402E-15,98.86875,-20.));
#17342=CARTESIAN_POINT('Origin',(143.408520869194,98.86875,-20.));
#17343=CARTESIAN_POINT('',(146.008520869193,98.8687523535623,-20.));
#17344=CARTESIAN_POINT('Origin',(143.408520869194,98.86875,-20.));
#17345=CARTESIAN_POINT('',(146.008520869193,98.8687523535623,-20.));
#17346=CARTESIAN_POINT('Origin',(146.008520869194,37.0430945902719,-20.));
#17347=CARTESIAN_POINT('',(146.008520869194,37.0430945902719,-20.));
#17348=CARTESIAN_POINT('',(146.008520869194,41.7387347951362,-20.));
#17349=CARTESIAN_POINT('',(146.008520869194,37.0430945902719,-20.));
#17350=CARTESIAN_POINT('Origin',(136.82494650303,-6.53613215393805,-20.));
#17351=CARTESIAN_POINT('',(136.82494650303,-6.53613215393806,-20.));
#17352=CARTESIAN_POINT('',(140.784472840159,12.253185508819,-20.));
#17353=CARTESIAN_POINT('',(136.82494650303,-6.53613215393806,-20.));
#17354=CARTESIAN_POINT('Origin',(134.280823409797,-5.99999999999997,-20.));
#17355=CARTESIAN_POINT('Origin',(134.280823409797,-5.99999999999997,-20.));
#17356=CARTESIAN_POINT('Origin',(1.33226762955019E-14,-6.00000000000001,
-20.));
#17357=CARTESIAN_POINT('Origin',(1.33226762955019E-14,-6.00000000000001,
-20.));
#17358=CARTESIAN_POINT('Origin',(143.217054129368,29.9531810567503,-10.));
#17359=CARTESIAN_POINT('',(136.237780282963,-2.59999999999989,-10.));
#17360=CARTESIAN_POINT('',(136.237780282963,-2.59999999999989,-10.));
#17361=CARTESIAN_POINT('',(143.217054129368,29.9531810567503,-10.));
#17362=CARTESIAN_POINT('',(143.223540678541,29.9834360394758,-9.99999999999999));
#17363=CARTESIAN_POINT('',(143.217054129368,29.9531810567503,-10.));
#17364=CARTESIAN_POINT('Origin',(130.153317589066,-3.9999999999014,-5.99964147271905));
#17365=CARTESIAN_POINT('',(128.951284623712,-3.29999999995066,-5.84115882383765));
#17366=CARTESIAN_POINT('',(128.951284623712,-3.29999999995066,-5.84115882383765));
#17367=CARTESIAN_POINT('',(130.153317589066,-2.5999999999999,-5.99964147271905));
#17368=CARTESIAN_POINT('Origin',(130.153317589066,-3.9999999999014,-5.99964147271905));
#17369=CARTESIAN_POINT('',(130.153317589066,-2.5999999999999,-5.99964147271905));
#17370=CARTESIAN_POINT('Origin',(128.951284623712,-3.29999999995066,-5.84115882383765));
#17371=CARTESIAN_POINT('',(126.947895801437,-6.80000095478678,-5.57702100362389));
#17372=CARTESIAN_POINT('',(126.947895801437,-6.80000095478678,-5.57702100362389));
#17373=CARTESIAN_POINT('',(128.951284623712,-3.29999999995066,-5.84115882383765));
#17374=CARTESIAN_POINT('Origin',(117.560591284588,-3.99999999990143,-4.33934705576434));
#17375=CARTESIAN_POINT('',(117.560591284588,-2.5999999999999,-4.33934705576434));
#17376=CARTESIAN_POINT('',(117.560591284588,-2.5999999999999,-4.33934705576434));
#17377=CARTESIAN_POINT('',(118.762624249942,-3.29999999995065,-4.49782970464575));
#17378=CARTESIAN_POINT('Origin',(117.560591284588,-3.99999999990143,-4.33934705576434));
#17379=CARTESIAN_POINT('',(118.762624249942,-3.29999999995065,-4.49782970464575));
#17380=CARTESIAN_POINT('Origin',(123.856954436827,-5.00000127304911,-5.1694942642417));
#17381=CARTESIAN_POINT('',(120.766013072217,-6.8000009547868,-4.7619675248595));
#17382=CARTESIAN_POINT('',(120.766013072217,-6.8000009547868,-4.7619675248595));
#17383=CARTESIAN_POINT('Origin',(123.856954436827,-5.00000127304911,-5.1694942642417));
#17384=CARTESIAN_POINT('Origin',(26.1391275089819,-3.99999999999998,-4.26606894223342));
#17385=CARTESIAN_POINT('',(24.936201389056,-3.29999999999998,-4.41762338789569));
#17386=CARTESIAN_POINT('',(24.936201389056,-3.29999999999998,-4.41762338789569));
#17387=CARTESIAN_POINT('',(26.1391275089819,-2.59999999999999,-4.26606894223342));
#17388=CARTESIAN_POINT('Origin',(26.1391275089819,-3.99999999999998,-4.26606894223342));
#17389=CARTESIAN_POINT('',(26.1391275089819,-2.59999999999999,-4.26606894223342));
#17390=CARTESIAN_POINT('Origin',(24.936201389056,-3.29999999999998,-4.41762338789569));
#17391=CARTESIAN_POINT('',(22.9313245225129,-6.79999999999999,-4.67021413066616));
#17392=CARTESIAN_POINT('',(22.9313245225129,-6.79999999999999,-4.67021413066616));
#17393=CARTESIAN_POINT('',(24.936201389056,-3.29999999999998,-4.41762338789569));
#17394=CARTESIAN_POINT('Origin',(19.8380859284177,-4.99999999999999,-5.05992556236915));
#17395=CARTESIAN_POINT('',(16.7448473343225,-6.79999999999999,-5.44963699407215));
#17396=CARTESIAN_POINT('',(16.7448473343225,-6.79999999999999,-5.44963699407215));
#17397=CARTESIAN_POINT('Origin',(19.8380859284177,-4.99999999999999,-5.05992556236915));
#17398=CARTESIAN_POINT('Origin',(60.218865313541,-2.59999999999998,0.0275744376308473));
#17399=CARTESIAN_POINT('',(88.5605938886203,-2.59999999999998,-0.515827620492539));
#17400=CARTESIAN_POINT('',(13.5370443478534,-2.59999999999998,-5.85378218250488));
#17401=CARTESIAN_POINT('',(29.4868102409564,-2.59999999999999,-3.84430056236915));
#17402=CARTESIAN_POINT('',(13.5370443478534,-2.59999999999998,-5.85378218250488));
#17403=CARTESIAN_POINT('',(-1.36067210283322,-2.6,-10.));
#17404=CARTESIAN_POINT('',(-1.36067210283322,-2.6,-10.));
#17405=CARTESIAN_POINT('',(-1.71710752828798,-2.6,-7.17088151737962));
#17406=CARTESIAN_POINT('',(-1.64210752828798,-2.6,-7.76617556236915));
#17407=CARTESIAN_POINT('',(60.143865313541,-2.59999999999998,0.622868482620377));
#17408=CARTESIAN_POINT('',(60.143865313541,-2.59999999999998,0.622868482620376));
#17409=CARTESIAN_POINT('',(71.8882436120307,-2.59999999999994,-0.925575059160895));
#17410=CARTESIAN_POINT('',(79.9882209825174,-2.59999999999994,-1.99352070337755));
#17411=CARTESIAN_POINT('',(72.3046400076646,-2.59999999999994,2.23263940620307));
#17412=CARTESIAN_POINT('',(72.2262114362361,-2.59999999999994,1.63778735805698));
#17413=CARTESIAN_POINT('',(136.730665891974,-2.59999999999988,-6.26164280846467));
#17414=CARTESIAN_POINT('',(136.730665891974,-2.59999999999988,-6.26164280846467));
#17415=CARTESIAN_POINT('',(136.652237320545,-2.59999999999989,-6.8564948566107));
#17416=CARTESIAN_POINT('Origin',(16.7448473343225,-6.79999999999999,-5.44963699407215));
#17417=CARTESIAN_POINT('',(14.7399704677793,-3.29999999999998,-5.70222773684261));
#17418=CARTESIAN_POINT('',(14.7399704677793,-3.29999999999998,-5.70222773684261));
#17419=CARTESIAN_POINT('',(14.7399704677793,-3.29999999999998,-5.70222773684261));
#17420=CARTESIAN_POINT('Origin',(119.109571896435,95.46875,-6.33369869318418));
#17421=CARTESIAN_POINT('',(119.667781936557,35.0020522939614,-6.89513420686593));
#17422=CARTESIAN_POINT('',(118.551361856314,35.2685167216973,-5.77226317950243));
#17423=CARTESIAN_POINT('',(120.571031163034,34.7864669668113,-7.80360262735378));
#17424=CARTESIAN_POINT('',(118.551361856314,42.9303311720575,-5.77226317950243));
#17425=CARTESIAN_POINT('',(118.551361856314,95.46875,-5.77226317950243));
#17426=CARTESIAN_POINT('',(119.667781936557,43.0837999891788,-6.89513420686593));
#17427=CARTESIAN_POINT('',(122.720528964712,43.5034462170387,-9.96552075082459));
#17428=CARTESIAN_POINT('',(119.667781936557,95.46875,-6.89513420686593));
#17429=CARTESIAN_POINT('Origin',(137.912752767684,31.1536937306414,-7.02268815810615));
#17430=CARTESIAN_POINT('',(125.300000148286,33.7945268851899,-7.63771688720889));
#17431=CARTESIAN_POINT('',(133.81256253436,31.9694670262642,-8.76006001306187));
#17432=CARTESIAN_POINT('',(125.595207746153,33.7945268851899,-5.39867515763572));
#17433=CARTESIAN_POINT('',(125.595207746153,33.7945268851899,-5.39867515763572));
#17434=CARTESIAN_POINT('',(137.912752767684,31.1536937306414,-7.02268815810615));
#17435=CARTESIAN_POINT('',(126.554724035923,33.588810370582,-5.52518307183666));
#17436=CARTESIAN_POINT('',(137.617545169817,31.1536937306414,-9.26172988767934));
#17437=CARTESIAN_POINT('',(137.912752767684,31.1536937306414,-7.02268815810615));
#17438=CARTESIAN_POINT('',(133.81256253436,31.9694670262642,-8.76006001306187));
#17439=CARTESIAN_POINT('',(143.590690298663,29.9531810567503,-7.16610622228078));
#17440=CARTESIAN_POINT('',(143.512261727235,29.9531810567503,-7.7609582704268));
#17441=CARTESIAN_POINT('',(118.306982591014,35.3739084393219,-3.83256289481244));
#17442=CARTESIAN_POINT('',(119.152936791868,35.1925391894479,-3.94409815752819));
#17443=CARTESIAN_POINT('',(117.47953732622,35.7307549074136,2.73508028767887));
#17444=CARTESIAN_POINT('Origin',(143.217054129368,95.46875,-10.));
#17445=CARTESIAN_POINT('',(143.217054129368,46.3210034500018,-10.));
#17446=CARTESIAN_POINT('',(139.603416163602,45.8242542836939,-9.5235580608686));
#17447=CARTESIAN_POINT('',(143.217054129368,95.4687500000001,-10.));
#17448=CARTESIAN_POINT('',(136.586068986307,32.0904765795434,-9.12573438461704));
#17449=CARTESIAN_POINT('Origin',(137.906124125089,32.5231003716681,-9.29977772709898));
#17450=CARTESIAN_POINT('',(135.347906939243,35.9341257294271,-8.96248827854582));
#17451=CARTESIAN_POINT('',(127.050292262551,61.6925631437725,-7.86848504297524));
#17452=CARTESIAN_POINT('',(129.301112110494,37.2305347325657,-8.16524553286071));
#17453=CARTESIAN_POINT('Origin',(131.95347943952,34.8216645496748,-8.51494825502096));
#17454=CARTESIAN_POINT('',(126.620055287067,34.2271506773146,-7.81176022969082));
#17455=CARTESIAN_POINT('',(145.431475772933,55.3001543713537,-10.2919615500806));
#17456=CARTESIAN_POINT('Origin',(125.588579103558,35.1639335262166,-7.67576472662854));
#17457=CARTESIAN_POINT('Origin',(114.497265862094,28.35625,-3.33026885122981));
#17458=CARTESIAN_POINT('',(110.922655001096,25.6107177100784,-6.07208692095982));
#17459=CARTESIAN_POINT('',(114.497265862094,25.6107177100784,-3.33026885122981));
#17460=CARTESIAN_POINT('',(102.390062179234,25.6107177100784,-12.6168041196582));
#17461=CARTESIAN_POINT('',(110.922655001096,28.35625,-6.07208692095982));
#17462=CARTESIAN_POINT('',(110.922655001096,28.35625,-6.07208692095982));
#17463=CARTESIAN_POINT('',(114.497265862094,28.35625,-3.33026885122981));
#17464=CARTESIAN_POINT('',(117.795811988899,28.35625,-0.800199502145977));
#17465=CARTESIAN_POINT('',(114.497265862094,33.5457019569773,-3.33026885122981));
#17466=CARTESIAN_POINT('Origin',(71.8882436120307,28.35625,-0.925575059160895));
#17467=CARTESIAN_POINT('',(71.8882436120306,25.6107177100784,-0.925575059160894));
#17468=CARTESIAN_POINT('',(103.532713002853,25.6107177100784,-5.09775625223559));
#17469=CARTESIAN_POINT('',(71.8882436120307,17.8547373269436,-0.925575059160894));
#17470=CARTESIAN_POINT('',(71.8882436120306,12.878125,-0.925575059160894));
#17471=CARTESIAN_POINT('',(71.1955155448625,16.6445134954176,-0.834241974126061));
#17472=CARTESIAN_POINT('Origin',(70.5027874776943,17.8547373269436,-0.742908889091235));
#17473=CARTESIAN_POINT('',(67.7242792750076,14.6230503086632,-0.376575059160886));
#17474=CARTESIAN_POINT('',(72.233579963879,17.249026944054,-0.97110610645615));
#17475=CARTESIAN_POINT('',(67.7242792750076,8.38766740141523,-0.376575059160886));
#17476=CARTESIAN_POINT('Origin',(69.508835419446,11.5053588550392,-0.611860773446609));
#17477=CARTESIAN_POINT('',(71.1955155448625,6.36620421466082,-0.834241974126064));
#17478=CARTESIAN_POINT('',(66.7351528655021,8.96368195888744,-0.246163183633932));
#17479=CARTESIAN_POINT('',(71.8882436120307,5.15598038313481,-0.925575059160893));
#17480=CARTESIAN_POINT('Origin',(70.5027874776944,5.15598038313481,-0.742908889091242));
#17481=CARTESIAN_POINT('',(71.8882436120306,12.878125,-0.925575059160894));
#17482=CARTESIAN_POINT('',(60.143865313541,28.35625,0.622868482620378));
#17483=CARTESIAN_POINT('',(60.143865313541,28.35625,0.622868482620377));
#17484=CARTESIAN_POINT('',(93.495066875289,28.35625,-3.77433768329267));
#17485=CARTESIAN_POINT('Origin',(72.2262114362361,25.6107177100784,1.63778735805699));
#17486=CARTESIAN_POINT('',(72.3046400076646,25.6107177100784,2.23263940620307));
#17487=CARTESIAN_POINT('',(72.3046400076646,25.6107177100784,2.23263940620307));
#17488=CARTESIAN_POINT('',(72.2262114362361,25.6107177100784,1.63778735805699));
#17489=CARTESIAN_POINT('Origin',(132.248687037386,34.8216645496748,-6.27590652544787));
#17490=CARTESIAN_POINT('',(132.967615608815,36.4716645496748,-0.823096084108135));
#17491=CARTESIAN_POINT('',(132.248687037386,36.4716645496748,-6.27590652544787));
#17492=CARTESIAN_POINT('Origin',(132.967615608815,34.8216645496748,-0.823096084108137));
#17493=CARTESIAN_POINT('Origin',(132.967615608815,34.8216645496748,-0.823096084108137));
#17494=CARTESIAN_POINT('Origin',(123.856954436827,-5.00000127304911,-5.16949426424181));
#17495=CARTESIAN_POINT('',(124.575883008256,-3.35000127304911,0.28331617709793));
#17496=CARTESIAN_POINT('',(123.856954436827,-3.35000127304911,-5.16949426424181));
#17497=CARTESIAN_POINT('Origin',(124.575883008256,-5.00000127304911,0.28331617709793));
#17498=CARTESIAN_POINT('Origin',(124.575883008256,-5.00000127304911,0.28331617709793));
#17499=CARTESIAN_POINT('Origin',(69.8468032436515,11.5053588550392,1.95150164377121));
#17500=CARTESIAN_POINT('',(70.56573181508,13.1553588550392,7.40431208511095));
#17501=CARTESIAN_POINT('',(69.8468032436515,13.1553588550392,1.95150164377121));
#17502=CARTESIAN_POINT('Origin',(70.56573181508,11.5053588550392,7.40431208511095));
#17503=CARTESIAN_POINT('Origin',(70.56573181508,11.5053588550392,7.40431208511095));
#17504=CARTESIAN_POINT('Origin',(72.2262114362361,-2.59999999999994,1.63778735805698));
#17505=CARTESIAN_POINT('',(72.3046400076646,-2.59999999999994,2.23263940620306));
#17506=CARTESIAN_POINT('',(72.2262114362361,5.15598038313481,1.63778735805698));
#17507=CARTESIAN_POINT('',(72.2262114362361,5.15598038313481,1.63778735805698));
#17508=CARTESIAN_POINT('',(72.226211436236,17.8547373269436,1.63778735805699));
#17509=CARTESIAN_POINT('',(72.2262114362361,20.2607748333265,1.63778735805698));
#17510=CARTESIAN_POINT('',(72.226211436236,17.8547373269436,1.63778735805699));
#17511=CARTESIAN_POINT('Origin',(132.248687037386,34.8216645496748,-6.27590652544776));
#17512=CARTESIAN_POINT('',(135.64311453711,35.9341257294271,-6.72344654897264));
#17513=CARTESIAN_POINT('',(135.64311453711,35.9341257294271,-6.72344654897264));
#17514=CARTESIAN_POINT('',(129.596319708361,37.2305347325657,-5.92620380328752));
#17515=CARTESIAN_POINT('Origin',(132.248687037386,34.8216645496748,-6.27590652544776));
#17516=CARTESIAN_POINT('',(129.596319708361,37.2305347325657,-5.92620380328752));
#17517=CARTESIAN_POINT('Origin',(135.64311453711,35.9341257294271,-6.72344654897264));
#17518=CARTESIAN_POINT('',(136.881276584174,32.0904765795434,-6.88669265504386));
#17519=CARTESIAN_POINT('',(136.881276584174,32.0904765795434,-6.88669265504386));
#17520=CARTESIAN_POINT('',(136.881276584174,32.0904765795434,-6.88669265504386));
#17521=CARTESIAN_POINT('Origin',(138.201331722956,32.5231003716681,-7.06073599752578));
#17522=CARTESIAN_POINT('Origin',(138.201331722956,32.5231003716681,-7.06073599752578));
#17523=CARTESIAN_POINT('Origin',(1.92965674164922,81.2,-7.31617556236915));
#17524=CARTESIAN_POINT('',(1.24215674164922,79.55,-1.85931348329844));
#17525=CARTESIAN_POINT('',(1.92965674164922,79.55,-7.31617556236915));
#17526=CARTESIAN_POINT('Origin',(1.24215674164923,81.2,-1.85931348329844));
#17527=CARTESIAN_POINT('Origin',(1.24215674164923,81.2,-1.85931348329844));
#17528=CARTESIAN_POINT('Origin',(95.4404296420883,97.8687500000001,4.46507443763085));
#17529=CARTESIAN_POINT('',(94.7529296420883,96.2187500000001,9.92193651670157));
#17530=CARTESIAN_POINT('',(95.4404296420883,96.2187500000001,4.46507443763085));
#17531=CARTESIAN_POINT('Origin',(94.7529296420884,97.8687500000001,9.92193651670157));
#17532=CARTESIAN_POINT('Origin',(94.7529296420884,97.8687500000001,9.92193651670157));
#17533=CARTESIAN_POINT('Origin',(19.8380859284177,-4.99999999999999,-5.05992556236915));
#17534=CARTESIAN_POINT('',(19.1505859284177,-6.64999999999999,0.396936516701563));
#17535=CARTESIAN_POINT('',(19.8380859284177,-6.64999999999999,-5.05992556236915));
#17536=CARTESIAN_POINT('Origin',(19.1505859284177,-4.99999999999999,0.396936516701563));
#17537=CARTESIAN_POINT('Origin',(19.1505859284177,-4.99999999999999,0.396936516701563));
#17538=CARTESIAN_POINT('Origin',(119.301799278752,50.00625,7.47132443763086));
#17539=CARTESIAN_POINT('',(118.614299278752,48.35625,12.9281865167016));
#17540=CARTESIAN_POINT('',(119.301799278752,48.35625,7.47132443763086));
#17541=CARTESIAN_POINT('Origin',(118.614299278752,50.00625,12.9281865167016));
#17542=CARTESIAN_POINT('Origin',(118.614299278752,50.00625,12.9281865167016));
#17543=CARTESIAN_POINT('Origin',(143.217054129368,95.46875,-10.));
#17544=CARTESIAN_POINT('',(117.955500596429,44.8678326042123,4.55723894915318));
#17545=CARTESIAN_POINT('',(117.194733703263,43.6553970389141,4.99563896417929));
#17546=CARTESIAN_POINT('Origin',(118.716267489595,43.6553970389141,4.11883893412704));
#17547=CARTESIAN_POINT('',(121.75933506226,46.888558546376,2.36523887402254));
#17548=CARTESIAN_POINT('',(137.446463330303,55.2220933870846,-6.67463566600406));
#17549=CARTESIAN_POINT('',(121.75933506226,53.123941453624,2.36523887402254));
#17550=CARTESIAN_POINT('Origin',(119.803077336975,50.00625,3.49255319837541));
#17551=CARTESIAN_POINT('',(117.955500596429,55.1446673957877,4.55723894915319));
#17552=CARTESIAN_POINT('',(121.155556965366,53.4446888664419,2.71317242519078));
#17553=CARTESIAN_POINT('',(117.194733703263,56.3571029610859,4.99563896417929));
#17554=CARTESIAN_POINT('Origin',(118.716267489595,56.3571029610859,4.1188389341271));
#17555=CARTESIAN_POINT('',(117.194733703263,95.46875,4.9956389641793));
#17556=CARTESIAN_POINT('',(143.217054129368,95.4687500000001,-10.));
#17557=CARTESIAN_POINT('',(117.194733703263,42.7438421240671,4.99563896417929));
#17558=CARTESIAN_POINT('',(139.211931408761,45.7704387860065,-7.69200542680289));
#17559=CARTESIAN_POINT('',(117.194733703263,95.46875,4.9956389641793));
#17560=CARTESIAN_POINT('Origin',(130.205893916315,44.5324227870344,-2.50218051791035));
#17561=CARTESIAN_POINT('',(117.682666837469,42.810915909523,1.12278977556334));
#17562=CARTESIAN_POINT('Origin',(118.309642537103,43.6553970389141,7.34632443763085));
#17563=CARTESIAN_POINT('',(116.920623098794,43.6553970389141,7.17132443763085));
#17564=CARTESIAN_POINT('',(116.920623098794,43.6553970389141,7.17132443763085));
#17565=CARTESIAN_POINT('',(117.615132817948,44.8678326042123,7.25882443763085));
#17566=CARTESIAN_POINT('Origin',(118.309642537103,43.6553970389141,7.34632443763085));
#17567=CARTESIAN_POINT('',(117.615132817948,44.8678326042123,7.25882443763085));
#17568=CARTESIAN_POINT('Origin',(116.920623098794,95.46875,7.17132443763085));
#17569=CARTESIAN_POINT('',(118.306982591014,28.35625,-3.83256289481244));
#17570=CARTESIAN_POINT('',(118.306982591014,63.1847286040055,-3.83256289481245));
#17571=CARTESIAN_POINT('',(116.845623098794,28.35625,7.76661848262038));
#17572=CARTESIAN_POINT('',(116.920623098794,28.35625,7.17132443763085));
#17573=CARTESIAN_POINT('',(116.845623098794,95.46875,7.76661848262038));
#17574=CARTESIAN_POINT('',(116.920623098794,56.3571029610859,7.17132443763085));
#17575=CARTESIAN_POINT('',(116.920623098794,56.3571029610859,7.17132443763085));
#17576=CARTESIAN_POINT('',(116.920623098794,37.3953125,7.17132443763085));
#17577=CARTESIAN_POINT('Origin',(117.514589365798,28.95625,2.45686334866493));
#17578=CARTESIAN_POINT('',(119.951750065391,28.95625,15.1125));
#17579=CARTESIAN_POINT('',(115.983123098794,24.95625,14.6125));
#17580=CARTESIAN_POINT('Origin',(115.983123098794,28.95625,14.6125));
#17581=CARTESIAN_POINT('',(117.41532985382,24.95625,3.24471130052531));
#17582=CARTESIAN_POINT('',(117.514589365798,24.95625,2.45686334866493));
#17583=CARTESIAN_POINT('',(119.661701908029,25.6101607325663,2.94853723227129));
#17584=CARTESIAN_POINT('Origin',(117.41532985382,28.95625,3.24471130052531));
#17585=CARTESIAN_POINT('',(120.944231238967,28.95625,7.23492490141356));
#17586=CARTESIAN_POINT('Origin',(118.88262641873,28.95625,-8.40159413046749));
#17587=CARTESIAN_POINT('',(121.483216332395,28.95625,2.95686334866492));
#17588=CARTESIAN_POINT('Origin',(119.523901440007,24.95625,2.96670560520164));
#17589=CARTESIAN_POINT('',(72.625873488723,24.95625,9.15000000000001));
#17590=CARTESIAN_POINT('',(94.3040757330749,24.95625,11.881196762358));
#17591=CARTESIAN_POINT('',(72.625873488723,24.95625,9.15000000000001));
#17592=CARTESIAN_POINT('Origin',(70.5838813653062,46.434375,8.8927331743946));
#17593=CARTESIAN_POINT('',(119.951750065391,41.4645587855937,15.1125));
#17594=CARTESIAN_POINT('',(119.951750065391,23.2171875,15.1125));
#17595=CARTESIAN_POINT('',(119.951750065391,102.86875,15.1125));
#17596=CARTESIAN_POINT('',(119.951750065391,23.2171875,15.1125));
#17597=CARTESIAN_POINT('',(-1.77635683940025E-14,102.86875,0.));
#17598=CARTESIAN_POINT('',(107.844572047959,102.86875,13.5871389470042));
#17599=CARTESIAN_POINT('',(-4.00000000000001,98.86875,-0.50395263067897));
#17600=CARTESIAN_POINT('Origin',(-1.72028931636696E-14,98.86875,-1.11899962780042E-15));
#17601=CARTESIAN_POINT('',(-3.99999999999999,-6.00000000000001,-0.503952630678967));
#17602=CARTESIAN_POINT('',(-4.00000000000001,74.6515625,-0.503952630678969));
#17603=CARTESIAN_POINT('',(1.77635683940025E-14,-10.,3.88578058618805E-15));
#17604=CARTESIAN_POINT('Origin',(1.49824471144193E-14,-6.00000000000001,
3.35699888340126E-15));
#17605=CARTESIAN_POINT('',(72.625873488723,-9.99999999999998,9.15000000000001));
#17606=CARTESIAN_POINT('',(33.3231906826531,-9.99999999999999,4.198327401785));
#17607=CARTESIAN_POINT('',(72.625873488723,31.2424211683148,9.15000000000001));
#17608=CARTESIAN_POINT('',(112.411358828857,30.95625,14.1625));
#17609=CARTESIAN_POINT('',(95.4950863837376,30.95625,12.03125));
#17610=CARTESIAN_POINT('',(91.9936984679061,30.95625,11.5901165871973));
#17611=CARTESIAN_POINT('',(94.5029296420884,31.95625,11.90625));
#17612=CARTESIAN_POINT('Origin',(95.4950863837376,31.95625,12.03125));
#17613=CARTESIAN_POINT('',(94.5029296420884,33.3375,11.90625));
#17614=CARTESIAN_POINT('',(94.5029296420885,38.6953124999998,11.90625));
#17615=CARTESIAN_POINT('',(76.5945004553199,33.3375,9.65000000000001));
#17616=CARTESIAN_POINT('',(82.5434055036973,33.3375,10.3994915871973));
#17617=CARTESIAN_POINT('',(75.6023437136707,34.3375,9.52500000000001));
#17618=CARTESIAN_POINT('Origin',(76.5945004553199,34.3375,9.65000000000001));
#17619=CARTESIAN_POINT('',(75.6023437136707,35.71875,9.52500000000001));
#17620=CARTESIAN_POINT('',(75.6023437136707,39.8859375,9.52500000000001));
#17621=CARTESIAN_POINT('',(56.701757785253,35.71875,7.14375000000001));
#17622=CARTESIAN_POINT('',(73.0931125394885,35.71875,9.2088665871973));
#17623=CARTESIAN_POINT('',(56.701757785253,15.2875,7.14375000000001));
#17624=CARTESIAN_POINT('',(56.701757785253,41.0765625,7.14375000000001));
#17625=CARTESIAN_POINT('',(55.7096010436038,14.2875,7.01875000000001));
#17626=CARTESIAN_POINT('Origin',(55.7096010436038,15.2875,7.01875000000001));
#17627=CARTESIAN_POINT('',(37.8011718568353,14.2875,4.7625));
#17628=CARTESIAN_POINT('',(63.6428195752796,14.2875,8.0182415871973));
#17629=CARTESIAN_POINT('',(37.8011718568353,1.,4.7625));
#17630=CARTESIAN_POINT('',(37.8011718568353,30.3609375,4.7625));
#17631=CARTESIAN_POINT('',(36.8090151151861,-2.2309991783792E-15,4.6375));
#17632=CARTESIAN_POINT('Origin',(36.8090151151861,1.,4.63750000000001));
#17633=CARTESIAN_POINT('',(0.992156741649222,-6.82773336654379E-15,0.125000000000001));
#17634=CARTESIAN_POINT('',(54.1925266110708,1.710569414459E-48,6.8276165871973));
#17635=CARTESIAN_POINT('',(-6.30754869373779E-15,0.999999999999996,8.51512359255144E-16));
#17636=CARTESIAN_POINT('Origin',(0.992156741649215,0.999999999999997,0.125000000000004));
#17637=CARTESIAN_POINT('',(3.90114451968459E-16,75.2,1.74462484742816E-15));
#17638=CARTESIAN_POINT('',(-4.30211422042248E-15,23.2171875,1.11893079063427E-15));
#17639=CARTESIAN_POINT('',(0.992156741649231,76.2,0.125000000000002));
#17640=CARTESIAN_POINT('Origin',(0.992156741649224,75.2,0.125000000000005));
#17641=CARTESIAN_POINT('',(37.8011718568354,76.2,4.7625));
#17642=CARTESIAN_POINT('',(35.2919406826531,76.2,4.4463665871973));
#17643=CARTESIAN_POINT('',(37.8011718568354,89.4875,4.7625));
#17644=CARTESIAN_POINT('',(37.8011718568353,61.3171875,4.7625));
#17645=CARTESIAN_POINT('',(38.7933285984846,90.4875,4.88750000000001));
#17646=CARTESIAN_POINT('Origin',(38.7933285984846,89.4875,4.88750000000001));
#17647=CARTESIAN_POINT('',(56.701757785253,90.4875,7.14375000000001));
#17648=CARTESIAN_POINT('',(54.1925266110708,90.4875,6.8276165871973));
#17649=CARTESIAN_POINT('',(56.701757785253,91.86875,7.14375000000001));
#17650=CARTESIAN_POINT('',(56.701757785253,68.4609375,7.14375000000001));
#17651=CARTESIAN_POINT('',(57.6939145269022,92.86875,7.26875000000001));
#17652=CARTESIAN_POINT('Origin',(57.6939145269022,91.86875,7.26875000000001));
#17653=CARTESIAN_POINT('',(74.6101869720215,92.86875,9.40000000000001));
#17654=CARTESIAN_POINT('',(63.6428195752796,92.86875,8.0182415871973));
#17655=CARTESIAN_POINT('',(75.6023437136707,91.86875,9.52500000000001));
#17656=CARTESIAN_POINT('Origin',(74.6101869720215,91.86875,9.40000000000001));
#17657=CARTESIAN_POINT('',(75.6023437136707,90.4875,9.52500000000001));
#17658=CARTESIAN_POINT('',(75.6023437136707,69.6515625,9.52500000000001));
#17659=CARTESIAN_POINT('',(93.5107729004392,90.4875,11.78125));
#17660=CARTESIAN_POINT('',(73.0931125394885,90.4875,9.2088665871973));
#17661=CARTESIAN_POINT('',(94.5029296420884,89.4875,11.90625));
#17662=CARTESIAN_POINT('Origin',(93.5107729004392,89.4875,11.78125));
#17663=CARTESIAN_POINT('',(94.5029296420884,88.10625,11.90625));
#17664=CARTESIAN_POINT('',(94.5029296420884,68.4609375,11.90625));
#17665=CARTESIAN_POINT('',(112.411358828857,88.10625,14.1625));
#17666=CARTESIAN_POINT('',(82.5434055036973,88.10625,10.3994915871973));
#17667=CARTESIAN_POINT('',(113.403515570506,87.10625,14.2875));
#17668=CARTESIAN_POINT('Origin',(112.411358828857,87.10625,14.1625));
#17669=CARTESIAN_POINT('',(113.403515570506,31.95625,14.2875));
#17670=CARTESIAN_POINT('',(113.403515570506,67.2703125,14.2875));
#17671=CARTESIAN_POINT('Origin',(112.411358828857,31.95625,14.1625));
#17672=CARTESIAN_POINT('Origin',(143.408520869194,98.86875,0.));
#17673=CARTESIAN_POINT('',(143.408520869194,102.86875,1.59528629731793));
#17674=CARTESIAN_POINT('',(147.408520869194,98.86875,-0.70975625363553));
#17675=CARTESIAN_POINT('Origin',(143.408520869194,98.86875,1.59528629731793));
#17676=CARTESIAN_POINT('',(147.408520869194,98.86875,-20.));
#17677=CARTESIAN_POINT('',(147.408520869194,98.86875,0.));
#17678=CARTESIAN_POINT('',(143.408520869194,102.86875,-20.));
#17679=CARTESIAN_POINT('Origin',(143.408520869194,98.86875,-20.));
#17680=CARTESIAN_POINT('',(143.408520869194,102.86875,0.));
#17681=CARTESIAN_POINT('Origin',(147.408520869194,102.86875,0.));
#17682=CARTESIAN_POINT('',(-1.72084568816899E-14,102.86875,-20.));
#17683=CARTESIAN_POINT('',(-4.00000000000002,102.86875,-20.));
#17684=CARTESIAN_POINT('',(-1.72028931636696E-14,102.86875,0.));
#17685=CARTESIAN_POINT('',(133.526614011946,102.86875,7.28984024494683));
#17686=CARTESIAN_POINT('Origin',(71.7042604345968,46.434375,-20.));
#17687=CARTESIAN_POINT('',(147.408520869194,36.8971839164296,-20.));
#17688=CARTESIAN_POINT('',(147.408520869194,102.86875,-20.));
#17689=CARTESIAN_POINT('',(138.194859515373,-6.82481595780466,-20.));
#17690=CARTESIAN_POINT('',(147.408520869194,36.8971839164296,-20.));
#17691=CARTESIAN_POINT('',(134.280823409797,-9.99999999999996,-20.));
#17692=CARTESIAN_POINT('Origin',(134.280823409797,-5.99999999999996,-20.));
#17693=CARTESIAN_POINT('',(1.60982338570648E-14,-10.,-20.));
#17694=CARTESIAN_POINT('',(-3.99999999999998,-10.,-20.));
#17695=CARTESIAN_POINT('',(-3.99999999999999,-6.00000000000001,-20.));
#17696=CARTESIAN_POINT('Origin',(1.49824471144193E-14,-6.00000000000001,
-20.));
#17697=CARTESIAN_POINT('',(-4.00000000000001,98.86875,-20.));
#17698=CARTESIAN_POINT('',(-4.00000000000002,102.86875,-20.));
#17699=CARTESIAN_POINT('Origin',(-1.72028931636696E-14,98.86875,-20.));
#17700=CARTESIAN_POINT('Origin',(134.280823409797,-5.99999999999996,0.));
#17701=CARTESIAN_POINT('',(138.194859515373,-6.82481595780465,0.505023622904998));
#17702=CARTESIAN_POINT('',(134.280823409797,-9.99999999999996,1.02107170786466));
#17703=CARTESIAN_POINT('Origin',(134.280823409797,-5.99999999999996,1.02107170786466));
#17704=CARTESIAN_POINT('',(134.280823409797,-9.99999999999996,0.));
#17705=CARTESIAN_POINT('',(138.194859515373,-6.82481595780465,0.));
#17706=CARTESIAN_POINT('Origin',(-3.99999999999998,-10.,0.));
#17707=CARTESIAN_POINT('',(57.0774050772323,-9.99999999999998,11.1999957413207));
#17708=CARTESIAN_POINT('',(1.6143458553428E-14,-10.,0.));
#17709=CARTESIAN_POINT('Origin',(1.49824471144193E-14,-6.00000000000001,
0.));
#17710=CARTESIAN_POINT('',(-3.99999999999999,-6.00000000000001,0.));
#17711=CARTESIAN_POINT('Origin',(-1.72028931636696E-14,98.86875,0.));
#17712=CARTESIAN_POINT('',(-4.00000000000001,98.86875,0.));
#17713=CARTESIAN_POINT('Origin',(93.4944694821336,21.4083702125058,6.39856932646712));
#17714=CARTESIAN_POINT('',(94.4642246549431,21.6162819033236,6.27071146151406));
#17715=CARTESIAN_POINT('',(93.2883416569395,22.3865178132396,6.42574635462401));
#17716=CARTESIAN_POINT('Origin',(93.4944694821336,21.4083702125058,6.3985693264671));
#17717=CARTESIAN_POINT('',(92.3864130855109,22.3865178132396,-0.415052199056867));
#17718=CARTESIAN_POINT('',(93.2883416569395,22.3865178132396,6.42574635462401));
#17719=CARTESIAN_POINT('',(93.5622960835146,21.6162819033236,-0.570087092166822));
#17720=CARTESIAN_POINT('Origin',(92.592540910705,21.4083702125058,-0.442229227213762));
#17721=CARTESIAN_POINT('',(94.4642246549432,21.6162819033236,6.27071146151406));
#17722=CARTESIAN_POINT('Origin',(75.7842607877265,18.633711793979,8.73358081702676));
#17723=CARTESIAN_POINT('',(76.7540159605361,18.8416234847968,8.6057229520737));
#17724=CARTESIAN_POINT('',(94.5997486616655,22.667678311629,6.25284322978378));
#17725=CARTESIAN_POINT('',(75.8520873891075,18.8416234847968,1.76492439839282));
#17726=CARTESIAN_POINT('',(76.7540159605361,18.8416234847968,8.6057229520737));
#17727=CARTESIAN_POINT('',(90.4547399236198,21.9723746929379,-0.160369766633263));
#17728=CARTESIAN_POINT('Origin',(116.079964348094,22.0107177100783,3.42077324613929));
#17729=CARTESIAN_POINT('',(117.071384428337,22.0107177100783,3.290058960425));
#17730=CARTESIAN_POINT('',(116.079964348094,23.0107177100783,3.42077324613929));
#17731=CARTESIAN_POINT('Origin',(116.079964348094,22.0107177100783,3.42077324613929));
#17732=CARTESIAN_POINT('',(115.178035776665,23.0107177100783,-3.42002530754158));
#17733=CARTESIAN_POINT('',(116.079964348094,23.0107177100783,3.42077324613929));
#17734=CARTESIAN_POINT('',(116.169455856909,22.0107177100783,-3.55073959325587));
#17735=CARTESIAN_POINT('Origin',(115.178035776665,22.0107177100783,-3.42002530754158));
#17736=CARTESIAN_POINT('',(117.071384428337,22.0107177100783,3.29005896042501));
#17737=CARTESIAN_POINT('Origin',(98.1848318996971,23.0107177100783,5.78016610328214));
#17738=CARTESIAN_POINT('',(99.1762519799407,23.0107177100783,5.64945181756785));
#17739=CARTESIAN_POINT('',(106.922310677088,23.0107177100783,4.62816876119712));
#17740=CARTESIAN_POINT('',(98.2743234085121,23.0107177100783,-1.19134673611302));
#17741=CARTESIAN_POINT('',(99.1762519799407,23.0107177100783,5.64945181756785));
#17742=CARTESIAN_POINT('',(102.615284240716,23.0107177100783,-1.76368292921881));
#17743=CARTESIAN_POINT('Origin',(99.1762519799407,22.0107177100783,5.64945181756785));
#17744=CARTESIAN_POINT('',(98.1848318996971,22.0107177100783,5.78016610328213));
#17745=CARTESIAN_POINT('Origin',(99.1762519799407,22.0107177100783,5.64945181756784));
#17746=CARTESIAN_POINT('',(97.2829033282685,22.0107177100783,-1.06063245039874));
#17747=CARTESIAN_POINT('',(98.1848318996971,22.0107177100783,5.78016610328214));
#17748=CARTESIAN_POINT('Origin',(98.2743234085121,22.0107177100783,-1.19134673611302));
#17749=CARTESIAN_POINT('Origin',(98.1848318996971,13.4750821643011,5.78016610328214));
#17750=CARTESIAN_POINT('',(98.1848318996971,13.4750821643011,5.78016610328216));
#17751=CARTESIAN_POINT('',(98.1848318996971,14.7627747504653,5.78016610328214));
#17752=CARTESIAN_POINT('',(97.2829033282686,13.4750821643011,-1.0606324503987));
#17753=CARTESIAN_POINT('',(98.1848318996971,13.4750821643011,5.78016610328216));
#17754=CARTESIAN_POINT('',(97.2829033282685,14.8363009719208,-1.06063245039874));
#17755=CARTESIAN_POINT('Origin',(76.9601437857302,17.863475884063,8.5785459239168));
#17756=CARTESIAN_POINT('',(75.9903886129206,17.6555641932452,8.70640378886987));
#17757=CARTESIAN_POINT('Origin',(76.9601437857302,17.863475884063,8.57854592391678));
#17758=CARTESIAN_POINT('',(75.0884600414921,17.6555641932452,1.86560523518899));
#17759=CARTESIAN_POINT('',(75.9903886129206,17.6555641932452,8.70640378886987));
#17760=CARTESIAN_POINT('Origin',(76.0582152143016,17.863475884063,1.73774737023592));
#17761=CARTESIAN_POINT('Origin',(79.7109958576745,1.11934867092909E-14,
8.21585843063795));
#17762=CARTESIAN_POINT('',(79.5048680324804,0.978147600733751,8.24303545879485));
#17763=CARTESIAN_POINT('',(78.8699047821374,3.99126715066487,8.32675251211801));
#17764=CARTESIAN_POINT('',(78.6029394610519,0.978147600733755,1.40223690511397));
#17765=CARTESIAN_POINT('',(79.5048680324804,0.978147600733754,8.24303545879484));
#17766=CARTESIAN_POINT('',(77.8059585123831,4.76009699081143,1.50731526443824));
#17767=CARTESIAN_POINT('Origin',(80.47462320529,1.18605929155151,8.11517759384178));
#17768=CARTESIAN_POINT('',(80.6807510304841,0.207911690817706,8.08800056568489));
#17769=CARTESIAN_POINT('Origin',(80.47462320529,1.18605929155151,8.11517759384176));
#17770=CARTESIAN_POINT('',(79.7788224590556,0.207911690817707,1.24720201200402));
#17771=CARTESIAN_POINT('',(80.6807510304841,0.207911690817707,8.08800056568489));
#17772=CARTESIAN_POINT('Origin',(79.5726946338614,1.18605929155151,1.2743790401609));
#17773=CARTESIAN_POINT('Origin',(98.1848318996971,3.96071771007841,5.78016610328214));
#17774=CARTESIAN_POINT('',(98.1848318996971,3.96071771007841,5.78016610328214));
#17775=CARTESIAN_POINT('',(107.763401752625,6.01432537268928,4.51727467971706));
#17776=CARTESIAN_POINT('',(97.2829033282686,3.96071771007841,-1.0606324503987));
#17777=CARTESIAN_POINT('',(98.1848318996971,3.96071771007841,5.78016610328214));
#17778=CARTESIAN_POINT('',(103.618393014579,5.31902175399818,-1.89593831669998));
#17779=CARTESIAN_POINT('Origin',(134.781593122745,1.18605929155158,0.955047469865344));
#17780=CARTESIAN_POINT('',(134.57546529755,0.207911690817774,0.982224498022239));
#17781=CARTESIAN_POINT('',(135.751348295554,0.978147600733823,0.827189604912284));
#17782=CARTESIAN_POINT('Origin',(134.781593122745,1.18605929155158,0.955047469865356));
#17783=CARTESIAN_POINT('',(134.849419724126,0.978147600733821,-6.01360894876858));
#17784=CARTESIAN_POINT('',(135.751348295554,0.978147600733821,0.827189604912284));
#17785=CARTESIAN_POINT('',(133.673536726122,0.20791169081778,-5.85857405565862));
#17786=CARTESIAN_POINT('Origin',(133.879664551316,1.18605929155158,-5.88575108381551));
#17787=CARTESIAN_POINT('',(134.57546529755,0.207911690817775,0.982224498022237));
#17788=CARTESIAN_POINT('Origin',(141.435323075282,27.9505676909685,0.0777830534859655));
#17789=CARTESIAN_POINT('',(141.229195250088,26.9724200902347,0.104960081642855));
#17790=CARTESIAN_POINT('',(139.678550513522,19.6140761731326,0.30940562715476));
#17791=CARTESIAN_POINT('',(140.327266678659,26.9724200902347,-6.73583847203801));
#17792=CARTESIAN_POINT('',(141.229195250088,26.9724200902347,0.104960081642866));
#17793=CARTESIAN_POINT('',(138.644253462823,18.9859421000698,-6.51394073692085));
#17794=CARTESIAN_POINT('Origin',(140.259440077278,27.1803317810525,0.232817946595924));
#17795=CARTESIAN_POINT('',(140.465567902473,28.1584793817863,0.205640918439021));
#17796=CARTESIAN_POINT('Origin',(140.259440077278,27.1803317810525,0.232817946595931));
#17797=CARTESIAN_POINT('',(139.563639331044,28.1584793817863,-6.63515763524184));
#17798=CARTESIAN_POINT('',(140.465567902473,28.1584793817863,0.205640918439032));
#17799=CARTESIAN_POINT('Origin',(139.35751150585,27.1803317810525,-6.60798060708493));
#17800=CARTESIAN_POINT('Origin',(122.961487033259,31.9112854010469,2.5134753808418));
#17801=CARTESIAN_POINT('',(123.931242206069,31.7033737102291,2.38561751588874));
#17802=CARTESIAN_POINT('',(121.067410805629,32.3173678866741,2.76320082630815));
#17803=CARTESIAN_POINT('',(123.02931363464,31.7033737102291,-4.45518103779213));
#17804=CARTESIAN_POINT('',(123.931242206069,31.7033737102291,2.38561751588874));
#17805=CARTESIAN_POINT('',(116.892752848528,33.0190281811924,-3.64610305371303));
#17806=CARTESIAN_POINT('Origin',(123.725114380875,30.7252261094953,2.41279454404563));
#17807=CARTESIAN_POINT('',(122.755359208065,30.933137800313,2.54065240899869));
#17808=CARTESIAN_POINT('Origin',(123.725114380875,30.7252261094953,2.41279454404563));
#17809=CARTESIAN_POINT('',(121.853430636637,30.9331378003131,-4.30014614468218));
#17810=CARTESIAN_POINT('',(122.755359208065,30.9331378003131,2.5406524089987));
#17811=CARTESIAN_POINT('Origin',(122.823185809446,30.7252261094953,-4.42800400963523));
#17812=CARTESIAN_POINT('Origin',(119.032563458675,13.2671883980014,3.03148631173964));
#17813=CARTESIAN_POINT('',(119.032563458512,13.2671883980363,3.03148631176112));
#17814=CARTESIAN_POINT('',(119.240252684207,14.2527453816883,3.00410341995951));
#17815=CARTESIAN_POINT('',(118.130634887084,13.2671883980363,-3.80931224191975));
#17816=CARTESIAN_POINT('',(119.032563458512,13.2671883980363,3.03148631176112));
#17817=CARTESIAN_POINT('',(118.205955633509,13.6246113086255,-3.8192429441161));
#17818=CARTESIAN_POINT('Origin',(0.992156741649225,75.2,0.125));
#17819=CARTESIAN_POINT('',(0.862500000000055,75.2,-6.84588151737998));
#17820=CARTESIAN_POINT('',(2.77555756156289E-15,75.2,3.64291929955129E-16));
#17821=CARTESIAN_POINT('',(1.85465674164927,76.2,-6.72088151737998));
#17822=CARTESIAN_POINT('Origin',(1.85465674164924,75.2,-6.72088151737971));
#17823=CARTESIAN_POINT('',(0.992156741649225,76.2,0.125));
#17824=CARTESIAN_POINT('Origin',(-3.85530340515614E-15,0.,-4.85722573273506E-16));
#17825=CARTESIAN_POINT('',(0.862500000000048,0.999999999999996,-6.84588151737998));
#17826=CARTESIAN_POINT('',(-4.16333634234434E-15,0.999999999999997,1.2490009027033E-15));
#17827=CARTESIAN_POINT('',(0.86250000000005,23.2171875,-6.84588151737998));
#17828=CARTESIAN_POINT('Origin',(0.992156741649215,0.999999999999997,0.125000000000001));
#17829=CARTESIAN_POINT('',(1.85465674164925,-1.49602567222442E-15,-6.72088151737998));
#17830=CARTESIAN_POINT('',(0.992156741649215,-3.19189119579733E-15,0.125000000000001));
#17831=CARTESIAN_POINT('Origin',(1.85465674164923,0.999999999999997,-6.72088151737971));
#17832=CARTESIAN_POINT('Origin',(37.8011718568353,1.66533453693774E-15,
4.7625));
#17833=CARTESIAN_POINT('',(37.6715151151861,3.10070851594017E-15,-2.20838151737981));
#17834=CARTESIAN_POINT('',(36.8090151151861,1.52655665885959E-15,4.6375));
#17835=CARTESIAN_POINT('',(48.1139648210442,4.44089209850063E-15,-0.892756517379755));
#17836=CARTESIAN_POINT('Origin',(36.8090151151861,1.,4.6375));
#17837=CARTESIAN_POINT('',(38.6636718568354,1.,-2.0833815173798));
#17838=CARTESIAN_POINT('',(37.8011718568353,1.,4.7625));
#17839=CARTESIAN_POINT('Origin',(37.6715151151861,1.,-2.20838151737971));
#17840=CARTESIAN_POINT('Origin',(37.8011718568353,14.2875,4.7625));
#17841=CARTESIAN_POINT('',(38.6636718568353,14.2875,-2.08338151737963));
#17842=CARTESIAN_POINT('',(37.8011718568353,14.2875,4.7625));
#17843=CARTESIAN_POINT('',(38.6636718568354,30.3609375,-2.0833815173798));
#17844=CARTESIAN_POINT('Origin',(55.7096010436038,15.2875,7.01875000000001));
#17845=CARTESIAN_POINT('',(57.564257785253,15.2875,0.297868482620287));
#17846=CARTESIAN_POINT('',(56.701757785253,15.2875,7.14375000000001));
#17847=CARTESIAN_POINT('',(56.5721010436038,14.2875,0.172868482620283));
#17848=CARTESIAN_POINT('Origin',(56.5721010436038,15.2875,0.172868482620289));
#17849=CARTESIAN_POINT('',(55.7096010436038,14.2875,7.01875000000001));
#17850=CARTESIAN_POINT('Origin',(56.701757785253,35.71875,7.14375000000001));
#17851=CARTESIAN_POINT('',(57.564257785253,35.71875,0.297868482620375));
#17852=CARTESIAN_POINT('',(56.701757785253,35.71875,7.14375000000001));
#17853=CARTESIAN_POINT('',(57.564257785253,41.0765625,0.297868482620287));
#17854=CARTESIAN_POINT('Origin',(76.5945004553199,34.3375,9.65000000000001));
#17855=CARTESIAN_POINT('',(77.4570004553199,33.3375,2.80411848262039));
#17856=CARTESIAN_POINT('',(76.5945004553199,33.3375,9.65000000000001));
#17857=CARTESIAN_POINT('',(76.4648437136707,34.3375,2.67911848262038));
#17858=CARTESIAN_POINT('Origin',(77.45700045532,34.3375,2.80411848262029));
#17859=CARTESIAN_POINT('',(75.6023437136707,34.3375,9.52500000000001));
#17860=CARTESIAN_POINT('Origin',(94.5029296420884,33.3375,11.90625));
#17861=CARTESIAN_POINT('',(95.3654296420884,33.3375,5.06036848262038));
#17862=CARTESIAN_POINT('',(94.5029296420884,33.3375,11.90625));
#17863=CARTESIAN_POINT('',(76.4648437136707,33.3375,2.67911848262038));
#17864=CARTESIAN_POINT('Origin',(95.4950863837376,31.95625,12.03125));
#17865=CARTESIAN_POINT('',(96.3575863837376,30.95625,5.18536848262048));
#17866=CARTESIAN_POINT('',(95.4950863837376,30.95625,12.03125));
#17867=CARTESIAN_POINT('',(95.3654296420884,31.95625,5.06036848262047));
#17868=CARTESIAN_POINT('Origin',(96.3575863837376,31.95625,5.18536848262029));
#17869=CARTESIAN_POINT('',(94.5029296420884,31.95625,11.90625));
#17870=CARTESIAN_POINT('Origin',(113.403515570506,30.95625,14.2875));
#17871=CARTESIAN_POINT('',(113.273858828857,30.95625,7.31661848262056));
#17872=CARTESIAN_POINT('',(112.411358828857,30.95625,14.1625));
#17873=CARTESIAN_POINT('',(85.9151366778795,30.95625,3.86974348262043));
#17874=CARTESIAN_POINT('Origin',(112.411358828857,31.95625,14.1625));
#17875=CARTESIAN_POINT('',(114.266015570506,31.95625,7.44161848262056));
#17876=CARTESIAN_POINT('',(113.403515570506,31.95625,14.2875));
#17877=CARTESIAN_POINT('Origin',(113.273858828857,31.95625,7.31661848262029));
#17878=CARTESIAN_POINT('Origin',(113.403515570506,88.10625,14.2875));
#17879=CARTESIAN_POINT('',(114.266015570506,87.10625,7.44161848262056));
#17880=CARTESIAN_POINT('',(113.403515570506,87.10625,14.2875));
#17881=CARTESIAN_POINT('',(114.266015570506,67.2703125,7.44161848262056));
#17882=CARTESIAN_POINT('Origin',(112.411358828857,87.10625,14.1625));
#17883=CARTESIAN_POINT('',(113.273858828857,88.10625,7.31661848262056));
#17884=CARTESIAN_POINT('',(112.411358828857,88.10625,14.1625));
#17885=CARTESIAN_POINT('Origin',(113.273858828857,87.10625,7.31661848262029));
#17886=CARTESIAN_POINT('Origin',(94.5029296420884,88.10625,11.90625));
#17887=CARTESIAN_POINT('',(95.3654296420884,88.10625,5.06036848262038));
#17888=CARTESIAN_POINT('',(94.5029296420884,88.10625,11.90625));
#17889=CARTESIAN_POINT('',(76.4648437136707,88.10625,2.67911848262038));
#17890=CARTESIAN_POINT('Origin',(93.5107729004392,89.4875,11.78125));
#17891=CARTESIAN_POINT('',(94.3732729004392,90.4875,4.93536848262046));
#17892=CARTESIAN_POINT('',(93.5107729004392,90.4875,11.78125));
#17893=CARTESIAN_POINT('',(95.3654296420884,89.4875,5.06036848262047));
#17894=CARTESIAN_POINT('Origin',(94.3732729004392,89.4875,4.93536848262029));
#17895=CARTESIAN_POINT('',(94.5029296420884,89.4875,11.90625));
#17896=CARTESIAN_POINT('Origin',(75.6023437136707,90.4875,9.52500000000001));
#17897=CARTESIAN_POINT('',(76.4648437136707,90.4875,2.67911848262038));
#17898=CARTESIAN_POINT('',(75.6023437136707,90.4875,9.52500000000001));
#17899=CARTESIAN_POINT('',(67.0145507494619,90.4875,1.48849348262033));
#17900=CARTESIAN_POINT('Origin',(74.6101869720215,91.86875,9.40000000000001));
#17901=CARTESIAN_POINT('',(75.4726869720215,92.86875,2.55411848262037));
#17902=CARTESIAN_POINT('',(74.6101869720215,92.86875,9.40000000000001));
#17903=CARTESIAN_POINT('',(76.4648437136707,91.86875,2.67911848262038));
#17904=CARTESIAN_POINT('Origin',(75.4726869720215,91.86875,2.55411848262029));
#17905=CARTESIAN_POINT('',(75.6023437136707,91.86875,9.52500000000001));
#17906=CARTESIAN_POINT('Origin',(56.701757785253,92.86875,7.14375000000001));
#17907=CARTESIAN_POINT('',(58.5564145269023,92.86875,0.422868482620292));
#17908=CARTESIAN_POINT('',(57.6939145269022,92.86875,7.26875000000001));
#17909=CARTESIAN_POINT('',(57.564257785253,92.86875,0.297868482620289));
#17910=CARTESIAN_POINT('Origin',(57.6939145269022,91.86875,7.26875000000001));
#17911=CARTESIAN_POINT('',(57.564257785253,91.86875,0.297868482620287));
#17912=CARTESIAN_POINT('',(56.701757785253,91.86875,7.14375000000001));
#17913=CARTESIAN_POINT('Origin',(58.5564145269023,91.86875,0.422868482620288));
#17914=CARTESIAN_POINT('Origin',(56.701757785253,90.4875,7.14375000000001));
#17915=CARTESIAN_POINT('',(57.564257785253,90.4875,0.297868482620375));
#17916=CARTESIAN_POINT('',(56.701757785253,90.4875,7.14375000000001));
#17917=CARTESIAN_POINT('',(57.564257785253,68.4609375,0.297868482620287));
#17918=CARTESIAN_POINT('Origin',(38.7933285984846,89.4875,4.8875));
#17919=CARTESIAN_POINT('',(38.6636718568354,89.4875,-2.0833815173798));
#17920=CARTESIAN_POINT('',(37.8011718568354,89.4875,4.7625));
#17921=CARTESIAN_POINT('',(39.6558285984846,90.4875,-1.9583815173798));
#17922=CARTESIAN_POINT('Origin',(39.6558285984846,89.4875,-1.95838151737971));
#17923=CARTESIAN_POINT('',(38.7933285984846,90.4875,4.8875));
#17924=CARTESIAN_POINT('Origin',(37.8011718568354,76.2,4.7625));
#17925=CARTESIAN_POINT('',(38.6636718568353,76.2,-2.08338151737963));
#17926=CARTESIAN_POINT('',(37.8011718568354,76.2,4.7625));
#17927=CARTESIAN_POINT('',(38.6636718568354,61.3171875,-2.0833815173798));
#17928=CARTESIAN_POINT('Origin',(124.664104286098,39.7288160901584,2.28899294147551));
#17929=CARTESIAN_POINT('',(125.076359936487,41.685111291626,2.23463888516162));
#17930=CARTESIAN_POINT('',(122.724593940479,40.1446394717941,2.54470867138156));
#17931=CARTESIAN_POINT('Origin',(124.664104286099,39.7288160901584,2.28899294147565));
#17932=CARTESIAN_POINT('',(125.290001198025,41.685111291626,3.85502976669472));
#17933=CARTESIAN_POINT('',(125.076359936487,41.685111291626,2.23463888516172));
#17934=CARTESIAN_POINT('',(122.960733439234,40.1446394717941,4.33574045895648));
#17935=CARTESIAN_POINT('Origin',(124.881689403204,39.7288160901584,3.93929652598258));
#17936=CARTESIAN_POINT('',(122.724593940479,40.1446394717941,2.54470867138162));
#17937=CARTESIAN_POINT('Origin',(123.136849590868,42.1009346732615,2.49035461506774));
#17938=CARTESIAN_POINT('',(119.523901440007,24.95625,2.96670560520164));
#17939=CARTESIAN_POINT('',(121.265413727666,32.0220580064522,4.68561792970979));
#17940=CARTESIAN_POINT('',(120.727060738336,29.4427120676843,4.7967223904166));
#17941=CARTESIAN_POINT('',(120.703945746468,26.6626343370807,9.14213187183825));
#17942=CARTESIAN_POINT('Origin',(122.849177565773,41.0707665605065,8.11488217645132));
#17943=CARTESIAN_POINT('',(121.719757930114,43.3658751095257,14.093666660348));
#17944=CARTESIAN_POINT('Origin',(122.125369760151,41.3829180344501,13.8599285284968));
#17945=CARTESIAN_POINT('',(121.265413727666,40.8980243475001,4.68561792970979));
#17946=CARTESIAN_POINT('',(120.864864082474,41.0707665605065,7.86488217645133));
#17947=CARTESIAN_POINT('',(122.948831612632,42.8358211938265,4.3381967395981));
#17948=CARTESIAN_POINT('Origin',(123.335037026455,40.8612333866396,4.25849226116992));
#17949=CARTESIAN_POINT('',(122.492112571623,43.0327871849668,7.96329174421696));
#17950=CARTESIAN_POINT('Origin',(121.515051260236,0.,2.70418144244954));
#17951=CARTESIAN_POINT('',(121.265413727666,16.9579466328718,4.68561792970979));
#17952=CARTESIAN_POINT('Origin',(158.693705420233,34.4776847820251,-2.19765716177584));
#17953=CARTESIAN_POINT('',(147.408520869194,36.8971839164296,-0.709756253635532));
#17954=CARTESIAN_POINT('',(143.75659461012,37.6801425275871,-0.22826617496098));
#17955=CARTESIAN_POINT('',(146.211869166297,37.1562194003613,-0.462793118407892));
#17956=CARTESIAN_POINT('Origin',(115.659789454478,16.0504673366296,3.4761714191121));
#17957=CARTESIAN_POINT('',(139.680995227669,0.22741039726532,0.309083302572221));
#17958=CARTESIAN_POINT('',(117.071384428337,3.96071771007841,3.290058960425));
#17959=CARTESIAN_POINT('',(124.414226221718,2.38644134066638,2.32193824221345));
#17960=CARTESIAN_POINT('',(116.365586941408,3.96071771007838,3.38311518976855));
#17961=CARTESIAN_POINT('',(96.223657518903,13.2671663343562,6.03873813894606));
#17962=CARTESIAN_POINT('',(95.3803732891859,17.2688407577327,6.1499213779566));
#17963=CARTESIAN_POINT('Origin',(97.1934118194535,13.4750821643011,5.91088038899641));
#17964=CARTESIAN_POINT('',(117.071384428337,13.4750821643011,3.290058960425));
#17965=CARTESIAN_POINT('',(117.071384428337,19.5305925233539,3.290058960425));
#17966=CARTESIAN_POINT('Origin',(118.062804508581,13.4750821643011,3.15934467471071));
#17967=CARTESIAN_POINT('Origin',(119.951750065391,43.1228357012763,15.1125));
#17968=CARTESIAN_POINT('',(147.408520869194,46.8971839164296,-0.709756253635523));
#17969=CARTESIAN_POINT('',(126.040717710172,43.3492075581162,3.700098049255));
#17970=CARTESIAN_POINT('',(122.991403420297,43.5406820058091,13.3608674191983));
#17971=CARTESIAN_POINT('Origin',(134.371458911083,42.1222030593531,1.98081251214561));
#17972=CARTESIAN_POINT('',(147.408520869194,69.8829669582148,-0.70975625363553));
#17973=CARTESIAN_POINT('Origin',(119.951750065391,102.86875,15.1125));
#17974=CARTESIAN_POINT('',(147.408520869194,69.8829669582148,-0.70975625363553));
#17975=CARTESIAN_POINT('Origin',(147.408520869194,36.8971839164296,0.));
#17976=CARTESIAN_POINT('',(147.408520869194,36.8971839164296,0.));
#17977=CARTESIAN_POINT('Origin',(143.217054129368,95.4687500000001,-10.));
#17978=CARTESIAN_POINT('Origin',(-1.36067210283322,-2.6,-10.));
#17979=CARTESIAN_POINT('',(-1.36067210283322,-2.6,-10.));
#17980=CARTESIAN_POINT('Origin',(118.309642537103,56.3571029610859,7.34632443763084));
#17981=CARTESIAN_POINT('',(117.615132817948,55.1446673957877,7.25882443763085));
#17982=CARTESIAN_POINT('',(117.615132817948,55.1446673957877,7.25882443763085));
#17983=CARTESIAN_POINT('Origin',(118.309642537103,56.3571029610859,7.34632443763084));
#17984=CARTESIAN_POINT('Origin',(117.615132817948,55.1446673957877,7.25882443763085));
#17985=CARTESIAN_POINT('',(121.087681413721,53.123941453624,7.69632443763085));
#17986=CARTESIAN_POINT('',(121.087681413721,53.123941453624,7.69632443763085));
#17987=CARTESIAN_POINT('',(117.615132817948,55.1446673957877,7.25882443763085));
#17988=CARTESIAN_POINT('Origin',(119.301799278752,50.00625,7.47132443763086));
#17989=CARTESIAN_POINT('',(121.087681413721,46.888558546376,7.69632443763085));
#17990=CARTESIAN_POINT('',(121.087681413721,46.888558546376,7.69632443763085));
#17991=CARTESIAN_POINT('Origin',(119.301799278752,50.00625,7.47132443763086));
#17992=CARTESIAN_POINT('Origin',(121.087681413721,46.888558546376,7.69632443763085));
#17993=CARTESIAN_POINT('',(117.615132817948,44.8678326042123,7.25882443763085));
#17994=CARTESIAN_POINT('Origin',(-1.64210752828798,-2.6,-7.76617556236915));
#17995=CARTESIAN_POINT('',(-1.71710752828794,84.2,-7.17088151738));
#17996=CARTESIAN_POINT('',(-1.71710752828799,-2.6,-7.17088151737963));
#17997=CARTESIAN_POINT('',(-1.64210752828798,84.2,-7.76617556236915));
#17998=CARTESIAN_POINT('',(-1.67960752828795,84.2,-7.46852853987457));
#17999=CARTESIAN_POINT('',(-1.64210752828798,78.2,-7.76617556236915));
#18000=CARTESIAN_POINT('',(-1.64210752828798,39.3,-7.76617556236915));
#18001=CARTESIAN_POINT('',(-1.71710752828794,78.2,-7.17088151738));
#18002=CARTESIAN_POINT('',(-1.67960752828795,78.2,-7.46852853987457));
#18003=CARTESIAN_POINT('',(-1.71710752828799,-2.6,-7.17088151737963));
#18004=CARTESIAN_POINT('Origin',(1.85465674164926,78.2,-6.72088151737998));
#18005=CARTESIAN_POINT('',(1.92965674164922,78.2,-7.31617556236915));
#18006=CARTESIAN_POINT('',(1.78083323040184,78.2,-7.33492556236915));
#18007=CARTESIAN_POINT('',(1.85465674164926,78.2,-6.72088151737998));
#18008=CARTESIAN_POINT('',(1.85465674164926,78.2,-6.72088151737998));
#18009=CARTESIAN_POINT('',(29.7094572634511,78.2,-3.21150651737984));
#18010=CARTESIAN_POINT('Origin',(1.85465674164926,81.2,-6.72088151737998));
#18011=CARTESIAN_POINT('',(1.92965674164922,84.2,-7.31617556236915));
#18012=CARTESIAN_POINT('Origin',(1.92965674164922,81.2,-7.31617556236915));
#18013=CARTESIAN_POINT('',(1.85465674164926,84.2,-6.72088151737998));
#18014=CARTESIAN_POINT('',(1.85465674164926,84.2,-6.72088151737998));
#18015=CARTESIAN_POINT('Origin',(1.85465674164927,81.2,-6.72088151738001));
#18016=CARTESIAN_POINT('Origin',(-1.71710752828794,84.2,-7.17088151738));
#18017=CARTESIAN_POINT('',(-0.00504890456676505,84.2,-7.55992556236915));
#18018=CARTESIAN_POINT('',(27.9235751284825,84.2,-3.43650651737985));
#18019=CARTESIAN_POINT('Origin',(1.63200971915445,81.2,-7.35367556236915));
#18020=CARTESIAN_POINT('Origin',(116.920623098794,28.35625,7.17132443763085));
#18021=CARTESIAN_POINT('',(116.845623098794,28.35625,7.76661848262038));
#18022=CARTESIAN_POINT('',(116.401991572122,28.35625,-3.58139838312993));
#18023=CARTESIAN_POINT('Origin',(69.8468032436515,11.5053588550392,1.95150164377127));
#18024=CARTESIAN_POINT('',(68.062247099213,14.6230503086632,2.18678735805698));
#18025=CARTESIAN_POINT('',(68.062247099213,14.6230503086632,2.18678735805698));
#18026=CARTESIAN_POINT('',(68.062247099213,8.38766740141523,2.18678735805699));
#18027=CARTESIAN_POINT('Origin',(69.8468032436515,11.5053588550392,1.95150164377127));
#18028=CARTESIAN_POINT('',(68.062247099213,8.38766740141523,2.18678735805699));
#18029=CARTESIAN_POINT('Origin',(68.062247099213,14.6230503086632,2.18678735805698));
#18030=CARTESIAN_POINT('',(71.5334833690679,16.6445134954176,1.72912044309181));
#18031=CARTESIAN_POINT('',(71.5334833690679,16.6445134954176,1.72912044309181));
#18032=CARTESIAN_POINT('',(71.5334833690679,16.6445134954176,1.72912044309181));
#18033=CARTESIAN_POINT('Origin',(70.8407553018997,17.8547373269436,1.82045352812664));
#18034=CARTESIAN_POINT('Origin',(70.8407553018997,17.8547373269436,1.82045352812664));
#18035=CARTESIAN_POINT('Origin',(107.947665153164,16.1975197795405,-2.46673340803888));
#18036=CARTESIAN_POINT('',(143.590690298663,29.9531810567503,-7.16610622228078));
#18037=CARTESIAN_POINT('',(116.169455856909,3.96071771007841,-3.55073959325585));
#18038=CARTESIAN_POINT('',(112.058560505036,3.96071771007838,-3.00873650064737));
#18039=CARTESIAN_POINT('',(120.239568264617,3.08810163518466,-4.08736563780773));
#18040=CARTESIAN_POINT('',(116.169455856909,13.4750821643011,-3.55073959325585));
#18041=CARTESIAN_POINT('Origin',(117.160875937152,13.4750821643011,-3.68145387897015));
#18042=CARTESIAN_POINT('',(116.169455856909,19.6041187448094,-3.55073959325587));
#18043=CARTESIAN_POINT('',(95.3217289474745,13.2671663343562,-0.802060414734805));
#18044=CARTESIAN_POINT('Origin',(96.2914832480249,13.4750821643011,-0.929918164684453));
#18045=CARTESIAN_POINT('',(94.3164270194316,18.0376705978792,-0.669515869723168));
#18046=CARTESIAN_POINT('Origin',(117.071384428337,23.0107177100783,3.290058960425));
#18047=CARTESIAN_POINT('',(117.071384428337,13.4750821643011,3.290058960425));
#18048=CARTESIAN_POINT('Origin',(118.062804508581,13.4750821643011,3.15934467471074));
#18049=CARTESIAN_POINT('Origin',(135.54522047036,1.83186799063151E-14,0.85436663306918));
#18050=CARTESIAN_POINT('',(117.071384428337,3.96071771007841,3.290058960425));
#18051=CARTESIAN_POINT('Origin',(117.071384428337,3.96071771007838,3.290058960425));
#18052=CARTESIAN_POINT('Origin',(104.894976341005,14.9108319565745,-2.66944259904206));
#18053=CARTESIAN_POINT('',(126.915262884934,34.2271506773146,-5.57271850011764));
#18054=CARTESIAN_POINT('Origin',(125.883786701424,35.1639335262166,-5.43672299705535));
#18055=CARTESIAN_POINT('',(126.915262884934,34.2271506773146,-5.57271850011764));
#18056=CARTESIAN_POINT('Origin',(104.894976341005,14.9108319565745,-2.66944259904206));
#18057=CARTESIAN_POINT('',(71.5334833690679,6.36620421466082,1.72912044309181));
#18058=CARTESIAN_POINT('Origin',(70.8407553018998,5.15598038313481,1.82045352812663));
#18059=CARTESIAN_POINT('',(71.5334833690679,6.36620421466082,1.72912044309181));
#18060=CARTESIAN_POINT('Origin',(143.512261727235,29.9531810567503,-7.7609582704268));
#18061=CARTESIAN_POINT('Origin',(126.915262884934,34.2271506773146,-5.57271850011764));
#18062=CARTESIAN_POINT('',(126.915262884934,34.2271506773146,-5.57271850011764));
#18063=CARTESIAN_POINT('Origin',(125.883786701424,35.1639335262166,-5.43672299705535));
#18064=CARTESIAN_POINT('Origin',(71.5334833690679,6.36620421466082,1.72912044309181));
#18065=CARTESIAN_POINT('',(71.5334833690679,6.36620421466082,1.72912044309181));
#18066=CARTESIAN_POINT('Origin',(70.8407553018998,5.15598038313481,1.82045352812663));
#18067=CARTESIAN_POINT('Origin',(120.766013072217,-6.8000009547868,-4.7619675248595));
#18068=CARTESIAN_POINT('',(118.762624249942,-3.29999999995065,-4.49782970464575));
#18069=CARTESIAN_POINT('Origin',(104.894976341005,14.9108319565745,-2.66944259904206));
#18070=CARTESIAN_POINT('Origin',(57.564257785253,46.434375,0.297868482620287));
#18071=CARTESIAN_POINT('',(95.3654296420885,38.6953124999997,5.06036848262048));
#18072=CARTESIAN_POINT('',(95.3654296420884,68.4609375,5.06036848262047));
#18073=CARTESIAN_POINT('',(76.4648437136707,69.6515625,2.67911848262038));
#18074=CARTESIAN_POINT('',(48.1139648210442,90.4875,-0.892756517379755));
#18075=CARTESIAN_POINT('',(29.2133788926266,76.2,-3.27400651737984));
#18076=CARTESIAN_POINT('',(57.564257785253,14.2875,0.297868482620289));
#18077=CARTESIAN_POINT('',(76.4648437136707,35.71875,2.67911848262038));
#18078=CARTESIAN_POINT('',(67.0145507494619,35.71875,1.48849348262033));
#18079=CARTESIAN_POINT('',(76.4648437136707,39.8859375,2.67911848262038));
#18080=CARTESIAN_POINT('Origin',(37.8011718568354,90.4875,4.7625));
#18081=CARTESIAN_POINT('Origin',(75.6023437136707,92.86875,9.52500000000001));
#18082=CARTESIAN_POINT('Origin',(94.5029296420884,90.4875,11.90625));
#18083=CARTESIAN_POINT('Origin',(60.6157280102007,46.434375,0.0775744376308507));
#18084=CARTESIAN_POINT('',(90.34231418145,96.16875,3.8227722631574));
#18085=CARTESIAN_POINT('Origin',(89.1393880615241,96.86875,3.67121781749512));
#18086=CARTESIAN_POINT('',(92.3471910479932,99.66875,4.07536300592786));
#18087=CARTESIAN_POINT('',(90.34231418145,96.16875,3.8227722631574));
#18088=CARTESIAN_POINT('',(98.5336682361836,99.66875,4.85478586933385));
#18089=CARTESIAN_POINT('Origin',(95.4404296420884,97.8687500000001,4.46507443763085));
#18090=CARTESIAN_POINT('',(100.538545102727,96.16875,5.10737661210431));
#18091=CARTESIAN_POINT('',(100.538545102727,96.16875,5.10737661210431));
#18092=CARTESIAN_POINT('Origin',(101.741471222653,96.86875,5.25893105776659));
#18093=CARTESIAN_POINT('Origin',(60.6157280102007,46.434375,0.0775744376308507));
#18094=CARTESIAN_POINT('Origin',(13.5370443478534,-3.99999999999998,-5.85378218250489));
#18095=CARTESIAN_POINT('Origin',(13.5370443478534,-3.99999999999998,-5.85378218250489));
#18096=CARTESIAN_POINT('Origin',(101.741471222653,96.86875,5.25893105776659));
#18097=CARTESIAN_POINT('',(100.538545102727,96.16875,5.10737661210431));
#18098=CARTESIAN_POINT('Origin',(98.5336682361836,99.66875,4.85478586933385));
#18099=CARTESIAN_POINT('',(98.5336682361836,99.66875,4.85478586933385));
#18100=CARTESIAN_POINT('Origin',(95.4404296420884,97.8687500000001,4.46507443763085));
#18101=CARTESIAN_POINT('',(92.3471910479932,99.66875,4.07536300592786));
#18102=CARTESIAN_POINT('Origin',(90.34231418145,96.16875,3.8227722631574));
#18103=CARTESIAN_POINT('',(90.34231418145,96.16875,3.8227722631574));
#18104=CARTESIAN_POINT('Origin',(89.1393880615241,96.86875,3.67121781749512));
#18105=CARTESIAN_POINT('Origin',(60.6157280102007,46.434375,0.0775744376308507));
#18106=CARTESIAN_POINT('Origin',(97.1934118194535,13.4750821643011,5.91088038899644));
#18107=CARTESIAN_POINT('',(96.223657518903,13.2671663343562,6.03873813894606));
#18108=CARTESIAN_POINT('Origin',(94.258096829749,22.5944295040574,6.29788848967095));
#18109=CARTESIAN_POINT('Origin',(137.525743953756,-9.99999999999996,0.));
#18110=CARTESIAN_POINT('Origin',(4.44089209850063E-15,76.2,5.55111512312578E-16));
#18111=CARTESIAN_POINT('Origin',(56.701757785253,14.2875,7.14375000000001));
#18112=CARTESIAN_POINT('Origin',(75.6023437136707,35.71875,9.52500000000001));
#18113=CARTESIAN_POINT('',(75.6023437136707,35.71875,9.52500000000001));
#18114=CARTESIAN_POINT('Origin',(75.6023437136707,33.3375,9.52500000000001));
#18115=CARTESIAN_POINT('Origin',(94.5029296420884,30.95625,11.90625));
#18116=CARTESIAN_POINT('Origin',(-4.00000000000002,102.86875,0.));
#18117=CARTESIAN_POINT('',(0.,0.,0.));
#18118=CARTESIAN_POINT('Origin',(59.4564145269023,7.50535885503916,-6.72066005725401));
#18119=CARTESIAN_POINT('',(59.4564145269023,8.50535885503916,-6.72066005725401));
#18120=CARTESIAN_POINT('',(59.4564145269023,7.50535885503916,-6.72066005725401));
#18121=CARTESIAN_POINT('',(59.4564145269023,26.9698669275196,-6.72066005725401));
#18122=CARTESIAN_POINT('',(60.2814145269023,8.50535885503916,-13.2688945521389));
#18123=CARTESIAN_POINT('',(59.4564145269023,8.50535885503916,-6.72066005725401));
#18124=CARTESIAN_POINT('',(60.2814145269023,7.50535885503916,-13.2688945521389));
#18125=CARTESIAN_POINT('',(60.2814145269023,15.5053588550392,-13.2688945521389));
#18126=CARTESIAN_POINT('',(59.4564145269023,7.50535885503916,-6.72066005725401));
#18127=CARTESIAN_POINT('Origin',(55.4877875603054,7.50535885503916,-7.22066005725401));
#18128=CARTESIAN_POINT('',(55.4877875603054,7.50535885503916,-7.22066005725401));
#18129=CARTESIAN_POINT('',(56.9760226727792,7.50535885503916,-7.03316005725402));
#18130=CARTESIAN_POINT('',(56.3127875603054,7.50535885503916,-13.7688945521389));
#18131=CARTESIAN_POINT('',(60.2814145269023,7.50535885503916,-13.2688945521389));
#18132=CARTESIAN_POINT('',(55.4877875603054,7.50535885503916,-7.22066005725401));
#18133=CARTESIAN_POINT('Origin',(55.4877875603054,15.5053588550392,-7.22066005725401));
#18134=CARTESIAN_POINT('',(55.4877875603054,15.5053588550392,-7.22066005725401));
#18135=CARTESIAN_POINT('',(55.4877875603054,30.9698669275196,-7.22066005725401));
#18136=CARTESIAN_POINT('',(56.3127875603054,15.5053588550392,-13.7688945521389));
#18137=CARTESIAN_POINT('',(56.3127875603054,7.50535885503916,-13.7688945521389));
#18138=CARTESIAN_POINT('',(55.4877875603054,15.5053588550392,-7.22066005725401));
#18139=CARTESIAN_POINT('Origin',(59.4564145269023,15.5053588550392,-6.72066005725401));
#18140=CARTESIAN_POINT('',(59.4564145269023,15.5053588550392,-6.72066005725401));
#18141=CARTESIAN_POINT('',(58.9603361560776,15.5053588550392,-6.78316005725402));
#18142=CARTESIAN_POINT('',(60.2814145269023,15.5053588550392,-13.2688945521389));
#18143=CARTESIAN_POINT('',(56.3127875603054,15.5053588550392,-13.7688945521389));
#18144=CARTESIAN_POINT('',(59.4564145269023,15.5053588550392,-6.72066005725401));
#18145=CARTESIAN_POINT('Origin',(59.4564145269023,14.5053588550392,-6.72066005725401));
#18146=CARTESIAN_POINT('',(59.4564145269023,14.5053588550392,-6.72066005725401));
#18147=CARTESIAN_POINT('',(59.4564145269023,30.4698669275196,-6.72066005725401));
#18148=CARTESIAN_POINT('',(60.2814145269023,14.5053588550392,-13.2688945521389));
#18149=CARTESIAN_POINT('',(60.2814145269023,15.5053588550392,-13.2688945521389));
#18150=CARTESIAN_POINT('',(59.4564145269023,14.5053588550392,-6.72066005725401));
#18151=CARTESIAN_POINT('Origin',(60.4485712685515,14.5053588550392,-6.59566005725401));
#18152=CARTESIAN_POINT('',(60.4485712685515,14.5053588550392,-6.59566005725401));
#18153=CARTESIAN_POINT('',(59.4564145269023,14.5053588550392,-6.72066005725401));
#18154=CARTESIAN_POINT('',(61.2735712685515,14.5053588550392,-13.1438945521389));
#18155=CARTESIAN_POINT('',(60.2814145269023,14.5053588550392,-13.2688945521389));
#18156=CARTESIAN_POINT('',(60.4485712685515,14.5053588550392,-6.59566005725401));
#18157=CARTESIAN_POINT('Origin',(54.4956308186562,16.5053588550392,-7.34566005725401));
#18158=CARTESIAN_POINT('',(60.4485712685515,16.5053588550392,-6.59566005725401));
#18159=CARTESIAN_POINT('',(54.4956308186562,16.5053588550392,-7.34566005725401));
#18160=CARTESIAN_POINT('',(56.4799443019546,16.5053588550392,-7.09566005725402));
#18161=CARTESIAN_POINT('',(61.2735712685515,16.5053588550392,-13.1438945521389));
#18162=CARTESIAN_POINT('',(60.4485712685515,16.5053588550392,-6.59566005725401));
#18163=CARTESIAN_POINT('',(55.3206308186562,16.5053588550392,-13.8938945521389));
#18164=CARTESIAN_POINT('',(55.3206308186562,16.5053588550392,-13.8938945521389));
#18165=CARTESIAN_POINT('',(54.4956308186562,16.5053588550392,-7.34566005725401));
#18166=CARTESIAN_POINT('Origin',(54.4956308186562,6.50535885503916,-7.34566005725401));
#18167=CARTESIAN_POINT('',(54.4956308186562,6.50535885503916,-7.34566005725401));
#18168=CARTESIAN_POINT('',(54.4956308186562,26.4698669275196,-7.34566005725401));
#18169=CARTESIAN_POINT('',(55.3206308186562,6.50535885503916,-13.8938945521389));
#18170=CARTESIAN_POINT('',(55.3206308186562,6.50535885503916,-13.8938945521389));
#18171=CARTESIAN_POINT('',(54.4956308186562,6.50535885503916,-7.34566005725401));
#18172=CARTESIAN_POINT('Origin',(60.4485712685515,6.50535885503916,-6.59566005725401));
#18173=CARTESIAN_POINT('',(60.4485712685515,6.50535885503916,-6.59566005725401));
#18174=CARTESIAN_POINT('',(59.4564145269023,6.50535885503915,-6.72066005725402));
#18175=CARTESIAN_POINT('',(61.2735712685515,6.50535885503916,-13.1438945521389));
#18176=CARTESIAN_POINT('',(61.2735712685515,6.50535885503916,-13.1438945521389));
#18177=CARTESIAN_POINT('',(60.4485712685515,6.50535885503916,-6.59566005725401));
#18178=CARTESIAN_POINT('Origin',(59.4564145269023,8.50535885503916,-6.72066005725401));
#18179=CARTESIAN_POINT('',(60.4485712685515,8.50535885503916,-6.59566005725401));
#18180=CARTESIAN_POINT('',(58.9603361560776,8.50535885503916,-6.78316005725402));
#18181=CARTESIAN_POINT('',(61.2735712685515,8.50535885503916,-13.1438945521389));
#18182=CARTESIAN_POINT('',(60.4485712685515,8.50535885503916,-6.59566005725401));
#18183=CARTESIAN_POINT('',(60.2814145269023,8.50535885503916,-13.2688945521389));
#18184=CARTESIAN_POINT('Origin',(58.2971010436038,11.5053588550392,-13.5188945521389));
#18185=CARTESIAN_POINT('',(61.2735712685515,16.5053588550392,-13.1438945521389));
#18186=CARTESIAN_POINT('',(61.2735712685515,16.5053588550392,-13.1438945521389));
#18187=CARTESIAN_POINT('Origin',(58.464257785253,46.434375,-6.84566005725402));
#18188=CARTESIAN_POINT('',(60.4485712685515,-1.99999999999998,-6.59566005725401));
#18189=CARTESIAN_POINT('',(60.4485712685515,-1.99999999999998,-6.59566005725402));
#18190=CARTESIAN_POINT('',(-0.221813483298443,-1.99999999999999,-14.239410057254));
#18191=CARTESIAN_POINT('',(-0.221813483298448,-1.99999999999999,-14.239410057254));
#18192=CARTESIAN_POINT('',(-0.221813483298439,78.2,-14.239410057254));
#18193=CARTESIAN_POINT('',(-0.22181348329844,94.86875,-14.239410057254));
#18194=CARTESIAN_POINT('',(2.75465674164922,78.2,-13.864410057254));
#18195=CARTESIAN_POINT('',(2.75465674164922,78.2,-13.864410057254));
#18196=CARTESIAN_POINT('',(2.75465674164923,84.2,-13.864410057254));
#18197=CARTESIAN_POINT('Origin',(2.75465674164922,81.2,-13.864410057254));
#18198=CARTESIAN_POINT('',(-0.221813483298439,84.2,-14.239410057254));
#18199=CARTESIAN_POINT('',(2.75465674164923,84.2,-13.864410057254));
#18200=CARTESIAN_POINT('',(-0.221813483298434,94.86875,-14.239410057254));
#18201=CARTESIAN_POINT('',(-0.22181348329844,94.86875,-14.239410057254));
#18202=CARTESIAN_POINT('',(117.150329053805,94.86875,0.548089942745993));
#18203=CARTESIAN_POINT('',(117.150329053805,94.86875,0.548089942745991));
#18204=CARTESIAN_POINT('',(117.150329053804,82.7883008075689,0.548089942745991));
#18205=CARTESIAN_POINT('',(117.150329053805,28.95625,0.548089942745991));
#18206=CARTESIAN_POINT('',(120.126799278752,81.05625,0.923089942745991));
#18207=CARTESIAN_POINT('',(120.658174827513,80.7470349302036,0.990036969165156));
#18208=CARTESIAN_POINT('',(120.126799278752,57.05625,0.923089942745991));
#18209=CARTESIAN_POINT('',(120.126799278752,75.05625,0.923089942745991));
#18210=CARTESIAN_POINT('',(117.150329053804,55.3241991924311,0.548089942745991));
#18211=CARTESIAN_POINT('',(122.146409939987,58.2314904735808,1.17753696916516));
#18212=CARTESIAN_POINT('',(117.150329053805,28.95625,0.548089942745993));
#18213=CARTESIAN_POINT('',(117.150329053805,28.95625,0.548089942745991));
#18214=CARTESIAN_POINT('',(60.4485712685515,28.95625,-6.59566005725401));
#18215=CARTESIAN_POINT('',(60.4485712685515,28.95625,-6.59566005725402));
#18216=CARTESIAN_POINT('',(60.4485712685515,-1.99999999999998,-6.59566005725402));
#18217=CARTESIAN_POINT('',(20.6630859284177,18.25,-11.608160057254));
#18218=CARTESIAN_POINT('Origin',(20.6630859284177,19.05,-11.608160057254));
#18219=CARTESIAN_POINT('',(20.6630859284177,90.06875,-11.608160057254));
#18220=CARTESIAN_POINT('Origin',(20.6630859284177,90.86875,-11.608160057254));
#18221=CARTESIAN_POINT('',(96.2654296420884,69.446875,-2.083160057254));
#18222=CARTESIAN_POINT('Origin',(96.2654296420884,70.246875,-2.083160057254));
#18223=CARTESIAN_POINT('',(58.464257785253,32.15625,-6.84566005725401));
#18224=CARTESIAN_POINT('Origin',(58.464257785253,32.95625,-6.84566005725402));
#18225=CARTESIAN_POINT('',(96.2654296420884,32.15625,-2.083160057254));
#18226=CARTESIAN_POINT('Origin',(96.2654296420884,32.95625,-2.083160057254));
#18227=CARTESIAN_POINT('',(58.464257785253,90.06875,-6.84566005725401));
#18228=CARTESIAN_POINT('Origin',(58.464257785253,90.86875,-6.84566005725402));
#18229=CARTESIAN_POINT('Origin',(119.926799278752,57.05625,2.51054072938475));
#18230=CARTESIAN_POINT('',(119.926799278752,57.05625,2.51054072938475));
#18231=CARTESIAN_POINT('',(119.926799278752,57.05625,2.51054072938475));
#18232=CARTESIAN_POINT('',(116.950329053804,55.3241991924311,2.13554072938475));
#18233=CARTESIAN_POINT('',(119.926799278752,57.05625,2.51054072938475));
#18234=CARTESIAN_POINT('',(116.950329053804,55.3241991924311,2.13554072938476));
#18235=CARTESIAN_POINT('Origin',(119.926799278752,81.05625,2.51054072938475));
#18236=CARTESIAN_POINT('',(119.926799278752,81.05625,2.51054072938475));
#18237=CARTESIAN_POINT('',(119.926799278752,81.05625,2.51054072938475));
#18238=CARTESIAN_POINT('',(119.926799278752,81.05625,2.51054072938475));
#18239=CARTESIAN_POINT('Origin',(116.950329053804,82.7883008075689,2.13554072938475));
#18240=CARTESIAN_POINT('',(116.950329053804,82.7883008075689,2.13554072938475));
#18241=CARTESIAN_POINT('',(116.950329053804,82.7883008075689,2.13554072938474));
#18242=CARTESIAN_POINT('',(116.950329053804,82.7883008075689,2.13554072938475));
#18243=CARTESIAN_POINT('Origin',(116.950329053804,94.86875,2.13554072938475));
#18244=CARTESIAN_POINT('',(116.950329053804,94.86875,2.13554072938475));
#18245=CARTESIAN_POINT('',(116.950329053804,94.86875,2.13554072938475));
#18246=CARTESIAN_POINT('',(116.950329053804,28.95625,2.13554072938475));
#18247=CARTESIAN_POINT('Origin',(116.950329053804,94.86875,2.13554072938475));
#18248=CARTESIAN_POINT('',(116.950329053804,28.95625,2.13554072938475));
#18249=CARTESIAN_POINT('',(116.950329053804,28.95625,2.13554072938475));
#18250=CARTESIAN_POINT('',(116.950329053804,28.95625,2.13554072938475));
#18251=CARTESIAN_POINT('Origin',(58.264257785253,90.86875,-5.25820927061526));
#18252=CARTESIAN_POINT('',(58.264257785253,90.06875,-5.25820927061526));
#18253=CARTESIAN_POINT('',(58.264257785253,90.06875,-5.25820927061526));
#18254=CARTESIAN_POINT('Origin',(58.264257785253,90.86875,-5.25820927061526));
#18255=CARTESIAN_POINT('Origin',(96.0654296420884,32.95625,-0.495709270615246));
#18256=CARTESIAN_POINT('',(96.0654296420884,32.15625,-0.495709270615246));
#18257=CARTESIAN_POINT('',(96.0654296420884,32.15625,-0.495709270615246));
#18258=CARTESIAN_POINT('Origin',(96.0654296420884,32.95625,-0.495709270615246));
#18259=CARTESIAN_POINT('Origin',(58.264257785253,32.95625,-5.25820927061526));
#18260=CARTESIAN_POINT('',(58.264257785253,32.15625,-5.25820927061526));
#18261=CARTESIAN_POINT('',(58.264257785253,32.15625,-5.25820927061526));
#18262=CARTESIAN_POINT('Origin',(58.264257785253,32.95625,-5.25820927061526));
#18263=CARTESIAN_POINT('Origin',(96.0654296420884,70.246875,-0.495709270615248));
#18264=CARTESIAN_POINT('',(96.0654296420884,69.446875,-0.495709270615248));
#18265=CARTESIAN_POINT('',(96.0654296420884,69.446875,-0.495709270615248));
#18266=CARTESIAN_POINT('Origin',(96.0654296420884,70.246875,-0.495709270615248));
#18267=CARTESIAN_POINT('Origin',(20.4630859284177,90.86875,-10.0207092706153));
#18268=CARTESIAN_POINT('',(20.4630859284177,90.06875,-10.0207092706153));
#18269=CARTESIAN_POINT('',(20.4630859284177,90.06875,-10.0207092706153));
#18270=CARTESIAN_POINT('Origin',(20.4630859284177,90.86875,-10.0207092706153));
#18271=CARTESIAN_POINT('Origin',(20.4630859284177,19.05,-10.0207092706153));
#18272=CARTESIAN_POINT('',(20.4630859284177,18.25,-10.0207092706153));
#18273=CARTESIAN_POINT('',(20.4630859284177,18.25,-10.0207092706153));
#18274=CARTESIAN_POINT('Origin',(20.4630859284177,19.05,-10.0207092706153));
#18275=CARTESIAN_POINT('Origin',(2.55465674164923,81.2,-12.2769592706153));
#18276=CARTESIAN_POINT('',(2.55465674164923,84.2,-12.2769592706153));
#18277=CARTESIAN_POINT('',(2.55465674164923,78.2,-12.2769592706153));
#18278=CARTESIAN_POINT('Origin',(2.55465674164923,81.2,-12.2769592706153));
#18279=CARTESIAN_POINT('',(2.55465674164923,84.2,-12.2769592706153));
#18280=CARTESIAN_POINT('',(2.55465674164923,78.2,-12.2769592706153));
#18281=CARTESIAN_POINT('Origin',(-0.421813483298437,78.2,-12.6519592706153));
#18282=CARTESIAN_POINT('',(-0.421813483298437,78.2,-12.6519592706153));
#18283=CARTESIAN_POINT('',(2.55465674164923,78.2,-12.2769592706153));
#18284=CARTESIAN_POINT('',(-0.421813483298437,78.2,-12.6519592706153));
#18285=CARTESIAN_POINT('Origin',(-0.421813483298443,-1.99999999999999,-12.6519592706153));
#18286=CARTESIAN_POINT('',(-0.421813483298443,-1.99999999999999,-12.6519592706153));
#18287=CARTESIAN_POINT('',(-0.421813483298436,94.86875,-12.6519592706153));
#18288=CARTESIAN_POINT('',(-0.421813483298443,-1.99999999999999,-12.6519592706153));
#18289=CARTESIAN_POINT('Origin',(60.2485712685515,-1.99999999999998,-5.00820927061526));
#18290=CARTESIAN_POINT('',(60.2485712685515,-1.99999999999998,-5.00820927061526));
#18291=CARTESIAN_POINT('',(-0.421813483298443,-1.99999999999999,-12.6519592706153));
#18292=CARTESIAN_POINT('',(60.2485712685515,-1.99999999999998,-5.00820927061526));
#18293=CARTESIAN_POINT('Origin',(60.2485712685515,28.95625,-5.00820927061526));
#18294=CARTESIAN_POINT('',(60.2485712685515,28.95625,-5.00820927061526));
#18295=CARTESIAN_POINT('',(60.2485712685515,-1.99999999999998,-5.00820927061526));
#18296=CARTESIAN_POINT('',(60.4485712685515,-1.99999999999998,-6.59566005725402));
#18297=CARTESIAN_POINT('',(60.2485712685515,28.95625,-5.00820927061526));
#18298=CARTESIAN_POINT('Origin',(116.950329053804,28.95625,2.13554072938475));
#18299=CARTESIAN_POINT('',(60.2485712685515,28.95625,-5.00820927061526));
#18300=CARTESIAN_POINT('Origin',(-0.421813483298425,94.86875,-12.6519592706153));
#18301=CARTESIAN_POINT('',(-0.421813483298436,94.86875,-12.6519592706153));
#18302=CARTESIAN_POINT('',(116.950329053804,94.86875,2.13554072938475));
#18303=CARTESIAN_POINT('',(-0.421813483298436,94.86875,-12.6519592706153));
#18304=CARTESIAN_POINT('Origin',(-0.421813483298437,84.2,-12.6519592706153));
#18305=CARTESIAN_POINT('',(-0.421813483298437,84.2,-12.6519592706153));
#18306=CARTESIAN_POINT('',(-0.421813483298436,94.86875,-12.6519592706153));
#18307=CARTESIAN_POINT('',(-0.421813483298437,84.2,-12.6519592706153));
#18308=CARTESIAN_POINT('Origin',(2.55465674164923,84.2,-12.2769592706153));
#18309=CARTESIAN_POINT('',(2.55465674164923,84.2,-12.2769592706153));
#18310=CARTESIAN_POINT('Origin',(58.464257785253,46.434375,-6.84566005725402));
#18311=CARTESIAN_POINT('Origin',(58.264257785253,46.434375,-5.25820927061526));
#18312=CARTESIAN_POINT('',(0.,0.,0.));
#18313=CARTESIAN_POINT('Origin',(71.9583491986679,8.50535885503913,-4.98401374297928));
#18314=CARTESIAN_POINT('',(71.9583491986679,7.50535885503913,-4.98401374297928));
#18315=CARTESIAN_POINT('',(71.9583491986679,8.50535885503913,-4.98401374297928));
#18316=CARTESIAN_POINT('',(71.9583491986679,12.323530423557,-4.98401374297928));
#18317=CARTESIAN_POINT('',(71.0956349129537,7.50535885503913,-11.527386272587));
#18318=CARTESIAN_POINT('',(71.9583491986679,7.50535885503913,-4.98401374297928));
#18319=CARTESIAN_POINT('',(71.0956349129537,8.50535885503913,-11.527386272587));
#18320=CARTESIAN_POINT('',(71.0956349129536,15.5053588550391,-11.527386272587));
#18321=CARTESIAN_POINT('',(71.9583491986679,8.50535885503913,-4.98401374297928));
#18322=CARTESIAN_POINT('Origin',(70.9669291184243,8.50535885503913,-4.85329945726499));
#18323=CARTESIAN_POINT('',(70.9669291184243,8.50535885503913,-4.85329945726499));
#18324=CARTESIAN_POINT('',(88.9590562695587,8.50535885503915,-7.22548063041946));
#18325=CARTESIAN_POINT('',(70.1042148327101,8.50535885503913,-11.3966719868727));
#18326=CARTESIAN_POINT('',(71.0956349129537,8.50535885503913,-11.527386272587));
#18327=CARTESIAN_POINT('',(70.9669291184243,8.50535885503913,-4.85329945726499));
#18328=CARTESIAN_POINT('Origin',(76.9154495998859,6.50535885503913,-5.63758517155071));
#18329=CARTESIAN_POINT('',(70.9669291184244,6.50535885503913,-4.85329945726499));
#18330=CARTESIAN_POINT('',(76.9154495998859,6.50535885503913,-5.63758517155071));
#18331=CARTESIAN_POINT('',(91.9333165102895,6.50535885503913,-7.61762348756232));
#18332=CARTESIAN_POINT('',(70.1042148327101,6.50535885503913,-11.3966719868727));
#18333=CARTESIAN_POINT('',(70.9669291184244,6.50535885503913,-4.85329945726499));
#18334=CARTESIAN_POINT('',(76.0527353141716,6.50535885503913,-12.1809577011584));
#18335=CARTESIAN_POINT('',(70.1042148327101,6.50535885503913,-11.3966719868727));
#18336=CARTESIAN_POINT('',(76.9154495998859,6.50535885503913,-5.63758517155071));
#18337=CARTESIAN_POINT('Origin',(76.9154495998859,16.5053588550391,-5.63758517155071));
#18338=CARTESIAN_POINT('',(76.9154495998859,16.5053588550391,-5.63758517155071));
#18339=CARTESIAN_POINT('',(76.9154495998859,16.3235304235571,-5.6375851715507));
#18340=CARTESIAN_POINT('',(76.0527353141716,16.5053588550391,-12.1809577011584));
#18341=CARTESIAN_POINT('',(76.0527353141716,6.50535885503913,-12.1809577011584));
#18342=CARTESIAN_POINT('',(76.9154495998859,16.5053588550391,-5.63758517155071));
#18343=CARTESIAN_POINT('Origin',(70.9669291184243,16.5053588550391,-4.85329945726499));
#18344=CARTESIAN_POINT('',(70.9669291184243,16.5053588550391,-4.85329945726499));
#18345=CARTESIAN_POINT('',(88.9590562695587,16.5053588550391,-7.22548063041946));
#18346=CARTESIAN_POINT('',(70.1042148327101,16.5053588550391,-11.3966719868727));
#18347=CARTESIAN_POINT('',(76.0527353141716,16.5053588550391,-12.1809577011584));
#18348=CARTESIAN_POINT('',(70.9669291184243,16.5053588550391,-4.85329945726499));
#18349=CARTESIAN_POINT('Origin',(71.9583491986679,14.5053588550391,-4.98401374297928));
#18350=CARTESIAN_POINT('',(70.9669291184244,14.5053588550391,-4.85329945726499));
#18351=CARTESIAN_POINT('',(71.9583491986679,14.5053588550391,-4.98401374297928));
#18352=CARTESIAN_POINT('',(89.4547663096805,14.5053588550391,-7.2908377732766));
#18353=CARTESIAN_POINT('',(70.1042148327101,14.5053588550391,-11.3966719868727));
#18354=CARTESIAN_POINT('',(70.9669291184244,14.5053588550391,-4.85329945726499));
#18355=CARTESIAN_POINT('',(71.0956349129536,14.5053588550391,-11.527386272587));
#18356=CARTESIAN_POINT('',(71.0956349129537,14.5053588550391,-11.527386272587));
#18357=CARTESIAN_POINT('',(71.9583491986679,14.5053588550391,-4.98401374297928));
#18358=CARTESIAN_POINT('Origin',(71.9583491986679,15.5053588550391,-4.98401374297928));
#18359=CARTESIAN_POINT('',(71.9583491986679,15.5053588550391,-4.98401374297928));
#18360=CARTESIAN_POINT('',(71.9583491986679,15.823530423557,-4.98401374297927));
#18361=CARTESIAN_POINT('',(71.0956349129536,15.5053588550391,-11.527386272587));
#18362=CARTESIAN_POINT('',(71.0956349129536,15.5053588550391,-11.527386272587));
#18363=CARTESIAN_POINT('',(71.9583491986679,15.5053588550391,-4.98401374297928));
#18364=CARTESIAN_POINT('Origin',(75.9240295196423,15.5053588550391,-5.50687088583642));
#18365=CARTESIAN_POINT('',(75.9240295196423,15.5053588550391,-5.50687088583642));
#18366=CARTESIAN_POINT('',(91.4376064701677,15.5053588550391,-7.55226634470517));
#18367=CARTESIAN_POINT('',(75.061315233928,15.5053588550391,-12.0502434154441));
#18368=CARTESIAN_POINT('',(75.061315233928,15.5053588550391,-12.0502434154441));
#18369=CARTESIAN_POINT('',(75.9240295196423,15.5053588550391,-5.50687088583642));
#18370=CARTESIAN_POINT('Origin',(75.9240295196423,7.50535885503913,-5.50687088583642));
#18371=CARTESIAN_POINT('',(75.9240295196423,7.50535885503913,-5.50687088583642));
#18372=CARTESIAN_POINT('',(75.9240295196423,11.823530423557,-5.50687088583642));
#18373=CARTESIAN_POINT('',(75.061315233928,7.50535885503913,-12.0502434154441));
#18374=CARTESIAN_POINT('',(75.061315233928,7.50535885503913,-12.0502434154441));
#18375=CARTESIAN_POINT('',(75.9240295196423,7.50535885503913,-5.50687088583642));
#18376=CARTESIAN_POINT('Origin',(71.9583491986679,7.50535885503913,-4.98401374297928));
#18377=CARTESIAN_POINT('',(89.4547663096805,7.50535885503913,-7.2908377732766));
#18378=CARTESIAN_POINT('',(71.0956349129537,7.50535885503913,-11.527386272587));
#18379=CARTESIAN_POINT('Origin',(73.0784750734408,11.5053588550391,-11.7888148440155));
#18380=CARTESIAN_POINT('',(70.1042148327101,16.5053588550391,-11.3966719868727));
#18381=CARTESIAN_POINT('',(70.1042148327101,16.5053588550391,-11.3966719868727));
#18382=CARTESIAN_POINT('Origin',(106.951183420693,16.141701992075,-9.59766180357393));
#18383=CARTESIAN_POINT('',(70.9669291184243,25.0107177100783,-4.85329945726499));
#18384=CARTESIAN_POINT('Origin',(71.1760719755672,-1.99999999999999,-3.26702732887525));
#18385=CARTESIAN_POINT('',(71.1760719755672,-1.99999999999999,-3.26702732887526));
#18386=CARTESIAN_POINT('',(71.1760719755672,25.0107177100783,-3.26702732887525));
#18387=CARTESIAN_POINT('',(71.1760719755672,25.0107177100783,-3.26702732887525));
#18388=CARTESIAN_POINT('',(70.9669291184243,25.0107177100783,-4.85329945726499));
#18389=CARTESIAN_POINT('',(71.1760719755672,25.0107177100783,-3.26702732887525));
#18390=CARTESIAN_POINT('',(70.9669291184243,25.0107177100783,-4.85329945726499));
#18391=CARTESIAN_POINT('',(70.9669291184244,-1.99999999999999,-4.853299457265));
#18392=CARTESIAN_POINT('',(70.9669291184243,25.0107177100783,-4.85329945726499));
#18393=CARTESIAN_POINT('',(71.1760719755672,-1.99999999999999,-3.26702732887526));
#18394=CARTESIAN_POINT('Origin',(131.983132846202,2.9947997111677,-11.2841652570654));
#18395=CARTESIAN_POINT('',(131.77398998906,3.7947997111677,-12.8704373854551));
#18396=CARTESIAN_POINT('Origin',(131.77398998906,2.9947997111677,-12.8704373854551));
#18397=CARTESIAN_POINT('',(131.983132846202,3.7947997111677,-11.2841652570654));
#18398=CARTESIAN_POINT('',(131.983132846202,3.7947997111677,-11.2841652570654));
#18399=CARTESIAN_POINT('Origin',(131.983132846202,2.9947997111677,-11.2841652570654));
#18400=CARTESIAN_POINT('Origin',(136.832289933894,26.0057220184305,-11.9235048444563));
#18401=CARTESIAN_POINT('',(136.623147076751,26.8057220184305,-13.509776972846));
#18402=CARTESIAN_POINT('Origin',(136.623147076751,26.0057220184305,-13.509776972846));
#18403=CARTESIAN_POINT('',(136.832289933894,26.8057220184305,-11.9235048444563));
#18404=CARTESIAN_POINT('',(136.832289933894,26.8057220184305,-11.9235048444563));
#18405=CARTESIAN_POINT('Origin',(136.832289933894,26.0057220184305,-11.9235048444563));
#18406=CARTESIAN_POINT('Origin',(76.3301082585577,2.19864019873811,-3.94656386913887));
#18407=CARTESIAN_POINT('',(76.1209654014148,2.99864019873811,-5.53283599752862));
#18408=CARTESIAN_POINT('Origin',(76.1209654014148,2.19864019873811,-5.53283599752862));
#18409=CARTESIAN_POINT('',(76.3301082585577,2.99864019873811,-3.94656386913887));
#18410=CARTESIAN_POINT('',(76.3301082585577,2.99864019873811,-3.94656386913887));
#18411=CARTESIAN_POINT('Origin',(76.3301082585577,2.19864019873811,-3.94656386913887));
#18412=CARTESIAN_POINT('Origin',(76.3301082585577,20.8120775113402,-3.94656386913887));
#18413=CARTESIAN_POINT('',(76.1209654014148,21.6120775113402,-5.53283599752862));
#18414=CARTESIAN_POINT('Origin',(76.1209654014148,20.8120775113402,-5.53283599752862));
#18415=CARTESIAN_POINT('',(76.3301082585577,21.6120775113402,-3.94656386913887));
#18416=CARTESIAN_POINT('',(76.3301082585577,21.6120775113402,-3.94656386913887));
#18417=CARTESIAN_POINT('Origin',(76.3301082585577,20.8120775113402,-3.94656386913887));
#18418=CARTESIAN_POINT('Origin',(142.153160499861,29.4910395108006,-12.6250377357788));
#18419=CARTESIAN_POINT('',(135.516964201272,-1.99999999999998,-11.7500850529395));
#18420=CARTESIAN_POINT('',(142.153160499861,29.4910395108006,-12.6250377357788));
#18421=CARTESIAN_POINT('',(135.516964201272,-1.99999999999998,-11.7500850529395));
#18422=CARTESIAN_POINT('',(135.307821344129,-1.99999999999998,-13.3363571813293));
#18423=CARTESIAN_POINT('',(135.516964201272,-1.99999999999998,-11.7500850529395));
#18424=CARTESIAN_POINT('',(141.944017642718,29.4910395108006,-14.2113098641686));
#18425=CARTESIAN_POINT('',(135.307821344129,-1.99999999999998,-13.3363571813293));
#18426=CARTESIAN_POINT('',(142.153160499861,29.4910395108006,-12.6250377357788));
#18427=CARTESIAN_POINT('Origin',(119.8003037666,34.28340398415,-9.67791394861074));
#18428=CARTESIAN_POINT('',(119.8003037666,34.28340398415,-9.67791394861074));
#18429=CARTESIAN_POINT('',(142.153160499861,29.4910395108006,-12.6250377357788));
#18430=CARTESIAN_POINT('',(119.591160909457,34.28340398415,-11.2641860770005));
#18431=CARTESIAN_POINT('',(141.944017642718,29.4910395108006,-14.2113098641686));
#18432=CARTESIAN_POINT('',(119.8003037666,34.28340398415,-9.67791394861074));
#18433=CARTESIAN_POINT('Origin',(117.846244221857,25.0107177100783,-9.42027997213171));
#18434=CARTESIAN_POINT('',(117.846244221857,25.0107177100783,-9.42027997213171));
#18435=CARTESIAN_POINT('',(117.846244221857,25.0107177100783,-9.42027997213171));
#18436=CARTESIAN_POINT('',(117.637101364714,25.0107177100783,-11.0065521005215));
#18437=CARTESIAN_POINT('',(117.637101364714,25.0107177100783,-11.0065521005215));
#18438=CARTESIAN_POINT('',(117.846244221857,25.0107177100783,-9.42027997213171));
#18439=CARTESIAN_POINT('Origin',(72.1674920558108,25.0107177100783,-3.39774161458954));
#18440=CARTESIAN_POINT('',(72.1674920558108,25.0107177100783,-3.39774161458954));
#18441=CARTESIAN_POINT('',(71.9583491986679,25.0107177100783,-4.98401374297928));
#18442=CARTESIAN_POINT('Origin',(135.516964201272,-1.99999999999998,-11.7500850529395));
#18443=CARTESIAN_POINT('',(135.516964201272,-1.99999999999998,-11.7500850529395));
#18444=CARTESIAN_POINT('',(135.307821344129,-1.99999999999998,-13.3363571813293));
#18445=CARTESIAN_POINT('Origin',(106.951183420693,16.141701992075,-9.59766180357393));
#18446=CARTESIAN_POINT('Origin',(107.160326277836,16.141701992075,-8.01138967518418));
#18447=CARTESIAN_POINT('',(0.,0.,0.));
#18448=CARTESIAN_POINT('Origin',(124.221569723523,6.40000000000004,-25.));
#18449=CARTESIAN_POINT('',(116.021569723523,6.40000000000004,-25.));
#18450=CARTESIAN_POINT('Origin',(124.221569723523,6.40000000000004,-25.));
#18451=CARTESIAN_POINT('',(116.021569723523,6.40000000000004,-24.));
#18452=CARTESIAN_POINT('',(116.021569723523,6.40000000000004,-25.));
#18453=CARTESIAN_POINT('Origin',(124.221569723523,6.40000000000004,-24.));
#18454=CARTESIAN_POINT('Origin',(124.221569723523,6.40000000000004,-24.));
#18455=CARTESIAN_POINT('Origin',(131.008520869194,86.46875,-25.));
#18456=CARTESIAN_POINT('',(122.808520869194,86.46875,-25.));
#18457=CARTESIAN_POINT('Origin',(131.008520869194,86.46875,-25.));
#18458=CARTESIAN_POINT('',(122.808520869194,86.46875,-24.));
#18459=CARTESIAN_POINT('',(122.808520869194,86.46875,-25.));
#18460=CARTESIAN_POINT('Origin',(131.008520869194,86.46875,-24.));
#18461=CARTESIAN_POINT('Origin',(131.008520869194,86.46875,-24.));
#18462=CARTESIAN_POINT('Origin',(12.4,6.40000000000002,-25.));
#18463=CARTESIAN_POINT('',(4.20000000000003,6.40000000000002,-25.));
#18464=CARTESIAN_POINT('Origin',(12.4,6.40000000000002,-25.));
#18465=CARTESIAN_POINT('',(4.20000000000003,6.40000000000002,-24.));
#18466=CARTESIAN_POINT('',(4.20000000000003,6.40000000000001,-25.));
#18467=CARTESIAN_POINT('Origin',(12.4,6.40000000000002,-24.));
#18468=CARTESIAN_POINT('Origin',(12.4,6.40000000000002,-24.));
#18469=CARTESIAN_POINT('Origin',(12.4,86.46875,-25.));
#18470=CARTESIAN_POINT('',(4.2,86.46875,-25.));
#18471=CARTESIAN_POINT('Origin',(12.4,86.46875,-25.));
#18472=CARTESIAN_POINT('',(4.2,86.46875,-24.));
#18473=CARTESIAN_POINT('',(4.2,86.46875,-25.));
#18474=CARTESIAN_POINT('Origin',(12.4,86.46875,-24.));
#18475=CARTESIAN_POINT('Origin',(12.4,86.46875,-24.));
#18476=CARTESIAN_POINT('Origin',(75.6866830664139,15.5053588550391,-17.));
#18477=CARTESIAN_POINT('',(77.6866830664139,15.5053588550391,-20.));
#18478=CARTESIAN_POINT('',(75.6866830664139,17.5053588550391,-20.));
#18479=CARTESIAN_POINT('Origin',(75.6866830664139,15.5053588550391,-20.));
#18480=CARTESIAN_POINT('',(77.6866830664139,15.5053588550391,-17.));
#18481=CARTESIAN_POINT('',(77.6866830664139,15.5053588550391,-17.));
#18482=CARTESIAN_POINT('',(75.6866830664139,17.5053588550392,-17.));
#18483=CARTESIAN_POINT('Origin',(75.6866830664139,15.5053588550391,-17.));
#18484=CARTESIAN_POINT('',(75.6866830664139,17.5053588550391,-17.));
#18485=CARTESIAN_POINT('Origin',(53.6866830664139,17.5053588550391,-17.));
#18486=CARTESIAN_POINT('',(55.6866830664139,17.5053588550391,-17.));
#18487=CARTESIAN_POINT('',(62.6954717505054,17.5053588550391,-17.));
#18488=CARTESIAN_POINT('',(55.6866830664139,17.5053588550391,-20.));
#18489=CARTESIAN_POINT('',(55.6866830664139,17.5053588550391,-17.));
#18490=CARTESIAN_POINT('',(59.6866830664139,17.5053588550391,-20.));
#18491=CARTESIAN_POINT('Origin',(75.6866830664139,7.50535885503914,-17.));
#18492=CARTESIAN_POINT('',(75.6866830664139,5.50535885503914,-20.));
#18493=CARTESIAN_POINT('',(77.6866830664139,7.50535885503914,-20.));
#18494=CARTESIAN_POINT('Origin',(75.6866830664139,7.50535885503914,-20.));
#18495=CARTESIAN_POINT('',(75.6866830664139,5.50535885503915,-17.));
#18496=CARTESIAN_POINT('',(75.6866830664139,5.50535885503914,-17.));
#18497=CARTESIAN_POINT('',(77.6866830664139,7.50535885503914,-17.));
#18498=CARTESIAN_POINT('Origin',(75.6866830664139,7.50535885503914,-17.));
#18499=CARTESIAN_POINT('',(77.6866830664139,7.50535885503914,-17.));
#18500=CARTESIAN_POINT('Origin',(77.6866830664139,17.5053588550391,-17.));
#18501=CARTESIAN_POINT('',(77.6866830664139,14.5053588550391,-20.));
#18502=CARTESIAN_POINT('',(77.6866830664139,31.9698669275196,-17.));
#18503=CARTESIAN_POINT('Origin',(55.6866830664139,7.50535885503914,-17.));
#18504=CARTESIAN_POINT('',(53.6866830664139,7.50535885503914,-20.));
#18505=CARTESIAN_POINT('',(55.6866830664139,5.50535885503914,-20.));
#18506=CARTESIAN_POINT('Origin',(55.6866830664139,7.50535885503914,-20.));
#18507=CARTESIAN_POINT('',(53.6866830664139,7.50535885503914,-17.));
#18508=CARTESIAN_POINT('',(53.6866830664139,7.50535885503914,-17.));
#18509=CARTESIAN_POINT('',(55.6866830664139,5.50535885503915,-17.));
#18510=CARTESIAN_POINT('Origin',(55.6866830664139,7.50535885503914,-17.));
#18511=CARTESIAN_POINT('',(55.6866830664139,5.50535885503914,-17.));
#18512=CARTESIAN_POINT('Origin',(77.6866830664139,5.50535885503914,-17.));
#18513=CARTESIAN_POINT('',(71.6866830664139,5.50535885503914,-20.));
#18514=CARTESIAN_POINT('',(74.6954717505054,5.50535885503915,-17.));
#18515=CARTESIAN_POINT('Origin',(55.6866830664139,15.5053588550391,-17.));
#18516=CARTESIAN_POINT('',(53.6866830664139,15.5053588550391,-20.));
#18517=CARTESIAN_POINT('Origin',(55.6866830664139,15.5053588550391,-20.));
#18518=CARTESIAN_POINT('',(53.6866830664139,15.5053588550391,-17.));
#18519=CARTESIAN_POINT('Origin',(55.6866830664139,15.5053588550391,-17.));
#18520=CARTESIAN_POINT('',(53.6866830664139,15.5053588550391,-17.));
#18521=CARTESIAN_POINT('Origin',(53.6866830664139,5.50535885503914,-17.));
#18522=CARTESIAN_POINT('',(53.6866830664139,8.50535885503914,-20.));
#18523=CARTESIAN_POINT('',(53.6866830664139,25.9698669275196,-17.));
#18524=CARTESIAN_POINT('Origin',(65.6866830664139,11.5053588550391,-20.));
#18525=CARTESIAN_POINT('Origin',(124.617054129368,96.76875,-22.5));
#18526=CARTESIAN_POINT('',(125.417054129368,96.76875,-22.5));
#18527=CARTESIAN_POINT('Origin',(124.617054129368,96.76875,-22.5));
#18528=CARTESIAN_POINT('Origin',(71.7042604345969,46.4343749999999,-22.5));
#18529=CARTESIAN_POINT('',(8.6250000000001,91.2687500000001,-22.5));
#18530=CARTESIAN_POINT('Origin',(7.6000000000001,91.2687500000001,-22.5));
#18531=CARTESIAN_POINT('Origin',(71.7042604345969,46.4343749999999,-22.5));
#18532=CARTESIAN_POINT('',(136.833520869194,46.4343750000007,-22.5));
#18533=CARTESIAN_POINT('Origin',(135.808520869194,46.4343750000007,-22.5));
#18534=CARTESIAN_POINT('Origin',(71.7042604345969,46.4343749999999,-22.5));
#18535=CARTESIAN_POINT('',(129.140474376275,1.59999999999974,-22.5));
#18536=CARTESIAN_POINT('Origin',(128.115474376275,1.59999999999974,-22.5));
#18537=CARTESIAN_POINT('Origin',(71.7042604345969,46.4343749999999,-22.5));
#18538=CARTESIAN_POINT('',(72.7292604345969,91.26875,-22.5));
#18539=CARTESIAN_POINT('Origin',(71.7042604345969,91.26875,-22.5));
#18540=CARTESIAN_POINT('Origin',(71.7042604345969,46.4343749999999,-22.5));
#18541=CARTESIAN_POINT('',(8.62499999999997,1.59999999999998,-22.5));
#18542=CARTESIAN_POINT('Origin',(7.59999999999997,1.59999999999998,-22.5));
#18543=CARTESIAN_POINT('Origin',(135.808520869194,46.4343750000007,-17.));
#18544=CARTESIAN_POINT('',(136.833520869194,46.4343750000007,-17.));
#18545=CARTESIAN_POINT('Origin',(135.808520869194,46.4343750000007,-17.));
#18546=CARTESIAN_POINT('',(136.833520869194,46.4343750000007,-17.));
#18547=CARTESIAN_POINT('Origin',(7.59999999999997,1.59999999999998,-17.));
#18548=CARTESIAN_POINT('',(8.62499999999997,1.59999999999998,-17.));
#18549=CARTESIAN_POINT('Origin',(7.59999999999997,1.59999999999998,-17.));
#18550=CARTESIAN_POINT('',(8.62499999999997,1.59999999999998,-17.));
#18551=CARTESIAN_POINT('Origin',(128.115474376275,1.59999999999974,-17.));
#18552=CARTESIAN_POINT('',(129.140474376275,1.59999999999974,-17.));
#18553=CARTESIAN_POINT('Origin',(128.115474376275,1.59999999999974,-17.));
#18554=CARTESIAN_POINT('',(129.140474376275,1.59999999999974,-17.));
#18555=CARTESIAN_POINT('Origin',(7.6000000000001,91.2687500000001,-17.));
#18556=CARTESIAN_POINT('',(8.6250000000001,91.2687500000001,-17.));
#18557=CARTESIAN_POINT('Origin',(7.6000000000001,91.2687500000001,-17.));
#18558=CARTESIAN_POINT('',(8.6250000000001,91.2687500000001,-17.));
#18559=CARTESIAN_POINT('Origin',(71.7042604345969,91.26875,-17.));
#18560=CARTESIAN_POINT('',(72.7292604345969,91.26875,-17.));
#18561=CARTESIAN_POINT('Origin',(71.7042604345969,91.26875,-17.));
#18562=CARTESIAN_POINT('',(72.7292604345969,91.26875,-17.));
#18563=CARTESIAN_POINT('Origin',(134.280823409797,-5.99999999999995,-24.8));
#18564=CARTESIAN_POINT('',(129.899042949756,-5.59999999999995,-25.));
#18565=CARTESIAN_POINT('',(134.792960410999,-1.62990667239242,-25.));
#18566=CARTESIAN_POINT('Origin',(134.280823409797,-5.99999999999995,-25.));
#18567=CARTESIAN_POINT('',(135.105639367602,-2.08596389442415,-24.6));
#18568=CARTESIAN_POINT('Ctrl Pts',(134.792960410999,-1.62990667239242,-25.));
#18569=CARTESIAN_POINT('Ctrl Pts',(134.899655484021,-1.77834502486482,-24.864989327509));
#18570=CARTESIAN_POINT('Ctrl Pts',(135.004305439013,-1.93051802989771,-24.731209721213));
#18571=CARTESIAN_POINT('Ctrl Pts',(135.105639367602,-2.08596389442416,-24.6));
#18572=CARTESIAN_POINT('',(130.280823409797,-5.99999999999994,-24.6));
#18573=CARTESIAN_POINT('Origin',(134.280823409797,-5.99999999999995,-24.6));
#18574=CARTESIAN_POINT('Ctrl Pts',(129.899042949756,-5.59999999999994,-25.));
#18575=CARTESIAN_POINT('Ctrl Pts',(130.022290267801,-5.73501067249094,-24.864989327509));
#18576=CARTESIAN_POINT('Ctrl Pts',(130.149613688584,-5.86879027878696,-24.731209721213));
#18577=CARTESIAN_POINT('Ctrl Pts',(130.280823409797,-5.99999999999995,-24.6));
#18578=CARTESIAN_POINT('Origin',(142.60849648365,34.4875933479438,-24.8));
#18579=CARTESIAN_POINT('',(143.008520869194,37.355760319914,-25.));
#18580=CARTESIAN_POINT('',(142.412794678371,34.528834145834,-25.));
#18581=CARTESIAN_POINT('',(143.408520869194,37.3140715559608,-24.6));
#18582=CARTESIAN_POINT('',(143.008520869194,37.355760319914,-25.));
#18583=CARTESIAN_POINT('',(142.804198288929,34.4463525500535,-24.6));
#18584=CARTESIAN_POINT('Origin',(143.208520869194,70.6515625,-24.8));
#18585=CARTESIAN_POINT('',(143.008520869194,94.4869695399587,-25.));
#18586=CARTESIAN_POINT('',(143.008520869194,70.6515625,-25.));
#18587=CARTESIAN_POINT('',(143.408520869194,94.86875,-24.6));
#18588=CARTESIAN_POINT('Ctrl Pts',(143.008520869194,94.4869695399587,-25.));
#18589=CARTESIAN_POINT('Ctrl Pts',(143.143531541685,94.6102168580042,-24.8649893275089));
#18590=CARTESIAN_POINT('Ctrl Pts',(143.277311147981,94.7375402787871,-24.7312097212129));
#18591=CARTESIAN_POINT('Ctrl Pts',(143.408520869194,94.86875,-24.6));
#18592=CARTESIAN_POINT('',(143.408520869194,70.6515625,-24.6));
#18593=CARTESIAN_POINT('Origin',(143.408520869194,98.86875,-24.8));
#18594=CARTESIAN_POINT('',(139.026740409152,98.46875,-25.));
#18595=CARTESIAN_POINT('Origin',(143.408520869194,98.86875,-25.));
#18596=CARTESIAN_POINT('',(139.408520869194,98.86875,-24.6));
#18597=CARTESIAN_POINT('Ctrl Pts',(139.026740409152,98.46875,-25.));
#18598=CARTESIAN_POINT('Ctrl Pts',(139.149987727198,98.6037606724911,-24.8649893275089));
#18599=CARTESIAN_POINT('Ctrl Pts',(139.277311147981,98.7375402787871,-24.7312097212129));
#18600=CARTESIAN_POINT('Ctrl Pts',(139.408520869193,98.86875,-24.6));
#18601=CARTESIAN_POINT('Origin',(143.408520869194,98.86875,-24.6));
#18602=CARTESIAN_POINT('Origin',(73.7042604345968,98.66875,-24.8));
#18603=CARTESIAN_POINT('',(76.0860408946381,98.46875,-25.));
#18604=CARTESIAN_POINT('',(73.7042604345968,98.46875,-25.));
#18605=CARTESIAN_POINT('',(75.7042604345968,98.86875,-24.6));
#18606=CARTESIAN_POINT('Ctrl Pts',(76.0860408946381,98.46875,-25.));
#18607=CARTESIAN_POINT('Ctrl Pts',(75.9627935765926,98.6037606724911,-24.8649893275089));
#18608=CARTESIAN_POINT('Ctrl Pts',(75.8354701558097,98.737540278787,-24.731209721213));
#18609=CARTESIAN_POINT('Ctrl Pts',(75.7042604345968,98.86875,-24.6));
#18610=CARTESIAN_POINT('',(73.7042604345968,98.86875,-24.6));
#18611=CARTESIAN_POINT('Origin',(71.7042604345968,98.86875,-24.8));
#18612=CARTESIAN_POINT('',(67.3224799745554,98.46875,-25.));
#18613=CARTESIAN_POINT('Origin',(71.7042604345968,98.86875,-25.));
#18614=CARTESIAN_POINT('',(67.7042604345967,98.86875,-24.6));
#18615=CARTESIAN_POINT('Ctrl Pts',(67.3224799745554,98.46875,-25.));
#18616=CARTESIAN_POINT('Ctrl Pts',(67.4457272926009,98.6037606724911,-24.8649893275089));
#18617=CARTESIAN_POINT('Ctrl Pts',(67.5730507133838,98.7375402787871,-24.731209721213));
#18618=CARTESIAN_POINT('Ctrl Pts',(67.7042604345967,98.86875,-24.6));
#18619=CARTESIAN_POINT('Origin',(71.7042604345968,98.86875,-24.6));
#18620=CARTESIAN_POINT('Origin',(37.8521302172984,98.66875,-24.8));
#18621=CARTESIAN_POINT('',(4.38178046004135,98.46875,-25.));
#18622=CARTESIAN_POINT('',(37.8521302172984,98.46875,-25.));
#18623=CARTESIAN_POINT('',(4.00000000000002,98.86875,-24.6));
#18624=CARTESIAN_POINT('Ctrl Pts',(4.38178046004135,98.46875,-25.));
#18625=CARTESIAN_POINT('Ctrl Pts',(4.25853314199595,98.6037606724909,-24.864989327509));
#18626=CARTESIAN_POINT('Ctrl Pts',(4.13120972121302,98.737540278787,-24.731209721213));
#18627=CARTESIAN_POINT('Ctrl Pts',(4.00000000000002,98.86875,-24.6));
#18628=CARTESIAN_POINT('',(37.8521302172984,98.86875,-24.6));
#18629=CARTESIAN_POINT('Origin',(2.77555756156289E-15,98.86875,-24.8));
#18630=CARTESIAN_POINT('',(3.34724401086031E-15,94.86875,-24.6));
#18631=CARTESIAN_POINT('Origin',(2.77555756156289E-15,98.86875,-24.6));
#18632=CARTESIAN_POINT('',(0.400000000000003,94.4869695399587,-25.));
#18633=CARTESIAN_POINT('Origin',(2.77555756156289E-15,98.86875,-25.));
#18634=CARTESIAN_POINT('Ctrl Pts',(0.4,94.4869695399587,-25.));
#18635=CARTESIAN_POINT('Ctrl Pts',(0.264989327508918,94.6102168580042,-24.8649893275089));
#18636=CARTESIAN_POINT('Ctrl Pts',(0.131209721212959,94.737540278787,-24.731209721213));
#18637=CARTESIAN_POINT('Ctrl Pts',(7.97972798949331E-15,94.86875,-24.6));
#18638=CARTESIAN_POINT('Origin',(0.200000000000014,22.2171875,-24.8));
#18639=CARTESIAN_POINT('',(1.71918819447051E-14,-2.00000000000002,-24.6));
#18640=CARTESIAN_POINT('',(1.37390099297363E-14,22.2171875,-24.6));
#18641=CARTESIAN_POINT('',(0.400000000000017,-1.61821953995869,-25.));
#18642=CARTESIAN_POINT('',(0.400000000000014,22.2171875,-25.));
#18643=CARTESIAN_POINT('Ctrl Pts',(0.400000000000017,-1.61821953995869,
-25.));
#18644=CARTESIAN_POINT('Ctrl Pts',(0.264989327509032,-1.74146685800411,
-24.864989327509));
#18645=CARTESIAN_POINT('Ctrl Pts',(0.131209721213011,-1.86879027878702,
-24.731209721213));
#18646=CARTESIAN_POINT('Ctrl Pts',(1.7728873924483E-14,-2.00000000000001,
-24.6));
#18647=CARTESIAN_POINT('Origin',(1.38777878078145E-14,-6.00000000000001,
-24.8));
#18648=CARTESIAN_POINT('',(4.,-6.00000000000001,-24.6));
#18649=CARTESIAN_POINT('Origin',(1.38777878078145E-14,-6.00000000000001,
-24.6));
#18650=CARTESIAN_POINT('',(4.38178046004134,-5.6,-25.));
#18651=CARTESIAN_POINT('Origin',(1.38777878078145E-14,-6.00000000000001,
-25.));
#18652=CARTESIAN_POINT('Ctrl Pts',(4.38178046004134,-5.6,-25.));
#18653=CARTESIAN_POINT('Ctrl Pts',(4.25853314199585,-5.73501067249106,-24.8649893275089));
#18654=CARTESIAN_POINT('Ctrl Pts',(4.13120972121297,-5.86879027878704,-24.731209721213));
#18655=CARTESIAN_POINT('Ctrl Pts',(4.00000000000001,-6.00000000000001,-24.6));
#18656=CARTESIAN_POINT('Origin',(69.7042604345968,-5.79999999999997,-24.8));
#18657=CARTESIAN_POINT('',(67.7042604345968,-5.99999999999998,-24.6));
#18658=CARTESIAN_POINT('',(69.7042604345968,-5.99999999999997,-24.6));
#18659=CARTESIAN_POINT('',(67.3224799745555,-5.59999999999997,-25.));
#18660=CARTESIAN_POINT('',(69.7042604345968,-5.59999999999997,-25.));
#18661=CARTESIAN_POINT('Ctrl Pts',(67.3224799745555,-5.59999999999997,-25.));
#18662=CARTESIAN_POINT('Ctrl Pts',(67.445727292601,-5.73501067249107,-24.8649893275089));
#18663=CARTESIAN_POINT('Ctrl Pts',(67.5730507133839,-5.86879027878703,-24.7312097212129));
#18664=CARTESIAN_POINT('Ctrl Pts',(67.7042604345968,-5.99999999999998,-24.6));
#18665=CARTESIAN_POINT('Origin',(71.7042604345968,-5.99999999999998,-24.8));
#18666=CARTESIAN_POINT('',(75.7042604345968,-5.99999999999997,-24.6));
#18667=CARTESIAN_POINT('Origin',(71.7042604345968,-5.99999999999998,-24.6));
#18668=CARTESIAN_POINT('',(76.0860408946381,-5.59999999999997,-25.));
#18669=CARTESIAN_POINT('Origin',(71.7042604345968,-5.99999999999998,-25.));
#18670=CARTESIAN_POINT('Ctrl Pts',(76.0860408946381,-5.59999999999997,-25.));
#18671=CARTESIAN_POINT('Ctrl Pts',(75.9627935765926,-5.73501067249109,-24.8649893275089));
#18672=CARTESIAN_POINT('Ctrl Pts',(75.8354701558097,-5.86879027878704,-24.7312097212129));
#18673=CARTESIAN_POINT('Ctrl Pts',(75.7042604345968,-5.99999999999998,-24.6));
#18674=CARTESIAN_POINT('Origin',(100.992541922197,-5.79999999999996,-24.8));
#18675=CARTESIAN_POINT('',(100.992541922197,-5.99999999999996,-24.6));
#18676=CARTESIAN_POINT('',(100.992541922197,-5.59999999999996,-25.));
#18677=CARTESIAN_POINT('Origin',(2.77555756156289E-15,98.86875,-23.));
#18678=CARTESIAN_POINT('',(3.34724401086031E-15,94.86875,-23.));
#18679=CARTESIAN_POINT('',(3.34724401086031E-15,94.86875,-23.));
#18680=CARTESIAN_POINT('',(4.00000000000002,98.86875,-23.));
#18681=CARTESIAN_POINT('Origin',(2.77555756156289E-15,98.86875,-23.));
#18682=CARTESIAN_POINT('',(4.00000000000002,98.86875,-23.));
#18683=CARTESIAN_POINT('Origin',(1.71918819447051E-14,-2.00000000000002,
-23.));
#18684=CARTESIAN_POINT('',(1.71918819447051E-14,-2.00000000000002,-23.));
#18685=CARTESIAN_POINT('',(1.71918819447051E-14,-2.00000000000002,-23.));
#18686=CARTESIAN_POINT('',(1.33226762955019E-14,22.2171875,-23.));
#18687=CARTESIAN_POINT('Origin',(1.38777878078145E-14,-6.00000000000001,
-23.));
#18688=CARTESIAN_POINT('',(4.,-6.00000000000001,-23.));
#18689=CARTESIAN_POINT('',(4.,-6.00000000000001,-23.));
#18690=CARTESIAN_POINT('Origin',(1.38777878078145E-14,-6.00000000000001,
-23.));
#18691=CARTESIAN_POINT('Origin',(67.7042604345968,-5.99999999999998,-23.));
#18692=CARTESIAN_POINT('',(67.7042604345968,-5.99999999999998,-23.));
#18693=CARTESIAN_POINT('',(67.7042604345968,-5.99999999999998,-23.));
#18694=CARTESIAN_POINT('',(69.7042604345968,-5.99999999999998,-23.));
#18695=CARTESIAN_POINT('Origin',(71.7042604345968,-5.99999999999998,-23.));
#18696=CARTESIAN_POINT('',(75.7042604345968,-5.99999999999997,-23.));
#18697=CARTESIAN_POINT('',(75.7042604345968,-5.99999999999997,-23.));
#18698=CARTESIAN_POINT('Origin',(71.7042604345968,-5.99999999999998,-23.));
#18699=CARTESIAN_POINT('Origin',(130.280823409797,-5.99999999999994,-23.));
#18700=CARTESIAN_POINT('',(130.280823409797,-5.99999999999994,-23.));
#18701=CARTESIAN_POINT('',(130.280823409797,-5.99999999999994,-23.));
#18702=CARTESIAN_POINT('',(100.992541922197,-5.99999999999996,-23.));
#18703=CARTESIAN_POINT('Origin',(134.280823409797,-5.99999999999995,-23.));
#18704=CARTESIAN_POINT('',(135.105639367602,-2.08596389442415,-23.));
#18705=CARTESIAN_POINT('',(135.105639367602,-2.08596389442415,-23.));
#18706=CARTESIAN_POINT('Origin',(134.280823409797,-5.99999999999995,-23.));
#18707=CARTESIAN_POINT('Origin',(71.7042604345968,46.434375,-25.));
#18708=CARTESIAN_POINT('Origin',(146.565514536438,33.8667415492758,-22.8));
#18709=CARTESIAN_POINT('',(147.408520869194,36.8971839164296,-22.6));
#18710=CARTESIAN_POINT('',(138.194859515373,-6.82481595780466,-22.6));
#18711=CARTESIAN_POINT('',(146.761216341716,33.8255007513856,-22.6));
#18712=CARTESIAN_POINT('',(137.803455904815,-6.7423343620242,-23.));
#18713=CARTESIAN_POINT('',(138.194859515373,-6.82481595780466,-22.6));
#18714=CARTESIAN_POINT('',(147.008520869194,36.9388726803828,-23.));
#18715=CARTESIAN_POINT('',(146.369812731159,33.9079823471661,-23.));
#18716=CARTESIAN_POINT('',(147.008520869194,36.9388726803828,-23.));
#18717=CARTESIAN_POINT('Origin',(134.280823409797,-5.99999999999995,-22.8));
#18718=CARTESIAN_POINT('',(134.280823409797,-9.99999999999996,-22.6));
#18719=CARTESIAN_POINT('',(134.280823409797,-9.59999999999997,-23.));
#18720=CARTESIAN_POINT('',(134.280823409797,-9.99999999999996,-22.6));
#18721=CARTESIAN_POINT('Origin',(134.280823409797,-5.99999999999995,-23.));
#18722=CARTESIAN_POINT('Origin',(134.280823409797,-5.99999999999995,-22.6));
#18723=CARTESIAN_POINT('Origin',(102.992541922197,-9.79999999999997,-22.8));
#18724=CARTESIAN_POINT('',(1.77635683940025E-14,-10.,-22.6));
#18725=CARTESIAN_POINT('',(1.77635683940025E-14,-9.6,-23.));
#18726=CARTESIAN_POINT('',(1.77635683940025E-14,-10.,-22.6));
#18727=CARTESIAN_POINT('',(102.992541922197,-9.59999999999997,-23.));
#18728=CARTESIAN_POINT('',(102.992541922197,-9.99999999999997,-22.6));
#18729=CARTESIAN_POINT('Origin',(1.38777878078145E-14,-6.00000000000001,
-22.8));
#18730=CARTESIAN_POINT('',(-3.99999999999998,-6.00000000000001,-22.6));
#18731=CARTESIAN_POINT('',(-3.59999999999998,-6.00000000000001,-23.));
#18732=CARTESIAN_POINT('',(-3.99999999999998,-6.00000000000001,-22.6));
#18733=CARTESIAN_POINT('Origin',(1.38777878078145E-14,-6.00000000000001,
-23.));
#18734=CARTESIAN_POINT('Origin',(1.38777878078145E-14,-6.00000000000001,
-22.6));
#18735=CARTESIAN_POINT('Origin',(-3.79999999999999,20.2171875,-22.8));
#18736=CARTESIAN_POINT('',(-4.00000000000001,98.86875,-22.6));
#18737=CARTESIAN_POINT('',(-3.60000000000001,98.86875,-23.));
#18738=CARTESIAN_POINT('',(-4.00000000000001,98.86875,-22.6));
#18739=CARTESIAN_POINT('',(-3.59999999999999,20.2171875,-23.));
#18740=CARTESIAN_POINT('',(-3.99999999999999,20.2171875,-22.6));
#18741=CARTESIAN_POINT('Origin',(2.77555756156289E-15,98.86875,-22.8));
#18742=CARTESIAN_POINT('',(-1.60656074607381E-14,102.86875,-22.6));
#18743=CARTESIAN_POINT('',(-1.42314509946162E-14,102.46875,-23.));
#18744=CARTESIAN_POINT('',(-1.60656074607381E-14,102.86875,-22.6));
#18745=CARTESIAN_POINT('Origin',(2.77555756156289E-15,98.86875,-23.));
#18746=CARTESIAN_POINT('Origin',(2.77555756156289E-15,98.86875,-22.6));
#18747=CARTESIAN_POINT('Origin',(35.8521302172984,102.66875,-22.8));
#18748=CARTESIAN_POINT('',(143.408520869194,102.86875,-22.6));
#18749=CARTESIAN_POINT('',(143.408520869194,102.46875,-23.));
#18750=CARTESIAN_POINT('',(143.408520869194,102.86875,-22.6));
#18751=CARTESIAN_POINT('',(35.8521302172984,102.46875,-23.));
#18752=CARTESIAN_POINT('',(35.8521302172984,102.86875,-22.6));
#18753=CARTESIAN_POINT('Origin',(143.408520869194,98.86875,-22.8));
#18754=CARTESIAN_POINT('',(147.408520869194,98.86875,-22.6));
#18755=CARTESIAN_POINT('',(147.008520869194,98.86875,-23.));
#18756=CARTESIAN_POINT('',(147.408520869194,98.86875,-22.6));
#18757=CARTESIAN_POINT('Origin',(143.408520869194,98.86875,-23.));
#18758=CARTESIAN_POINT('Origin',(143.408520869194,98.86875,-22.6));
#18759=CARTESIAN_POINT('Origin',(147.208520869194,72.6515625,-22.8));
#18760=CARTESIAN_POINT('',(147.008520869194,72.6515625,-23.));
#18761=CARTESIAN_POINT('',(147.408520869194,72.6515625,-22.6));
#18762=CARTESIAN_POINT('Origin',(-3.99999999999998,-6.00000000000001,-20.));
#18763=CARTESIAN_POINT('',(-3.99999999999998,-6.00000000000001,-20.));
#18764=CARTESIAN_POINT('',(-3.99999999999998,-6.00000000000001,-20.));
#18765=CARTESIAN_POINT('',(-4.00000000000001,98.86875,-20.));
#18766=CARTESIAN_POINT('',(-3.99999999999998,-6.00000000000001,-20.));
#18767=CARTESIAN_POINT('',(-4.00000000000001,98.86875,-20.));
#18768=CARTESIAN_POINT('Origin',(1.38777878078145E-14,-6.00000000000001,
-20.));
#18769=CARTESIAN_POINT('',(1.77635683940025E-14,-10.,-20.));
#18770=CARTESIAN_POINT('',(1.77635683940025E-14,-10.,-20.));
#18771=CARTESIAN_POINT('Origin',(1.38777878078145E-14,-6.00000000000001,
-20.));
#18772=CARTESIAN_POINT('Origin',(134.280823409797,-9.99999999999996,-20.));
#18773=CARTESIAN_POINT('',(134.280823409797,-9.99999999999996,-20.));
#18774=CARTESIAN_POINT('',(134.280823409797,-9.99999999999996,-20.));
#18775=CARTESIAN_POINT('',(134.280823409797,-9.99999999999996,-20.));
#18776=CARTESIAN_POINT('Origin',(134.280823409797,-5.99999999999995,-20.));
#18777=CARTESIAN_POINT('',(138.194859515373,-6.82481595780466,-20.));
#18778=CARTESIAN_POINT('',(138.194859515373,-6.82481595780466,-20.));
#18779=CARTESIAN_POINT('Origin',(134.280823409797,-5.99999999999995,-20.));
#18780=CARTESIAN_POINT('Origin',(147.408520869194,36.8971839164296,-20.));
#18781=CARTESIAN_POINT('',(147.408520869194,36.8971839164296,-20.));
#18782=CARTESIAN_POINT('',(147.408520869194,36.8971839164296,-20.));
#18783=CARTESIAN_POINT('',(147.408520869194,36.8971839164296,-20.));
#18784=CARTESIAN_POINT('Origin',(71.7042604345968,46.434375,-23.));
#18785=CARTESIAN_POINT('',(135.630823409797,-5.99999999999995,-23.));
#18786=CARTESIAN_POINT('Origin',(134.280823409797,-5.99999999999995,-23.));
#18787=CARTESIAN_POINT('',(1.35,98.86875,-23.));
#18788=CARTESIAN_POINT('Origin',(2.77555756156289E-15,98.86875,-23.));
#18789=CARTESIAN_POINT('',(1.35000000000001,-6.00000000000001,-23.));
#18790=CARTESIAN_POINT('Origin',(1.4432899320127E-14,-6.00000000000001,
-23.));
#18791=CARTESIAN_POINT('',(144.758520869194,98.86875,-23.));
#18792=CARTESIAN_POINT('Origin',(143.408520869194,98.86875,-23.));
#18793=CARTESIAN_POINT('',(73.0542604345968,98.86875,-23.));
#18794=CARTESIAN_POINT('Origin',(71.7042604345968,98.86875,-23.));
#18795=CARTESIAN_POINT('',(73.0542604345968,-5.99999999999998,-23.));
#18796=CARTESIAN_POINT('Origin',(71.7042604345968,-5.99999999999998,-23.));
#18797=CARTESIAN_POINT('',(143.408520869194,37.3140715559608,-23.));
#18798=CARTESIAN_POINT('',(142.804198288928,34.4463525500535,-23.));
#18799=CARTESIAN_POINT('',(143.408520869194,94.86875,-23.));
#18800=CARTESIAN_POINT('',(143.408520869194,70.6515625,-23.));
#18801=CARTESIAN_POINT('',(139.408520869194,98.86875,-23.));
#18802=CARTESIAN_POINT('Origin',(143.408520869194,98.86875,-23.));
#18803=CARTESIAN_POINT('',(75.7042604345968,98.86875,-23.));
#18804=CARTESIAN_POINT('',(73.7042604345968,98.86875,-23.));
#18805=CARTESIAN_POINT('',(67.7042604345967,98.86875,-23.));
#18806=CARTESIAN_POINT('Origin',(71.7042604345968,98.86875,-23.));
#18807=CARTESIAN_POINT('',(37.8521302172984,98.86875,-23.));
#18808=CARTESIAN_POINT('Origin',(143.408520869194,37.3140715559608,-23.));
#18809=CARTESIAN_POINT('',(143.408520869194,37.3140715559608,-23.));
#18810=CARTESIAN_POINT('Origin',(143.408520869194,94.86875,-23.));
#18811=CARTESIAN_POINT('',(143.408520869194,94.86875,-23.));
#18812=CARTESIAN_POINT('Origin',(143.408520869194,98.86875,-23.));
#18813=CARTESIAN_POINT('',(139.408520869194,98.86875,-23.));
#18814=CARTESIAN_POINT('Origin',(75.7042604345968,98.86875,-23.));
#18815=CARTESIAN_POINT('',(75.7042604345968,98.86875,-23.));
#18816=CARTESIAN_POINT('Origin',(71.7042604345968,98.86875,-23.));
#18817=CARTESIAN_POINT('',(67.7042604345967,98.86875,-23.));
#18818=CARTESIAN_POINT('Origin',(4.00000000000002,98.86875,-23.));
#18819=CARTESIAN_POINT('Origin',(124.617054129368,96.76875,-18.));
#18820=CARTESIAN_POINT('',(125.417054129368,96.76875,-18.));
#18821=CARTESIAN_POINT('Origin',(124.617054129368,96.76875,-18.));
#18822=CARTESIAN_POINT('',(125.417054129368,96.76875,-18.));
#18823=CARTESIAN_POINT('Origin',(112.417054129368,64.46875,-17.));
#18824=CARTESIAN_POINT('',(114.417054129368,64.46875,-17.));
#18825=CARTESIAN_POINT('',(112.417054129368,66.46875,-17.));
#18826=CARTESIAN_POINT('Origin',(112.417054129368,64.46875,-17.));
#18827=CARTESIAN_POINT('',(114.417054129368,64.46875,-18.));
#18828=CARTESIAN_POINT('',(114.417054129368,64.46875,-17.));
#18829=CARTESIAN_POINT('',(112.417054129368,66.46875,-18.));
#18830=CARTESIAN_POINT('Origin',(112.417054129368,64.46875,-18.));
#18831=CARTESIAN_POINT('',(112.417054129368,66.46875,-17.));
#18832=CARTESIAN_POINT('Origin',(134.817054129368,64.46875,-17.));
#18833=CARTESIAN_POINT('',(134.817054129368,64.46875,-17.));
#18834=CARTESIAN_POINT('',(103.260657281982,64.46875,-17.));
#18835=CARTESIAN_POINT('',(134.817054129368,64.46875,-18.));
#18836=CARTESIAN_POINT('',(134.817054129368,64.46875,-17.));
#18837=CARTESIAN_POINT('',(136.817054129368,64.46875,-18.));
#18838=CARTESIAN_POINT('Origin',(136.817054129368,64.46875,-17.));
#18839=CARTESIAN_POINT('',(136.817054129368,66.46875,-17.));
#18840=CARTESIAN_POINT('Origin',(136.817054129368,64.46875,-17.));
#18841=CARTESIAN_POINT('',(136.817054129368,66.46875,-18.));
#18842=CARTESIAN_POINT('',(136.817054129368,66.46875,-17.));
#18843=CARTESIAN_POINT('Origin',(136.817054129368,64.46875,-18.));
#18844=CARTESIAN_POINT('Origin',(136.817054129368,101.26875,-17.));
#18845=CARTESIAN_POINT('',(136.817054129368,101.26875,-17.));
#18846=CARTESIAN_POINT('',(136.817054129368,73.8515625,-17.));
#18847=CARTESIAN_POINT('',(136.817054129368,101.26875,-18.));
#18848=CARTESIAN_POINT('',(136.817054129368,101.26875,-18.5));
#18849=CARTESIAN_POINT('',(136.817054129368,100.86875,-18.));
#18850=CARTESIAN_POINT('Origin',(112.417054129368,66.46875,-17.));
#18851=CARTESIAN_POINT('',(112.417054129368,101.26875,-17.));
#18852=CARTESIAN_POINT('',(112.417054129368,56.4515625,-17.));
#18853=CARTESIAN_POINT('',(112.417054129368,101.26875,-18.));
#18854=CARTESIAN_POINT('',(112.417054129368,64.46875,-18.));
#18855=CARTESIAN_POINT('',(112.417054129368,101.26875,-18.5));
#18856=CARTESIAN_POINT('Origin',(124.617054129368,81.86875,-18.));
#18857=CARTESIAN_POINT('',(134.012788662907,101.26875,-18.));
#18858=CARTESIAN_POINT('Origin',(143.408523196446,101.26875,-20.));
#18859=CARTESIAN_POINT('',(143.408523196446,101.26875,-17.));
#18860=CARTESIAN_POINT('',(107.556391815522,101.26875,-17.));
#18861=CARTESIAN_POINT('',(143.408523196446,101.26875,-20.));
#18862=CARTESIAN_POINT('',(143.408523196446,101.26875,-20.));
#18863=CARTESIAN_POINT('',(2.14533569575792E-6,101.26875,-20.));
#18864=CARTESIAN_POINT('',(107.556391815522,101.26875,-20.));
#18865=CARTESIAN_POINT('',(2.14533569575792E-6,101.26875,-17.));
#18866=CARTESIAN_POINT('',(2.14533569575792E-6,101.26875,-20.));
#18867=CARTESIAN_POINT('',(107.556391815522,101.26875,-17.));
#18868=CARTESIAN_POINT('Origin',(134.280823409797,-5.99999999999995,-17.));
#18869=CARTESIAN_POINT('',(135.630823409797,-5.99999999999995,-17.));
#18870=CARTESIAN_POINT('Origin',(134.280823409797,-5.99999999999995,-17.));
#18871=CARTESIAN_POINT('',(135.630823409797,-5.99999999999995,-17.));
#18872=CARTESIAN_POINT('Origin',(2.77555756156289E-15,98.86875,-17.));
#18873=CARTESIAN_POINT('',(1.35,98.86875,-17.));
#18874=CARTESIAN_POINT('Origin',(2.77555756156289E-15,98.86875,-17.));
#18875=CARTESIAN_POINT('',(1.35,98.86875,-17.));
#18876=CARTESIAN_POINT('Origin',(1.4432899320127E-14,-6.00000000000001,
-17.));
#18877=CARTESIAN_POINT('',(1.35000000000001,-6.00000000000001,-17.));
#18878=CARTESIAN_POINT('Origin',(1.4432899320127E-14,-6.00000000000001,
-17.));
#18879=CARTESIAN_POINT('',(1.35000000000001,-6.00000000000001,-17.));
#18880=CARTESIAN_POINT('Origin',(143.408520869194,98.86875,-17.));
#18881=CARTESIAN_POINT('',(144.758520869194,98.86875,-17.));
#18882=CARTESIAN_POINT('Origin',(143.408520869194,98.86875,-17.));
#18883=CARTESIAN_POINT('',(144.758520869194,98.86875,-17.));
#18884=CARTESIAN_POINT('Origin',(71.7042604345968,98.86875,-17.));
#18885=CARTESIAN_POINT('',(73.0542604345968,98.86875,-17.));
#18886=CARTESIAN_POINT('Origin',(71.7042604345968,98.86875,-17.));
#18887=CARTESIAN_POINT('',(73.0542604345968,98.86875,-17.));
#18888=CARTESIAN_POINT('Origin',(71.7042604345968,-5.99999999999998,-17.));
#18889=CARTESIAN_POINT('',(73.0542604345968,-5.99999999999998,-17.));
#18890=CARTESIAN_POINT('Origin',(71.7042604345968,-5.99999999999998,-17.));
#18891=CARTESIAN_POINT('',(73.0542604345968,-5.99999999999998,-17.));
#18892=CARTESIAN_POINT('Origin',(-2.39999999999989,98.8687523306935,-20.));
#18893=CARTESIAN_POINT('',(-2.39999999999989,98.8687523306935,-17.));
#18894=CARTESIAN_POINT('',(-2.40000000000004,-6.00000214615715,-17.));
#18895=CARTESIAN_POINT('',(-2.39999999999992,72.6515636653468,-17.));
#18896=CARTESIAN_POINT('',(-2.39999999999989,98.8687523306935,-20.));
#18897=CARTESIAN_POINT('',(-2.39999999999989,98.8687523306935,-20.));
#18898=CARTESIAN_POINT('',(-2.40000000000004,-6.00000214615715,-20.));
#18899=CARTESIAN_POINT('',(-2.39999999999992,72.6515636653468,-20.));
#18900=CARTESIAN_POINT('',(-2.40000000000004,-6.00000214615715,-20.));
#18901=CARTESIAN_POINT('Origin',(2.77555756156289E-15,98.86875,-20.));
#18902=CARTESIAN_POINT('Origin',(2.77555756156289E-15,98.86875,-17.));
#18903=CARTESIAN_POINT('Origin',(2.77555756156289E-15,98.86875,-20.));
#18904=CARTESIAN_POINT('Origin',(143.408520869194,98.86875,-20.));
#18905=CARTESIAN_POINT('',(145.808520869194,98.868752172519,-17.));
#18906=CARTESIAN_POINT('Origin',(143.408520869194,98.86875,-17.));
#18907=CARTESIAN_POINT('',(145.808520869194,98.868752172519,-20.));
#18908=CARTESIAN_POINT('',(145.808520869194,98.868752172519,-20.));
#18909=CARTESIAN_POINT('Origin',(143.408520869194,98.86875,-20.));
#18910=CARTESIAN_POINT('Origin',(145.808520869194,37.0639389722485,-20.));
#18911=CARTESIAN_POINT('',(145.808520869194,37.0639389722485,-17.));
#18912=CARTESIAN_POINT('',(145.808520869194,41.7491569861244,-17.));
#18913=CARTESIAN_POINT('',(145.808520869194,37.0639389722485,-20.));
#18914=CARTESIAN_POINT('',(145.808520869194,37.0639389722485,-20.));
#18915=CARTESIAN_POINT('',(145.808520869194,41.7491569861245,-20.));
#18916=CARTESIAN_POINT('Origin',(136.629244697751,-6.49489135604783,-20.));
#18917=CARTESIAN_POINT('',(136.629244697751,-6.49489135604783,-17.));
#18918=CARTESIAN_POINT('',(140.58877103488,12.2944263067092,-17.));
#18919=CARTESIAN_POINT('',(136.629244697751,-6.49489135604783,-20.));
#18920=CARTESIAN_POINT('',(136.629244697751,-6.49489135604783,-20.));
#18921=CARTESIAN_POINT('',(140.58877103488,12.2944263067092,-20.));
#18922=CARTESIAN_POINT('Origin',(134.280823409797,-5.99999999999995,-20.));
#18923=CARTESIAN_POINT('',(134.280825558561,-8.40000000000027,-17.));
#18924=CARTESIAN_POINT('Origin',(134.280823409797,-5.99999999999995,-17.));
#18925=CARTESIAN_POINT('',(134.280825558561,-8.40000000000027,-20.));
#18926=CARTESIAN_POINT('',(134.280825558561,-8.40000000000027,-20.));
#18927=CARTESIAN_POINT('Origin',(134.280823409797,-5.99999999999995,-20.));
#18928=CARTESIAN_POINT('Origin',(2.29819766705965E-6,-8.4,-20.));
#18929=CARTESIAN_POINT('',(2.29819766705965E-6,-8.4,-17.));
#18930=CARTESIAN_POINT('',(35.8521313663972,-8.40000000000007,-17.));
#18931=CARTESIAN_POINT('',(2.29819766705965E-6,-8.4,-20.));
#18932=CARTESIAN_POINT('',(2.29819766705965E-6,-8.4,-20.));
#18933=CARTESIAN_POINT('',(35.8521313663972,-8.40000000000007,-20.));
#18934=CARTESIAN_POINT('Origin',(1.38777878078145E-14,-6.00000000000001,
-20.));
#18935=CARTESIAN_POINT('Origin',(1.38777878078145E-14,-6.00000000000001,
-17.));
#18936=CARTESIAN_POINT('Origin',(1.38777878078145E-14,-6.00000000000001,
-20.));
#18937=CARTESIAN_POINT('Origin',(71.7042604345969,46.434375,-17.));
#18938=CARTESIAN_POINT('Origin',(2.77555756156289E-15,98.86875,-20.));
#18939=CARTESIAN_POINT('',(-1.60656074607381E-14,102.86875,-20.));
#18940=CARTESIAN_POINT('Origin',(2.77555756156289E-15,98.86875,-20.));
#18941=CARTESIAN_POINT('',(-1.60656074607381E-14,102.86875,-20.));
#18942=CARTESIAN_POINT('Origin',(147.408520869194,98.86875,-20.));
#18943=CARTESIAN_POINT('',(147.408520869194,98.86875,-20.));
#18944=CARTESIAN_POINT('',(147.408520869194,98.86875,-20.));
#18945=CARTESIAN_POINT('',(147.408520869194,98.86875,-20.));
#18946=CARTESIAN_POINT('Origin',(143.408520869194,98.86875,-20.));
#18947=CARTESIAN_POINT('',(143.408520869194,102.86875,-20.));
#18948=CARTESIAN_POINT('',(143.408520869194,102.86875,-20.));
#18949=CARTESIAN_POINT('Origin',(143.408520869194,98.86875,-20.));
#18950=CARTESIAN_POINT('Origin',(-1.60656074607381E-14,102.86875,-20.));
#18951=CARTESIAN_POINT('',(-1.60656074607381E-14,102.86875,-20.));
#18952=CARTESIAN_POINT('Origin',(71.7042604345968,46.434375,-20.));
#18953=CARTESIAN_POINT('',(0.,0.,0.));
#18954=CARTESIAN_POINT('Origin',(20.2037109284177,19.05,-7.96198403169313));
#18955=CARTESIAN_POINT('',(20.2568359284177,16.7,-8.38365064689405));
#18956=CARTESIAN_POINT('Origin',(20.2568359284177,19.05,-8.38365064689405));
#18957=CARTESIAN_POINT('',(20.1505859284177,15.85,-7.54031741649221));
#18958=CARTESIAN_POINT('',(20.2037109284177,16.275,-7.96198403169313));
#18959=CARTESIAN_POINT('Origin',(20.1505859284177,19.05,-7.54031741649221));
#18960=CARTESIAN_POINT('Origin',(20.0255859284177,19.05,-6.54816067484299));
#18961=CARTESIAN_POINT('',(20.4630859284177,16.7,-10.0207092706153));
#18962=CARTESIAN_POINT('Origin',(20.4630859284177,19.05,-10.0207092706153));
#18963=CARTESIAN_POINT('',(20.0255859284177,16.7,-6.54816067484299));
#18964=CARTESIAN_POINT('Origin',(20.0255859284177,19.05,-6.54816067484299));
#18965=CARTESIAN_POINT('',(20.0255859284177,15.85,-6.54816067484299));
#18966=CARTESIAN_POINT('',(20.0255859284177,15.85,-6.54816067484299));
#18967=CARTESIAN_POINT('Origin',(20.0255859284177,19.05,-6.54816067484299));
#18968=CARTESIAN_POINT('Origin',(20.0255859284177,19.05,-6.54816067484299));
#18969=CARTESIAN_POINT('',(20.4630859284177,17.7,-10.0207092706153));
#18970=CARTESIAN_POINT('Origin',(20.4630859284177,19.05,-10.0207092706153));
#18971=CARTESIAN_POINT('',(20.0255859284177,17.7,-6.54816067484299));
#18972=CARTESIAN_POINT('',(20.0255859284177,17.7,-6.54816067484299));
#18973=CARTESIAN_POINT('Origin',(20.0255859284177,19.05,-6.54816067484299));
#18974=CARTESIAN_POINT('Origin',(20.4630859284177,19.05,-10.0207092706153));
#18975=CARTESIAN_POINT('Origin',(20.0255859284177,19.05,-6.54816067484299));
#18976=CARTESIAN_POINT('',(0.,0.,0.));
#18977=CARTESIAN_POINT('Origin',(20.6630859284177,19.05,-11.608160057254));
#18978=CARTESIAN_POINT('',(20.7380859284177,17.7,-12.2034541022436));
#18979=CARTESIAN_POINT('Origin',(20.7380859284177,19.05,-12.2034541022436));
#18980=CARTESIAN_POINT('',(20.6630859284177,17.7,-11.608160057254));
#18981=CARTESIAN_POINT('',(20.6630859284177,17.7,-11.608160057254));
#18982=CARTESIAN_POINT('Origin',(20.6630859284177,19.05,-11.608160057254));
#18983=CARTESIAN_POINT('Origin',(20.6630859284177,19.05,-11.608160057254));
#18984=CARTESIAN_POINT('',(20.7380859284177,16.3,-12.2034541022436));
#18985=CARTESIAN_POINT('Origin',(20.7380859284177,19.05,-12.2034541022436));
#18986=CARTESIAN_POINT('',(20.6630859284177,16.3,-11.608160057254));
#18987=CARTESIAN_POINT('',(20.6630859284177,16.3,-11.608160057254));
#18988=CARTESIAN_POINT('Origin',(20.6630859284177,19.05,-11.608160057254));
#18989=CARTESIAN_POINT('Origin',(20.7380859284177,19.05,-12.2034541022436));
#18990=CARTESIAN_POINT('Origin',(20.6630859284177,19.05,-11.608160057254));
#18991=CARTESIAN_POINT('',(0.,0.,0.));
#18992=CARTESIAN_POINT('',(0.,0.,0.));
#18993=CARTESIAN_POINT('',(0.,0.,0.));
#18994=CARTESIAN_POINT('',(0.,0.,0.));
#18995=CARTESIAN_POINT('',(0.,0.,0.));
#18996=CARTESIAN_POINT('',(0.,0.,0.));
#18997=CARTESIAN_POINT('',(0.,0.,0.));
#18998=CARTESIAN_POINT('',(0.,0.,0.));
#18999=UNCERTAINTY_MEASURE_WITH_UNIT(LENGTH_MEASURE(0.01),#19019,
'DISTANCE_ACCURACY_VALUE',
'Maximum model space distance between geometric entities at asserted c
onnectivities');
#19000=UNCERTAINTY_MEASURE_WITH_UNIT(LENGTH_MEASURE(0.01),#19019,
'DISTANCE_ACCURACY_VALUE',
'Maximum model space distance between geometric entities at asserted c
onnectivities');
#19001=UNCERTAINTY_MEASURE_WITH_UNIT(LENGTH_MEASURE(0.01),#19019,
'DISTANCE_ACCURACY_VALUE',
'Maximum model space distance between geometric entities at asserted c
onnectivities');
#19002=UNCERTAINTY_MEASURE_WITH_UNIT(LENGTH_MEASURE(0.01),#19019,
'DISTANCE_ACCURACY_VALUE',
'Maximum model space distance between geometric entities at asserted c
onnectivities');
#19003=UNCERTAINTY_MEASURE_WITH_UNIT(LENGTH_MEASURE(0.01),#19019,
'DISTANCE_ACCURACY_VALUE',
'Maximum model space distance between geometric entities at asserted c
onnectivities');
#19004=UNCERTAINTY_MEASURE_WITH_UNIT(LENGTH_MEASURE(0.01),#19019,
'DISTANCE_ACCURACY_VALUE',
'Maximum model space distance between geometric entities at asserted c
onnectivities');
#19005=UNCERTAINTY_MEASURE_WITH_UNIT(LENGTH_MEASURE(0.01),#19019,
'DISTANCE_ACCURACY_VALUE',
'Maximum model space distance between geometric entities at asserted c
onnectivities');
#19006=UNCERTAINTY_MEASURE_WITH_UNIT(LENGTH_MEASURE(0.01),#19019,
'DISTANCE_ACCURACY_VALUE',
'Maximum model space distance between geometric entities at asserted c
onnectivities');
#19007=UNCERTAINTY_MEASURE_WITH_UNIT(LENGTH_MEASURE(0.01),#19019,
'DISTANCE_ACCURACY_VALUE',
'Maximum model space distance between geometric entities at asserted c
onnectivities');
#19008=UNCERTAINTY_MEASURE_WITH_UNIT(LENGTH_MEASURE(0.01),#19019,
'DISTANCE_ACCURACY_VALUE',
'Maximum model space distance between geometric entities at asserted c
onnectivities');
#19009=(
GEOMETRIC_REPRESENTATION_CONTEXT(3)
GLOBAL_UNCERTAINTY_ASSIGNED_CONTEXT((#18999))
GLOBAL_UNIT_ASSIGNED_CONTEXT((#19019,#19021,#19022))
REPRESENTATION_CONTEXT('','3D')
);
#19010=(
GEOMETRIC_REPRESENTATION_CONTEXT(3)
GLOBAL_UNCERTAINTY_ASSIGNED_CONTEXT((#19000))
GLOBAL_UNIT_ASSIGNED_CONTEXT((#19019,#19021,#19022))
REPRESENTATION_CONTEXT('','3D')
);
#19011=(
GEOMETRIC_REPRESENTATION_CONTEXT(3)
GLOBAL_UNCERTAINTY_ASSIGNED_CONTEXT((#19001))
GLOBAL_UNIT_ASSIGNED_CONTEXT((#19019,#19021,#19022))
REPRESENTATION_CONTEXT('','3D')
);
#19012=(
GEOMETRIC_REPRESENTATION_CONTEXT(3)
GLOBAL_UNCERTAINTY_ASSIGNED_CONTEXT((#19002))
GLOBAL_UNIT_ASSIGNED_CONTEXT((#19019,#19021,#19022))
REPRESENTATION_CONTEXT('','3D')
);
#19013=(
GEOMETRIC_REPRESENTATION_CONTEXT(3)
GLOBAL_UNCERTAINTY_ASSIGNED_CONTEXT((#19003))
GLOBAL_UNIT_ASSIGNED_CONTEXT((#19019,#19021,#19022))
REPRESENTATION_CONTEXT('','3D')
);
#19014=(
GEOMETRIC_REPRESENTATION_CONTEXT(3)
GLOBAL_UNCERTAINTY_ASSIGNED_CONTEXT((#19004))
GLOBAL_UNIT_ASSIGNED_CONTEXT((#19019,#19021,#19022))
REPRESENTATION_CONTEXT('','3D')
);
#19015=(
GEOMETRIC_REPRESENTATION_CONTEXT(3)
GLOBAL_UNCERTAINTY_ASSIGNED_CONTEXT((#19005))
GLOBAL_UNIT_ASSIGNED_CONTEXT((#19019,#19021,#19022))
REPRESENTATION_CONTEXT('','3D')
);
#19016=(
GEOMETRIC_REPRESENTATION_CONTEXT(3)
GLOBAL_UNCERTAINTY_ASSIGNED_CONTEXT((#19006))
GLOBAL_UNIT_ASSIGNED_CONTEXT((#19019,#19021,#19022))
REPRESENTATION_CONTEXT('','3D')
);
#19017=(
GEOMETRIC_REPRESENTATION_CONTEXT(3)
GLOBAL_UNCERTAINTY_ASSIGNED_CONTEXT((#19007))
GLOBAL_UNIT_ASSIGNED_CONTEXT((#19019,#19021,#19022))
REPRESENTATION_CONTEXT('','3D')
);
#19018=(
GEOMETRIC_REPRESENTATION_CONTEXT(3)
GLOBAL_UNCERTAINTY_ASSIGNED_CONTEXT((#19008))
GLOBAL_UNIT_ASSIGNED_CONTEXT((#19019,#19021,#19022))
REPRESENTATION_CONTEXT('','3D')
);
#19019=(
LENGTH_UNIT()
NAMED_UNIT(*)
SI_UNIT(.MILLI.,.METRE.)
);
#19020=(
LENGTH_UNIT()
NAMED_UNIT(*)
SI_UNIT($,.METRE.)
);
#19021=(
NAMED_UNIT(*)
PLANE_ANGLE_UNIT()
SI_UNIT($,.RADIAN.)
);
#19022=(
NAMED_UNIT(*)
SI_UNIT($,.STERADIAN.)
SOLID_ANGLE_UNIT()
);
#19023=SHAPE_DEFINITION_REPRESENTATION(#19032,#19049);
#19024=SHAPE_DEFINITION_REPRESENTATION(#19033,#19050);
#19025=SHAPE_DEFINITION_REPRESENTATION(#19034,#19051);
#19026=SHAPE_DEFINITION_REPRESENTATION(#19035,#19052);
#19027=SHAPE_DEFINITION_REPRESENTATION(#19036,#19053);
#19028=SHAPE_DEFINITION_REPRESENTATION(#19037,#19054);
#19029=SHAPE_DEFINITION_REPRESENTATION(#19038,#19055);
#19030=SHAPE_DEFINITION_REPRESENTATION(#19039,#19056);
#19031=SHAPE_DEFINITION_REPRESENTATION(#19040,#19057);
#19032=PRODUCT_DEFINITION_SHAPE('',$,#19059);
#19033=PRODUCT_DEFINITION_SHAPE('',$,#19060);
#19034=PRODUCT_DEFINITION_SHAPE('',$,#19061);
#19035=PRODUCT_DEFINITION_SHAPE('',$,#19062);
#19036=PRODUCT_DEFINITION_SHAPE('',$,#19063);
#19037=PRODUCT_DEFINITION_SHAPE('',$,#19064);
#19038=PRODUCT_DEFINITION_SHAPE('',$,#19065);
#19039=PRODUCT_DEFINITION_SHAPE('',$,#19066);
#19040=PRODUCT_DEFINITION_SHAPE('',$,#19067);
#19041=PRODUCT_DEFINITION_SHAPE($,$,#35);
#19042=PRODUCT_DEFINITION_SHAPE($,$,#36);
#19043=PRODUCT_DEFINITION_SHAPE($,$,#37);
#19044=PRODUCT_DEFINITION_SHAPE($,$,#38);
#19045=PRODUCT_DEFINITION_SHAPE($,$,#39);
#19046=PRODUCT_DEFINITION_SHAPE($,$,#40);
#19047=PRODUCT_DEFINITION_SHAPE($,$,#41);
#19048=PRODUCT_DEFINITION_SHAPE($,$,#42);
#19049=SHAPE_REPRESENTATION('',(#11420,#12474,#12475,#12476,#12477,#12478,
#12479,#12480,#12481),#19009);
#19050=SHAPE_REPRESENTATION('',(#11421),#19010);
#19051=SHAPE_REPRESENTATION('',(#11655),#19011);
#19052=SHAPE_REPRESENTATION('',(#11784),#19012);
#19053=SHAPE_REPRESENTATION('',(#12189),#19013);
#19054=SHAPE_REPRESENTATION('',(#12238),#19014);
#19055=SHAPE_REPRESENTATION('',(#12271),#19015);
#19056=SHAPE_REPRESENTATION('',(#12452),#19016);
#19057=SHAPE_REPRESENTATION('',(#12465),#19017);
#19058=PRODUCT_DEFINITION_CONTEXT('part definition',#19087,'design');
#19059=PRODUCT_DEFINITION('Cornix_Curve_V1','Cornix_Curve_V1',#19068,#19058);
#19060=PRODUCT_DEFINITION('Plate_A','Plate_A',#19069,#19058);
#19061=PRODUCT_DEFINITION('Plate_B','Plate_B',#19070,#19058);
#19062=PRODUCT_DEFINITION('Case_Upper','Case_Upper',#19071,#19058);
#19063=PRODUCT_DEFINITION('PCB_A','PCB_A',#19072,#19058);
#19064=PRODUCT_DEFINITION('PCB_B','PCB_B',#19073,#19058);
#19065=PRODUCT_DEFINITION('Case_Lower','Case_Lower',#19074,#19058);
#19066=PRODUCT_DEFINITION('2026-08-16-16-36-10-173','Spacer',#19075,#19058);
#19067=PRODUCT_DEFINITION('2026-08-16-16-41-38-289','Washer',#19076,#19058);
#19068=PRODUCT_DEFINITION_FORMATION('',$,#19089);
#19069=PRODUCT_DEFINITION_FORMATION('',$,#19090);
#19070=PRODUCT_DEFINITION_FORMATION('',$,#19091);
#19071=PRODUCT_DEFINITION_FORMATION('',$,#19092);
#19072=PRODUCT_DEFINITION_FORMATION('',$,#19093);
#19073=PRODUCT_DEFINITION_FORMATION('',$,#19094);
#19074=PRODUCT_DEFINITION_FORMATION('',$,#19095);
#19075=PRODUCT_DEFINITION_FORMATION('',$,#19096);
#19076=PRODUCT_DEFINITION_FORMATION('',$,#19097);
#19077=PRODUCT_RELATED_PRODUCT_CATEGORY('Cornix_Curve_V1',
'Cornix_Curve_V1',(#19089));
#19078=PRODUCT_RELATED_PRODUCT_CATEGORY('Plate_A','Plate_A',(#19090));
#19079=PRODUCT_RELATED_PRODUCT_CATEGORY('Plate_B','Plate_B',(#19091));
#19080=PRODUCT_RELATED_PRODUCT_CATEGORY('Case_Upper','Case_Upper',(#19092));
#19081=PRODUCT_RELATED_PRODUCT_CATEGORY('PCB_A','PCB_A',(#19093));
#19082=PRODUCT_RELATED_PRODUCT_CATEGORY('PCB_B','PCB_B',(#19094));
#19083=PRODUCT_RELATED_PRODUCT_CATEGORY('Case_Lower','Case_Lower',(#19095));
#19084=PRODUCT_RELATED_PRODUCT_CATEGORY('Spacer','Spacer',(#19096));
#19085=PRODUCT_RELATED_PRODUCT_CATEGORY('Washer','Washer',(#19097));
#19086=APPLICATION_PROTOCOL_DEFINITION('international standard',
'automotive_design',2009,#19087);
#19087=APPLICATION_CONTEXT(
'Core Data for Automotive Mechanical Design Process');
#19088=PRODUCT_CONTEXT('part definition',#19087,'mechanical');
#19089=PRODUCT('Cornix_Curve_V1','Cornix_Curve_V1',$,(#19088));
#19090=PRODUCT('Plate_A','Plate_A',$,(#19088));
#19091=PRODUCT('Plate_B','Plate_B',$,(#19088));
#19092=PRODUCT('Case_Upper','Case_Upper',$,(#19088));
#19093=PRODUCT('PCB_A','PCB_A',$,(#19088));
#19094=PRODUCT('PCB_B','PCB_B',$,(#19088));
#19095=PRODUCT('Case_Lower','Case_Lower',$,(#19088));
#19096=PRODUCT('2026-08-16-16-36-10-173','Spacer',$,(#19088));
#19097=PRODUCT('2026-08-16-16-41-38-289','Washer',$,(#19088));
#19098=PRESENTATION_STYLE_ASSIGNMENT((#19099));
#19099=SURFACE_STYLE_USAGE(.BOTH.,#19100);
#19100=SURFACE_SIDE_STYLE('',(#19101));
#19101=SURFACE_STYLE_FILL_AREA(#19102);
#19102=FILL_AREA_STYLE('Steel - Satin',(#19103));
#19103=FILL_AREA_STYLE_COLOUR('Steel - Satin',#19104);
#19104=COLOUR_RGB('Steel - Satin',0.627450980392157,0.627450980392157,0.627450980392157);
ENDSEC;
END-ISO-10303-21;
